manifestation_id,drive_id,parent_path,name,size,disposition,candidate_family_id,review_state,canonical_work_id,edition_id,decision_basis
drive:file:12sggw0siKzEAIS3r2_DjzUoo7E8FPfFN,12sggw0siKzEAIS3r2_DjzUoo7E8FPfFN,Golden Dawn,t.pdf,98805,UNIQUE_CANDIDATE,,OPEN,,,NO_EXACT_NAME_SIZE_PEER
drive:file:1D4ezVHBpO3N9VfnsksgKhqWbdYWNpQbi,1D4ezVHBpO3N9VfnsksgKhqWbdYWNpQbi,Golden Dawn,The_Golden_Dawn_Schem_ha-Mephoresh.pdf,341591,UNIQUE_CANDIDATE,,OPEN,,,NO_EXACT_NAME_SIZE_PEER
drive:file:1TxxySCv9ZKlfOj2-kQKJzo79G2k4QE-Z,1TxxySCv9ZKlfOj2-kQKJzo79G2k4QE-Z,Golden Dawn,Numbers_-_Their_Occult_Power_and_Mystic_Virtues_by_W._Wynn_Westcott.pdf,820779,UNIQUE_CANDIDATE,,OPEN,,,NO_EXACT_NAME_SIZE_PEER
drive:file:1EpE_eKsOH80wF0hWHctgcaQouaO_28F_,1EpE_eKsOH80wF0hWHctgcaQouaO_28F_,Masonry,Bohemian Grove 2008 Program Booklet.pdf,4223904,UNIQUE_CANDIDATE,,OPEN,,,NO_EXACT_NAME_SIZE_PEER
drive:file:1I69-zy98gFaya8siBOZQ8HBR7ypQsSm_,1I69-zy98gFaya8siBOZQ8HBR7ypQsSm_,Masonry,viewcontent.pdf,1039040,UNIQUE_CANDIDATE,,OPEN,,,NO_EXACT_NAME_SIZE_PEER
drive:file:1nfWX8y1NMeYwHdZ2pD1yXbsDmpEdzJKQ,1nfWX8y1NMeYwHdZ2pD1yXbsDmpEdzJKQ,Masonry,Odiorne_-_Opinions_on_Speculative_Masonry_raw.pdf,49695297,UNIQUE_CANDIDATE,,OPEN,,,NO_EXACT_NAME_SIZE_PEER
drive:file:1XH4kwHPUx9LCOXQl-jdZ1vyKDgUVu7eH,1XH4kwHPUx9LCOXQl-jdZ1vyKDgUVu7eH,Masonry,Unknown_-_The_Mysticism_of_Masonry.pdf,187082,UNIQUE_CANDIDATE,,OPEN,,,NO_EXACT_NAME_SIZE_PEER
drive:file:1ULp-04hdcPFCuAZAoaitjRuV9NI3rcPD,1ULp-04hdcPFCuAZAoaitjRuV9NI3rcPD,Masonry,The_Master_Masons_Handbook_-_J.S.M._Ward.pdf,322023,UNIQUE_CANDIDATE,,OPEN,,,NO_EXACT_NAME_SIZE_PEER
drive:file:1S-BxVzew83p4CtaTzgPbu4_KwDvb6OOm,1S-BxVzew83p4CtaTzgPbu4_KwDvb6OOm,Masonry,The_Arcane_Schools_-_John_Yarker.pdf,3217739,UNIQUE_CANDIDATE,,OPEN,,,NO_EXACT_NAME_SIZE_PEER
drive:file:1V1b09ok2NNKhOknxBTDPXS2t_U1YSgGQ,1V1b09ok2NNKhOknxBTDPXS2t_U1YSgGQ,Masonry,The_Higher_Degrees_Handbook.pdf,175191,UNIQUE_CANDIDATE,,OPEN,,,NO_EXACT_NAME_SIZE_PEER
drive:file:1m33hTKa2Kp3KYVZC5cWTFSyTE5lxmFbe,1m33hTKa2Kp3KYVZC5cWTFSyTE5lxmFbe,Masonry,The_Fellow_Crafts_Handbook_-_J.S.M._Ward.pdf,240498,UNIQUE_CANDIDATE,,OPEN,,,NO_EXACT_NAME_SIZE_PEER
drive:file:1GrDksFX0vGo7puowhAO3oPEa1iVXurNA,1GrDksFX0vGo7puowhAO3oPEa1iVXurNA,Masonry,Philosophic_Lodge_of_the_Knights_of_the_Eagle_Francken.pdf,4570211,UNIQUE_CANDIDATE,,OPEN,,,NO_EXACT_NAME_SIZE_PEER
drive:file:1mPisNsY7XYcy2r8fBqbj47EV6XXgjHzQ,1mPisNsY7XYcy2r8fBqbj47EV6XXgjHzQ,Masonry,The_Entered_Apprentice_Handbook_-_J.S.M._Ward.pdf,311131,UNIQUE_CANDIDATE,,OPEN,,,NO_EXACT_NAME_SIZE_PEER
drive:file:1BZ0uIleAY_b8OlQvSXG384NaYPFJa20A,1BZ0uIleAY_b8OlQvSXG384NaYPFJa20A,Masonry,Pansophic_EA_Study_Guide.pdf,888840,UNIQUE_CANDIDATE,,OPEN,,,NO_EXACT_NAME_SIZE_PEER
drive:file:1_RNRpI0UWv5Hil1Jxaw8aiaT3ypGqpxA,1_RNRpI0UWv5Hil1Jxaw8aiaT3ypGqpxA,Masonry,Joseph_Newton_-_The_Builders_A_Story_and_Study_of_Masonary.pdf,472725,UNIQUE_CANDIDATE,,OPEN,,,NO_EXACT_NAME_SIZE_PEER
drive:file:1kL8LVMcgbK7OQ5auEklhm-Szw4JnkBmb,1kL8LVMcgbK7OQ5auEklhm-Szw4JnkBmb,Masonry,Charles_W._Leadbeater_-_The_Hidden_Life_in_Freemasonry.pdf,1473275,UNIQUE_CANDIDATE,,OPEN,,,NO_EXACT_NAME_SIZE_PEER
drive:file:1NrZUF8-XHLuREqo9EAC9f7Fku5ypRXIE,1NrZUF8-XHLuREqo9EAC9f7Fku5ypRXIE,Masonry,Castells_-_The_Apocalypse_of_Freemasonry.pdf,377971,UNIQUE_CANDIDATE,,OPEN,,,NO_EXACT_NAME_SIZE_PEER
drive:file:1dcaczNpjN8Xow_3-xAu2wOtZKmIsWFHK,1dcaczNpjN8Xow_3-xAu2wOtZKmIsWFHK,Masonry,Albert_Pike_-_The_Book_Of_The_Words_raw.pdf,6109725,UNIQUE_CANDIDATE,,OPEN,,,NO_EXACT_NAME_SIZE_PEER
drive:file:1BW09mWZImVUqmmAMCEvN_sGf5gweXWs7,1BW09mWZImVUqmmAMCEvN_sGf5gweXWs7,Masonry,Captain_William_Morgan_-_The_Mysteries_of_Freemasonry.pdf,824798,UNIQUE_CANDIDATE,,OPEN,,,NO_EXACT_NAME_SIZE_PEER
drive:file:1j50ysKyjUREGLgDGplFeFsiQVhiPv0mc,1j50ysKyjUREGLgDGplFeFsiQVhiPv0mc,Masonry,a_and_p_rite.pdf,38319,UNIQUE_CANDIDATE,,OPEN,,,NO_EXACT_NAME_SIZE_PEER
drive:file:1kXiJycEsR8-5YOE7orVAz79gJ13dbYbG,1kXiJycEsR8-5YOE7orVAz79gJ13dbYbG,Masonry,Albert_Pike_-_Morals_and_Dogma.pdf,2614713,UNIQUE_CANDIDATE,,OPEN,,,NO_EXACT_NAME_SIZE_PEER
drive:file:1sUI1VeJgyjfn9CrbqbJc0I-jKVVQ9lAZ,1sUI1VeJgyjfn9CrbqbJc0I-jKVVQ9lAZ,Palmistry,Perins_Science_of_Palamistry.pdf,12235162,UNIQUE_CANDIDATE,,OPEN,,,NO_EXACT_NAME_SIZE_PEER
drive:file:1v9H7BChPKC1LNM494Yhn_Sup8sREMn2E,1v9H7BChPKC1LNM494Yhn_Sup8sREMn2E,Palmistry,Complete_Book_Palmistry_-_By_Richard_Webster_.pdf.pdf,6977395,UNIQUE_CANDIDATE,,OPEN,,,NO_EXACT_NAME_SIZE_PEER
drive:file:1gHvdjTA9DpajmYCzu3ljjCaUGD4_K6ta,1gHvdjTA9DpajmYCzu3ljjCaUGD4_K6ta,Palmistry,A_Treatise_of_Practical_Palmistry.pdf,11233224,UNIQUE_CANDIDATE,,OPEN,,,NO_EXACT_NAME_SIZE_PEER
drive:file:1q9PQSxV9WZDBsp5b2M_Eh2AXUZyL1ZA3,1q9PQSxV9WZDBsp5b2M_Eh2AXUZyL1ZA3,Palmistry,Moore_s_Manual_of_up-to-date_Palmistry.pdf,1228677,UNIQUE_CANDIDATE,,OPEN,,,NO_EXACT_NAME_SIZE_PEER
drive:file:1OMQvWqnP8XWyDNhINP2Ac4v2ktkP3NO3,1OMQvWqnP8XWyDNhINP2Ac4v2ktkP3NO3,Palmistry,Palmistry_or_Scientific_Cheiromancy.pdf,493563,UNIQUE_CANDIDATE,,OPEN,,,NO_EXACT_NAME_SIZE_PEER
drive:file:1eyt5yKSvDurpWG49KqK3DDEZPiAe6601,1eyt5yKSvDurpWG49KqK3DDEZPiAe6601,Palmistry,Indian_palmistry_By_Mrs._J._B._Dale.pdf,1498237,UNIQUE_CANDIDATE,,OPEN,,,NO_EXACT_NAME_SIZE_PEER
drive:file:1oziVpLyIR1J3aDrPO5sFx7m12P8NyDz5,1oziVpLyIR1J3aDrPO5sFx7m12P8NyDz5,Palmistry,Palmistry_For_All_By_Cheiro.pdf,2271725,UNIQUE_CANDIDATE,,OPEN,,,NO_EXACT_NAME_SIZE_PEER
drive:file:1N4eK7s8TAiOiIhDYKwTcrJhmyGu3oaXf,1N4eK7s8TAiOiIhDYKwTcrJhmyGu3oaXf,Astral Projection,Robert_Crookall_-_The_Study_And_Practice_Of_Astral_Projection.pdf,1207136,UNIQUE_CANDIDATE,,OPEN,,,NO_EXACT_NAME_SIZE_PEER
drive:file:1D_OuWfJYl2qQ1Cpn1utY-sX6W6tYpvHK,1D_OuWfJYl2qQ1Cpn1utY-sX6W6tYpvHK,Astral Projection,Douglas_M._Baker_-_Techniques_Of_Astral_Projection.pdf,227716,UNIQUE_CANDIDATE,,OPEN,,,NO_EXACT_NAME_SIZE_PEER
drive:file:1z0VYUpq_iG-FWRw4nOqN3lThKqbzC85m,1z0VYUpq_iG-FWRw4nOqN3lThKqbzC85m,Astral Projection,Astral_Projection_Book_By_Donald_J._DeGracia.pdf,440914,UNIQUE_CANDIDATE,,OPEN,,,NO_EXACT_NAME_SIZE_PEER
drive:file:1LkXHa-Vum7nDCuzV9178Rx3DWJZA_aqc,1LkXHa-Vum7nDCuzV9178Rx3DWJZA_aqc,Astral Projection,Robert_Peterson_-_Out_of_Body_Experiences.pdf,458319,UNIQUE_CANDIDATE,,OPEN,,,NO_EXACT_NAME_SIZE_PEER
drive:file:1Cnq7duinc307JvrQi5zxQ6DqNtrTOQOC,1Cnq7duinc307JvrQi5zxQ6DqNtrTOQOC,Astral Projection,Treatise_on_Astral_Projection_by_Robert_Bruce.pdf,309032,UNIQUE_CANDIDATE,,OPEN,,,NO_EXACT_NAME_SIZE_PEER
drive:file:1TWTo5pdJ5owlLbO4e-aFrJivlHQjv_jY,1TWTo5pdJ5owlLbO4e-aFrJivlHQjv_jY,Astral Projection,eckanar_the_key_to_secret_worlds.pdf,777609,UNIQUE_CANDIDATE,,OPEN,,,NO_EXACT_NAME_SIZE_PEER
drive:file:1oA2EAy2Yj_zYWb7M_fUCvaYr-nYj8C10,1oA2EAy2Yj_zYWb7M_fUCvaYr-nYj8C10,Aura + Astral Bodies,.DS_Store,6148,TECHNICAL_EXCLUSION,DUP-01F2B2A55085,CLOSED,,,DS_STORE
drive:file:1dAzTi5rNqjb9DJ70WkGOdIQGtcPeDhX8,1dAzTi5rNqjb9DJ70WkGOdIQGtcPeDhX8,Aura + Astral Bodies,The_Astral_Plane_By_Charles_Leadbeater.pdf,332288,REVIEW_REQUIRED,DUP-53B17C56E11C,OPEN,,,EXACT_NAME_SIZE_CANDIDATE_ONLY
drive:file:1aNH3X_9atqlwNWijhx5z2IHa5X1aBu7J,1aNH3X_9atqlwNWijhx5z2IHa5X1aBu7J,Aura + Astral Bodies,The_Human_Aura_A_Study_By_Marques_S._D._1896.pdf,3033703,UNIQUE_CANDIDATE,,OPEN,,,NO_EXACT_NAME_SIZE_PEER
drive:file:11FSri9CdpHc__X53gnGUMQT1PltaG9f6,11FSri9CdpHc__X53gnGUMQT1PltaG9f6,Aura + Astral Bodies,The_Human_Atmosphere_By_Walter_J_Kilner.pdf,3297045,UNIQUE_CANDIDATE,,OPEN,,,NO_EXACT_NAME_SIZE_PEER
drive:file:1J4C1i36BZcHZYtxLG_y8kqzvWWEVGSTF,1J4C1i36BZcHZYtxLG_y8kqzvWWEVGSTF,Aura + Astral Bodies,Edgar-Cayce-on-Meaning-of-Aura-Colors.pdf,183383,UNIQUE_CANDIDATE,,OPEN,,,NO_EXACT_NAME_SIZE_PEER
drive:file:1hbDRJ89HRkNIUeF6p8egQDQNrFNRLGb6,1hbDRJ89HRkNIUeF6p8egQDQNrFNRLGb6,Aura + Astral Bodies,kirlian_photography_bookletpdf.pdf,534050,UNIQUE_CANDIDATE,,OPEN,,,NO_EXACT_NAME_SIZE_PEER
drive:file:1J4vCjUTAEhk6ITVJMDJ_-6GnkPgXm7Wl,1J4vCjUTAEhk6ITVJMDJ_-6GnkPgXm7Wl,Grimoire,The_Sword_Of_Moses.pdf,99338,UNIQUE_CANDIDATE,,OPEN,,,NO_EXACT_NAME_SIZE_PEER
drive:file:1K8yWBdYVLBBnUVklm6ROStN8xwFmUTDJ,1K8yWBdYVLBBnUVklm6ROStN8xwFmUTDJ,Grimoire,theurgia_goetia.pdf,920309,UNIQUE_CANDIDATE,,OPEN,,,NO_EXACT_NAME_SIZE_PEER
drive:file:14yhmHLdN0O2BA67eJyLu2IsQ6hmrvlT2,14yhmHLdN0O2BA67eJyLu2IsQ6hmrvlT2,Grimoire,The Grand Grimoire - Dark Lodge version.pdf,779048,UNIQUE_CANDIDATE,,OPEN,,,NO_EXACT_NAME_SIZE_PEER
drive:file:1caI46RxOpzOCRqBwrxgO1HKjbxQPL5Au,1caI46RxOpzOCRqBwrxgO1HKjbxQPL5Au,Grimoire,Libellusjesuitus.pdf,272180,UNIQUE_CANDIDATE,,OPEN,,,NO_EXACT_NAME_SIZE_PEER
drive:file:1sZfHAuV0lrTMPWaYAGEUNNEFARS19XAq,1sZfHAuV0lrTMPWaYAGEUNNEFARS19XAq,Grimoire,Johannes_Faust_-_The_Black_Raven.pdf,184998,UNIQUE_CANDIDATE,,OPEN,,,NO_EXACT_NAME_SIZE_PEER
drive:file:1taO_SxD6sveIiwuwzR5VB24--3za4Xgb,1taO_SxD6sveIiwuwzR5VB24--3za4Xgb,Grimoire,heptameron.pdf,251176,UNIQUE_CANDIDATE,,OPEN,,,NO_EXACT_NAME_SIZE_PEER
drive:file:1-5riKi255yzd8c4L2H-IUmkcSDLaxys-,1-5riKi255yzd8c4L2H-IUmkcSDLaxys-,Grimoire,Grimoirum_Verum.pdf,183633,UNIQUE_CANDIDATE,,OPEN,,,NO_EXACT_NAME_SIZE_PEER
drive:file:1Fy9KQo-ZmzyQnl6OALoFLZI1Pc2-ylqS,1Fy9KQo-ZmzyQnl6OALoFLZI1Pc2-ylqS,Grimoire,GrimoireofTuriel.pdf,352574,UNIQUE_CANDIDATE,,OPEN,,,NO_EXACT_NAME_SIZE_PEER
drive:file:1_eSnQsJr4WDdtsBmsnCPxeXkfEMLDpJ0,1_eSnQsJr4WDdtsBmsnCPxeXkfEMLDpJ0,Grimoire,grimoireofhonorius.pdf,506044,UNIQUE_CANDIDATE,,OPEN,,,NO_EXACT_NAME_SIZE_PEER
drive:file:1wo6TmMcH3Ed4XBscZnK5HmKqboyNzlc1,1wo6TmMcH3Ed4XBscZnK5HmKqboyNzlc1,Grimoire,grimoireofarmadel.pdf,1354498,UNIQUE_CANDIDATE,,OPEN,,,NO_EXACT_NAME_SIZE_PEER
drive:file:1VpU-xe4ivCWK3XjVmSRz_PNiFO7llu1j,1VpU-xe4ivCWK3XjVmSRz_PNiFO7llu1j,Grimoire,grand+grimoire.pdf,860015,UNIQUE_CANDIDATE,,OPEN,,,NO_EXACT_NAME_SIZE_PEER
drive:file:19ut6VvNLjGRLc9ef7_19ny8Obn2fgp9P,19ut6VvNLjGRLc9ef7_19ny8Obn2fgp9P,Grimoire,goetia.pdf,615836,UNIQUE_CANDIDATE,,OPEN,,,NO_EXACT_NAME_SIZE_PEER
drive:file:1skjbLmly_lXyGxRz_Vns0TRTt0vERrbu,1skjbLmly_lXyGxRz_Vns0TRTt0vERrbu,Grimoire,ars_notoria.pdf,984663,UNIQUE_CANDIDATE,,OPEN,,,NO_EXACT_NAME_SIZE_PEER
drive:file:1TvNN51xoR9v8n1LNf2ty8ugSzkxO7dIf,1TvNN51xoR9v8n1LNf2ty8ugSzkxO7dIf,Grimoire,arspaulina.pdf,350542,UNIQUE_CANDIDATE,,OPEN,,,NO_EXACT_NAME_SIZE_PEER
drive:file:1-WMO_v9UstI27zFAa6uqgXgYglz7w7Ri,1-WMO_v9UstI27zFAa6uqgXgYglz7w7Ri,Grimoire,arsnova.pdf,102980,UNIQUE_CANDIDATE,,OPEN,,,NO_EXACT_NAME_SIZE_PEER
drive:file:1pTYwrjl01erMpkIx8RqyXW6SGzE1e-zP,1pTYwrjl01erMpkIx8RqyXW6SGzE1e-zP,Grimoire,arsalmadel.pdf,96259,UNIQUE_CANDIDATE,,OPEN,,,NO_EXACT_NAME_SIZE_PEER
drive:file:1BP0aEs9EuMtMEpgm5mCgHrjjxv7xxRRm,1BP0aEs9EuMtMEpgm5mCgHrjjxv7xxRRm,Grimoire,arbatelofmagick.pdf,254027,UNIQUE_CANDIDATE,,OPEN,,,NO_EXACT_NAME_SIZE_PEER
drive:file:1OOOT8LYWW6oQTFhh-Szi7ojXh54EO69O,1OOOT8LYWW6oQTFhh-Szi7ojXh54EO69O,Grimoire,ac_goetia.pdf,1001749,UNIQUE_CANDIDATE,,OPEN,,,NO_EXACT_NAME_SIZE_PEER
drive:file:1Vm864S6ZHVnjNvQjWmU3TMm1G2IOtyVN,1Vm864S6ZHVnjNvQjWmU3TMm1G2IOtyVN,Grimoire/gkos,gkos2.pdf,492364,UNIQUE_CANDIDATE,,OPEN,,,NO_EXACT_NAME_SIZE_PEER
drive:file:13DClLMn5HaNUj6E4MV9LLzBeGzPmjBSY,13DClLMn5HaNUj6E4MV9LLzBeGzPmjBSY,Grimoire/gkos,gkos1.pdf,521311,UNIQUE_CANDIDATE,,OPEN,,,NO_EXACT_NAME_SIZE_PEER
drive:file:1FBg-np3anFriQe-H29gMgg9T2g0gNZx5,1FBg-np3anFriQe-H29gMgg9T2g0gNZx5,Grimoire/Abramelin,Abramelin_3.pdf,598859,UNIQUE_CANDIDATE,,OPEN,,,NO_EXACT_NAME_SIZE_PEER
drive:file:1K6Ejf9f9tCsxLOOt5YMlBM8_8hLNaua6,1K6Ejf9f9tCsxLOOt5YMlBM8_8hLNaua6,Grimoire/Abramelin,Abramelin_2.pdf,485643,UNIQUE_CANDIDATE,,OPEN,,,NO_EXACT_NAME_SIZE_PEER
drive:file:1S1h-YgxAGeZrlPm-NxVtb7-4XcrB-2kd,1S1h-YgxAGeZrlPm-NxVtb7-4XcrB-2kd,Grimoire/Abramelin,Abramelin_1.pdf,529466,UNIQUE_CANDIDATE,,OPEN,,,NO_EXACT_NAME_SIZE_PEER
drive:file:1op0dMi_BOzBjFyO3Xn_kxJK43VAFsMfJ,1op0dMi_BOzBjFyO3Xn_kxJK43VAFsMfJ,The Law of One,The Law of One Study Guide V.2.pdf,1726652,UNIQUE_CANDIDATE,,OPEN,,,NO_EXACT_NAME_SIZE_PEER
drive:file:1VOLHaNccYSE2PR8_MjVxsxMXcev9I3G0,1VOLHaNccYSE2PR8_MjVxsxMXcev9I3G0,The Law of One,The Law Of One Study Guide.pdf,859676,UNIQUE_CANDIDATE,,OPEN,,,NO_EXACT_NAME_SIZE_PEER
drive:file:1AdxGXIkp5v68Yk0hS3oa5n6y4wtyxam_,1AdxGXIkp5v68Yk0hS3oa5n6y4wtyxam_,The Law of One,The Law of One Book V.pdf,1035074,UNIQUE_CANDIDATE,,OPEN,,,NO_EXACT_NAME_SIZE_PEER
drive:file:13XnQdwHsG5b-TnffoGd8pE4Qh1v1jf1u,13XnQdwHsG5b-TnffoGd8pE4Qh1v1jf1u,The Law of One,The Law of One Book IV.pdf,1944704,UNIQUE_CANDIDATE,,OPEN,,,NO_EXACT_NAME_SIZE_PEER
drive:file:11go4dRTMT2OcDTyrTB5vWMo3hJ9kCIS6,11go4dRTMT2OcDTyrTB5vWMo3hJ9kCIS6,The Law of One,The Law of One Book III.pdf,530771,UNIQUE_CANDIDATE,,OPEN,,,NO_EXACT_NAME_SIZE_PEER
drive:file:1TE8QnJ30jpeLk9tqBVPFXlfmpb3Vw9kf,1TE8QnJ30jpeLk9tqBVPFXlfmpb3Vw9kf,The Law of One,The Law of One Book II.pdf,380848,UNIQUE_CANDIDATE,,OPEN,,,NO_EXACT_NAME_SIZE_PEER
drive:file:1GDL50ctINUMElNh9bFj8Nswq8FnY0ECQ,1GDL50ctINUMElNh9bFj8Nswq8FnY0ECQ,The Law of One,The Law of One Book I (The Ra Material).pdf,4883187,UNIQUE_CANDIDATE,,OPEN,,,NO_EXACT_NAME_SIZE_PEER
drive:file:19lxBL_lgTYNJTaQxcJ4XnDjRPN7qNPPt,19lxBL_lgTYNJTaQxcJ4XnDjRPN7qNPPt,The Law of Time,Master-Synchronic-Code-Book.pdf,22465832,UNIQUE_CANDIDATE,,OPEN,,,NO_EXACT_NAME_SIZE_PEER
drive:file:1NpD-IiY9Neljx2v3CP8cs4H2T5fKuTMw,1NpD-IiY9Neljx2v3CP8cs4H2T5fKuTMw,The Law of Time,Acessing your Multidimensional Self.pdf,32350600,UNIQUE_CANDIDATE,,OPEN,,,NO_EXACT_NAME_SIZE_PEER
drive:file:1EYIeqn1lZkcr6LiHsnkWFM3rxTfG3w0H,1EYIeqn1lZkcr6LiHsnkWFM3rxTfG3w0H,The Law of Time,Time and the Technosphere.pdf,9549976,REVIEW_REQUIRED,DUP-19E3EF6021B8,OPEN,,,EXACT_NAME_SIZE_CANDIDATE_ONLY
drive:file:1bhKjMdQjncf7O9BkDis-CZ1Np0JYk14f,1bhKjMdQjncf7O9BkDis-CZ1Np0JYk14f,The Law of Time,The Art Planet Chronicles - The Making of the Fifth Ring.pdf,1166850,REVIEW_REQUIRED,DUP-8494706D5F6E,OPEN,,,EXACT_NAME_SIZE_CANDIDATE_ONLY
drive:file:1j1cCc-TpJvfxhKxj1KA1agcm865tAsOw,1j1cCc-TpJvfxhKxj1KA1agcm865tAsOw,The Law of Time,Synchrogalactic-Yoga.pdf,1959136,UNIQUE_CANDIDATE,,OPEN,,,NO_EXACT_NAME_SIZE_PEER
drive:file:1bCfZHdxhOQteMXuYBrmQ7CUSAj4ulJoZ,1bCfZHdxhOQteMXuYBrmQ7CUSAj4ulJoZ,The Law of Time,Earth Ascending.pdf,3375601,REVIEW_REQUIRED,DUP-AC78F5A81CAE,OPEN,,,EXACT_NAME_SIZE_CANDIDATE_ONLY
drive:file:1PwUh3RhphstzLD07usQZV5iwb3L63eNy,1PwUh3RhphstzLD07usQZV5iwb3L63eNy,The Law of Time,"Cosmic history chronicles, Vol 1.pdf",3597558,UNIQUE_CANDIDATE,,OPEN,,,NO_EXACT_NAME_SIZE_PEER
drive:file:1SUogDJeB4LZcDjQhJzQvFcYkvhJsfOS7,1SUogDJeB4LZcDjQhJzQvFcYkvhJsfOS7,The Law of Time,260-Postulates-of-the-Dynamics-of-Time.pdf,6848080,UNIQUE_CANDIDATE,,OPEN,,,NO_EXACT_NAME_SIZE_PEER
drive:file:1F_p6HSxiILnEgPc7xU0HMbl4sfa8jbmV,1F_p6HSxiILnEgPc7xU0HMbl4sfa8jbmV,Education,The Deliberate Dumbing Down of America.pdf,7381913,UNIQUE_CANDIDATE,,OPEN,,,NO_EXACT_NAME_SIZE_PEER
drive:file:1t--d5-DFRMi7iWXv8_zolHvoNybX4LK1,1t--d5-DFRMi7iWXv8_zolHvoNybX4LK1,Religion,The History of Our Lord in Works of Art.pdf,19597479,UNIQUE_CANDIDATE,,OPEN,,,NO_EXACT_NAME_SIZE_PEER
drive:file:1W06Wlhgori2Vce2kUlEauS7Bg2QUiwEM,1W06Wlhgori2Vce2kUlEauS7Bg2QUiwEM,Religion,Legends of the Patriarchs and Prophets.pdf,11333627,UNIQUE_CANDIDATE,,OPEN,,,NO_EXACT_NAME_SIZE_PEER
drive:file:1qfHsTdAzCf6hDMpYCnrmtq3rNQa2XJQP,1qfHsTdAzCf6hDMpYCnrmtq3rNQa2XJQP,Religion,Our Friends the Jehovahs Witnesses.pdf,995403,UNIQUE_CANDIDATE,,OPEN,,,NO_EXACT_NAME_SIZE_PEER
drive:file:1t9hMhHnLM9ABYeeXF1wES3dB3BJx0SOR,1t9hMhHnLM9ABYeeXF1wES3dB3BJx0SOR,Religion,An Introduction to Hindu Symbolism.pdf,409080,UNIQUE_CANDIDATE,,OPEN,,,NO_EXACT_NAME_SIZE_PEER
drive:file:1R-kmEBrPl88jG5o78COng8TIZYcSpIUq,1R-kmEBrPl88jG5o78COng8TIZYcSpIUq,Religion,Egyptian Ideas of the Future Life.pdf,159086,REVIEW_REQUIRED,DUP-5FB81D685F0D,OPEN,,,EXACT_NAME_SIZE_CANDIDATE_ONLY
drive:file:1_qgsUWyhyIdUTNYJglcz4jjufLRE30yw,1_qgsUWyhyIdUTNYJglcz4jjufLRE30yw,Religion,The Golden Verses of Pythagoras.pdf,21050184,UNIQUE_CANDIDATE,,OPEN,,,NO_EXACT_NAME_SIZE_PEER
drive:file:1t6qVeFV050NVcAlMk2jfkFK0hhFECYrt,1t6qVeFV050NVcAlMk2jfkFK0hhFECYrt,Religion,Heaven and Its Wonders and Hell.pdf,689596,UNIQUE_CANDIDATE,,OPEN,,,NO_EXACT_NAME_SIZE_PEER
drive:file:1NCY5hxvgG_rNm7vPTcRjbLtKpv-w501k,1NCY5hxvgG_rNm7vPTcRjbLtKpv-w501k,Religion,The Hero With A Thousand Faces.pdf,58469,UNIQUE_CANDIDATE,,OPEN,,,NO_EXACT_NAME_SIZE_PEER
drive:file:1A4TVwc5DYPVtt6DvGOmODHST3zpn8tJf,1A4TVwc5DYPVtt6DvGOmODHST3zpn8tJf,Religion,The Works of Philo Judaeus.pdf,6129365,UNIQUE_CANDIDATE,,OPEN,,,NO_EXACT_NAME_SIZE_PEER
drive:file:1LgbYF-amUZ3E0_FerPbf-x9PhNkcGk15,1LgbYF-amUZ3E0_FerPbf-x9PhNkcGk15,Religion,Out of Egypt into Canaan.pdf,7926891,UNIQUE_CANDIDATE,,OPEN,,,NO_EXACT_NAME_SIZE_PEER
drive:file:14GmN_EWaNN_BafhUR8OR5b1um8kwNBEG,14GmN_EWaNN_BafhUR8OR5b1um8kwNBEG,Religion,Pagan and Christian Creeds.pdf,1392919,UNIQUE_CANDIDATE,,OPEN,,,NO_EXACT_NAME_SIZE_PEER
drive:file:1H2P4xozuuIeVN--iZUzo4RLlaTQe9Iac,1H2P4xozuuIeVN--iZUzo4RLlaTQe9Iac,Religion,On the Nature of the Gods.pdf,1064073,UNIQUE_CANDIDATE,,OPEN,,,NO_EXACT_NAME_SIZE_PEER
drive:file:1kH6TZeWkvS023HbPdzjjoyAdIw_YPYz7,1kH6TZeWkvS023HbPdzjjoyAdIw_YPYz7,Religion,Enchiridion of Epictetus.pdf,9920453,UNIQUE_CANDIDATE,,OPEN,,,NO_EXACT_NAME_SIZE_PEER
drive:file:1rX2lwmtURQdcXpFMNR0gzMlG0ACErZFr,1rX2lwmtURQdcXpFMNR0gzMlG0ACErZFr,Religion,The Life of Jehoshua.pdf,496128,UNIQUE_CANDIDATE,,OPEN,,,NO_EXACT_NAME_SIZE_PEER
drive:file:1qEgqvy4qnivr_P3uGXmfRYy82q1cfsjs,1qEgqvy4qnivr_P3uGXmfRYy82q1cfsjs,Religion,The Origin of Satan.pdf,1177824,UNIQUE_CANDIDATE,,OPEN,,,NO_EXACT_NAME_SIZE_PEER
drive:file:1MKfj2yd4MgR5gWQw0urXz843FtMC9l8i,1MKfj2yd4MgR5gWQw0urXz843FtMC9l8i,Religion,The Book of Am-Tuat.pdf,202818,REVIEW_REQUIRED,DUP-56B824D25B76,OPEN,,,EXACT_NAME_SIZE_CANDIDATE_ONLY
drive:file:1v3rHLY5rSO47RTgmbdyWjPNUvCAyvL-W,1v3rHLY5rSO47RTgmbdyWjPNUvCAyvL-W,Religion,Dictionary of Deities and Demons in the Bible.pdf,66728944,REVIEW_REQUIRED,DUP-F95B227AB6F6,OPEN,,,EXACT_NAME_SIZE_CANDIDATE_ONLY
drive:file:1cBi80AOOHvQqZ1p9sVx_UFj5qeTU5S-i,1cBi80AOOHvQqZ1p9sVx_UFj5qeTU5S-i,Religion,He Chose the Nails.pdf,526520,UNIQUE_CANDIDATE,,OPEN,,,NO_EXACT_NAME_SIZE_PEER
drive:file:1BNfcNIzN1lSDcmuEGqWm6Yz8syNFNncu,1BNfcNIzN1lSDcmuEGqWm6Yz8syNFNncu,Religion,The Life of Jesus.pdf,760426,UNIQUE_CANDIDATE,,OPEN,,,NO_EXACT_NAME_SIZE_PEER
drive:file:1pRutmiZwmFKuGYSWw8fETij2N6R4PeuM,1pRutmiZwmFKuGYSWw8fETij2N6R4PeuM,Religion,The Perfect Way.pdf,20741090,REVIEW_REQUIRED,DUP-E9E8080DD8C5,OPEN,,,EXACT_NAME_SIZE_CANDIDATE_ONLY
drive:file:1OT8tN1w3zsP6EtGIIpMuAjWJoGdrDBQR,1OT8tN1w3zsP6EtGIIpMuAjWJoGdrDBQR,Religion,Astral Worship.pdf,1024395,REVIEW_REQUIRED,DUP-8CBC24E94EC0,OPEN,,,EXACT_NAME_SIZE_CANDIDATE_ONLY
drive:file:1Q6UX1pxelZpvUuDMq-1xzHjluzlaahdk,1Q6UX1pxelZpvUuDMq-1xzHjluzlaahdk,Religion,Lucifer Nahuatl.pdf,17209,REVIEW_REQUIRED,DUP-AF6E21704477,OPEN,,,EXACT_NAME_SIZE_CANDIDATE_ONLY
drive:file:1gedjmFCgMGH7DMDAd9YpILpHQAZm5695,1gedjmFCgMGH7DMDAd9YpILpHQAZm5695,Religion,Another Jesus.pdf,1202959,UNIQUE_CANDIDATE,,OPEN,,,NO_EXACT_NAME_SIZE_PEER
drive:file:1UsZX1RKX_qavKc_gNOklTcgteTKNKygg,1UsZX1RKX_qavKc_gNOklTcgteTKNKygg,Religion,Bhagvad Gita.pdf,372624,UNIQUE_CANDIDATE,,OPEN,,,NO_EXACT_NAME_SIZE_PEER
drive:file:1IoyWMFK4Jpna3bfFz0UP3oRDXGT5NLqV,1IoyWMFK4Jpna3bfFz0UP3oRDXGT5NLqV,Religion,Indias True Voice - A Critique of Oriental Philosophy.pdf,710817,UNIQUE_CANDIDATE,,OPEN,,,NO_EXACT_NAME_SIZE_PEER
drive:file:1FC3ht8GZ6NsLh6JMCz34925QT_Xfq_QJ,1FC3ht8GZ6NsLh6JMCz34925QT_Xfq_QJ,Religion,Fallen Angels and the History of Judaism and Christianity.pdf,4456765,UNIQUE_CANDIDATE,,OPEN,,,NO_EXACT_NAME_SIZE_PEER
drive:file:1CTnEosavyzTw8CUBiM9ATyNLgOlxKyt3,1CTnEosavyzTw8CUBiM9ATyNLgOlxKyt3,"Religion/Noahs Flood in the Bible, Quran and Mesopotamian Stories","Noahs Flood in Bible, Quran and Mesopotamian Stories Vol. I.pdf",2531112,UNIQUE_CANDIDATE,,OPEN,,,NO_EXACT_NAME_SIZE_PEER
drive:file:15SkVGQ-bUHAusmjmzLTJUucpNDWZxoxm,15SkVGQ-bUHAusmjmzLTJUucpNDWZxoxm,"Religion/Noahs Flood in the Bible, Quran and Mesopotamian Stories","Noahs Flood in Bible, Quran and Mesopotamian Stories Vol. II.pdf",5625238,UNIQUE_CANDIDATE,,OPEN,,,NO_EXACT_NAME_SIZE_PEER
drive:file:1ta_IhIDiswuevAtgb7uKOoa_qLXhbauk,1ta_IhIDiswuevAtgb7uKOoa_qLXhbauk,Apocrypha,The Dead Sea Scrolls and the Personages of Earliest Christianity.pdf,2014937,UNIQUE_CANDIDATE,,OPEN,,,NO_EXACT_NAME_SIZE_PEER
drive:file:1nVH6MngZSymIsXjYNyxYRqGixpW7U4WP,1nVH6MngZSymIsXjYNyxYRqGixpW7U4WP,Apocrypha,The Pesher Nahum Scroll from Qumran.pdf,2193379,UNIQUE_CANDIDATE,,OPEN,,,NO_EXACT_NAME_SIZE_PEER
drive:file:1j55ViX8wrkHT2rZSYosAhfyENpB4v3X1,1j55ViX8wrkHT2rZSYosAhfyENpB4v3X1,Apocrypha,The Aquarian Gospel of Jesus the Christ.pdf,524360,REVIEW_REQUIRED,DUP-BC8D6B6776F4,OPEN,,,EXACT_NAME_SIZE_CANDIDATE_ONLY
drive:file:1PpuBZWcBct2gEk_PmgA3xbfN24aMeWIC,1PpuBZWcBct2gEk_PmgA3xbfN24aMeWIC,Apocrypha,Dead Sea Scrolls Uncovered.pdf,58469,UNIQUE_CANDIDATE,,OPEN,,,NO_EXACT_NAME_SIZE_PEER
drive:file:1gf31NpQs2t83smzaGLd6chrwuF01ieNg,1gf31NpQs2t83smzaGLd6chrwuF01ieNg,Apocrypha,Scrolls From the Dead Sea.pdf,58469,UNIQUE_CANDIDATE,,OPEN,,,NO_EXACT_NAME_SIZE_PEER
drive:file:1FOOq2ab6zvSKu0JyXWMAxbpil2cKGhvp,1FOOq2ab6zvSKu0JyXWMAxbpil2cKGhvp,Apocrypha,The Messiah Before Jesus.pdf,58469,UNIQUE_CANDIDATE,,OPEN,,,NO_EXACT_NAME_SIZE_PEER
drive:file:1OQ9XcnCXCqhSjHwULlrkNz6bXQY8VeyV,1OQ9XcnCXCqhSjHwULlrkNz6bXQY8VeyV,Apocrypha,The Dead Sea Scriptures.pdf,58469,UNIQUE_CANDIDATE,,OPEN,,,NO_EXACT_NAME_SIZE_PEER
drive:file:16y8Di4c1rmlWb--R_8xVS9bPULYRWtxP,16y8Di4c1rmlWb--R_8xVS9bPULYRWtxP,Apocrypha,Pistis Sophia Unveiled.pdf,965203,REVIEW_REQUIRED,DUP-517D90C073AE,OPEN,,,EXACT_NAME_SIZE_CANDIDATE_ONLY
drive:file:1Yllo-U1T-2PZ997ZYjhXujB51ZCyc6GQ,1Yllo-U1T-2PZ997ZYjhXujB51ZCyc6GQ,Apocrypha/Book of Enoch,The Book of Enoch 4 - Dreams.pdf,31856,UNIQUE_CANDIDATE,,OPEN,,,NO_EXACT_NAME_SIZE_PEER
drive:file:1U2YHs7t2Zrg0EPAMYav_GACcpWfurI0p,1U2YHs7t2Zrg0EPAMYav_GACcpWfurI0p,Apocrypha/Book of Enoch,The Book of Enoch 3 - Astronomy.pdf,32610,UNIQUE_CANDIDATE,,OPEN,,,NO_EXACT_NAME_SIZE_PEER
drive:file:1Jc_DKZrsLpvdDxn4DMF1acG7WN28ipXb,1Jc_DKZrsLpvdDxn4DMF1acG7WN28ipXb,Apocrypha/Book of Enoch,The Book of Enoch 2 - Parables.pdf,56591,UNIQUE_CANDIDATE,,OPEN,,,NO_EXACT_NAME_SIZE_PEER
drive:file:18_E1tVQ0FiZcRDE7NVa8k6lGMzxEtUWI,18_E1tVQ0FiZcRDE7NVa8k6lGMzxEtUWI,Apocrypha/Book of Enoch,The Book of Enoch 1 - Watchers.pdf,47433,UNIQUE_CANDIDATE,,OPEN,,,NO_EXACT_NAME_SIZE_PEER
drive:file:1cXKG4jxTZ6RE0aArOmxvMLjBno-ANlG_,1cXKG4jxTZ6RE0aArOmxvMLjBno-ANlG_,Apocrypha/Gospels,The Epistle of Jesus Christ and Abgarus King of Edessa.pdf,439128,UNIQUE_CANDIDATE,,OPEN,,,NO_EXACT_NAME_SIZE_PEER
drive:file:1Xx6C1yv3pwhrmhmBXXzwjDcHdjw4AO_Z,1Xx6C1yv3pwhrmhmBXXzwjDcHdjw4AO_Z,Apocrypha/Gospels,The Acts of Peter and the Twelve Apostles.pdf,19537,UNIQUE_CANDIDATE,,OPEN,,,NO_EXACT_NAME_SIZE_PEER
drive:file:1fEAFPtceuMoCv4wBy-8Pkg_n30ngsaOV,1fEAFPtceuMoCv4wBy-8Pkg_n30ngsaOV,Apocrypha/Gospels,The Third Letter to the Corinthians.pdf,186332,UNIQUE_CANDIDATE,,OPEN,,,NO_EXACT_NAME_SIZE_PEER
drive:file:1QzxX735RftDS7ozdS3FSIAN-7P0vcB8C,1QzxX735RftDS7ozdS3FSIAN-7P0vcB8C,Apocrypha/Gospels,The History of Joseph the Carpenter.pdf,35492,UNIQUE_CANDIDATE,,OPEN,,,NO_EXACT_NAME_SIZE_PEER
drive:file:1-Tfn73RROeX91QxBx0-w_zO7colXbEg5,1-Tfn73RROeX91QxBx0-w_zO7colXbEg5,Apocrypha/Gospels,The Questions of St. Bartholomew.pdf,40460,UNIQUE_CANDIDATE,,OPEN,,,NO_EXACT_NAME_SIZE_PEER
drive:file:1RnLa7yAgeUAPVE6gEi7W_G_wLGavAsYz,1RnLa7yAgeUAPVE6gEi7W_G_wLGavAsYz,Apocrypha/Gospels,The Five Books of the Maccabees.pdf,12163363,UNIQUE_CANDIDATE,,OPEN,,,NO_EXACT_NAME_SIZE_PEER
drive:file:1IVUSEYTBVWNt1qDylVokdfDSVA3qzues,1IVUSEYTBVWNt1qDylVokdfDSVA3qzues,Apocrypha/Gospels,The Book of the Secrets of Enoch.pdf,69768,UNIQUE_CANDIDATE,,OPEN,,,NO_EXACT_NAME_SIZE_PEER
drive:file:1aie_5tZem7hVEt0cLxOhrB1K4ZcIdQsP,1aie_5tZem7hVEt0cLxOhrB1K4ZcIdQsP,Apocrypha/Gospels,The Book of Thomas the Contender.pdf,21226,UNIQUE_CANDIDATE,,OPEN,,,NO_EXACT_NAME_SIZE_PEER
drive:file:1eFlcqoPAwr0t01wOJ5XDeJVaMR0MMhI8,1eFlcqoPAwr0t01wOJ5XDeJVaMR0MMhI8,Apocrypha/Gospels,The Letter of Peter to Philip.pdf,16113,UNIQUE_CANDIDATE,,OPEN,,,NO_EXACT_NAME_SIZE_PEER
drive:file:10lzlFbdsy4BgOgqgJlcOD6c5Rbg1VAK3,10lzlFbdsy4BgOgqgJlcOD6c5Rbg1VAK3,Apocrypha/Gospels,The Protoevangelum of James.pdf,39017,UNIQUE_CANDIDATE,,OPEN,,,NO_EXACT_NAME_SIZE_PEER
drive:file:1VwGtEfhnkb8jpuZ9O3ZHKP4D1cX8dRvU,1VwGtEfhnkb8jpuZ9O3ZHKP4D1cX8dRvU,Apocrypha/Gospels,The Inscription of Abercius.pdf,63965,UNIQUE_CANDIDATE,,OPEN,,,NO_EXACT_NAME_SIZE_PEER
drive:file:1b3NIo2YHGtgUFHmMpUQpk4tgCtqS98Pk,1b3NIo2YHGtgUFHmMpUQpk4tgCtqS98Pk,Apocrypha/Gospels,The Dialogue of the Savior.pdf,24323,UNIQUE_CANDIDATE,,OPEN,,,NO_EXACT_NAME_SIZE_PEER
drive:file:1rYzsjtd1SnylEnJnIafEMgcrUL8bpZZy,1rYzsjtd1SnylEnJnIafEMgcrUL8bpZZy,Apocrypha/Gospels,The Diatessaron of Tatian.pdf,384673,UNIQUE_CANDIDATE,,OPEN,,,NO_EXACT_NAME_SIZE_PEER
drive:file:1sRbdcB2lS7iDD1ABfMpkLMuBPKFO2m33,1sRbdcB2lS7iDD1ABfMpkLMuBPKFO2m33,Apocrypha/Gospels,The Apocalypse of Abraham.pdf,804002,UNIQUE_CANDIDATE,,OPEN,,,NO_EXACT_NAME_SIZE_PEER
drive:file:1RZlApYwuxXx6nzt_azWPQcifmlbtzIRQ,1RZlApYwuxXx6nzt_azWPQcifmlbtzIRQ,Apocrypha/Gospels,The Testament of Solomon.pdf,148330,UNIQUE_CANDIDATE,,OPEN,,,NO_EXACT_NAME_SIZE_PEER
drive:file:136qhuOteeB-dbZd2z9LftY5UUTG_0aVq,136qhuOteeB-dbZd2z9LftY5UUTG_0aVq,Apocrypha/Gospels,The Genesis Aprocryphon.pdf,58469,UNIQUE_CANDIDATE,,OPEN,,,NO_EXACT_NAME_SIZE_PEER
drive:file:1ByT-MvfIwTiM9rohQweOA9dyvW_DPk3Z,1ByT-MvfIwTiM9rohQweOA9dyvW_DPk3Z,Apocrypha/Gospels,The Epistles of Cyprian.pdf,484969,UNIQUE_CANDIDATE,,OPEN,,,NO_EXACT_NAME_SIZE_PEER
drive:file:1F-Wun88d0wndocwYIEEcWQ0QwEZGLCDJ,1F-Wun88d0wndocwYIEEcWQ0QwEZGLCDJ,Apocrypha/Gospels,The Epistle of Barnabas.pdf,55247,UNIQUE_CANDIDATE,,OPEN,,,NO_EXACT_NAME_SIZE_PEER
drive:file:1DiTbih6yAVyB3Th74ccDXq9LYdL88-fp,1DiTbih6yAVyB3Th74ccDXq9LYdL88-fp,Apocrypha/Gospels,The Apocalypse of Peter.pdf,19834,UNIQUE_CANDIDATE,,OPEN,,,NO_EXACT_NAME_SIZE_PEER
drive:file:1F-lYXedJ-gKbyD7Ys1-Ie-x3jGmqIg8U,1F-lYXedJ-gKbyD7Ys1-Ie-x3jGmqIg8U,Apocrypha/Gospels,The Shepherd of Hermas.pdf,166225,UNIQUE_CANDIDATE,,OPEN,,,NO_EXACT_NAME_SIZE_PEER
drive:file:1iCLP16mceojI0gKm-49SnFfrfIfsWnvt,1iCLP16mceojI0gKm-49SnFfrfIfsWnvt,Apocrypha/Gospels,The Apocryphon of John.pdf,48187,UNIQUE_CANDIDATE,,OPEN,,,NO_EXACT_NAME_SIZE_PEER
drive:file:1rZPabY26mZBG38G2MqjdU5OWIBGrOdhe,1rZPabY26mZBG38G2MqjdU5OWIBGrOdhe,Apocrypha/Gospels,The Apocalypse of Paul.pdf,14032,UNIQUE_CANDIDATE,,OPEN,,,NO_EXACT_NAME_SIZE_PEER
drive:file:17-olmYnj-Kfx2P-gpKoATtS986RvVfxt,17-olmYnj-Kfx2P-gpKoATtS986RvVfxt,Apocrypha/Gospels,The Gospel of Philip.pdf,46883,UNIQUE_CANDIDATE,,OPEN,,,NO_EXACT_NAME_SIZE_PEER
drive:file:1gDFwKxMv9E9_rbIT_I_1dw2JBpBAemqh,1gDFwKxMv9E9_rbIT_I_1dw2JBpBAemqh,Apocrypha/Gospels,The Gospel of Truth.pdf,31830,UNIQUE_CANDIDATE,,OPEN,,,NO_EXACT_NAME_SIZE_PEER
drive:file:1OnYPFFfTjLSVz-YTkhUTJ49ou-Hd0BOn,1OnYPFFfTjLSVz-YTkhUTJ49ou-Hd0BOn,Apocrypha/Gospels,The Gospel of Judas.pdf,76233,UNIQUE_CANDIDATE,,OPEN,,,NO_EXACT_NAME_SIZE_PEER
drive:file:1SeHrPGcoU2YR9lkstmLnXNIIMXrtKeNn,1SeHrPGcoU2YR9lkstmLnXNIIMXrtKeNn,Apocrypha/Gospels,The Gospel of Thomas.pdf,35508,UNIQUE_CANDIDATE,,OPEN,,,NO_EXACT_NAME_SIZE_PEER
drive:file:1tiI-u4PCJAgqJZGsmCRIU5b4-2fUNvik,1tiI-u4PCJAgqJZGsmCRIU5b4-2fUNvik,Apocrypha/Gospels,The Gospel of Barnabus.pdf,367284,UNIQUE_CANDIDATE,,OPEN,,,NO_EXACT_NAME_SIZE_PEER
drive:file:1zH3EXRhzrLbz3fc4_Bc_DnLeftBJt5TP,1zH3EXRhzrLbz3fc4_Bc_DnLeftBJt5TP,Apocrypha/Gospels,The Gospel of the Nativity of Mary.pdf,24202,UNIQUE_CANDIDATE,,OPEN,,,NO_EXACT_NAME_SIZE_PEER
drive:file:19NtnK8aoxJ1obsJZgc_qW4A9sQ2h3BwK,19NtnK8aoxJ1obsJZgc_qW4A9sQ2h3BwK,Apocrypha/Gospels,The Aquarian Gospel of Jesus the Christ.pdf,524360,REVIEW_REQUIRED,DUP-BC8D6B6776F4,OPEN,,,EXACT_NAME_SIZE_CANDIDATE_ONLY
drive:file:1t0oUaBFIPNxnmiDHDgWc5tx933BvLqO3,1t0oUaBFIPNxnmiDHDgWc5tx933BvLqO3,Apocrypha/Gospels,The Gospel of the Nazoreans.pdf,15997,UNIQUE_CANDIDATE,,OPEN,,,NO_EXACT_NAME_SIZE_PEER
drive:file:1sJ9lwfGCjXNVR3_JnJg_4XkRRQjQYThV,1sJ9lwfGCjXNVR3_JnJg_4XkRRQjQYThV,Apocrypha/Gospels/Books of Esdras,The Second Book of Esdras.pdf,131121,UNIQUE_CANDIDATE,,OPEN,,,NO_EXACT_NAME_SIZE_PEER
drive:file:1v_XDjQB_JIphFj0_SNYNRlB5-N8r9liO,1v_XDjQB_JIphFj0_SNYNRlB5-N8r9liO,Apocrypha/Gospels/Books of Esdras,The First Book of Esdras.pdf,146971,UNIQUE_CANDIDATE,,OPEN,,,NO_EXACT_NAME_SIZE_PEER
drive:file:1BgBJM9H6GOn3tmICQoGef6yW9IkwAak7,1BgBJM9H6GOn3tmICQoGef6yW9IkwAak7,Apocrypha/Gospels/Infancy of Jesus,The First Gospel of the Infancy of Jesus Christ - Part 2.pdf,45838,UNIQUE_CANDIDATE,,OPEN,,,NO_EXACT_NAME_SIZE_PEER
drive:file:1Li_Ydt9hPsuklrbiLDitHIcagzjPJR0T,1Li_Ydt9hPsuklrbiLDitHIcagzjPJR0T,Apocrypha/Gospels/Infancy of Jesus,The First Gospel of the Infancy of Jesus Christ - Part 1.pdf,59138,UNIQUE_CANDIDATE,,OPEN,,,NO_EXACT_NAME_SIZE_PEER
drive:file:1gf7LzttnpL5byrchZA-FvxAPlEapPv2W,1gf7LzttnpL5byrchZA-FvxAPlEapPv2W,Apocrypha/Gospels/Epistle of Clement,The Second Epistle of Clement.pdf,27870,UNIQUE_CANDIDATE,,OPEN,,,NO_EXACT_NAME_SIZE_PEER
drive:file:15FvScNc25tg6WmpzTUwV7sP0EJPD2BoD,15FvScNc25tg6WmpzTUwV7sP0EJPD2BoD,Apocrypha/Gospels/Epistle of Clement,The First Epistle of Clement.pdf,80132,UNIQUE_CANDIDATE,,OPEN,,,NO_EXACT_NAME_SIZE_PEER
drive:file:1OZj1RQpVCaqb_yttAeDhBApAzlxEBtgZ,1OZj1RQpVCaqb_yttAeDhBApAzlxEBtgZ,Apocrypha/Gospels/Gospel of Peace,The Essene Gospel of Peace - Book 4.pdf,52087,UNIQUE_CANDIDATE,,OPEN,,,NO_EXACT_NAME_SIZE_PEER
drive:file:17B3q4m6wdjT4WCQg814k5OLFD8U5M6TN,17B3q4m6wdjT4WCQg814k5OLFD8U5M6TN,Apocrypha/Gospels/Gospel of Peace,The Essene Gospel of Peace - Book 3.pdf,122511,UNIQUE_CANDIDATE,,OPEN,,,NO_EXACT_NAME_SIZE_PEER
drive:file:1jk8YVyAmh9PflkzjyIF7LAM4z-kQacQM,1jk8YVyAmh9PflkzjyIF7LAM4z-kQacQM,Apocrypha/Gospels/Gospel of Peace,The Essene Gospel of Peace - Book 2.pdf,71729,UNIQUE_CANDIDATE,,OPEN,,,NO_EXACT_NAME_SIZE_PEER
drive:file:1JjqPPl6bkyd1bxve06O1ZbrJfvSnMKQR,1JjqPPl6bkyd1bxve06O1ZbrJfvSnMKQR,Apocrypha/Gospels/Gospel of Peace,The Essene Gospel of Peace - Book 1.pdf,70705,UNIQUE_CANDIDATE,,OPEN,,,NO_EXACT_NAME_SIZE_PEER
drive:file:1AZDXwMmP7RqJ7mzu5gkUFPHmOm6RX-Za,1AZDXwMmP7RqJ7mzu5gkUFPHmOm6RX-Za,Apocrypha/Gospels/Books of Baruch,The Second Book of Baruch.pdf,436689,UNIQUE_CANDIDATE,,OPEN,,,NO_EXACT_NAME_SIZE_PEER
drive:file:1CM2s4LMJeA30L7ypn6GdPLmWlpoUpHYh,1CM2s4LMJeA30L7ypn6GdPLmWlpoUpHYh,Apocrypha/Gospels/Books of Baruch,The First Book of Baruch.pdf,186683,UNIQUE_CANDIDATE,,OPEN,,,NO_EXACT_NAME_SIZE_PEER
drive:file:1VgzCsByAfAidIxY-5HyCTN-JV3RwpbRe,1VgzCsByAfAidIxY-5HyCTN-JV3RwpbRe,Apocrypha/Gospels/Adam and Eve,The Second Book of Adam and Eve.pdf,61067,UNIQUE_CANDIDATE,,OPEN,,,NO_EXACT_NAME_SIZE_PEER
drive:file:1feXFjG7fs2rgAA5ljoWijko8ieq5V0hF,1feXFjG7fs2rgAA5ljoWijko8ieq5V0hF,Apocrypha/Gospels/Adam and Eve,The First Book of Adam and Eve.pdf,144071,UNIQUE_CANDIDATE,,OPEN,,,NO_EXACT_NAME_SIZE_PEER
drive:file:1bdAl6KyU3Tbxig3koaaF4zFKWdyUT3Xi,1bdAl6KyU3Tbxig3koaaF4zFKWdyUT3Xi,Apocrypha/Gospels/Apocalypse of James,The Second Apocalypse of James.pdf,19886,UNIQUE_CANDIDATE,,OPEN,,,NO_EXACT_NAME_SIZE_PEER
drive:file:1lVOaoH3XWQPwe90eJ8GpVT4vNBKc0Fab,1lVOaoH3XWQPwe90eJ8GpVT4vNBKc0Fab,Apocrypha/Gospels/Apocalypse of James,The First Apocalypse of James.pdf,20415,UNIQUE_CANDIDATE,,OPEN,,,NO_EXACT_NAME_SIZE_PEER
drive:file:1hL6qriaARv5jGGW2y6NWqZ3OsvJTYuYc,1hL6qriaARv5jGGW2y6NWqZ3OsvJTYuYc,Bible,The Companion Bible.pdf,191421383,UNIQUE_CANDIDATE,,OPEN,,,NO_EXACT_NAME_SIZE_PEER
drive:file:1SvgDH6FYFmzV9LgB9HDDhwWF1mBHxmW6,1SvgDH6FYFmzV9LgB9HDDhwWF1mBHxmW6,Bible,The Heavenly Council.pdf,216447,UNIQUE_CANDIDATE,,OPEN,,,NO_EXACT_NAME_SIZE_PEER
drive:file:19RMS8G6-lnqkARLmBJBrgJtXQR_hPtqY,19RMS8G6-lnqkARLmBJBrgJtXQR_hPtqY,Bible,The Tyndale Bible.pdf,1784661,UNIQUE_CANDIDATE,,OPEN,,,NO_EXACT_NAME_SIZE_PEER
drive:file:1lKv-PTjeGebnbQcVt0_JmAdrM1ibGoeZ,1lKv-PTjeGebnbQcVt0_JmAdrM1ibGoeZ,World History,The Scriptures and Inscription of Darius the Great.pdf,12110573,REVIEW_REQUIRED,DUP-7E507343A167,OPEN,,,EXACT_NAME_SIZE_CANDIDATE_ONLY
drive:file:1Pb4vicgZroVWcQ_OELsYY1okaNNWLbb5,1Pb4vicgZroVWcQ_OELsYY1okaNNWLbb5,World History,Short Studies in the Science of Comparative Religion.pdf,4233713,UNIQUE_CANDIDATE,,OPEN,,,NO_EXACT_NAME_SIZE_PEER
drive:file:1cK50HwoUBwZlcZQ9AUu_5L_QZagwXzsh,1cK50HwoUBwZlcZQ9AUu_5L_QZagwXzsh,World History,The Origin and Development of Religious Belief.pdf,29733870,UNIQUE_CANDIDATE,,OPEN,,,NO_EXACT_NAME_SIZE_PEER
drive:file:1jYTItrn9XTSbZeXZVxGDwsbWjkrgDznx,1jYTItrn9XTSbZeXZVxGDwsbWjkrgDznx,World History,History of the Decline and Fall of the Roman Empire.pdf,2347273,UNIQUE_CANDIDATE,,OPEN,,,NO_EXACT_NAME_SIZE_PEER
drive:file:1EmbAjqlYNXmazNXEINQJTc9Aq5sWdQza,1EmbAjqlYNXmazNXEINQJTc9Aq5sWdQza,World History,Exploring Human History - The First 2500 Years.pdf,1007723,REVIEW_REQUIRED,DUP-558B1FD80DA9,OPEN,,,EXACT_NAME_SIZE_CANDIDATE_ONLY
drive:file:1QqE8rzD9DIpRn0mWEk9z0Hf1eepiBLh6,1QqE8rzD9DIpRn0mWEk9z0Hf1eepiBLh6,World History,The Histories of Herodotus Halicarnassis.pdf,2263121,UNIQUE_CANDIDATE,,OPEN,,,NO_EXACT_NAME_SIZE_PEER
drive:file:1NJFZaBtwOAl0EIKJ5b7ZXscYm5bUi4eH,1NJFZaBtwOAl0EIKJ5b7ZXscYm5bUi4eH,World History,The Hidden History of the Human Race.pdf,1453816,UNIQUE_CANDIDATE,,OPEN,,,NO_EXACT_NAME_SIZE_PEER
drive:file:1A1DIEFtCZGr_VFv7SWyHsKPsCQSSadc3,1A1DIEFtCZGr_VFv7SWyHsKPsCQSSadc3,World History,Church History - Life of Constantine.pdf,5924478,UNIQUE_CANDIDATE,,OPEN,,,NO_EXACT_NAME_SIZE_PEER
drive:file:17GpQIKc8ALV7oSxW8kd4csDYsbyc_mp0,17GpQIKc8ALV7oSxW8kd4csDYsbyc_mp0,World History,The Life of Apollonius of Tyanaeus.pdf,5483667,UNIQUE_CANDIDATE,,OPEN,,,NO_EXACT_NAME_SIZE_PEER
drive:file:1PAoDdFv-Tps7bMaxBv11P89GP-bOW_lB,1PAoDdFv-Tps7bMaxBv11P89GP-bOW_lB,World History,Key to Northwest European Origins.pdf,1848666,UNIQUE_CANDIDATE,,OPEN,,,NO_EXACT_NAME_SIZE_PEER
drive:file:1ximx4fLjPWN5-mb6N7S5Ybk7GUCjEVDW,1ximx4fLjPWN5-mb6N7S5Ybk7GUCjEVDW,World History,Germany and the Holy Roman Empire.pdf,8391134,UNIQUE_CANDIDATE,,OPEN,,,NO_EXACT_NAME_SIZE_PEER
drive:file:1S3GrYkrxL_bknfqFwet8T_dFkM8OoZLV,1S3GrYkrxL_bknfqFwet8T_dFkM8OoZLV,World History,The Secret History of Pythagoras.pdf,8791632,UNIQUE_CANDIDATE,,OPEN,,,NO_EXACT_NAME_SIZE_PEER
drive:file:1ZQuUPC4PyrkmnOy1mRJaYTd61zrCWJTv,1ZQuUPC4PyrkmnOy1mRJaYTd61zrCWJTv,World History,Curious Myths of the Middle Ages.pdf,26732482,UNIQUE_CANDIDATE,,OPEN,,,NO_EXACT_NAME_SIZE_PEER
drive:file:1_YCkSP1HnRrPcBckb0XAI3tqquzsNPaE,1_YCkSP1HnRrPcBckb0XAI3tqquzsNPaE,World History,Ancient Egypt Under the Pharaohs.pdf,33754251,REVIEW_REQUIRED,DUP-37766A1A8EFF,OPEN,,,EXACT_NAME_SIZE_CANDIDATE_ONLY
drive:file:1kMHimxBkHYnqjAXsR_sRfWSh8V0Ogwyn,1kMHimxBkHYnqjAXsR_sRfWSh8V0Ogwyn,World History,The Occult Roots of Nazism.pdf,15170605,UNIQUE_CANDIDATE,,OPEN,,,NO_EXACT_NAME_SIZE_PEER
drive:file:1kY6hZkmqljsN3xBb6cGbS_cqUJk9tDBf,1kY6hZkmqljsN3xBb6cGbS_cqUJk9tDBf,World History,The History of Torture.pdf,21772155,UNIQUE_CANDIDATE,,OPEN,,,NO_EXACT_NAME_SIZE_PEER
drive:file:1cR0cHVm_yk4sdncFXEnhWFxTKiA2O8S3,1cR0cHVm_yk4sdncFXEnhWFxTKiA2O8S3,World History,Gerald Massey Lectures.pdf,58469,UNIQUE_CANDIDATE,,OPEN,,,NO_EXACT_NAME_SIZE_PEER
drive:file:1JNZU_iUjZrksZ723FKA3Pm_HuIwcIKz6,1JNZU_iUjZrksZ723FKA3Pm_HuIwcIKz6,World History,The Ruins of Empires.pdf,99012,UNIQUE_CANDIDATE,,OPEN,,,NO_EXACT_NAME_SIZE_PEER
drive:file:1VmQefAbb449igDrHaM5bnTlzVQD7NZjD,1VmQefAbb449igDrHaM5bnTlzVQD7NZjD,World History,Are the Jews a Race.pdf,474954,UNIQUE_CANDIDATE,,OPEN,,,NO_EXACT_NAME_SIZE_PEER
drive:file:1u5LZ-U6TtjQvxnQ3rVcKpElLQmutjkTU,1u5LZ-U6TtjQvxnQ3rVcKpElLQmutjkTU,World History/The Swastika,The Swastika Vol. II.pdf,5262495,UNIQUE_CANDIDATE,,OPEN,,,NO_EXACT_NAME_SIZE_PEER
drive:file:16YcuXbWlXv8UAjox-jBIt5Bi-eP5aYxV,16YcuXbWlXv8UAjox-jBIt5Bi-eP5aYxV,World History/The Swastika,The Swastika Vol. I.pdf,8457930,UNIQUE_CANDIDATE,,OPEN,,,NO_EXACT_NAME_SIZE_PEER
drive:file:14Aq6jgr-rNh5Cew7ErOp7nA3Rp0dQ1At,14Aq6jgr-rNh5Cew7ErOp7nA3Rp0dQ1At,World History/Natural Genesis,The Natural Genesis Vol. II.pdf,2785959,UNIQUE_CANDIDATE,,OPEN,,,NO_EXACT_NAME_SIZE_PEER
drive:file:14QfIY0IKrKG_CE6UZt1eQOAnm4nCbVly,14QfIY0IKrKG_CE6UZt1eQOAnm4nCbVly,World History/Natural Genesis,The Natural Genesis Vol. I.pdf,2907360,UNIQUE_CANDIDATE,,OPEN,,,NO_EXACT_NAME_SIZE_PEER
drive:file:1FtIRHFWD7Xj_GeXV13Y_sZW6oRA21kS2,1FtIRHFWD7Xj_GeXV13Y_sZW6oRA21kS2,World History/Forbbiden History of Europe,Forbidden History of Europe Vol. VIII.pdf,4436491,REVIEW_REQUIRED,DUP-F31B55DBA489,OPEN,,,EXACT_NAME_SIZE_CANDIDATE_ONLY
drive:file:1La6LhGyS_vZacaEeM3K_Vz5ht0q_sWDp,1La6LhGyS_vZacaEeM3K_Vz5ht0q_sWDp,World History/Forbbiden History of Europe,Forbidden History of Europe Vol. XI.pdf,7271580,REVIEW_REQUIRED,DUP-1965E48AC74B,OPEN,,,EXACT_NAME_SIZE_CANDIDATE_ONLY
drive:file:1z1OV2LhbX5IXbyRqT9ixAG1Wf9ENlVvU,1z1OV2LhbX5IXbyRqT9ixAG1Wf9ENlVvU,World History/Forbbiden History of Europe,Forbidden History of Europe Vol. X.pdf,10047346,REVIEW_REQUIRED,DUP-98FB0D0232BA,OPEN,,,EXACT_NAME_SIZE_CANDIDATE_ONLY
drive:file:1iEVOifM1TsUS_VEbujKUxrYj7kGGIMdN,1iEVOifM1TsUS_VEbujKUxrYj7kGGIMdN,World History/Forbbiden History of Europe,Forbidden History of Europe Vol. IX.pdf,14678803,REVIEW_REQUIRED,DUP-02C72EB00FD0,OPEN,,,EXACT_NAME_SIZE_CANDIDATE_ONLY
drive:file:1crVw61zz_nqLU1E-lOS7Cv-KrQUST1gW,1crVw61zz_nqLU1E-lOS7Cv-KrQUST1gW,World History/Forbbiden History of Europe,Forbidden History of Europe Vol. VII.pdf,3745991,REVIEW_REQUIRED,DUP-8AD7658E1B29,OPEN,,,EXACT_NAME_SIZE_CANDIDATE_ONLY
drive:file:1uYznM6hkpPNqKOHGiL0lqDxZemlrzDIz,1uYznM6hkpPNqKOHGiL0lqDxZemlrzDIz,World History/Forbbiden History of Europe,Forbidden History of Europe Vol. XII.pdf,877915,REVIEW_REQUIRED,DUP-2992F58EEA95,OPEN,,,EXACT_NAME_SIZE_CANDIDATE_ONLY
drive:file:1M5R_lw1B1x_gwmaOSRZg_xODIuBq-jdf,1M5R_lw1B1x_gwmaOSRZg_xODIuBq-jdf,World History/Forbbiden History of Europe,Forbidden History of Europe Vol. II.pdf,7895665,UNIQUE_CANDIDATE,,OPEN,,,NO_EXACT_NAME_SIZE_PEER
drive:file:1yDVFXVmXDT-bt_TW31lPzJTfiO5BtV1f,1yDVFXVmXDT-bt_TW31lPzJTfiO5BtV1f,World History/Forbbiden History of Europe,Forbidden History of Europe Vol. III.pdf,5683121,UNIQUE_CANDIDATE,,OPEN,,,NO_EXACT_NAME_SIZE_PEER
drive:file:1n4HS9qDcLfl3y3xegfdw1BLz8sQuAwtK,1n4HS9qDcLfl3y3xegfdw1BLz8sQuAwtK,World History/Forbbiden History of Europe,Forbidden History of Europe Vol. IV.pdf,3592210,UNIQUE_CANDIDATE,,OPEN,,,NO_EXACT_NAME_SIZE_PEER
drive:file:13t-fGF3fZ2mjB8ppw0TbxSsDZnMM460E,13t-fGF3fZ2mjB8ppw0TbxSsDZnMM460E,World History/Forbbiden History of Europe,Forbidden History of Europe Vol. VI.pdf,1512882,UNIQUE_CANDIDATE,,OPEN,,,NO_EXACT_NAME_SIZE_PEER
drive:file:1Ihg43hu1cnECTb0KHAZZuLchafgH6KSZ,1Ihg43hu1cnECTb0KHAZZuLchafgH6KSZ,World History/Forbbiden History of Europe,Forbidden History of Europe Vol. V.pdf,1900946,UNIQUE_CANDIDATE,,OPEN,,,NO_EXACT_NAME_SIZE_PEER
drive:file:1M_xJ_6ygSx0cZRIHAocZAEiiE16hdu2T,1M_xJ_6ygSx0cZRIHAocZAEiiE16hdu2T,World History/Forbbiden History of Europe,Forbidden History of Europe Vol. I.pdf,14240598,REVIEW_REQUIRED,DUP-448573445133,OPEN,,,EXACT_NAME_SIZE_CANDIDATE_ONLY
drive:file:13ZKHC5NfQtJ66tssYLctyw-RRj8ApXyL,13ZKHC5NfQtJ66tssYLctyw-RRj8ApXyL,World History/Compendium of World History,Compendium of World History Vol. II.pdf,614283,UNIQUE_CANDIDATE,,OPEN,,,NO_EXACT_NAME_SIZE_PEER
drive:file:1d8vc_9FuLTCxKagLmE6omSxsxQdaKXIJ,1d8vc_9FuLTCxKagLmE6omSxsxQdaKXIJ,World History/Compendium of World History,Compendium of World History Vol. I.pdf,1413951,UNIQUE_CANDIDATE,,OPEN,,,NO_EXACT_NAME_SIZE_PEER
drive:file:1Ji60F-KMKjHC3bnI44BwwdfXHSLnRQxT,1Ji60F-KMKjHC3bnI44BwwdfXHSLnRQxT,Metaphysics,Theosophy - An Introduction to the Spiritual Processes in Human Life.pdf,676057,UNIQUE_CANDIDATE,,OPEN,,,NO_EXACT_NAME_SIZE_PEER
drive:file:1PEYbcqqw8qGWhf0YSQOXyN96YZOnDmBL,1PEYbcqqw8qGWhf0YSQOXyN96YZOnDmBL,Metaphysics,Ancient Pagan and Modern Christian Symbolism Exposed and Explained.pdf,2656094,UNIQUE_CANDIDATE,,OPEN,,,NO_EXACT_NAME_SIZE_PEER
drive:file:1r0fchOPH69wHL_E6vZAF61gOksV5S2kE,1r0fchOPH69wHL_E6vZAF61gOksV5S2kE,Metaphysics,Intuitive Thinking as a Spiritual Path - A Philosophy of Freedom.pdf,840231,UNIQUE_CANDIDATE,,OPEN,,,NO_EXACT_NAME_SIZE_PEER
drive:file:1grhGa3h4qRYLoMtChoXYJKvhs8-1hQV-,1grhGa3h4qRYLoMtChoXYJKvhs8-1hQV-,Metaphysics,"Lectures and Addresses to Children, Parents, and Teachers.pdf",633759,UNIQUE_CANDIDATE,,OPEN,,,NO_EXACT_NAME_SIZE_PEER
drive:file:1t-95F7gamCKeH9KabbThaMhL9uW-uvV4,1t-95F7gamCKeH9KabbThaMhL9uW-uvV4,Metaphysics,From Existence to Life - The Study of Self-Consciousness.pdf,58469,UNIQUE_CANDIDATE,,OPEN,,,NO_EXACT_NAME_SIZE_PEER
drive:file:1hJIgbCHJ9nT6ZD8LZUzmcjTNhfwrrgRr,1hJIgbCHJ9nT6ZD8LZUzmcjTNhfwrrgRr,Metaphysics,How to Know Higher Worlds - A Modern Path of Initiation.pdf,732691,UNIQUE_CANDIDATE,,OPEN,,,NO_EXACT_NAME_SIZE_PEER
drive:file:1S1ThYMYxKx2PBm-vBl9B0FmlmCIIDsBo,1S1ThYMYxKx2PBm-vBl9B0FmlmCIIDsBo,Metaphysics,The Teachings of Don Juan - A Yaqui Way of Knowledge.pdf,1127553,UNIQUE_CANDIDATE,,OPEN,,,NO_EXACT_NAME_SIZE_PEER
drive:file:1T3VAOpBi1ASyQXC_J2tvcdFDc-l6QrFZ,1T3VAOpBi1ASyQXC_J2tvcdFDc-l6QrFZ,Metaphysics,The Life After Death - And How Theosophy Unveils It.pdf,4309597,UNIQUE_CANDIDATE,,OPEN,,,NO_EXACT_NAME_SIZE_PEER
drive:file:1tnXi25pflI6bgr5JK-wDu7H_8knyru7I,1tnXi25pflI6bgr5JK-wDu7H_8knyru7I,Metaphysics,The Genius of Language - Observations for Teachers.pdf,4019717,UNIQUE_CANDIDATE,,OPEN,,,NO_EXACT_NAME_SIZE_PEER
drive:file:1eVYn5-2LRf4Z0yXIyDy_vvtQe3SU7bk6,1eVYn5-2LRf4Z0yXIyDy_vvtQe3SU7bk6,Metaphysics,Choice Aphorisms from the Seven Segments of Cardan.pdf,58469,UNIQUE_CANDIDATE,,OPEN,,,NO_EXACT_NAME_SIZE_PEER
drive:file:1JTU0jZUPkHhIrmTbHn09WBAp_ypWnnWM,1JTU0jZUPkHhIrmTbHn09WBAp_ypWnnWM,Metaphysics,"Fasting, Hydropathy, and Exercise - Natures Cures.pdf",58469,UNIQUE_CANDIDATE,,OPEN,,,NO_EXACT_NAME_SIZE_PEER
drive:file:1rn0oAjYncc1iTrWeYQaRTVcDBBAW11Fd,1rn0oAjYncc1iTrWeYQaRTVcDBBAW11Fd,Metaphysics,Melchizedek - The Secret Doctrine of the Bible.pdf,58469,UNIQUE_CANDIDATE,,OPEN,,,NO_EXACT_NAME_SIZE_PEER
drive:file:1-lXVrWxcbkBOMxyZfGsIJ3ZARI6ZPZQT,1-lXVrWxcbkBOMxyZfGsIJ3ZARI6ZPZQT,Metaphysics,Bechamp or Pasteur - The Germ Theory Exploded.pdf,1398333,UNIQUE_CANDIDATE,,OPEN,,,NO_EXACT_NAME_SIZE_PEER
drive:file:19bGRw34xRZiLgBSkG_uL3BLiGfZ21JAO,19bGRw34xRZiLgBSkG_uL3BLiGfZ21JAO,Metaphysics,The Etheric Double - The Health Aura of Man.pdf,763323,UNIQUE_CANDIDATE,,OPEN,,,NO_EXACT_NAME_SIZE_PEER
drive:file:1sxeDBq-4ytQyNAEiGd8J2W4tV-aujXUU,1sxeDBq-4ytQyNAEiGd8J2W4tV-aujXUU,Metaphysics,Cosmic Memory - Prehistory of Earth and Man.pdf,287194,UNIQUE_CANDIDATE,,OPEN,,,NO_EXACT_NAME_SIZE_PEER
drive:file:1P5Mf-f_mAuWFMWAUIuOnU4cdU9Ptei8B,1P5Mf-f_mAuWFMWAUIuOnU4cdU9Ptei8B,Metaphysics,A Depth of Beginning - Notes on Kabbalah.pdf,1918243,REVIEW_REQUIRED,DUP-BD34BAB23A1F,OPEN,,,EXACT_NAME_SIZE_CANDIDATE_ONLY
drive:file:1r9dEnt-NfwkNnSb1Y6Drnr-jvf1-2wtT,1r9dEnt-NfwkNnSb1Y6Drnr-jvf1-2wtT,Metaphysics,The Fundamentals of Meditation Practice.pdf,624093,REVIEW_REQUIRED,DUP-34B468CC9C01,OPEN,,,EXACT_NAME_SIZE_CANDIDATE_ONLY
drive:file:1rUuit9V8AT3DbCH49NCPV0pucujrjJHd,1rUuit9V8AT3DbCH49NCPV0pucujrjJHd,Metaphysics,Groundwork for the Metaphysic of Morals.pdf,58469,UNIQUE_CANDIDATE,,OPEN,,,NO_EXACT_NAME_SIZE_PEER
drive:file:1Ihh1W7xttJ6Lp6IiDzgm-KRy_2uXJWkc,1Ihh1W7xttJ6Lp6IiDzgm-KRy_2uXJWkc,Metaphysics,The Creative Process in the Individual.pdf,1564410,UNIQUE_CANDIDATE,,OPEN,,,NO_EXACT_NAME_SIZE_PEER
drive:file:1yaoxgRPHuUStknqUjUhefVA2MyPVYeOY,1yaoxgRPHuUStknqUjUhefVA2MyPVYeOY,Metaphysics,Charaka Samhita - Handbook on Ayurveda .pdf,58469,UNIQUE_CANDIDATE,,OPEN,,,NO_EXACT_NAME_SIZE_PEER
drive:file:12t2oCV3bWpBWgPcBpvuKXe4aC-xgUCwl,12t2oCV3bWpBWgPcBpvuKXe4aC-xgUCwl,Metaphysics,Education as a Force for Social Change.pdf,1272024,UNIQUE_CANDIDATE,,OPEN,,,NO_EXACT_NAME_SIZE_PEER
drive:file:1fMcWyALdZ_uf6XJso0WughVEARYpEMUA,1fMcWyALdZ_uf6XJso0WughVEARYpEMUA,Metaphysics,The Controlled Remote Viewing Manual.pdf,290912,UNIQUE_CANDIDATE,,OPEN,,,NO_EXACT_NAME_SIZE_PEER
drive:file:1dtSup7BGzC0SVtJrPIEkH5IPRitRKl6Z,1dtSup7BGzC0SVtJrPIEkH5IPRitRKl6Z,Metaphysics,Hole's Human Anatomy and Physiology.pdf,183615494,UNIQUE_CANDIDATE,,OPEN,,,NO_EXACT_NAME_SIZE_PEER
drive:file:1-RKkZErta6hiDBuIpGLW3GPH0rL7DNi0,1-RKkZErta6hiDBuIpGLW3GPH0rL7DNi0,Metaphysics,The Origin of All Religious Worship.pdf,929217,UNIQUE_CANDIDATE,,OPEN,,,NO_EXACT_NAME_SIZE_PEER
drive:file:1Qspmr5JznZenP1j0TH-SXlvvZgDPWZ3R,1Qspmr5JznZenP1j0TH-SXlvvZgDPWZ3R,Metaphysics,The Foundations of Human Experience.pdf,1303867,UNIQUE_CANDIDATE,,OPEN,,,NO_EXACT_NAME_SIZE_PEER
drive:file:1lPC7ONpFvrzZRnsfzAR1DN_6VajCpPuh,1lPC7ONpFvrzZRnsfzAR1DN_6VajCpPuh,Metaphysics,Illuminati Formula for Mind Control.pdf,2440975,REVIEW_REQUIRED,DUP-A287C2E662C0,OPEN,,,EXACT_NAME_SIZE_CANDIDATE_ONLY
drive:file:1PjsUyikkKrmAxhBbdpWUYaTHZupWahYF,1PjsUyikkKrmAxhBbdpWUYaTHZupWahYF,Metaphysics,Power Through Constructive Thinking.pdf,742221,UNIQUE_CANDIDATE,,OPEN,,,NO_EXACT_NAME_SIZE_PEER
drive:file:18b1fycsRSfPvusqp9Z_Zb-fNb0XyZQCt,18b1fycsRSfPvusqp9Z_Zb-fNb0XyZQCt,Metaphysics,The Fourth Dimension and the Bible.pdf,4772196,UNIQUE_CANDIDATE,,OPEN,,,NO_EXACT_NAME_SIZE_PEER
drive:file:1ZppXrRBcKXQih68VXhg9aZGRqn9sQW4A,1ZppXrRBcKXQih68VXhg9aZGRqn9sQW4A,Metaphysics,"Cosmology, Religion and Philosophy.pdf",109103,UNIQUE_CANDIDATE,,OPEN,,,NO_EXACT_NAME_SIZE_PEER
drive:file:19JOOUZlWmg8abPtmBOkrL2q4Rjluiu-m,19JOOUZlWmg8abPtmBOkrL2q4Rjluiu-m,Metaphysics,The Language of Demons and Angels.pdf,2294578,UNIQUE_CANDIDATE,,OPEN,,,NO_EXACT_NAME_SIZE_PEER
drive:file:1BYDus2QcIP8zZoLPZrXhi7uGPp2JMqAk,1BYDus2QcIP8zZoLPZrXhi7uGPp2JMqAk,Metaphysics,The Spirit of the Waldorf School.pdf,634998,UNIQUE_CANDIDATE,,OPEN,,,NO_EXACT_NAME_SIZE_PEER
drive:file:18gEDO9A-4UQ_TO3_1mjsC7tXsUGLYFt9,18gEDO9A-4UQ_TO3_1mjsC7tXsUGLYFt9,Metaphysics,Handbook to Higher Consciousness.pdf,58469,UNIQUE_CANDIDATE,,OPEN,,,NO_EXACT_NAME_SIZE_PEER
drive:file:10zMbvA7tetVpD131UErVJBu8qLdcgHPA,10zMbvA7tetVpD131UErVJBu8qLdcgHPA,Metaphysics,The Doctrine of the Subtle Body.pdf,6954843,UNIQUE_CANDIDATE,,OPEN,,,NO_EXACT_NAME_SIZE_PEER
drive:file:1wxD0MCHraFmEtXe7klobXLqSJkO0Z7-K,1wxD0MCHraFmEtXe7klobXLqSJkO0Z7-K,Metaphysics,Ancient Ideals in Modern Masonry.pdf,103738,UNIQUE_CANDIDATE,,OPEN,,,NO_EXACT_NAME_SIZE_PEER
drive:file:1TNMfG_5S8gn7nSs8tnv5o92gJgNun-uY,1TNMfG_5S8gn7nSs8tnv5o92gJgNun-uY,Metaphysics,Christianity as a Mystical Fact.pdf,636807,UNIQUE_CANDIDATE,,OPEN,,,NO_EXACT_NAME_SIZE_PEER
drive:file:17MdH3cgUto7gCmH1bUlmoM9fV0mh4gyk,17MdH3cgUto7gCmH1bUlmoM9fV0mh4gyk,Metaphysics,The Mental Equivalent Lectures.pdf,65225,UNIQUE_CANDIDATE,,OPEN,,,NO_EXACT_NAME_SIZE_PEER
drive:file:1DskCb0BTRp1juQSU4qymHTePf-26y3Zq,1DskCb0BTRp1juQSU4qymHTePf-26y3Zq,Metaphysics,The Hidden Life in Freemasonry.pdf,1473275,UNIQUE_CANDIDATE,,OPEN,,,NO_EXACT_NAME_SIZE_PEER
drive:file:1EEl1P24_aPdpcWpGUGqk9WXHVGIWmcE8,1EEl1P24_aPdpcWpGUGqk9WXHVGIWmcE8,Metaphysics,Endocrine-Disrupting Chemicals.pdf,459932,UNIQUE_CANDIDATE,,OPEN,,,NO_EXACT_NAME_SIZE_PEER
drive:file:1CU0Wl2vVlN-1dqsGytGtVh-xQcNcC6E_,1CU0Wl2vVlN-1dqsGytGtVh-xQcNcC6E_,Metaphysics,An Outline of Esoteric Science.pdf,1626189,UNIQUE_CANDIDATE,,OPEN,,,NO_EXACT_NAME_SIZE_PEER
drive:file:1bMR71NiqwI9B_j8UrDKqw65A1MEfXDGJ,1bMR71NiqwI9B_j8UrDKqw65A1MEfXDGJ,Metaphysics,On the Metaphysics of Numbers.pdf,9584252,REVIEW_REQUIRED,DUP-877B163AAF69,OPEN,,,EXACT_NAME_SIZE_CANDIDATE_ONLY
drive:file:1VDY-NfVk5woVfuTMQBvckX-K-7nHComy,1VDY-NfVk5woVfuTMQBvckX-K-7nHComy,Metaphysics,Etymology of Latin and Greek.pdf,14769570,REVIEW_REQUIRED,DUP-8CE08E94896C,OPEN,,,EXACT_NAME_SIZE_CANDIDATE_ONLY
drive:file:1osJTT9CyHMJDyrqu9r5mnuHFmGtowaBS,1osJTT9CyHMJDyrqu9r5mnuHFmGtowaBS,Metaphysics,Terrorism and the Illuminati.pdf,1859397,REVIEW_REQUIRED,DUP-E34401AE4469,OPEN,,,EXACT_NAME_SIZE_CANDIDATE_ONLY
drive:file:1ncV0byZmDudiJoVSuxCWOXtWDqpbSQDf,1ncV0byZmDudiJoVSuxCWOXtWDqpbSQDf,Metaphysics,Practical Advice to Teachers.pdf,2457972,UNIQUE_CANDIDATE,,OPEN,,,NO_EXACT_NAME_SIZE_PEER
drive:file:1NxLiKQbTkyZhsNkhBzLiSm0IuifChG2d,1NxLiKQbTkyZhsNkhBzLiSm0IuifChG2d,Metaphysics,Egyptian Myths and Mysteries.pdf,322552,UNIQUE_CANDIDATE,,OPEN,,,NO_EXACT_NAME_SIZE_PEER
drive:file:1lbLSDX8dlkSsgZoZl0Yqn9HhqHk9-RAD,1lbLSDX8dlkSsgZoZl0Yqn9HhqHk9-RAD,Metaphysics,Ayurvedic Concepts of Health.pdf,2951605,UNIQUE_CANDIDATE,,OPEN,,,NO_EXACT_NAME_SIZE_PEER
drive:file:1RZa9uM9Be1wGKUfR72XBiALs0xAMQX9T,1RZa9uM9Be1wGKUfR72XBiALs0xAMQX9T,Metaphysics,The Science of Getting Rich.pdf,390073,UNIQUE_CANDIDATE,,OPEN,,,NO_EXACT_NAME_SIZE_PEER
drive:file:1IogaQXaChXa16Qtk283HzB8w9kY0tZ89,1IogaQXaChXa16Qtk283HzB8w9kY0tZ89,Metaphysics,The Critique of Pure Reason.pdf,1151051,UNIQUE_CANDIDATE,,OPEN,,,NO_EXACT_NAME_SIZE_PEER
drive:file:164RCxe0YifjJNf_hhtSMA81p6V49MwHk,164RCxe0YifjJNf_hhtSMA81p6V49MwHk,Metaphysics,The Causal Body and the Ego.pdf,3402095,UNIQUE_CANDIDATE,,OPEN,,,NO_EXACT_NAME_SIZE_PEER
drive:file:1vA85kMoG1H71uWk18keRd9CRYbFhfBWO,1vA85kMoG1H71uWk18keRd9CRYbFhfBWO,Metaphysics,In Search of the Miraculous.pdf,58469,UNIQUE_CANDIDATE,,OPEN,,,NO_EXACT_NAME_SIZE_PEER
drive:file:1PcvsLlucjfHmBBfulZwzhs9egPCkeMbz,1PcvsLlucjfHmBBfulZwzhs9egPCkeMbz,Metaphysics,Initiation and Its Results.pdf,8972255,UNIQUE_CANDIDATE,,OPEN,,,NO_EXACT_NAME_SIZE_PEER
drive:file:1noZe3nDBWG0N5vx6wY8qfnIgXW4y5895,1noZe3nDBWG0N5vx6wY8qfnIgXW4y5895,Metaphysics,The Chakras - A Monograph.pdf,570835,UNIQUE_CANDIDATE,,OPEN,,,NO_EXACT_NAME_SIZE_PEER
drive:file:1YyXF3c2oy-Y69H2tMKxq3gOs3k4PcxuE,1YyXF3c2oy-Y69H2tMKxq3gOs3k4PcxuE,Metaphysics,Mans Higher Consciousness.pdf,38982023,UNIQUE_CANDIDATE,,OPEN,,,NO_EXACT_NAME_SIZE_PEER
drive:file:1FfRF8mizQrBgPad8o4Mu-91lE-UHtowA,1FfRF8mizQrBgPad8o4Mu-91lE-UHtowA,Metaphysics,Discussions with Teachers.pdf,661111,UNIQUE_CANDIDATE,,OPEN,,,NO_EXACT_NAME_SIZE_PEER
drive:file:1OvCh29PcOHcHTtHgfHZ2N1n5sGHY59c6,1OvCh29PcOHcHTtHgfHZ2N1n5sGHY59c6,Metaphysics,The Trail of the Serpent.pdf,5830198,UNIQUE_CANDIDATE,,OPEN,,,NO_EXACT_NAME_SIZE_PEER
drive:file:1uu2I1sE7pi3K4m-Y_o7uVL9XLcJvzNWL,1uu2I1sE7pi3K4m-Y_o7uVL9XLcJvzNWL,Metaphysics,Bible Mystery and Meaning.pdf,58469,UNIQUE_CANDIDATE,,OPEN,,,NO_EXACT_NAME_SIZE_PEER
drive:file:14QGtt4giUDlk5X_FmqFwnjfAO-GzchNM,14QGtt4giUDlk5X_FmqFwnjfAO-GzchNM,Metaphysics,The Twelve Powers of Man.pdf,448902,UNIQUE_CANDIDATE,,OPEN,,,NO_EXACT_NAME_SIZE_PEER
drive:file:11Xztv1_nz0vMRKCJCWinMtFfUeb_3xpi,11Xztv1_nz0vMRKCJCWinMtFfUeb_3xpi,Metaphysics,The Key of the Mysteries.pdf,501217,REVIEW_REQUIRED,DUP-513915C81973,OPEN,,,EXACT_NAME_SIZE_CANDIDATE_ONLY
drive:file:1_siwQ0CpHUvgJ2Kr7IiWtFEEDlsOxjx1,1_siwQ0CpHUvgJ2Kr7IiWtFEEDlsOxjx1,Metaphysics,The Golden Key to Prayer.pdf,28708,UNIQUE_CANDIDATE,,OPEN,,,NO_EXACT_NAME_SIZE_PEER
drive:file:1KbPYvWqV9QCeqjUsBkbbtCwZytMExZ4h,1KbPYvWqV9QCeqjUsBkbbtCwZytMExZ4h,Metaphysics,Mystery Man of the Bible.pdf,15790797,UNIQUE_CANDIDATE,,OPEN,,,NO_EXACT_NAME_SIZE_PEER
drive:file:1ku2gFoMQPM7pKBmf-oDxmpc80CH91GJn,1ku2gFoMQPM7pKBmf-oDxmpc80CH91GJn,Metaphysics,Simulacra and Simulation.pdf,385425,UNIQUE_CANDIDATE,,OPEN,,,NO_EXACT_NAME_SIZE_PEER
drive:file:1Soap4Uldrare8RAYu1KL7zr-GynFRIoI,1Soap4Uldrare8RAYu1KL7zr-GynFRIoI,Metaphysics,A Road to Self-Knowledge.pdf,106225,UNIQUE_CANDIDATE,,OPEN,,,NO_EXACT_NAME_SIZE_PEER
drive:file:1ia3VTwnPLoxG9mxxVEAH1iCTl8k8NvY_,1ia3VTwnPLoxG9mxxVEAH1iCTl8k8NvY_,Metaphysics,The Sermon on the Mount.pdf,639428,UNIQUE_CANDIDATE,,OPEN,,,NO_EXACT_NAME_SIZE_PEER
drive:file:1Q39VolBjTbvTSMebpVqnCElRnVYv_BF6,1Q39VolBjTbvTSMebpVqnCElRnVYv_BF6,Metaphysics,The Renewal of the Body.pdf,2012755,UNIQUE_CANDIDATE,,OPEN,,,NO_EXACT_NAME_SIZE_PEER
drive:file:1L6gyI-go9rvCDKagZnM6bipDRDeyCzW-,1L6gyI-go9rvCDKagZnM6bipDRDeyCzW-,Metaphysics,The Gnostic Crucifixion.pdf,4430482,REVIEW_REQUIRED,DUP-3A11084B0A35,OPEN,,,EXACT_NAME_SIZE_CANDIDATE_ONLY
drive:file:1hPmf1LRbMRF9sbeZ4Z9VASS15Fgsl-Uf,1hPmf1LRbMRF9sbeZ4Z9VASS15Fgsl-Uf,Metaphysics,Out-of-Body Experiences.pdf,58469,UNIQUE_CANDIDATE,,OPEN,,,NO_EXACT_NAME_SIZE_PEER
drive:file:15xyYndJjAJPlZeLLSHjVSL164ZBcXCex,15xyYndJjAJPlZeLLSHjVSL164ZBcXCex,Metaphysics,Approaching Singularity.pdf,58469,UNIQUE_CANDIDATE,,OPEN,,,NO_EXACT_NAME_SIZE_PEER
drive:file:1s-gngIPQpxX6wZ0hdG2az9m0SVU5NPxQ,1s-gngIPQpxX6wZ0hdG2az9m0SVU5NPxQ,Metaphysics,The Ocean of Theosophy.pdf,1090106,UNIQUE_CANDIDATE,,OPEN,,,NO_EXACT_NAME_SIZE_PEER
drive:file:1st7W73Kqo6FqHjxLQtChlKUsAvCt1I9k,1st7W73Kqo6FqHjxLQtChlKUsAvCt1I9k,Metaphysics,The Book of the Mother.pdf,42901409,UNIQUE_CANDIDATE,,OPEN,,,NO_EXACT_NAME_SIZE_PEER
drive:file:10Bs3NbGe548pCjZzFtKiFyy5PWmWAYsL,10Bs3NbGe548pCjZzFtKiFyy5PWmWAYsL,Metaphysics,The Way of the Shaman.pdf,88824534,UNIQUE_CANDIDATE,,OPEN,,,NO_EXACT_NAME_SIZE_PEER
drive:file:1RJzAYS4nOEGpqydW-NetTx7XjKmuWwX0,1RJzAYS4nOEGpqydW-NetTx7XjKmuWwX0,Metaphysics,Anatomy and Physiology.pdf,39131798,UNIQUE_CANDIDATE,,OPEN,,,NO_EXACT_NAME_SIZE_PEER
drive:file:1hMsvJ1WhJ0mEsVw9u5enUyYRmh_oVN-4,1hMsvJ1WhJ0mEsVw9u5enUyYRmh_oVN-4,Metaphysics,Poligrams and Polygons.pdf,58469,UNIQUE_CANDIDATE,,OPEN,,,NO_EXACT_NAME_SIZE_PEER
drive:file:1wG1dtYylpeif03xC_Px7He3ll7xlDME0,1wG1dtYylpeif03xC_Px7He3ll7xlDME0,Metaphysics,Lucifer Ahriman Asuras.pdf,451032,UNIQUE_CANDIDATE,,OPEN,,,NO_EXACT_NAME_SIZE_PEER
drive:file:1elkG67eoRLnBBxDhazlyYfX97cOUvffC,1elkG67eoRLnBBxDhazlyYfX97cOUvffC,Metaphysics,The Path of Knowledge.pdf,3868544,UNIQUE_CANDIDATE,,OPEN,,,NO_EXACT_NAME_SIZE_PEER
drive:file:1Q46Kk8RldHYi_J_QhTBa7H0kdyulUTIy,1Q46Kk8RldHYi_J_QhTBa7H0kdyulUTIy,Metaphysics,The Great Controversy.pdf,27487544,UNIQUE_CANDIDATE,,OPEN,,,NO_EXACT_NAME_SIZE_PEER
drive:file:1VZPYcm_z2hAu7goD6jW0uA9XAVo5hlIy,1VZPYcm_z2hAu7goD6jW0uA9XAVo5hlIy,Metaphysics,The Eye of Revelation.pdf,859206,UNIQUE_CANDIDATE,,OPEN,,,NO_EXACT_NAME_SIZE_PEER
drive:file:1kpXs0e6fV217IzVCvWYTS3zUN_Bkin2A,1kpXs0e6fV217IzVCvWYTS3zUN_Bkin2A,Metaphysics,Esoteric Christianity.pdf,360223,UNIQUE_CANDIDATE,,OPEN,,,NO_EXACT_NAME_SIZE_PEER
drive:file:1rJZwb1fjyAEZrAPZpm01D72zJvsui1fn,1rJZwb1fjyAEZrAPZpm01D72zJvsui1fn,Metaphysics,Being and Nothingness.pdf,58469,UNIQUE_CANDIDATE,,OPEN,,,NO_EXACT_NAME_SIZE_PEER
drive:file:1Xzz4_jheQ6WX26Dgm_nnYAG5BlPH1NqD,1Xzz4_jheQ6WX26Dgm_nnYAG5BlPH1NqD,Metaphysics,Your Invisible Power.pdf,192408,UNIQUE_CANDIDATE,,OPEN,,,NO_EXACT_NAME_SIZE_PEER
drive:file:10EeUP5lBXD3PXSdg2AB8l-U7zFKW0ALp,10EeUP5lBXD3PXSdg2AB8l-U7zFKW0ALp,Metaphysics,Thinking and Destiny.pdf,4223959,UNIQUE_CANDIDATE,,OPEN,,,NO_EXACT_NAME_SIZE_PEER
drive:file:1vwMh04od3LN6AyLH5-ot5Xq3GTw9ozoo,1vwMh04od3LN6AyLH5-ot5Xq3GTw9ozoo,Metaphysics,The Key to Theosophy.pdf,405775,UNIQUE_CANDIDATE,,OPEN,,,NO_EXACT_NAME_SIZE_PEER
drive:file:1aNVIvV9AktoANyC3OOnp-zqyOo0Sz0Sp,1aNVIvV9AktoANyC3OOnp-zqyOo0Sz0Sp,Metaphysics,The Story of My Life.pdf,623721,UNIQUE_CANDIDATE,,OPEN,,,NO_EXACT_NAME_SIZE_PEER
drive:file:18n-JTm38Y0gYWTmK4lAKOfivHm1P0XEQ,18n-JTm38Y0gYWTmK4lAKOfivHm1P0XEQ,Metaphysics,The Great Red Dragon.pdf,3978544,UNIQUE_CANDIDATE,,OPEN,,,NO_EXACT_NAME_SIZE_PEER
drive:file:1KpJnW8QyjXeAc7CREzwmDkfNEMHPi501,1KpJnW8QyjXeAc7CREzwmDkfNEMHPi501,Metaphysics,Esoterism and Symbol.pdf,58469,UNIQUE_CANDIDATE,,OPEN,,,NO_EXACT_NAME_SIZE_PEER
drive:file:1nE0m-dERhKFa3_vHbBCvjcII5kRyvEIH,1nE0m-dERhKFa3_vHbBCvjcII5kRyvEIH,Metaphysics,Vital Magnetic Cure.pdf,14251346,UNIQUE_CANDIDATE,,OPEN,,,NO_EXACT_NAME_SIZE_PEER
drive:file:1RCplMs3fQK5fPqcTvRxf0kAyEASEp2Nc,1RCplMs3fQK5fPqcTvRxf0kAyEASEp2Nc,Metaphysics,The Christ of India.pdf,812990,UNIQUE_CANDIDATE,,OPEN,,,NO_EXACT_NAME_SIZE_PEER
drive:file:1VfPzfUxq_VnQraz0jSX_gEEuoTBQNK1X,1VfPzfUxq_VnQraz0jSX_gEEuoTBQNK1X,Metaphysics,The 4-Hour Workweek.pdf,1743757,UNIQUE_CANDIDATE,,OPEN,,,NO_EXACT_NAME_SIZE_PEER
drive:file:1x_-52NB9UwJZ4JRtRiymS2EFioMhtZcQ,1x_-52NB9UwJZ4JRtRiymS2EFioMhtZcQ,Metaphysics,Sex and Sex Worship.pdf,58469,UNIQUE_CANDIDATE,,OPEN,,,NO_EXACT_NAME_SIZE_PEER
drive:file:1812KB6U6tGGtjXjKvnSXOKuY34l0JtWQ,1812KB6U6tGGtjXjKvnSXOKuY34l0JtWQ,Metaphysics,Melanin in the Body.pdf,253882,UNIQUE_CANDIDATE,,OPEN,,,NO_EXACT_NAME_SIZE_PEER
drive:file:19eyfcXrRz-b-D9yFUw7JzHGfb9fn9i8V,19eyfcXrRz-b-D9yFUw7JzHGfb9fn9i8V,Metaphysics,Liposome Technology.pdf,12181895,UNIQUE_CANDIDATE,,OPEN,,,NO_EXACT_NAME_SIZE_PEER
drive:file:1Qg_TdbA5fQqKCmpcp_OPOV4gz7eKfT0n,1Qg_TdbA5fQqKCmpcp_OPOV4gz7eKfT0n,Metaphysics,Apollonius of Tyana.pdf,15635456,UNIQUE_CANDIDATE,,OPEN,,,NO_EXACT_NAME_SIZE_PEER
drive:file:1GkfyHCH3JMlg3X05ObVU-TC8g1rYSxcJ,1GkfyHCH3JMlg3X05ObVU-TC8g1rYSxcJ,Metaphysics,The Ether of Space.pdf,7890960,REVIEW_REQUIRED,DUP-579341CA3B16,OPEN,,,EXACT_NAME_SIZE_CANDIDATE_ONLY
drive:file:1XBYZ8va--j_gEgBu1u2DNJMQOzRW-rVv,1XBYZ8va--j_gEgBu1u2DNJMQOzRW-rVv,Metaphysics,The Ancient Wisdom.pdf,834713,UNIQUE_CANDIDATE,,OPEN,,,NO_EXACT_NAME_SIZE_PEER
drive:file:1OM9zxvpTNdpLsAcfKOvAWUYSgKtL7O_V,1OM9zxvpTNdpLsAcfKOvAWUYSgKtL7O_V,Metaphysics,Sacred and Profane.pdf,6227164,UNIQUE_CANDIDATE,,OPEN,,,NO_EXACT_NAME_SIZE_PEER
drive:file:16Otw2r0KrI7ab5pcQxACJHX4SdriJ6AF,16Otw2r0KrI7ab5pcQxACJHX4SdriJ6AF,Metaphysics,Pranic Nourishment.pdf,1014132,UNIQUE_CANDIDATE,,OPEN,,,NO_EXACT_NAME_SIZE_PEER
drive:file:1MTrMtCi38XjJHtZ0srOgdKAaScphHQME,1MTrMtCi38XjJHtZ0srOgdKAaScphHQME,Metaphysics,Mythology Unveiled.pdf,5573523,UNIQUE_CANDIDATE,,OPEN,,,NO_EXACT_NAME_SIZE_PEER
drive:file:1pOXB3Gk6UjflI-dfsxIJZ4IEKrcB7URb,1pOXB3Gk6UjflI-dfsxIJZ4IEKrcB7URb,Metaphysics,In the Outer Court.pdf,11996451,UNIQUE_CANDIDATE,,OPEN,,,NO_EXACT_NAME_SIZE_PEER
drive:file:1VAZYkeYaLRog-J9zALW8qyefT8dB3Rfj,1VAZYkeYaLRog-J9zALW8qyefT8dB3Rfj,Metaphysics,Concealed Dynamics.pdf,3417264,REVIEW_REQUIRED,DUP-7E1E1BA5257E,OPEN,,,EXACT_NAME_SIZE_CANDIDATE_ONLY
drive:file:1MOnsyDcsLtC1Pwig0l8uIH4xZBTtWi4v,1MOnsyDcsLtC1Pwig0l8uIH4xZBTtWi4v,Metaphysics,Toxemia Explained.pdf,231121,UNIQUE_CANDIDATE,,OPEN,,,NO_EXACT_NAME_SIZE_PEER
drive:file:1fi9udR0zvZKAg4cEDPfCmA_1X9hXf55C,1fi9udR0zvZKAg4cEDPfCmA_1X9hXf55C,Metaphysics,The Temple in Man.pdf,2707616,UNIQUE_CANDIDATE,,OPEN,,,NO_EXACT_NAME_SIZE_PEER
drive:file:15qyklfbh6Te3ASMZmTcbZSK9F6_HDj-i,15qyklfbh6Te3ASMZmTcbZSK9F6_HDj-i,Metaphysics,As a Man Thinketh.pdf,58469,UNIQUE_CANDIDATE,,OPEN,,,NO_EXACT_NAME_SIZE_PEER
drive:file:1sAY9hSj2mR2HxGerkai6iHq68HZx6J9K,1sAY9hSj2mR2HxGerkai6iHq68HZx6J9K,Metaphysics,The Solar System.pdf,1454114,UNIQUE_CANDIDATE,,OPEN,,,NO_EXACT_NAME_SIZE_PEER
drive:file:10FxQcmn1kylByDwjQGtg8180ED8M6ush,10FxQcmn1kylByDwjQGtg8180ED8M6ush,Metaphysics,The Hidden Power.pdf,7418650,UNIQUE_CANDIDATE,,OPEN,,,NO_EXACT_NAME_SIZE_PEER
drive:file:15PTopYA6jr3JHnfFDy2NJLLlcR91z04c,15PTopYA6jr3JHnfFDy2NJLLlcR91z04c,Metaphysics,The God Delusion.pdf,1905304,UNIQUE_CANDIDATE,,OPEN,,,NO_EXACT_NAME_SIZE_PEER
drive:file:11R1KqufaL5hPOk1zrK5AmCrlHxEtC1Tp,11R1KqufaL5hPOk1zrK5AmCrlHxEtC1Tp,Metaphysics,The Code of Life.pdf,565590,UNIQUE_CANDIDATE,,OPEN,,,NO_EXACT_NAME_SIZE_PEER
drive:file:1BC7uSG5vL3dQNru_CjKEvbUhni64RZ80,1BC7uSG5vL3dQNru_CjKEvbUhni64RZ80,Metaphysics,The Book of Life.pdf,431355,UNIQUE_CANDIDATE,,OPEN,,,NO_EXACT_NAME_SIZE_PEER
drive:file:12IZgO8shG3mT9T1U_Vpism1Itvu4igZJ,12IZgO8shG3mT9T1U_Vpism1Itvu4igZJ,Metaphysics,The Astral Plane.pdf,231006,UNIQUE_CANDIDATE,,OPEN,,,NO_EXACT_NAME_SIZE_PEER
drive:file:1_ds0oLQ28Y27PpaVOOu5ZA9K6Bt6yXFH,1_ds0oLQ28Y27PpaVOOu5ZA9K6Bt6yXFH,Metaphysics,Occult Chemistry.pdf,14361494,UNIQUE_CANDIDATE,,OPEN,,,NO_EXACT_NAME_SIZE_PEER
drive:file:1IK4SFhRQyyc1EwhnUkvYFXPT04UkNZQY,1IK4SFhRQyyc1EwhnUkvYFXPT04UkNZQY,Metaphysics,The Mental Body.pdf,1357981,UNIQUE_CANDIDATE,,OPEN,,,NO_EXACT_NAME_SIZE_PEER
drive:file:1WtDcnGHk0WsgqkPUPiuVxXqYRetMwoij,1WtDcnGHk0WsgqkPUPiuVxXqYRetMwoij,Metaphysics,The Astral Body.pdf,946358,UNIQUE_CANDIDATE,,OPEN,,,NO_EXACT_NAME_SIZE_PEER
drive:file:1NUzUleEKlD1XBmoP0TOkCqom-l85JLsg,1NUzUleEKlD1XBmoP0TOkCqom-l85JLsg,Metaphysics,Man the Unknown.pdf,641463,UNIQUE_CANDIDATE,,OPEN,,,NO_EXACT_NAME_SIZE_PEER
drive:file:1WX2utWspgiBbq_RDsWjb-R_X2_YBZIMX,1WX2utWspgiBbq_RDsWjb-R_X2_YBZIMX,Metaphysics,Anthropogenesis.pdf,1578315,UNIQUE_CANDIDATE,,OPEN,,,NO_EXACT_NAME_SIZE_PEER
drive:file:1NgerfUcnbL8hao28vAEsXDl3XlfsGipU,1NgerfUcnbL8hao28vAEsXDl3XlfsGipU,Metaphysics,After the Flood.pdf,58469,UNIQUE_CANDIDATE,,OPEN,,,NO_EXACT_NAME_SIZE_PEER
drive:file:1oLCwMUpsLrM9iP8-oD4m4P9_pwdebQCM,1oLCwMUpsLrM9iP8-oD4m4P9_pwdebQCM,Metaphysics,The Master Key.pdf,413553,UNIQUE_CANDIDATE,,OPEN,,,NO_EXACT_NAME_SIZE_PEER
drive:file:1FpUpM2UjkhVy4-nwgbedewE7FqIi44Nr,1FpUpM2UjkhVy4-nwgbedewE7FqIi44Nr,Metaphysics,Mystery Of Man.pdf,9032166,UNIQUE_CANDIDATE,,OPEN,,,NO_EXACT_NAME_SIZE_PEER
drive:file:16b9dX0ATCSFjVeGHS1sjf9-Nf1N-UVyI,16b9dX0ATCSFjVeGHS1sjf9-Nf1N-UVyI,Metaphysics,Thought Power.pdf,25499277,UNIQUE_CANDIDATE,,OPEN,,,NO_EXACT_NAME_SIZE_PEER
drive:file:1KtYxLMIl5wZOhrBHLy9qUih3uzciwmOI,1KtYxLMIl5wZOhrBHLy9qUih3uzciwmOI,Metaphysics,Isis Unveiled.pdf,5022878,UNIQUE_CANDIDATE,,OPEN,,,NO_EXACT_NAME_SIZE_PEER
drive:file:1liAEQrjiWYYcGjZTDypog_47JqQKcFl1,1liAEQrjiWYYcGjZTDypog_47JqQKcFl1,Metaphysics,Gods in Exile.pdf,184719,UNIQUE_CANDIDATE,,OPEN,,,NO_EXACT_NAME_SIZE_PEER
drive:file:1_4gWO7WRiljJni1kx3EbFVP7qWC_jxlR,1_4gWO7WRiljJni1kx3EbFVP7qWC_jxlR,Metaphysics,Clairvoyance.pdf,24970,UNIQUE_CANDIDATE,,OPEN,,,NO_EXACT_NAME_SIZE_PEER
drive:file:1sUR6tF18a30-_Z9kGS79jcvssXtWfHhQ,1sUR6tF18a30-_Z9kGS79jcvssXtWfHhQ,Metaphysics,The Secret.pdf,4328779,UNIQUE_CANDIDATE,,OPEN,,,NO_EXACT_NAME_SIZE_PEER
drive:file:1gnGNMeoScO8bwbus-QoYlwmnDRFJOBXH,1gnGNMeoScO8bwbus-QoYlwmnDRFJOBXH,Metaphysics,The Ethics.pdf,781573,UNIQUE_CANDIDATE,,OPEN,,,NO_EXACT_NAME_SIZE_PEER
drive:file:1bxoMN5OY800vFa93HzfAfqRloHBtAClz,1bxoMN5OY800vFa93HzfAfqRloHBtAClz,Metaphysics,Theosophy.pdf,7623470,UNIQUE_CANDIDATE,,OPEN,,,NO_EXACT_NAME_SIZE_PEER
drive:file:1Z8XHEpTthIME4xtz74TryR5wyLhGgoml,1Z8XHEpTthIME4xtz74TryR5wyLhGgoml,Metaphysics,Be Still.pdf,30685,UNIQUE_CANDIDATE,,OPEN,,,NO_EXACT_NAME_SIZE_PEER
drive:file:1c9MjksQnB32RMog7_T6bMqr5ZowtLoOZ,1c9MjksQnB32RMog7_T6bMqr5ZowtLoOZ,Metaphysics,Scrying.pdf,123558,UNIQUE_CANDIDATE,,OPEN,,,NO_EXACT_NAME_SIZE_PEER
drive:file:1YKUt5RGmrCjraN_8aYQthJVTYcLGO0u4,1YKUt5RGmrCjraN_8aYQthJVTYcLGO0u4,Metaphysics,astraldynamics.pdf,2560415,UNIQUE_CANDIDATE,,OPEN,,,NO_EXACT_NAME_SIZE_PEER
drive:file:1ndV3rtBdDGun2sOu4b7IJ850VGCGuIey,1ndV3rtBdDGun2sOu4b7IJ850VGCGuIey,Metaphysics,Awaken Healing Light of the Tao.pdf,5847970,UNIQUE_CANDIDATE,,OPEN,,,NO_EXACT_NAME_SIZE_PEER
drive:file:1npBaJqIoQbI_C19mMegzpuPsFbFLAntB,1npBaJqIoQbI_C19mMegzpuPsFbFLAntB,Metaphysics,epdf.pub_psycho-kinesis-moving-matter-with-the-mind.pdf,34177346,UNIQUE_CANDIDATE,,OPEN,,,NO_EXACT_NAME_SIZE_PEER
drive:file:1nG8x0ToyJ1c3sk-1FbBPkOHIHB1YaMol,1nG8x0ToyJ1c3sk-1FbBPkOHIHB1YaMol,Metaphysics,1111.3873.pdf,230391,UNIQUE_CANDIDATE,,OPEN,,,NO_EXACT_NAME_SIZE_PEER
drive:file:1wfnD1K7M0dwZRuzfVr7O3pbDSpNz9si0,1wfnD1K7M0dwZRuzfVr7O3pbDSpNz9si0,Metaphysics/Knowledge Lecture,Knowledge Lecture 5.pdf,58469,UNIQUE_CANDIDATE,,OPEN,,,NO_EXACT_NAME_SIZE_PEER
drive:file:1zWyn2ypKn6-WlwWsSxRi5gnmbGfkazMX,1zWyn2ypKn6-WlwWsSxRi5gnmbGfkazMX,Metaphysics/Knowledge Lecture,Knowledge Lecture 4.pdf,58469,UNIQUE_CANDIDATE,,OPEN,,,NO_EXACT_NAME_SIZE_PEER
drive:file:1zBotvnmoyQJBbZgEEaGAIEgtW9ARgJHA,1zBotvnmoyQJBbZgEEaGAIEgtW9ARgJHA,Metaphysics/Knowledge Lecture,Knowledge Lecture 3.pdf,58469,UNIQUE_CANDIDATE,,OPEN,,,NO_EXACT_NAME_SIZE_PEER
drive:file:1eduUX_tcq5eywXZpziivNF5vzS2nnYye,1eduUX_tcq5eywXZpziivNF5vzS2nnYye,Metaphysics/Knowledge Lecture,Knowledge Lecture 2.pdf,58469,UNIQUE_CANDIDATE,,OPEN,,,NO_EXACT_NAME_SIZE_PEER
drive:file:1SxDeiBTqNus8ysdOgXfLxsdITg9ROMlw,1SxDeiBTqNus8ysdOgXfLxsdITg9ROMlw,Metaphysics/Knowledge Lecture,Knowledge Lecture 1.pdf,58469,UNIQUE_CANDIDATE,,OPEN,,,NO_EXACT_NAME_SIZE_PEER
drive:file:16j8otaym-elAbmZj3ftRzL8jKYasZ8DH,16j8otaym-elAbmZj3ftRzL8jKYasZ8DH,Metaphysics/Encyclopedia of Occultism and Parapsychology,Encyclopedia of Occultism and Parapsychology - Vol. II.pdf,9036199,UNIQUE_CANDIDATE,,OPEN,,,NO_EXACT_NAME_SIZE_PEER
drive:file:1tBFppMQzN7ZBo-pS6f99_VXMc1ZFJNAe,1tBFppMQzN7ZBo-pS6f99_VXMc1ZFJNAe,Metaphysics/Encyclopedia of Occultism and Parapsychology,Encyclopedia of Occultism and Parapsychology - Vol. I.pdf,8775635,UNIQUE_CANDIDATE,,OPEN,,,NO_EXACT_NAME_SIZE_PEER
drive:file:1W7PSdAYMo1sq1n7oQn56AnD5KPSNW2nT,1W7PSdAYMo1sq1n7oQn56AnD5KPSNW2nT,Magick,Aegishjalmur-The-Book-of-Dragon-Runes.pdf,1700880,UNIQUE_CANDIDATE,,OPEN,,,NO_EXACT_NAME_SIZE_PEER
drive:file:1t4mY7ziJvDdgICBNEd-ejbObWI9YSXlt,1t4mY7ziJvDdgICBNEd-ejbObWI9YSXlt,Magick,Chaos-Sorcery-Hall-Nick.pdf,9756717,UNIQUE_CANDIDATE,,OPEN,,,NO_EXACT_NAME_SIZE_PEER
drive:file:1Pi_n9B6ivlELodbjXbCv91Eg8W42GHnv,1Pi_n9B6ivlELodbjXbCv91Eg8W42GHnv,Magick,Peter-Carroll-The-Apophenion.pdf,46189670,UNIQUE_CANDIDATE,,OPEN,,,NO_EXACT_NAME_SIZE_PEER
drive:file:1qVk3RFKsYw_nhMMqYtUDKTVoyofRFlrE,1qVk3RFKsYw_nhMMqYtUDKTVoyofRFlrE,Magick,Hine_aspects_of_evocation.pdf,370323,UNIQUE_CANDIDATE,,OPEN,,,NO_EXACT_NAME_SIZE_PEER
drive:file:12Uerhi5D6d2l6m_Jo-G93Uy6RFjQyOrN,12Uerhi5D6d2l6m_Jo-G93Uy6RFjQyOrN,Magick,Peter-Carroll-Liber-Kaos-1-eBook-PDF.pdf,34541964,UNIQUE_CANDIDATE,,OPEN,,,NO_EXACT_NAME_SIZE_PEER
drive:file:1L_4cHdovPiy7HY4acj-LpAkS6kHt8BPz,1L_4cHdovPiy7HY4acj-LpAkS6kHt8BPz,Magick,Introduction-to-sex-magick.pdf,541312,UNIQUE_CANDIDATE,,OPEN,,,NO_EXACT_NAME_SIZE_PEER
drive:file:14wshYRnz4yYPz9rd5cyCAZClsnrlnduc,14wshYRnz4yYPz9rd5cyCAZClsnrlnduc,Magick,Night-magick.pdf,2158589,UNIQUE_CANDIDATE,,OPEN,,,NO_EXACT_NAME_SIZE_PEER
drive:file:1WrSgUCtpMvFKAyZA6pmjEEu-N3DZIvSk,1WrSgUCtpMvFKAyZA6pmjEEu-N3DZIvSk,Magick,Peter-J-Carroll-PsyberMagick.pdf,3101990,UNIQUE_CANDIDATE,,OPEN,,,NO_EXACT_NAME_SIZE_PEER
drive:file:1b1DxOOa2duGlV6ATKHXOz6mSDz3OvPtQ,1b1DxOOa2duGlV6ATKHXOz6mSDz3OvPtQ,Magick,Magica Sexualis.pdf,48751404,UNIQUE_CANDIDATE,,OPEN,,,NO_EXACT_NAME_SIZE_PEER
drive:file:1o1GUDrOoi7Je2T4BY2rwr33M0-V5cR7u,1o1GUDrOoi7Je2T4BY2rwr33M0-V5cR7u,Magick,Creating-Magickal-Entities.pdf,6019196,UNIQUE_CANDIDATE,,OPEN,,,NO_EXACT_NAME_SIZE_PEER
drive:file:1WfUdgtc1Hil_QR3Jcrhpre3_2Ydqa9bA,1WfUdgtc1Hil_QR3Jcrhpre3_2Ydqa9bA,Magick,Sorceress-Cagliastro-Blood-Sorcery-Bible.pdf,12692815,UNIQUE_CANDIDATE,,OPEN,,,NO_EXACT_NAME_SIZE_PEER
drive:file:1BDb0KfoqXG0SgfCjhi_MxCr2VENjJijQ,1BDb0KfoqXG0SgfCjhi_MxCr2VENjJijQ,Magick,Bottomley - Nine Proven Magical Rites.pdf,0,TECHNICAL_EXCLUSION,,CLOSED,,,ZERO_BYTE
drive:file:1lXb0xQCJKvkOwWoUOwFp0QrgDli_03uF,1lXb0xQCJKvkOwWoUOwFp0QrgDli_03uF,Magick,Basics Of Magick.pdf,85386,UNIQUE_CANDIDATE,,OPEN,,,NO_EXACT_NAME_SIZE_PEER
drive:file:1F_j6YEQspe0qyOx4G-QFkdcCFs8rxq0W,1F_j6YEQspe0qyOx4G-QFkdcCFs8rxq0W,Magick,Basic Rune Course - Futhork Runes.pdf,1106098,UNIQUE_CANDIDATE,,OPEN,,,NO_EXACT_NAME_SIZE_PEER
drive:file:1u5DNGWgjOeWyMM9a_yZDNkwAX53V8KHN,1u5DNGWgjOeWyMM9a_yZDNkwAX53V8KHN,Magick,Arcane Teaching - William Walker Atkinson.pdf,912276,UNIQUE_CANDIDATE,,OPEN,,,NO_EXACT_NAME_SIZE_PEER
drive:file:1DmU9FfgRlCV83Fnwgr05tKJkwM5OoKWr,1DmU9FfgRlCV83Fnwgr05tKJkwM5OoKWr,Magick,Arbatel Of Magic Or The Spiritual Wisdom Of The Ancients (1).pdf,358025,UNIQUE_CANDIDATE,,OPEN,,,NO_EXACT_NAME_SIZE_PEER
drive:file:1wQj7Ndxikn7rv9aJPy7RRqCxf87FkdJ4,1wQj7Ndxikn7rv9aJPy7RRqCxf87FkdJ4,Magick,Ali - Invincible Spells of the Afghan Mullah Sensees.pdf,1454543,REVIEW_REQUIRED,DUP-8AE9EFF3EC83,OPEN,,,EXACT_NAME_SIZE_CANDIDATE_ONLY
drive:file:1yErvG3rniuiZTKYFTEuAi2aYFB8AM-jE,1yErvG3rniuiZTKYFTEuAi2aYFB8AM-jE,Magick,Advanced Sigil Magick (1).pdf,116867,UNIQUE_CANDIDATE,,OPEN,,,NO_EXACT_NAME_SIZE_PEER
drive:file:1-b9myJF9oLuK2L0h4NeODFKm2cK9Snlp,1-b9myJF9oLuK2L0h4NeODFKm2cK9Snlp,Magick,Temple_Consecration_-_Rowe.pdf,36680,UNIQUE_CANDIDATE,,OPEN,,,NO_EXACT_NAME_SIZE_PEER
drive:file:1apHOSZVBYHJThLhxvqIiImSCDFNqNPO8,1apHOSZVBYHJThLhxvqIiImSCDFNqNPO8,Magick,lvnec.pdf,499956,UNIQUE_CANDIDATE,,OPEN,,,NO_EXACT_NAME_SIZE_PEER
drive:file:1LlkozWkxj0DAwWHdUxnE3vARiCzgSjdP,1LlkozWkxj0DAwWHdUxnE3vARiCzgSjdP,Magick,seniors.pdf,543828,UNIQUE_CANDIDATE,,OPEN,,,NO_EXACT_NAME_SIZE_PEER
drive:file:14aEfZ86SN5zDKZXokoD5VpN3pc-ji_Qq,14aEfZ86SN5zDKZXokoD5VpN3pc-ji_Qq,Magick,Ritual_of_the_Heptagram_-_Rowe.pdf,13078,UNIQUE_CANDIDATE,,OPEN,,,NO_EXACT_NAME_SIZE_PEER
drive:file:1YIeDTggoL-c-Q9AABgFYvem4YohggL22,1YIeDTggoL-c-Q9AABgFYvem4YohggL22,Magick,Lotus_of_the_Temple_-_Rowe.pdf,16174,UNIQUE_CANDIDATE,,OPEN,,,NO_EXACT_NAME_SIZE_PEER
drive:file:17UKmCuYfY193k2NQGXZM87J_le67nSOb,17UKmCuYfY193k2NQGXZM87J_le67nSOb,Magick,GodzillaMeetsET.pdf,320770,UNIQUE_CANDIDATE,,OPEN,,,NO_EXACT_NAME_SIZE_PEER
drive:file:1NHoyLf7fqHcQv4YVbPNrEOVEWqPauEnp,1NHoyLf7fqHcQv4YVbPNrEOVEWqPauEnp,Magick,Invoking_Cacodemons_-_Rowe.pdf,11297,UNIQUE_CANDIDATE,,OPEN,,,NO_EXACT_NAME_SIZE_PEER
drive:file:1gbPYACMxWYgZNvFnW7hsxcTkRJ3Tfj8V,1gbPYACMxWYgZNvFnW7hsxcTkRJ3Tfj8V,Magick,DogmaEtRituel_Part_II.pdf,1926390,UNIQUE_CANDIDATE,,OPEN,,,NO_EXACT_NAME_SIZE_PEER
drive:file:1-ypOjj4Ae6dYLFIMj97CE51ze9VIb7cR,1-ypOjj4Ae6dYLFIMj97CE51ze9VIb7cR,Magick,DogmaEtRituel_Part_I.pdf,1094431,UNIQUE_CANDIDATE,,OPEN,,,NO_EXACT_NAME_SIZE_PEER
drive:file:1Bodd6SCve-ZHLmBUtlGH5jcTOpfnUoK7,1Bodd6SCve-ZHLmBUtlGH5jcTOpfnUoK7,Magick,Charging_an_Enochian_Tablet.pdf,4275,UNIQUE_CANDIDATE,,OPEN,,,NO_EXACT_NAME_SIZE_PEER
drive:file:1q1Dyn_8xwgpm2EkBv2QuBmG1scD443pW,1q1Dyn_8xwgpm2EkBv2QuBmG1scD443pW,Magick,calls2.pdf,135497,UNIQUE_CANDIDATE,,OPEN,,,NO_EXACT_NAME_SIZE_PEER
drive:file:1ZyUS-DYhVnG7k_1IG097TDKhYTt-YF1M,1ZyUS-DYhVnG7k_1IG097TDKhYTt-YF1M,Magick,Benjamin_Rowe_-_Comselha.pdf,154896,UNIQUE_CANDIDATE,,OPEN,,,NO_EXACT_NAME_SIZE_PEER
drive:file:1e5ZAtNneRizDyPnP4GFGP2_GMe3IRENd,1e5ZAtNneRizDyPnP4GFGP2_GMe3IRENd,Magick,Beast_and_the_Star_-_Rowe.pdf,34218,UNIQUE_CANDIDATE,,OPEN,,,NO_EXACT_NAME_SIZE_PEER
drive:file:1Nx2J5DjoFf3B3ylEry01qFpxtSjGLxmi,1Nx2J5DjoFf3B3ylEry01qFpxtSjGLxmi,Magick,Art_and_Meaning_of_Magick.pdf,506031,UNIQUE_CANDIDATE,,OPEN,,,NO_EXACT_NAME_SIZE_PEER
drive:file:1hIN38VuR9w596bkqErNC3i77DmchumjG,1hIN38VuR9w596bkqErNC3i77DmchumjG,Magick,Analysis_of_the_First_Key_-_Rowe.pdf,8439,UNIQUE_CANDIDATE,,OPEN,,,NO_EXACT_NAME_SIZE_PEER
drive:file:1ciog1UhDVqnbJT3kPPEzgHU1YFjqpeUQ,1ciog1UhDVqnbJT3kPPEzgHU1YFjqpeUQ,Magick,Abyss_Experience_-_Rowe.pdf,12855,UNIQUE_CANDIDATE,,OPEN,,,NO_EXACT_NAME_SIZE_PEER
drive:file:1pfxXbcD1jPqEVgHgiHQd1btG6mGRpDVz,1pfxXbcD1jPqEVgHgiHQd1btG6mGRpDVz,Magick,Star in the West - A Critical Essay Upon the Works of Aleister Crowley.pdf,1234812,UNIQUE_CANDIDATE,,OPEN,,,NO_EXACT_NAME_SIZE_PEER
drive:file:1ZMOjSme0Dxj_yOW6nVPp2x9zf5x3hI4y,1ZMOjSme0Dxj_yOW6nVPp2x9zf5x3hI4y,Magick,Sex Secrets Of The Black Magicians Exposed.pdf,634330,UNIQUE_CANDIDATE,,OPEN,,,NO_EXACT_NAME_SIZE_PEER
drive:file:1PMTBi0iYuptqFz_ricrPc_GzmcUnwBiC,1PMTBi0iYuptqFz_ricrPc_GzmcUnwBiC,Magick,The Magical Ritual of the Sanctum Regnum.pdf,106115,UNIQUE_CANDIDATE,,OPEN,,,NO_EXACT_NAME_SIZE_PEER
drive:file:1Nc9af7oyOKwSmsVKel7wg0LbrBpoBTD6,1Nc9af7oyOKwSmsVKel7wg0LbrBpoBTD6,Magick,Fire and Ice - The Brotherhood of Saturn.pdf,3166991,UNIQUE_CANDIDATE,,OPEN,,,NO_EXACT_NAME_SIZE_PEER
drive:file:16nxXjiIpfpV5e-26gGjjSUBb6VN6Cn8D,16nxXjiIpfpV5e-26gGjjSUBb6VN6Cn8D,Magick,Adamu - Luciferian Tantra and Sex Magick.pdf,5324254,UNIQUE_CANDIDATE,,OPEN,,,NO_EXACT_NAME_SIZE_PEER
drive:file:1PzEzx5yEfGyATGbBv8XbE0GdK4I7MSLw,1PzEzx5yEfGyATGbBv8XbE0GdK4I7MSLw,Magick,The Conjuration of the Four Elements.pdf,52732,UNIQUE_CANDIDATE,,OPEN,,,NO_EXACT_NAME_SIZE_PEER
drive:file:1UWiy6D5z8pni5oszAOLVNStlOgrkstGY,1UWiy6D5z8pni5oszAOLVNStlOgrkstGY,Magick,The Lesser Key of Solomon - Goetia.pdf,1963793,UNIQUE_CANDIDATE,,OPEN,,,NO_EXACT_NAME_SIZE_PEER
drive:file:1zicFK9YUIBGWMMIsXZ_at0XoQBfCU0UV,1zicFK9YUIBGWMMIsXZ_at0XoQBfCU0UV,Magick,Confessions of Aleister Crowley.pdf,2635486,UNIQUE_CANDIDATE,,OPEN,,,NO_EXACT_NAME_SIZE_PEER
drive:file:15oYmc5brAmMMtYmw35ADRmkRE45BU5NF,15oYmc5brAmMMtYmw35ADRmkRE45BU5NF,Magick,The Key of the Mysteries.pdf,501217,REVIEW_REQUIRED,DUP-513915C81973,OPEN,,,EXACT_NAME_SIZE_CANDIDATE_ONLY
drive:file:1rqbNWGb3wS6gPQq_Z7ykpi4ntb8jnrNz,1rqbNWGb3wS6gPQq_Z7ykpi4ntb8jnrNz,Magick,Clavicules de Salomon.pdf,58469,UNIQUE_CANDIDATE,,OPEN,,,NO_EXACT_NAME_SIZE_PEER
drive:file:16JjkKj1gI8GrluccMnx2ZCCn_2j_yu0M,16JjkKj1gI8GrluccMnx2ZCCn_2j_yu0M,Magick,Psychopathica Magica.pdf,1883687,UNIQUE_CANDIDATE,,OPEN,,,NO_EXACT_NAME_SIZE_PEER
drive:file:13fUTEjc8cEa8Rqd82QobtVmXDEhVemy5,13fUTEjc8cEa8Rqd82QobtVmXDEhVemy5,Magick,The Magical Revival.pdf,1982848,UNIQUE_CANDIDATE,,OPEN,,,NO_EXACT_NAME_SIZE_PEER
drive:file:1cMV5AaL7hcjLmB8gvy3nkiUo8JZHEyeE,1cMV5AaL7hcjLmB8gvy3nkiUo8JZHEyeE,Magick,The Book of Results.pdf,244854,UNIQUE_CANDIDATE,,OPEN,,,NO_EXACT_NAME_SIZE_PEER
drive:file:1w2qjdeDp3RGrTT8opShzyaGjUhG11clc,1w2qjdeDp3RGrTT8opShzyaGjUhG11clc,Magick,Magic Without Tears.pdf,660051,UNIQUE_CANDIDATE,,OPEN,,,NO_EXACT_NAME_SIZE_PEER
drive:file:1mvjEDVikCiE8H8wnfi4kkWlLSoj_u-qT,1mvjEDVikCiE8H8wnfi4kkWlLSoj_u-qT,Magick,The Sword of Moses.pdf,316474,UNIQUE_CANDIDATE,,OPEN,,,NO_EXACT_NAME_SIZE_PEER
drive:file:1ug9kZMt4EYIkXhEtMm1LGJdoa_oQGjfY,1ug9kZMt4EYIkXhEtMm1LGJdoa_oQGjfY,Magick,The Satanic Bible.pdf,654574,UNIQUE_CANDIDATE,,OPEN,,,NO_EXACT_NAME_SIZE_PEER
drive:file:1U-hTeJ8XjU0zfcrC19A-9_lIvoT2tQQL,1U-hTeJ8XjU0zfcrC19A-9_lIvoT2tQQL,Magick,The Black Arts.pdf,12693745,UNIQUE_CANDIDATE,,OPEN,,,NO_EXACT_NAME_SIZE_PEER
drive:file:13Zp1NJirkZprH_TaK_Ew19khigzImB_E,13Zp1NJirkZprH_TaK_Ew19khigzImB_E,Magick,Crystal Vision.pdf,58469,UNIQUE_CANDIDATE,,OPEN,,,NO_EXACT_NAME_SIZE_PEER
drive:file:15ykQC3ZZKiXW6KeKGc1i04L6ejHPlHQR,15ykQC3ZZKiXW6KeKGc1i04L6ejHPlHQR,Magick,Damon Brand - Magickal Servitors - Create Your Own Spirits to Attract Pleasure Power and Prosperity.pdf,518336,UNIQUE_CANDIDATE,,OPEN,,,NO_EXACT_NAME_SIZE_PEER
drive:file:11FwpCDInyA02Sx21OhMzjwsUd4WuuVhR,11FwpCDInyA02Sx21OhMzjwsUd4WuuVhR,Magick/Ceremonial Beginners,.DS_Store,6148,TECHNICAL_EXCLUSION,DUP-01F2B2A55085,CLOSED,,,DS_STORE
drive:file:1UW6wXMT9o1_CNL3eTp6nKCuKr56GeYHx,1UW6wXMT9o1_CNL3eTp6nKCuKr56GeYHx,Magick/Ceremonial Beginners,The Tree of Life - Israel Regardie.pdf,10883494,UNIQUE_CANDIDATE,,OPEN,,,NO_EXACT_NAME_SIZE_PEER
drive:file:1VUF8EXhrZ9Wr-QwHp45QV3emvJCOP8Bg,1VUF8EXhrZ9Wr-QwHp45QV3emvJCOP8Bg,Magick/Ceremonial Beginners,Modern Sex Magick - Donald Michael Kraig.pdf,56178271,UNIQUE_CANDIDATE,,OPEN,,,NO_EXACT_NAME_SIZE_PEER
drive:file:1Z7hgIgY8UhjuVdx0scxXbeVjrrLjsSHN,1Z7hgIgY8UhjuVdx0scxXbeVjrrLjsSHN,Magick/Ceremonial Beginners,The Order of the GBG.pdf,986230,UNIQUE_CANDIDATE,,OPEN,,,NO_EXACT_NAME_SIZE_PEER
drive:file:1TNbm25BpBWYy3twJ_PzmO3598c8WhIfR,1TNbm25BpBWYy3twJ_PzmO3598c8WhIfR,Magick/Ceremonial Beginners,Sex_Magic_Tantra_and_Tarot.pdf,6895987,UNIQUE_CANDIDATE,,OPEN,,,NO_EXACT_NAME_SIZE_PEER
drive:file:1Az7KnrBngxUQbv3CPp7NQLkthyqRMqjT,1Az7KnrBngxUQbv3CPp7NQLkthyqRMqjT,Magick/Ceremonial Beginners,"Regardie, Israel - The Complete Golden Dawn.pdf",35586684,UNIQUE_CANDIDATE,,OPEN,,,NO_EXACT_NAME_SIZE_PEER
drive:file:1FMrDlBYTx-u0jlx4q6h3W8Mklw5ywVjM,1FMrDlBYTx-u0jlx4q6h3W8Mklw5ywVjM,Magick/Ceremonial Beginners,The Black Pullet.pdf,315438,UNIQUE_CANDIDATE,,OPEN,,,NO_EXACT_NAME_SIZE_PEER
drive:file:1DS2GUFxvXnru_Y0nonsOQ_vfwcOBzFte,1DS2GUFxvXnru_Y0nonsOQ_vfwcOBzFte,Magick/Ceremonial Beginners,Donald Tyson - Sexual Alchemy.pdf,41839298,UNIQUE_CANDIDATE,,OPEN,,,NO_EXACT_NAME_SIZE_PEER
drive:file:1a7FdEK8CkXBHCHrJqIe9NkYPUc6Tpf4k,1a7FdEK8CkXBHCHrJqIe9NkYPUc6Tpf4k,Magick/Ceremonial Beginners,John Michael Greer - Paths of Wisdom.pdf,15936390,UNIQUE_CANDIDATE,,OPEN,,,NO_EXACT_NAME_SIZE_PEER
drive:file:13XiaOwpWw9IArHJYxLNMIT-vc8UkFydr,13XiaOwpWw9IArHJYxLNMIT-vc8UkFydr,Magick/Ceremonial Beginners,enochian vision magick - lon milo duquette.pdf,47488308,UNIQUE_CANDIDATE,,OPEN,,,NO_EXACT_NAME_SIZE_PEER
drive:file:19yZLV7ANxqT2Trv0tr2Wt5y8AerUnmop,19yZLV7ANxqT2Trv0tr2Wt5y8AerUnmop,Magick/Ceremonial Beginners,Donald Tyson - Enochian Magic for Beginners.pdf,49712437,UNIQUE_CANDIDATE,,OPEN,,,NO_EXACT_NAME_SIZE_PEER
drive:file:1WNLopza7bV5jRWtrWvsBy_0Ilku5nOpJ,1WNLopza7bV5jRWtrWvsBy_0Ilku5nOpJ,Magick/Ceremonial Beginners,David Griffin - Ritual Magic Manual.pdf,29700364,UNIQUE_CANDIDATE,,OPEN,,,NO_EXACT_NAME_SIZE_PEER
drive:file:1xBzkW6yRBeMgd9D5DpLuJA4N73Fpd8Jl,1xBzkW6yRBeMgd9D5DpLuJA4N73Fpd8Jl,Magick/Ceremonial Beginners,Grimoire of Armadel.pdf,1354498,UNIQUE_CANDIDATE,,OPEN,,,NO_EXACT_NAME_SIZE_PEER
drive:file:15XpyfAxbrVHglPaOkLKJm8IFwTyBJqGD,15XpyfAxbrVHglPaOkLKJm8IFwTyBJqGD,Magick/Ceremonial Beginners,Heptameron.pdf,251176,UNIQUE_CANDIDATE,,OPEN,,,NO_EXACT_NAME_SIZE_PEER
drive:file:1AeYROAOno2VBAgye3an91WZ4N3cTwYSU,1AeYROAOno2VBAgye3an91WZ4N3cTwYSU,Magick/Ceremonial Beginners,DuQuette - Illustrated Goetia.pdf,7532543,UNIQUE_CANDIDATE,,OPEN,,,NO_EXACT_NAME_SIZE_PEER
drive:file:1gLo58jKwLxHGPLXvgY8ROAsKw20ruivy,1gLo58jKwLxHGPLXvgY8ROAsKw20ruivy,Magick/Ceremonial Beginners,Cicero - Self Initiation into the Golden Dawn Tradition 2.pdf,22937113,UNIQUE_CANDIDATE,,OPEN,,,NO_EXACT_NAME_SIZE_PEER
drive:file:11FN-ljErJqfqZFLZM3_anQFNW9f_fund,11FN-ljErJqfqZFLZM3_anQFNW9f_fund,Magick/Ceremonial Beginners,Cicero - Self Initiation into the Golden Dawn Tradition 1.pdf,19901558,UNIQUE_CANDIDATE,,OPEN,,,NO_EXACT_NAME_SIZE_PEER
drive:file:1_2sfmFt7ZyYqsaJSeb8uA600Qb2Tbu44,1_2sfmFt7ZyYqsaJSeb8uA600Qb2Tbu44,Magick/Ceremonial Beginners,Ancient Egyptian Ritual Practice.pdf,18502371,UNIQUE_CANDIDATE,,OPEN,,,NO_EXACT_NAME_SIZE_PEER
drive:file:1M9Opk_0k4ruq0c0NR3Ujq00abBN_1mPV,1M9Opk_0k4ruq0c0NR3Ujq00abBN_1mPV,Magick/Ceremonial Beginners,"A Manual of Sex Magick , Louis T. Culling.pdf",2496115,UNIQUE_CANDIDATE,,OPEN,,,NO_EXACT_NAME_SIZE_PEER
drive:file:1YzovV7fOWW8qIizd3a2RebAEwTbrK8z9,1YzovV7fOWW8qIizd3a2RebAEwTbrK8z9,Magick/Ceremonial Beginners,8464195_The_Holy_Guardian_Angel-1.pdf,307035,UNIQUE_CANDIDATE,,OPEN,,,NO_EXACT_NAME_SIZE_PEER
drive:file:1kF3cNjAr0qfuK-BNIL2zoArh6cNYgs1z,1kF3cNjAr0qfuK-BNIL2zoArh6cNYgs1z,Magick/Agrippa,agrippa_fourth_book.pdf,251636,UNIQUE_CANDIDATE,,OPEN,,,NO_EXACT_NAME_SIZE_PEER
drive:file:1YO80cLr8ZLb9L2x0RatPOhfSkxx4ILvo,1YO80cLr8ZLb9L2x0RatPOhfSkxx4ILvo,Magick/Agrippa,Agrippa3.pdf,1343725,UNIQUE_CANDIDATE,,OPEN,,,NO_EXACT_NAME_SIZE_PEER
drive:file:1Bbr3keFh7ubVsid_FtzwKY_GdtqGl_bs,1Bbr3keFh7ubVsid_FtzwKY_GdtqGl_bs,Magick/Agrippa,Agrippa2.pdf,466682,UNIQUE_CANDIDATE,,OPEN,,,NO_EXACT_NAME_SIZE_PEER
drive:file:1YsCAh9FjyCdHx_Dg-nm1XRzNWkD0qWiL,1YsCAh9FjyCdHx_Dg-nm1XRzNWkD0qWiL,Magick/Agrippa,Agrippa1.pdf,714521,UNIQUE_CANDIDATE,,OPEN,,,NO_EXACT_NAME_SIZE_PEER
drive:file:1pHRO7UxHE1mlIDXiI1qbeFxSatukZfKf,1pHRO7UxHE1mlIDXiI1qbeFxSatukZfKf,Magick/Magi Development Course,9_Advance.pdf,209157,UNIQUE_CANDIDATE,,OPEN,,,NO_EXACT_NAME_SIZE_PEER
drive:file:1kCEwhyrW8F86CAt2nrEsx_26wJhEKtJw,1kCEwhyrW8F86CAt2nrEsx_26wJhEKtJw,Magick/Magi Development Course,8_Intermediate.pdf,310888,UNIQUE_CANDIDATE,,OPEN,,,NO_EXACT_NAME_SIZE_PEER
drive:file:1xbCVqwCNIVgHG5JcwUmo2fvuIHsFQHSx,1xbCVqwCNIVgHG5JcwUmo2fvuIHsFQHSx,Magick/Magi Development Course,7_Ethics.pdf,86002,UNIQUE_CANDIDATE,,OPEN,,,NO_EXACT_NAME_SIZE_PEER
drive:file:1pkbejLG1xBkIcCdnHyqwLBB5FNNVbqZj,1pkbejLG1xBkIcCdnHyqwLBB5FNNVbqZj,Magick/Magi Development Course,6_Healing.pdf,148426,UNIQUE_CANDIDATE,,OPEN,,,NO_EXACT_NAME_SIZE_PEER
drive:file:19l5SFnYLLBHnjPjI5yepFV9BqvYSN7We,19l5SFnYLLBHnjPjI5yepFV9BqvYSN7We,Magick/Magi Development Course,5_Enhancement.pdf,123541,UNIQUE_CANDIDATE,,OPEN,,,NO_EXACT_NAME_SIZE_PEER
drive:file:1-CoKnp9CzzdI5-w4VU4Ndl-1JhO84FDf,1-CoKnp9CzzdI5-w4VU4Ndl-1JhO84FDf,Magick/Magi Development Course,4_Combat.pdf,147581,UNIQUE_CANDIDATE,,OPEN,,,NO_EXACT_NAME_SIZE_PEER
drive:file:1zS-p4BH08IdBNlisC0reb7xCHEsRL16h,1zS-p4BH08IdBNlisC0reb7xCHEsRL16h,Magick/Magi Development Course,3_Protection.pdf,146744,UNIQUE_CANDIDATE,,OPEN,,,NO_EXACT_NAME_SIZE_PEER
drive:file:1vVYcKhElRmYwkfUSlQQ5h8ppYq_c3Ko2,1vVYcKhElRmYwkfUSlQQ5h8ppYq_c3Ko2,Magick/Magi Development Course,2_Scanning and Reading.pdf,352229,UNIQUE_CANDIDATE,,OPEN,,,NO_EXACT_NAME_SIZE_PEER
drive:file:1nLIGPVoHjDAbAsCs9cFjqui38EiIOfcO,1nLIGPVoHjDAbAsCs9cFjqui38EiIOfcO,Magick/Magi Development Course,1_The Basic.pdf,164477,UNIQUE_CANDIDATE,,OPEN,,,NO_EXACT_NAME_SIZE_PEER
drive:file:1VyNUsw4EvUOH-OjCUbVUIzZuAbizwx9w,1VyNUsw4EvUOH-OjCUbVUIzZuAbizwx9w,Magick/Magi Development Course,0_PNCCMDC0001_Magi Development Course.pdf,99042,UNIQUE_CANDIDATE,,OPEN,,,NO_EXACT_NAME_SIZE_PEER
drive:file:1JkZq__bufrEGyHtMeN_ieHV1wIO79lIR,1JkZq__bufrEGyHtMeN_ieHV1wIO79lIR,Magick/Chaos Magick,R.A.W. - Quantum Psychology.pdf,8359259,UNIQUE_CANDIDATE,,OPEN,,,NO_EXACT_NAME_SIZE_PEER
drive:file:10DilRUlB6bXiB2awqW_WAkm5Bhdpp6hv,10DilRUlB6bXiB2awqW_WAkm5Bhdpp6hv,Magick/Chaos Magick,Phil Hine - Prime Chaos.pdf,805823,UNIQUE_CANDIDATE,,OPEN,,,NO_EXACT_NAME_SIZE_PEER
drive:file:1C00CIGyBuQnmPfB7BkU2Cp1trxN4Ku5I,1C00CIGyBuQnmPfB7BkU2Cp1trxN4Ku5I,Magick/Chaos Magick,Peter J. Carroll - Liber Null.pdf,455072,UNIQUE_CANDIDATE,,OPEN,,,NO_EXACT_NAME_SIZE_PEER
drive:file:1VI8RC_bQDTSotf16BwWbRlXpJKF195kZ,1VI8RC_bQDTSotf16BwWbRlXpJKF195kZ,Magick/Chaos Magick,Fr Samuel - Chaos Magick Vol 3.pdf,639616,UNIQUE_CANDIDATE,,OPEN,,,NO_EXACT_NAME_SIZE_PEER
drive:file:1R_ktf860WzJ1N8FlgFfH-BDjYwiOZFYj,1R_ktf860WzJ1N8FlgFfH-BDjYwiOZFYj,Magick/Chaos Magick,Fr Neonfaust - Practical Applications of the Chaossphere.pdf,53714,UNIQUE_CANDIDATE,,OPEN,,,NO_EXACT_NAME_SIZE_PEER
drive:file:1GR-Oc8FsgA9tHuco-qrgoBpH2PlM-SZ6,1GR-Oc8FsgA9tHuco-qrgoBpH2PlM-SZ6,Magick/Chaos Magick,Borce T. Gjorgjievski - Apikorsus.pdf,66721,UNIQUE_CANDIDATE,,OPEN,,,NO_EXACT_NAME_SIZE_PEER
drive:file:1k_1AorSFU9Llnz2-HE9zzlqDVqMz31mE,1k_1AorSFU9Llnz2-HE9zzlqDVqMz31mE,Magick/Dogma et Rituel de la Haute Magie,Dogma Et Rituel de la Haute Magie Vol. II.pdf,58469,UNIQUE_CANDIDATE,,OPEN,,,NO_EXACT_NAME_SIZE_PEER
drive:file:1rhk35-ZLS5fd9BoIuQDIwhBbP3Gs3d6F,1rhk35-ZLS5fd9BoIuQDIwhBbP3Gs3d6F,Magick/Dogma et Rituel de la Haute Magie,Dogma Et Rituel de la Haute Magie Vol. I.pdf,58469,UNIQUE_CANDIDATE,,OPEN,,,NO_EXACT_NAME_SIZE_PEER
drive:file:1Ogp8Y4RwiL6e9bKC65yxq0Y32LeT1vWH,1Ogp8Y4RwiL6e9bKC65yxq0Y32LeT1vWH,Magick/Ceremonial Beginners/Occult Philosophy,Bk 4 Occult Philosophy.pdf,251636,UNIQUE_CANDIDATE,,OPEN,,,NO_EXACT_NAME_SIZE_PEER
drive:file:1CCz5eAOC0Jh6_PV1BoEVGRc18RR9120I,1CCz5eAOC0Jh6_PV1BoEVGRc18RR9120I,Magick/Ceremonial Beginners/Occult Philosophy,Bk 3 Occult Philosophy.pdf,1343725,UNIQUE_CANDIDATE,,OPEN,,,NO_EXACT_NAME_SIZE_PEER
drive:file:1A1rQidj2yS7teFL9mnWbdKOY1zgNtBCM,1A1rQidj2yS7teFL9mnWbdKOY1zgNtBCM,Magick/Ceremonial Beginners/Occult Philosophy,Bk 2 Occult Philosophy.pdf,466682,UNIQUE_CANDIDATE,,OPEN,,,NO_EXACT_NAME_SIZE_PEER
drive:file:14Wb3Fa9mAvbJrQZxwCbVSuYqEHaLS-E1,14Wb3Fa9mAvbJrQZxwCbVSuYqEHaLS-E1,Magick/Ceremonial Beginners/Occult Philosophy,Bk 1 Occult Philosophy.pdf,714521,UNIQUE_CANDIDATE,,OPEN,,,NO_EXACT_NAME_SIZE_PEER
drive:file:1NFcylTqBRF5ZIgpkE1fi_4cpXyVes1AC,1NFcylTqBRF5ZIgpkE1fi_4cpXyVes1AC,Magick/Ceremonial Beginners/The Sacred Magi of Abramelin the Mage,03 The Sacred Magi of Abramelin the Mage.pdf,598859,UNIQUE_CANDIDATE,,OPEN,,,NO_EXACT_NAME_SIZE_PEER
drive:file:1IeaHc-gmWNlrLBTZnkuIW50D1OT0zwFL,1IeaHc-gmWNlrLBTZnkuIW50D1OT0zwFL,Magick/Ceremonial Beginners/The Sacred Magi of Abramelin the Mage,02 The Sacred Magi of Abramelin the Mage.pdf,485643,UNIQUE_CANDIDATE,,OPEN,,,NO_EXACT_NAME_SIZE_PEER
drive:file:1cqROAFAKwf9tlbQHYRv9ebKpYXo09VP3,1cqROAFAKwf9tlbQHYRv9ebKpYXo09VP3,Magick/Ceremonial Beginners/The Sacred Magi of Abramelin the Mage,01 The Sacred Magi of Abramelin the Mage.pdf,529466,UNIQUE_CANDIDATE,,OPEN,,,NO_EXACT_NAME_SIZE_PEER
drive:file:1qf6otXpCBoVywiNVEvj9J2TOncpq6Fwc,1qf6otXpCBoVywiNVEvj9J2TOncpq6Fwc,Yoga,An_Introduction_to_Yoga_-By_Annie_Besant.pdf,424548,REVIEW_REQUIRED,DUP-FD9D9EAE3F62,OPEN,,,EXACT_NAME_SIZE_CANDIDATE_ONLY
drive:file:1nb0CrxGQjl-uxJywiDbuaz1T5VCLCprd,1nb0CrxGQjl-uxJywiDbuaz1T5VCLCprd,Yoga,The Word That Is God - Scriptures & Masters on Om.pdf,2607768,UNIQUE_CANDIDATE,,OPEN,,,NO_EXACT_NAME_SIZE_PEER
drive:file:12LENiGnq9Fm3JdQ-00vm8bGefpNI9Uvm,12LENiGnq9Fm3JdQ-00vm8bGefpNI9Uvm,Yoga,The Yoga-Sutra of Patanjali - Sanskrit-English.pdf,450552,UNIQUE_CANDIDATE,,OPEN,,,NO_EXACT_NAME_SIZE_PEER
drive:file:1QUfsjLdDjp-yP16vmPw4u5eP8b-aAtXc,1QUfsjLdDjp-yP16vmPw4u5eP8b-aAtXc,Yoga,Om Yoga - Its Theory and Practice.pdf,2587380,UNIQUE_CANDIDATE,,OPEN,,,NO_EXACT_NAME_SIZE_PEER
drive:file:1312jb2JCz7qhfN1gauP5OHHKWemjRt0T,1312jb2JCz7qhfN1gauP5OHHKWemjRt0T,Yoga,Kundalini - The Secret of Yoga.pdf,882316,UNIQUE_CANDIDATE,,OPEN,,,NO_EXACT_NAME_SIZE_PEER
drive:file:1f6YANgWP51ecMZSIUQ-sh2RHKzaMoA1V,1f6YANgWP51ecMZSIUQ-sh2RHKzaMoA1V,Yoga,The Shape of Events to Come.pdf,418511,UNIQUE_CANDIDATE,,OPEN,,,NO_EXACT_NAME_SIZE_PEER
drive:file:1VpZDGFPxKHerKXcm_5jbe4dWNrQsQnII,1VpZDGFPxKHerKXcm_5jbe4dWNrQsQnII,Yoga,Revelation in the Night.pdf,58469,UNIQUE_CANDIDATE,,OPEN,,,NO_EXACT_NAME_SIZE_PEER
drive:file:1DnWKOIk193VikoDzcSFbwCG4HYxvm9YT,1DnWKOIk193VikoDzcSFbwCG4HYxvm9YT,Yoga,Autobiography of a Yogi.pdf,691262,UNIQUE_CANDIDATE,,OPEN,,,NO_EXACT_NAME_SIZE_PEER
drive:file:1OPBp2xR9bXZEQpt608uWFAtJ3UaRPsrx,1OPBp2xR9bXZEQpt608uWFAtJ3UaRPsrx,Yoga,Eight Lectures on Yoga.pdf,205855,UNIQUE_CANDIDATE,,OPEN,,,NO_EXACT_NAME_SIZE_PEER
drive:file:1eD8XqRg0gQS_ayMl5ZnTugwInYcqIlDw,1eD8XqRg0gQS_ayMl5ZnTugwInYcqIlDw,Yoga,A Kundalini Catechism.pdf,605235,UNIQUE_CANDIDATE,,OPEN,,,NO_EXACT_NAME_SIZE_PEER
drive:file:1fz7X3DyvAjYr0Pqh2SKctsT59CWIxp7P,1fz7X3DyvAjYr0Pqh2SKctsT59CWIxp7P,Yoga,Raja Yoga.pdf,667400,UNIQUE_CANDIDATE,,OPEN,,,NO_EXACT_NAME_SIZE_PEER
drive:file:1ljlTBeTMCp7JP8kj8_GnXnpiev7xg7vF,1ljlTBeTMCp7JP8kj8_GnXnpiev7xg7vF,Yoga,Agni Yoga.pdf,599753,UNIQUE_CANDIDATE,,OPEN,,,NO_EXACT_NAME_SIZE_PEER
drive:file:1P-scPEWNXvpAnLzqBQzXXIrTcSBbSAJ_,1P-scPEWNXvpAnLzqBQzXXIrTcSBbSAJ_,Yoga,Aum.pdf,505946,UNIQUE_CANDIDATE,,OPEN,,,NO_EXACT_NAME_SIZE_PEER
drive:file:1tPS1XgPBAoseTj6QiyOW1spJqrqL1smp,1tPS1XgPBAoseTj6QiyOW1spJqrqL1smp,Yoga/Swami Vivekananda,Raja_Yoga_-_By_Swami_Vivekananda.pdf,667252,UNIQUE_CANDIDATE,,OPEN,,,NO_EXACT_NAME_SIZE_PEER
drive:file:1ZuSgwmg7PQYn10TkooAQcitJln3qy_6i,1ZuSgwmg7PQYn10TkooAQcitJln3qy_6i,Yoga/Swami Vivekananda,Bhakti_Yoga_-By_Swami_Vivekananda.pdf,368817,UNIQUE_CANDIDATE,,OPEN,,,NO_EXACT_NAME_SIZE_PEER
drive:file:1RpbOecR5V_rjqUrsRScm3GnhkV7sFXIY,1RpbOecR5V_rjqUrsRScm3GnhkV7sFXIY,Yoga/Swami Vivekananda,Karma_Yoga_-_By_Swami_Vivekananda.pdf,247520,UNIQUE_CANDIDATE,,OPEN,,,NO_EXACT_NAME_SIZE_PEER
drive:file:11tu_IjDyc7eZo9uVZ6EPu6Y_VD1aAale,11tu_IjDyc7eZo9uVZ6EPu6Y_VD1aAale,Yoga/Swami Vivekananda,Jnana_Yoga_-_By_Swami_Vivekananda.pdf,683332,UNIQUE_CANDIDATE,,OPEN,,,NO_EXACT_NAME_SIZE_PEER
drive:file:1Ux8y16HURS_D13-hrMoePFgVFZ8tqa3h,1Ux8y16HURS_D13-hrMoePFgVFZ8tqa3h,Yoga/Yogi Ramacharaka,08-Science_of_Psychic_Healing.pdf,17883935,UNIQUE_CANDIDATE,,OPEN,,,NO_EXACT_NAME_SIZE_PEER
drive:file:1PqLUQPUmRJ0Zp_2Oc2xt5zeD_Fh6XtLG,1PqLUQPUmRJ0Zp_2Oc2xt5zeD_Fh6XtLG,Yoga/Yogi Ramacharaka,13-Bhagavad-Gita-The-message-of-the-Master.pdf,508261,UNIQUE_CANDIDATE,,OPEN,,,NO_EXACT_NAME_SIZE_PEER
drive:file:1OAJPzIOB9D3Iyc66ImRCvzKwS-XJoftH,1OAJPzIOB9D3Iyc66ImRCvzKwS-XJoftH,Yoga/Yogi Ramacharaka,12-_Practical_Water_Cure.pdf,476370,UNIQUE_CANDIDATE,,OPEN,,,NO_EXACT_NAME_SIZE_PEER
drive:file:1JZ61FED0__Z9KGX9eOxywhdW4hkhPGbU,1JZ61FED0__Z9KGX9eOxywhdW4hkhPGbU,Yoga/Yogi Ramacharaka,03-Advanced_Course_in_Yogi_Philosophy_and_Oriental_Occultism.pdf,11717651,UNIQUE_CANDIDATE,,OPEN,,,NO_EXACT_NAME_SIZE_PEER
drive:file:1r3wRWI236CzibWkH7RS2EOb_sALm-Y8h,1r3wRWI236CzibWkH7RS2EOb_sALm-Y8h,Yoga/Yogi Ramacharaka,11-Philosophies_Religions_of_India_.pdf,1027231,UNIQUE_CANDIDATE,,OPEN,,,NO_EXACT_NAME_SIZE_PEER
drive:file:1COYSnbUniKRqqCiel2fMKdTTlSn5F1go,1COYSnbUniKRqqCiel2fMKdTTlSn5F1go,Yoga/Yogi Ramacharaka,10-_Life_beyond_death.pdf,496835,UNIQUE_CANDIDATE,,OPEN,,,NO_EXACT_NAME_SIZE_PEER
drive:file:15WTC7GPiBNHLaHok1CMqnh1cSo88CEtM,15WTC7GPiBNHLaHok1CMqnh1cSo88CEtM,Yoga/Yogi Ramacharaka,09-The_Spirit_of_Upanishads-1907.pdf,414329,UNIQUE_CANDIDATE,,OPEN,,,NO_EXACT_NAME_SIZE_PEER
drive:file:1YAaKcEctTB5cD-Uk2z8dDsoAGK51nToW,1YAaKcEctTB5cD-Uk2z8dDsoAGK51nToW,Yoga/Yogi Ramacharaka,07-Mystic_Christianity.pdf,252109,UNIQUE_CANDIDATE,,OPEN,,,NO_EXACT_NAME_SIZE_PEER
drive:file:1K0s6x48DE7kGt_h8iuHdCzKjCURDQNo4,1K0s6x48DE7kGt_h8iuHdCzKjCURDQNo4,Yoga/Yogi Ramacharaka,06-Series_of_Lessons_in_Gnani_Yoga.pdf,273164,UNIQUE_CANDIDATE,,OPEN,,,NO_EXACT_NAME_SIZE_PEER
drive:file:1KIaq0E9f2mDWAdlN1_OckED2O5bQ13R5,1KIaq0E9f2mDWAdlN1_OckED2O5bQ13R5,Yoga/Yogi Ramacharaka,05-Hatha_Yoga_or_the_Yogi_Philosophy.pdf,562276,UNIQUE_CANDIDATE,,OPEN,,,NO_EXACT_NAME_SIZE_PEER
drive:file:1j6TjgRVjeo-s1e3mp0w6EBuv_QbmVTpQ,1j6TjgRVjeo-s1e3mp0w6EBuv_QbmVTpQ,Yoga/Yogi Ramacharaka,04-Series_of_Lessons_in_Raja_Yoga.pdf,321893,UNIQUE_CANDIDATE,,OPEN,,,NO_EXACT_NAME_SIZE_PEER
drive:file:1xEOBo8ro4eVLwvzLfGsN1576sOUQkucT,1xEOBo8ro4eVLwvzLfGsN1576sOUQkucT,Yoga/Yogi Ramacharaka,02-Fourteen_Lesson_In_Yogi_Philosophy.pdf,571010,UNIQUE_CANDIDATE,,OPEN,,,NO_EXACT_NAME_SIZE_PEER
drive:file:14C5d15XpGafQ0GksCOAiu-PmRqTOeFiw,14C5d15XpGafQ0GksCOAiu-PmRqTOeFiw,Yoga/Yogi Ramacharaka,01-Hindu_Yogi_Science_of_Breath.pdf,113669,UNIQUE_CANDIDATE,,OPEN,,,NO_EXACT_NAME_SIZE_PEER
drive:file:1ZAzUzCEBco8FnqD_YjaVyGsudNXfnrMf,1ZAzUzCEBco8FnqD_YjaVyGsudNXfnrMf,Voudon,The Voudon-Gnostic Workbook.pdf,83551285,REVIEW_REQUIRED,DUP-D1353FD8E147,OPEN,,,EXACT_NAME_SIZE_CANDIDATE_ONLY
drive:file:1QBDRqMb43_PWzTF7DWeY3yDy_jpEWo2t,1QBDRqMb43_PWzTF7DWeY3yDy_jpEWo2t,Voudon,Waters of Return - The Aeonic Flow of Voudoo.pdf,1106275,UNIQUE_CANDIDATE,,OPEN,,,NO_EXACT_NAME_SIZE_PEER
drive:file:1DaeXGVa8Wf_V31ka8CROX60aRcokSGmA,1DaeXGVa8Wf_V31ka8CROX60aRcokSGmA,Voudon,The Voodoo Hoodoo Spellbook.pdf,4706480,UNIQUE_CANDIDATE,,OPEN,,,NO_EXACT_NAME_SIZE_PEER
drive:file:1aogGw5VLeiu1LonKXGpWpOjT5Gtru0WY,1aogGw5VLeiu1LonKXGpWpOjT5Gtru0WY,Wicca,Witchcraft-Today.pdf,403815,UNIQUE_CANDIDATE,,OPEN,,,NO_EXACT_NAME_SIZE_PEER
drive:file:1jopy0zp9rfvNGY_5EYFOLCu_QFNXHGK9,1jopy0zp9rfvNGY_5EYFOLCu_QFNXHGK9,Wicca,A Manual of African Witchcraft and Brujeria.pdf,23654486,UNIQUE_CANDIDATE,,OPEN,,,NO_EXACT_NAME_SIZE_PEER
drive:file:1-dZc5JUpLoTs-NS1pfssmO8aV1tiqTTH,1-dZc5JUpLoTs-NS1pfssmO8aV1tiqTTH,Wicca,Mastering-Witchcraft.pdf,1293734,UNIQUE_CANDIDATE,,OPEN,,,NO_EXACT_NAME_SIZE_PEER
drive:file:1HErlvDEbdXvQNPnIbIc8j9NEyuRckArD,1HErlvDEbdXvQNPnIbIc8j9NEyuRckArD,Wicca,Complete-Book-Of-Witchcraft.pdf,4363905,UNIQUE_CANDIDATE,,OPEN,,,NO_EXACT_NAME_SIZE_PEER
drive:file:1c0lWEMVr50_678kvc2lDwoy1tzOUfBJv,1c0lWEMVr50_678kvc2lDwoy1tzOUfBJv,Wicca,The Wiccan Book of the Dead.pdf,233115,UNIQUE_CANDIDATE,,OPEN,,,NO_EXACT_NAME_SIZE_PEER
drive:file:1zjPQMzHpqFfzCQvzwF6045dw6cf_4cmf,1zjPQMzHpqFfzCQvzwF6045dw6cf_4cmf,Wicca,The Necronomicon Spell Book.pdf,106613,UNIQUE_CANDIDATE,,OPEN,,,NO_EXACT_NAME_SIZE_PEER
drive:file:1cQBYSX1tEyXT0f2R3FFAYcp3YTc_Dzzw,1cQBYSX1tEyXT0f2R3FFAYcp3YTc_Dzzw,Wicca,Book One of Wicca.pdf,256108,UNIQUE_CANDIDATE,,OPEN,,,NO_EXACT_NAME_SIZE_PEER
drive:file:1HFcFC03XRf0kW4t2OHJyXcgPxfGLEUUg,1HFcFC03XRf0kW4t2OHJyXcgPxfGLEUUg,Wicca,Book of Occult.PDF,9038,UNIQUE_CANDIDATE,,OPEN,,,NO_EXACT_NAME_SIZE_PEER
drive:file:1MzBTfggIfdnZH8G9jlxwVBA67TBt7TEg,1MzBTfggIfdnZH8G9jlxwVBA67TBt7TEg,Wicca,101 Contradictions In The Bible.pdf,80608,UNIQUE_CANDIDATE,,OPEN,,,NO_EXACT_NAME_SIZE_PEER
drive:file:1z5MIUP5SvbcBGC6iVlAFY-Rm2jvDLDS4,1z5MIUP5SvbcBGC6iVlAFY-Rm2jvDLDS4,Wicca,Bucklands Complete Book of Witchcraft.pdf,4363905,UNIQUE_CANDIDATE,,OPEN,,,NO_EXACT_NAME_SIZE_PEER
drive:file:1784iCtCKKq129dp3Yo3QIXMBBkL3TfW6,1784iCtCKKq129dp3Yo3QIXMBBkL3TfW6,Wicca,Maiden Moon - An Advanced Wicca 101.pdf,1828843,UNIQUE_CANDIDATE,,OPEN,,,NO_EXACT_NAME_SIZE_PEER
drive:file:1IT6fx7DATlar5JreszCQptu1AmDdA3SA,1IT6fx7DATlar5JreszCQptu1AmDdA3SA,Wicca,A True History of Witchcraft.pdf,66067,UNIQUE_CANDIDATE,,OPEN,,,NO_EXACT_NAME_SIZE_PEER
drive:file:1zl0EggBBCrVgTaijGbF0zY6N5o6Ewoda,1zl0EggBBCrVgTaijGbF0zY6N5o6Ewoda,Wicca,The Roots of Witchcraft.pdf,2213321,UNIQUE_CANDIDATE,,OPEN,,,NO_EXACT_NAME_SIZE_PEER
drive:file:1SGkVOM2CSMpbDKEYVEkCq5XLQ1maBrO9,1SGkVOM2CSMpbDKEYVEkCq5XLQ1maBrO9,Wicca,A Wiccan Bible.pdf,5443972,UNIQUE_CANDIDATE,,OPEN,,,NO_EXACT_NAME_SIZE_PEER
drive:file:1dh8Gg0rF25_2hvNGF8MV5fkZmP8lga1q,1dh8Gg0rF25_2hvNGF8MV5fkZmP8lga1q,Textbooks,Grounding Cognition.pdf,5807323,REVIEW_REQUIRED,DUP-5104B690FFF6,OPEN,,,EXACT_NAME_SIZE_CANDIDATE_ONLY
drive:file:1ODpdc4mJem7mg76_KiQWQNcA570rVZPA,1ODpdc4mJem7mg76_KiQWQNcA570rVZPA,Textbooks,Essential Neurology.pdf,3253132,REVIEW_REQUIRED,DUP-C2BE5EA0B0A2,OPEN,,,EXACT_NAME_SIZE_CANDIDATE_ONLY
drive:file:1f9yIvgRauEcKQ1uO7JmScyHiAtR_w4mV,1f9yIvgRauEcKQ1uO7JmScyHiAtR_w4mV,Ancient Civillizations,Babylonian Woe.pdf,1034735,UNIQUE_CANDIDATE,,OPEN,,,NO_EXACT_NAME_SIZE_PEER
drive:file:1Q4fDa7HhDlq8WDkMN-1NG9UpeY40Vdd9,1Q4fDa7HhDlq8WDkMN-1NG9UpeY40Vdd9,Ancient Civillizations,Patrick_Boylan_-_Thoth_The_Hermes_of_Egypt.pdf,23028271,UNIQUE_CANDIDATE,,OPEN,,,NO_EXACT_NAME_SIZE_PEER
drive:file:1RNl77v9YyFflKayDqAv6Fg5BLhJZODp8,1RNl77v9YyFflKayDqAv6Fg5BLhJZODp8,Ancient Civillizations,John_David_Chambers_-_The_Theological_and_Philosophical_Works_of_Hermes_Trismegistus.pdf,21125414,UNIQUE_CANDIDATE,,OPEN,,,NO_EXACT_NAME_SIZE_PEER
drive:file:1RQvwG538KqxLcEH_GG3QNwhWLqWgYLv3,1RQvwG538KqxLcEH_GG3QNwhWLqWgYLv3,Ancient Civillizations,W.P._Phelon_-_Our_Story_of_Atlantis.pdf,12532213,UNIQUE_CANDIDATE,,OPEN,,,NO_EXACT_NAME_SIZE_PEER
drive:file:1-Anr7aLb7dIEjAx6_GCTUeR0LOb-F0AU,1-Anr7aLb7dIEjAx6_GCTUeR0LOb-F0AU,Ancient Civillizations,Samuel_Croxall_-_The_Secret_History_of_Pythagoras.pdf,8808405,UNIQUE_CANDIDATE,,OPEN,,,NO_EXACT_NAME_SIZE_PEER
drive:file:1R0NqvP3r8DRsYOfgDCvE592CPIWLgjHG,1R0NqvP3r8DRsYOfgDCvE592CPIWLgjHG,Ancient Civillizations,J.H._Newman_-_The_Life_of_Apollonius_of_Tyanaeus.pdf,5518488,UNIQUE_CANDIDATE,,OPEN,,,NO_EXACT_NAME_SIZE_PEER
drive:file:1MAxJHFzxodSYmI-f1_gxKJz1xbDbM_dz,1MAxJHFzxodSYmI-f1_gxKJz1xbDbM_dz,Ancient Civillizations,Fabre_d-Olivet_-_The_Golden_Verses_of_Pythagoras.pdf,21122447,UNIQUE_CANDIDATE,,OPEN,,,NO_EXACT_NAME_SIZE_PEER
drive:file:1POgVu6gckde5Bcw05OlxM4sypvprgeLq,1POgVu6gckde5Bcw05OlxM4sypvprgeLq,Ancient Civillizations,Franz_Cumont_-_The_Mysteries_of_Mithra.pdf,20589111,UNIQUE_CANDIDATE,,OPEN,,,NO_EXACT_NAME_SIZE_PEER
drive:file:113oxZmi6couxhdxRKChTXi0Fs3BwjWSt,113oxZmi6couxhdxRKChTXi0Fs3BwjWSt,Ancient Civillizations,Epictetus_&_Pythagoras_-_Enchiridion_&_Chrusa.pdf,9920453,UNIQUE_CANDIDATE,,OPEN,,,NO_EXACT_NAME_SIZE_PEER
drive:file:1pBG_E3XcUFmnVOz_qKBjQRa2LDJ6RY77,1pBG_E3XcUFmnVOz_qKBjQRa2LDJ6RY77,Ancient Civillizations,The Scriptures and Inscription of Darius the Great.pdf,12110573,REVIEW_REQUIRED,DUP-7E507343A167,OPEN,,,EXACT_NAME_SIZE_CANDIDATE_ONLY
drive:file:1pWcCMA_083xuk0u7Z5JFT64WGNRY5tR7,1pWcCMA_083xuk0u7Z5JFT64WGNRY5tR7,Ancient Civillizations,Wonderful Ethiopians of the Ancient Cushite Empire.pdf,764082,REVIEW_REQUIRED,DUP-A861DC1FF3DF,OPEN,,,EXACT_NAME_SIZE_CANDIDATE_ONLY
drive:file:1uJGURJFqAOmmlpnlFKxGjRTWeGNfuLjB,1uJGURJFqAOmmlpnlFKxGjRTWeGNfuLjB,Ancient Civillizations,Exploring Human History - The First 2500 Years.pdf,1007723,REVIEW_REQUIRED,DUP-558B1FD80DA9,OPEN,,,EXACT_NAME_SIZE_CANDIDATE_ONLY
drive:file:1tCTCq-B2AxZEOpQazpTNPIo6F2JmpTt0,1tCTCq-B2AxZEOpQazpTNPIo6F2JmpTt0,Ancient Civillizations,The Ancient Secret of the Flower of Life.pdf,4045212,UNIQUE_CANDIDATE,,OPEN,,,NO_EXACT_NAME_SIZE_PEER
drive:file:18mftsQ9taQIweOwU0sqCJu9PPi9NNTef,18mftsQ9taQIweOwU0sqCJu9PPi9NNTef,Ancient Civillizations,The First 23 Pages of the Dresden Codex.pdf,2369873,UNIQUE_CANDIDATE,,OPEN,,,NO_EXACT_NAME_SIZE_PEER
drive:file:10kr4IMktpi8yR__ByQAkzH6u8fUpAk-i,10kr4IMktpi8yR__ByQAkzH6u8fUpAk-i,Ancient Civillizations,The Book of Chilam Balam of Chumayel.pdf,3178276,UNIQUE_CANDIDATE,,OPEN,,,NO_EXACT_NAME_SIZE_PEER
drive:file:1UUAJPIklEPTEc5zNAgOwrajjNHYhxY9l,1UUAJPIklEPTEc5zNAgOwrajjNHYhxY9l,Ancient Civillizations,The Book of the People - Popol Vuh.pdf,58469,UNIQUE_CANDIDATE,,OPEN,,,NO_EXACT_NAME_SIZE_PEER
drive:file:1sOWdjE0-kr2dU9uSSsBKMucMzGrA6_wR,1sOWdjE0-kr2dU9uSSsBKMucMzGrA6_wR,Ancient Civillizations,Introduction to Maya Heiroglyphs.pdf,19349303,UNIQUE_CANDIDATE,,OPEN,,,NO_EXACT_NAME_SIZE_PEER
drive:file:19jFvsGs5Yyi87y9Yo9qNWKQDpXF9WNGp,19jFvsGs5Yyi87y9Yo9qNWKQDpXF9WNGp,Ancient Civillizations,Sacred Traditions of the Yezidiz.pdf,580056,UNIQUE_CANDIDATE,,OPEN,,,NO_EXACT_NAME_SIZE_PEER
drive:file:1z7ilhzC7KVguntmK9hDZ_-shByJlZLsc,1z7ilhzC7KVguntmK9hDZ_-shByJlZLsc,Ancient Civillizations,Time and the Technosphere.pdf,9549976,REVIEW_REQUIRED,DUP-19E3EF6021B8,OPEN,,,EXACT_NAME_SIZE_CANDIDATE_ONLY
drive:file:1UF-XMDOEdl-Hfk9WexNvr8P_TlmGNHun,1UF-XMDOEdl-Hfk9WexNvr8P_TlmGNHun,Ancient Civillizations,The Atlantis Encyclopedia.pdf,4043991,REVIEW_REQUIRED,DUP-D39DB6A220C6,OPEN,,,EXACT_NAME_SIZE_CANDIDATE_ONLY
drive:file:1Y_8rIoCGUoAYzJlPuNGFwpcb0MHM6nUo,1Y_8rIoCGUoAYzJlPuNGFwpcb0MHM6nUo,Ancient Civillizations,Ancient Man in Britain.pdf,26456088,UNIQUE_CANDIDATE,,OPEN,,,NO_EXACT_NAME_SIZE_PEER
drive:file:1KIIc2X_nPY4gtviRHw_Y162jrHXFevB2,1KIIc2X_nPY4gtviRHw_Y162jrHXFevB2,Ancient Civillizations,Egyptian Myth and Legend.pdf,465975,REVIEW_REQUIRED,DUP-F451DE831E1F,OPEN,,,EXACT_NAME_SIZE_CANDIDATE_ONLY
drive:file:1u4OtVfhZc-w5R8eh9PjudhZflxUlXFjA,1u4OtVfhZc-w5R8eh9PjudhZflxUlXFjA,Ancient Civillizations,Lemuria - A Reflection.pdf,42429,UNIQUE_CANDIDATE,,OPEN,,,NO_EXACT_NAME_SIZE_PEER
drive:file:1JqE0J5uCvnDG7eJ6wnYpqjkbpJzKG5f3,1JqE0J5uCvnDG7eJ6wnYpqjkbpJzKG5f3,Ancient Civillizations,The Story of Atlantis.pdf,922750,UNIQUE_CANDIDATE,,OPEN,,,NO_EXACT_NAME_SIZE_PEER
drive:file:1R2VYSAjZVHcPkcg5C9iIJZ-iXNemLz-R,1R2VYSAjZVHcPkcg5C9iIJZ-iXNemLz-R,Ancient Civillizations,Earth Ascending.pdf,3375601,REVIEW_REQUIRED,DUP-AC78F5A81CAE,OPEN,,,EXACT_NAME_SIZE_CANDIDATE_ONLY
drive:file:11Wuv-g44p78-SVCMI5mHgt5WWaCqv8nf,11Wuv-g44p78-SVCMI5mHgt5WWaCqv8nf,Ancient Civillizations,Popol Vuh.pdf,1046643,UNIQUE_CANDIDATE,,OPEN,,,NO_EXACT_NAME_SIZE_PEER
drive:file:1QKC53rxf3UbWrAfmUEXzIBSCOxZIOz95,1QKC53rxf3UbWrAfmUEXzIBSCOxZIOz95,Ancient Civillizations/G.R.S._Mead,G.R.S._Mead_-_The_Doctrine_of_the_Suptle_Body.pdf,6954843,UNIQUE_CANDIDATE,,OPEN,,,NO_EXACT_NAME_SIZE_PEER
drive:file:1oIh2tng6aTZgQuvX1PO9IOvXSv2_U5ds,1oIh2tng6aTZgQuvX1PO9IOvXSv2_U5ds,Ancient Civillizations/G.R.S._Mead,G.R.S._Mead_-_Apollonius_of_Tyana.pdf,15635456,UNIQUE_CANDIDATE,,OPEN,,,NO_EXACT_NAME_SIZE_PEER
drive:file:1IcajPSR4teFuEi8kpihaCQ2v21uqMQLU,1IcajPSR4teFuEi8kpihaCQ2v21uqMQLU,Ancient Civillizations/G.R.S._Mead,G.R.S._Mead_-_The_Chaldean_Oracles.pdf,107540,UNIQUE_CANDIDATE,,OPEN,,,NO_EXACT_NAME_SIZE_PEER
drive:file:11ZkvEZopnUEtFsj3TUSH9FjAm6b0vuUl,11ZkvEZopnUEtFsj3TUSH9FjAm6b0vuUl,Ancient Civillizations/Writing in Maya Glyphs,Writing in Maya Glyphs (Part 2).pdf,2177353,UNIQUE_CANDIDATE,,OPEN,,,NO_EXACT_NAME_SIZE_PEER
drive:file:1RyvnsinebdawLKfCuZcqmwCRDcVLN-gw,1RyvnsinebdawLKfCuZcqmwCRDcVLN-gw,Ancient Civillizations/Writing in Maya Glyphs,Writing in Maya Glyphs (Part 1).pdf,4082073,UNIQUE_CANDIDATE,,OPEN,,,NO_EXACT_NAME_SIZE_PEER
drive:file:1Ywu7oxDiPpMgzlc90gtMNNuVYXBjr58A,1Ywu7oxDiPpMgzlc90gtMNNuVYXBjr58A,Ancient Civillizations/Atlantis,Atlantis - The Antideluvian World (Part 5).pdf,755720,UNIQUE_CANDIDATE,,OPEN,,,NO_EXACT_NAME_SIZE_PEER
drive:file:1ZfRaK7koYL-IYCIvdcDKlgqRVsloocQH,1ZfRaK7koYL-IYCIvdcDKlgqRVsloocQH,Ancient Civillizations/Atlantis,Atlantis - The Antideluvian World (Part 4).pdf,490712,UNIQUE_CANDIDATE,,OPEN,,,NO_EXACT_NAME_SIZE_PEER
drive:file:1L1uLJ0QVcKbioMn9iP9lHBhs4xffLn_z,1L1uLJ0QVcKbioMn9iP9lHBhs4xffLn_z,Ancient Civillizations/Atlantis,Atlantis - The Antideluvian World (Part 3).pdf,1094393,UNIQUE_CANDIDATE,,OPEN,,,NO_EXACT_NAME_SIZE_PEER
drive:file:1SRXLApgR63KwU0oOFW_tTdzPzdZpYGjL,1SRXLApgR63KwU0oOFW_tTdzPzdZpYGjL,Ancient Civillizations/Atlantis,Atlantis - The Antideluvian World (Part 2).pdf,445748,UNIQUE_CANDIDATE,,OPEN,,,NO_EXACT_NAME_SIZE_PEER
drive:file:1-6NhejOaHbCgEaXFTS9U0MW5f6J72Oci,1-6NhejOaHbCgEaXFTS9U0MW5f6J72Oci,Ancient Civillizations/Atlantis,Atlantis - The Antideluvian World (Part 1).pdf,531507,UNIQUE_CANDIDATE,,OPEN,,,NO_EXACT_NAME_SIZE_PEER
drive:file:1c3hT7xnMHLqwHwlDkq7zJ5m-EN7MXUca,1c3hT7xnMHLqwHwlDkq7zJ5m-EN7MXUca,Founding Fathers,Autobiography of Benjamin Franklin.pdf,787886,UNIQUE_CANDIDATE,,OPEN,,,NO_EXACT_NAME_SIZE_PEER
drive:file:1Aq-hx9X2At1hACsEORXch1Z5hFura-zm,1Aq-hx9X2At1hACsEORXch1Z5hFura-zm,Founding Fathers,Essays of Francis Bacon.pdf,179586,UNIQUE_CANDIDATE,,OPEN,,,NO_EXACT_NAME_SIZE_PEER
drive:file:1xKathDUpLDtvzxM612akG21cQ33ZDr9y,1xKathDUpLDtvzxM612akG21cQ33ZDr9y,Founding Fathers,The Age of Reason.pdf,659000,UNIQUE_CANDIDATE,,OPEN,,,NO_EXACT_NAME_SIZE_PEER
drive:file:1PHb1hUo36CVZm1yESq1HsKH7HykGQNkg,1PHb1hUo36CVZm1yESq1HsKH7HykGQNkg,Founding Fathers,The New Organon.pdf,446016,UNIQUE_CANDIDATE,,OPEN,,,NO_EXACT_NAME_SIZE_PEER
drive:file:1rk8BOlTAxp492A08cEJPMogmxm5BeMvU,1rk8BOlTAxp492A08cEJPMogmxm5BeMvU,Founding Fathers,New Atlantis.pdf,118700,UNIQUE_CANDIDATE,,OPEN,,,NO_EXACT_NAME_SIZE_PEER
drive:file:1skykP6ZyCzbgK5M85Q4d99NT_RciLs6z,1skykP6ZyCzbgK5M85Q4d99NT_RciLs6z,Founding Fathers,Common Sense.pdf,134111,UNIQUE_CANDIDATE,,OPEN,,,NO_EXACT_NAME_SIZE_PEER
drive:file:1sMLKLUdq7gaWqpZnD6T-vAZ3tN66QTZ7,1sMLKLUdq7gaWqpZnD6T-vAZ3tN66QTZ7,Rosicurcianism,The Chymical Wedding of Christian Rosenkreutz.pdf,546641,UNIQUE_CANDIDATE,,OPEN,,,NO_EXACT_NAME_SIZE_PEER
drive:file:1gcIKhDTk8kKHBoqD_aig7wKWPdj7fH1a,1gcIKhDTk8kKHBoqD_aig7wKWPdj7fH1a,Rosicurcianism,Fama Fraternitatis Rosae Crucis.pdf,58469,UNIQUE_CANDIDATE,,OPEN,,,NO_EXACT_NAME_SIZE_PEER
drive:file:1K1ttyDe791MT7C0DOQXEOuvrBioAYTM1,1K1ttyDe791MT7C0DOQXEOuvrBioAYTM1,Rosicurcianism,Seership - Guide to Soul Sight.pdf,58469,UNIQUE_CANDIDATE,,OPEN,,,NO_EXACT_NAME_SIZE_PEER
drive:file:1IqeOJbYDqpdN5qq9HwwcEQKRcrydu4hW,1IqeOJbYDqpdN5qq9HwwcEQKRcrydu4hW,Rosicurcianism,Ancient and Modern Initiation.pdf,213296,UNIQUE_CANDIDATE,,OPEN,,,NO_EXACT_NAME_SIZE_PEER
drive:file:1zU8dxEYlhypwePVN9RnbXatJRfaooeLW,1zU8dxEYlhypwePVN9RnbXatJRfaooeLW,Rosicurcianism,The Rosicrucian Manifestos.pdf,318189,UNIQUE_CANDIDATE,,OPEN,,,NO_EXACT_NAME_SIZE_PEER
drive:file:1jGLpB5Io4HNr1w8ifBSg-1U913Wd_zJb,1jGLpB5Io4HNr1w8ifBSg-1U913Wd_zJb,Rosicurcianism,The Rosicrucian Mysteries.pdf,254400,UNIQUE_CANDIDATE,,OPEN,,,NO_EXACT_NAME_SIZE_PEER
drive:file:1IEaKpV4AOxLsxwdgeY__0-q-o6MDmjTz,1IEaKpV4AOxLsxwdgeY__0-q-o6MDmjTz,Rosicurcianism,Teachings of An Initiate.pdf,173519,UNIQUE_CANDIDATE,,OPEN,,,NO_EXACT_NAME_SIZE_PEER
drive:file:1ckVMue4YjQ79n60yPEq88zYlLcaTnwUW,1ckVMue4YjQ79n60yPEq88zYlLcaTnwUW,Fiction,The Thousandfold Thought.pdf,100852,UNIQUE_CANDIDATE,,OPEN,,,NO_EXACT_NAME_SIZE_PEER
drive:file:1JhHAxu8W5ackC3F2vi2LjVuZCDesqwfw,1JhHAxu8W5ackC3F2vi2LjVuZCDesqwfw,Fiction,Warrior-Prophet.pdf,1050020,UNIQUE_CANDIDATE,,OPEN,,,NO_EXACT_NAME_SIZE_PEER
drive:file:12Ad7DnQJpeAbyc1aAFxDzjYtMOLYx74V,12Ad7DnQJpeAbyc1aAFxDzjYtMOLYx74V,Fiction,The Darkness That Comes Before.pdf,954101,UNIQUE_CANDIDATE,,OPEN,,,NO_EXACT_NAME_SIZE_PEER
drive:file:1afoxTjZedihXoIHn3VtOQvZ_twBLG08K,1afoxTjZedihXoIHn3VtOQvZ_twBLG08K,Fiction,The Love Spell - An Erotic Memoir of Spiritual Awakening.pdf,4127723,UNIQUE_CANDIDATE,,OPEN,,,NO_EXACT_NAME_SIZE_PEER
drive:file:111HvyVHj_4s_4EI2cSdVs6s8sIRiJ9Cp,111HvyVHj_4s_4EI2cSdVs6s8sIRiJ9Cp,Fiction,In the Land of the Living Dead.pdf,9096352,UNIQUE_CANDIDATE,,OPEN,,,NO_EXACT_NAME_SIZE_PEER
drive:file:1iyxUHydiets_qlGDyMwIMIYzNEJQiWTO,1iyxUHydiets_qlGDyMwIMIYzNEJQiWTO,Fiction,The Art Planet Chronicles - The Making of the Fifth Ring.pdf,1166850,REVIEW_REQUIRED,DUP-8494706D5F6E,OPEN,,,EXACT_NAME_SIZE_CANDIDATE_ONLY
drive:file:1M3zJtxG-tdT-Nsk7q70L62-tbQugiRyB,1M3zJtxG-tdT-Nsk7q70L62-tbQugiRyB,Fiction,Gods Channel of Truth - Is It the Watchtower.pdf,2086202,UNIQUE_CANDIDATE,,OPEN,,,NO_EXACT_NAME_SIZE_PEER
drive:file:1acHLB18oybXPdmZ0E6Zlgv7BLkiRWeTt,1acHLB18oybXPdmZ0E6Zlgv7BLkiRWeTt,Fiction,The Hitchhikers Guide to the Galaxy.pdf,2409071,REVIEW_REQUIRED,DUP-E907980B8101,OPEN,,,EXACT_NAME_SIZE_CANDIDATE_ONLY
drive:file:18Uk-h5CjCOG4SQ53JBY9wyC_DbiwKMdq,18Uk-h5CjCOG4SQ53JBY9wyC_DbiwKMdq,Fiction,Brother of the Third Degree.pdf,58469,UNIQUE_CANDIDATE,,OPEN,,,NO_EXACT_NAME_SIZE_PEER
drive:file:1ksRiTkW0xIlT0qqN_gsC9_BKT842cYT8,1ksRiTkW0xIlT0qqN_gsC9_BKT842cYT8,Fiction,Atlas Shrugged.pdf,6343806,UNIQUE_CANDIDATE,,OPEN,,,NO_EXACT_NAME_SIZE_PEER
drive:file:1DdTO63iOcYNo-tAJxjo8RfvRy1YnpJQt,1DdTO63iOcYNo-tAJxjo8RfvRy1YnpJQt,Fiction,A Brave New World.pdf,432167,UNIQUE_CANDIDATE,,OPEN,,,NO_EXACT_NAME_SIZE_PEER
drive:file:1ndE_3-p1oKZfhbMYegbYo7COQg1lBfgX,1ndE_3-p1oKZfhbMYegbYo7COQg1lBfgX,Fiction,The Alchemist.pdf,161242,UNIQUE_CANDIDATE,,OPEN,,,NO_EXACT_NAME_SIZE_PEER
drive:file:1Dv9Z-8epJBZ4mY1Zv70VqPazuvCkg8Cn,1Dv9Z-8epJBZ4mY1Zv70VqPazuvCkg8Cn,Fiction,Candide.pdf,558321,UNIQUE_CANDIDATE,,OPEN,,,NO_EXACT_NAME_SIZE_PEER
drive:file:1Y1NLqGL17JpNKLLckaqOHmmwq4hfRsoW,1Y1NLqGL17JpNKLLckaqOHmmwq4hfRsoW,Fiction,Utopia.pdf,519134,UNIQUE_CANDIDATE,,OPEN,,,NO_EXACT_NAME_SIZE_PEER
drive:file:1M-pxP6ZJfoK9Po8GBQpp5UnNISpvyXCe,1M-pxP6ZJfoK9Po8GBQpp5UnNISpvyXCe,Physics,Natural Philosophy.pdf,46493015,UNIQUE_CANDIDATE,,OPEN,,,NO_EXACT_NAME_SIZE_PEER
drive:file:1ze1Ms-RNjoVrrScygmb_2Gmo4S74ApIi,1ze1Ms-RNjoVrrScygmb_2Gmo4S74ApIi,Physics,The Electron.pdf,32532841,UNIQUE_CANDIDATE,,OPEN,,,NO_EXACT_NAME_SIZE_PEER
drive:file:1771Co8MhUswOSiqmkuJg6oRcgkJphiJy,1771Co8MhUswOSiqmkuJg6oRcgkJphiJy,Physics,The Ether of Space.pdf,7890960,REVIEW_REQUIRED,DUP-579341CA3B16,OPEN,,,EXACT_NAME_SIZE_CANDIDATE_ONLY
drive:file:1SUf560RItb_F5RE_MkxeK9schydhjPDB,1SUf560RItb_F5RE_MkxeK9schydhjPDB,Politics,How the Other Half Dies - The Real Reasons for World Hunger.pdf,39384276,UNIQUE_CANDIDATE,,OPEN,,,NO_EXACT_NAME_SIZE_PEER
drive:file:1SbT01MNVe8r6mrKXpYOoaWVQuR7gKTe7,1SbT01MNVe8r6mrKXpYOoaWVQuR7gKTe7,Politics,The Lost Journals of Nikola Tesla.pdf,1670530,UNIQUE_CANDIDATE,,OPEN,,,NO_EXACT_NAME_SIZE_PEER
drive:file:1fy7DwV3gFMKP9V3DHBJDISumthJokZtl,1fy7DwV3gFMKP9V3DHBJDISumthJokZtl,Politics,Treason - The New World Order.pdf,3017661,UNIQUE_CANDIDATE,,OPEN,,,NO_EXACT_NAME_SIZE_PEER
drive:file:1k5hIIXT90Ksum_1aD7oQBJteR3eu5-WB,1k5hIIXT90Ksum_1aD7oQBJteR3eu5-WB,Politics,The Secret World Government.pdf,7140096,REVIEW_REQUIRED,DUP-D584961FB95A,OPEN,,,EXACT_NAME_SIZE_CANDIDATE_ONLY
drive:file:1m6tLqPGB-I4huuxyzfeRsBVesDTmNDC5,1m6tLqPGB-I4huuxyzfeRsBVesDTmNDC5,Politics,Guerilla Warfare.pdf,1282142,UNIQUE_CANDIDATE,,OPEN,,,NO_EXACT_NAME_SIZE_PEER
drive:file:1wJURj7kFUVJrqoTQucTdmwwq53JVmnb9,1wJURj7kFUVJrqoTQucTdmwwq53JVmnb9,Politics,Rulers of Evil.pdf,13582558,UNIQUE_CANDIDATE,,OPEN,,,NO_EXACT_NAME_SIZE_PEER
drive:file:1lbJjnyjPoMwr0N6qdVRpBY8tjdCGDp9y,1lbJjnyjPoMwr0N6qdVRpBY8tjdCGDp9y,Politics,Propaganda.pdf,1342781,REVIEW_REQUIRED,DUP-378D7773B8A7,OPEN,,,EXACT_NAME_SIZE_CANDIDATE_ONLY
drive:file:1E2efvzVJDXbQMpMc2Z0nxssLVXQCdEp5,1E2efvzVJDXbQMpMc2Z0nxssLVXQCdEp5,Secret Societies,Pandoras Box.pdf,196023469,UNIQUE_CANDIDATE,,OPEN,,,NO_EXACT_NAME_SIZE_PEER
drive:file:1yeduhEMNy0CN5uREOm_3VaWvw7W_NImP,1yeduhEMNy0CN5uREOm_3VaWvw7W_NImP,Secret Societies,"Codex Magica - Secret Signs, Mysterious Symbols, and Hidden Codes of the Illuminati.pdf",32951036,UNIQUE_CANDIDATE,,OPEN,,,NO_EXACT_NAME_SIZE_PEER
drive:file:1jxYJaBZpgihD83VsoJRAgvprzjcqkxNw,1jxYJaBZpgihD83VsoJRAgvprzjcqkxNw,Secret Societies,Morals and Dogma of Freemasonry.pdf,48045684,UNIQUE_CANDIDATE,,OPEN,,,NO_EXACT_NAME_SIZE_PEER
drive:file:1ZgZXMRQQ-22vveu9PYxpIgrXuQNrSkMK,1ZgZXMRQQ-22vveu9PYxpIgrXuQNrSkMK,Secret Societies,"Its All About Control - The God, Jesus, and ET Cover-up.pdf",6611574,UNIQUE_CANDIDATE,,OPEN,,,NO_EXACT_NAME_SIZE_PEER
drive:file:1S60xYCIapQgPmitLkUdcPaeszo-7aYsX,1S60xYCIapQgPmitLkUdcPaeszo-7aYsX,Secret Societies,Secret Societies of the Middle Ages.pdf,13495783,UNIQUE_CANDIDATE,,OPEN,,,NO_EXACT_NAME_SIZE_PEER
drive:file:1K-Mv4Wv5_luHjAO__DEASgJNF_QymzT-,1K-Mv4Wv5_luHjAO__DEASgJNF_QymzT-,Secret Societies,Cosmic Trigger - Final Secret of the Illuminati.pdf,3556018,UNIQUE_CANDIDATE,,OPEN,,,NO_EXACT_NAME_SIZE_PEER
drive:file:1RPi9cU_8k10mrsJ5yuFS0annDtveLH_6,1RPi9cU_8k10mrsJ5yuFS0annDtveLH_6,Secret Societies,The Order of the GBG - Origins and Beginnings.pdf,986230,UNIQUE_CANDIDATE,,OPEN,,,NO_EXACT_NAME_SIZE_PEER
drive:file:1045S8iBPsbLya2JnGy9HoIOVjmnPVFsL,1045S8iBPsbLya2JnGy9HoIOVjmnPVFsL,Secret Societies,Forbidden Secret - Your Future Hijacked.pdf,4913966,UNIQUE_CANDIDATE,,OPEN,,,NO_EXACT_NAME_SIZE_PEER
drive:file:1SjKrLk6cBXYOdob5RnlRgMfP3fBZkn7J,1SjKrLk6cBXYOdob5RnlRgMfP3fBZkn7J,Secret Societies,Illuminati Formula for Mind Control.pdf,2440975,REVIEW_REQUIRED,DUP-A287C2E662C0,OPEN,,,EXACT_NAME_SIZE_CANDIDATE_ONLY
drive:file:1NKahNXXcBgjvwHKXXp4bg2L1TbsWRYnP,1NKahNXXcBgjvwHKXXp4bg2L1TbsWRYnP,Secret Societies,The Secret Rituals of the O.T.O..pdf,1060865,UNIQUE_CANDIDATE,,OPEN,,,NO_EXACT_NAME_SIZE_PEER
drive:file:1WS4jB437KyKSKWT1dGdsi_RMxeKd5jDE,1WS4jB437KyKSKWT1dGdsi_RMxeKd5jDE,Secret Societies,The Secret Destiny of America.pdf,778883,UNIQUE_CANDIDATE,,OPEN,,,NO_EXACT_NAME_SIZE_PEER
drive:file:1PU9nn_EPkTc5eiahzqmmZ7ulstIhcqoh,1PU9nn_EPkTc5eiahzqmmZ7ulstIhcqoh,Secret Societies,The Lost Word of Freemasonry.pdf,2411783,UNIQUE_CANDIDATE,,OPEN,,,NO_EXACT_NAME_SIZE_PEER
drive:file:1wEMYBfbywLSDR82-NElDNfSYZQXZef-2,1wEMYBfbywLSDR82-NElDNfSYZQXZef-2,Secret Societies,The Lost Keys of Freemasonry.pdf,468529,UNIQUE_CANDIDATE,,OPEN,,,NO_EXACT_NAME_SIZE_PEER
drive:file:1a9mZwGpHJRQN2h7AqU7GSPyI-uhzdap2,1a9mZwGpHJRQN2h7AqU7GSPyI-uhzdap2,Secret Societies,The Secret World Government.pdf,7140096,REVIEW_REQUIRED,DUP-D584961FB95A,OPEN,,,EXACT_NAME_SIZE_CANDIDATE_ONLY
drive:file:10pfNniVsLQ8nUxdywS4aK5441jXHq9Tx,10pfNniVsLQ8nUxdywS4aK5441jXHq9Tx,Secret Societies,Terrorism and the Illuminati.pdf,1859397,REVIEW_REQUIRED,DUP-E34401AE4469,OPEN,,,EXACT_NAME_SIZE_CANDIDATE_ONLY
drive:file:1uUqsJSwPqC8iEBpYKMOxfaOUj8uIFOnu,1uUqsJSwPqC8iEBpYKMOxfaOUj8uIFOnu,Secret Societies,The Illuminati Bloodlines.pdf,932252,UNIQUE_CANDIDATE,,OPEN,,,NO_EXACT_NAME_SIZE_PEER
drive:file:17BJ1cukaXgAJv1uczxcwSIpzbYHB80yY,17BJ1cukaXgAJv1uczxcwSIpzbYHB80yY,Secret Societies,Behold a Pale Horse.pdf,17848427,UNIQUE_CANDIDATE,,OPEN,,,NO_EXACT_NAME_SIZE_PEER
drive:file:1wJ4qPJT6G1qc8RV2ikJ9I83hPa6FNmgw,1wJ4qPJT6G1qc8RV2ikJ9I83hPa6FNmgw,Secret Societies,Masonry and Its Symbols.pdf,58469,UNIQUE_CANDIDATE,,OPEN,,,NO_EXACT_NAME_SIZE_PEER
drive:file:1jInW_GQV3stTILbQtK30gpyPdQNrMssp,1jInW_GQV3stTILbQtK30gpyPdQNrMssp,Secret Societies,"Holy Blood, Holy Grail.pdf",1858478,UNIQUE_CANDIDATE,,OPEN,,,NO_EXACT_NAME_SIZE_PEER
drive:file:1vlkeZkA_-yZl-oWUigCLNEGi3QFafKvB,1vlkeZkA_-yZl-oWUigCLNEGi3QFafKvB,Secret Societies,The Illuminati Papers.pdf,1443430,UNIQUE_CANDIDATE,,OPEN,,,NO_EXACT_NAME_SIZE_PEER
drive:file:1DqAEa6A3WXes1JeeVqVHh_T4XIaiQ0Og,1DqAEa6A3WXes1JeeVqVHh_T4XIaiQ0Og,Secret Societies,The Secret Covenant.pdf,39183,UNIQUE_CANDIDATE,,OPEN,,,NO_EXACT_NAME_SIZE_PEER
drive:file:1MoYNt_psyeGrgSXylO7ABWmN983rAGYZ,1MoYNt_psyeGrgSXylO7ABWmN983rAGYZ,Secret Societies,The Biggest Secret.pdf,10561541,UNIQUE_CANDIDATE,,OPEN,,,NO_EXACT_NAME_SIZE_PEER
drive:file:19nd2ii-uwQkzfZRc-DejDhn0fR4OGZNJ,19nd2ii-uwQkzfZRc-DejDhn0fR4OGZNJ,Secret Societies,Be Wise As Serpents.pdf,58469,UNIQUE_CANDIDATE,,OPEN,,,NO_EXACT_NAME_SIZE_PEER
drive:file:1dYtJ69pIBEFB6gAtDAg-3K1GsfpgSN_O,1dYtJ69pIBEFB6gAtDAg-3K1GsfpgSN_O,Secret Societies,The Arcane Schools.pdf,3217739,UNIQUE_CANDIDATE,,OPEN,,,NO_EXACT_NAME_SIZE_PEER
drive:file:1yd51xikWRxUL5rHDo-NBhBqoYv4_ob4L,1yd51xikWRxUL5rHDo-NBhBqoYv4_ob4L,Secret Societies,The Gods of Eden.pdf,2678005,REVIEW_REQUIRED,DUP-4FAC7D3C607E,OPEN,,,EXACT_NAME_SIZE_CANDIDATE_ONLY
drive:file:1qklOT80Pyvi4pyn41HfAq9JX94TMy3Hn,1qklOT80Pyvi4pyn41HfAq9JX94TMy3Hn,Secret Societies,Rule by Secrecy.pdf,2355211,UNIQUE_CANDIDATE,,OPEN,,,NO_EXACT_NAME_SIZE_PEER
drive:file:1keDeHqh4xG2cN6QodeGziMLEsWKDS3jL,1keDeHqh4xG2cN6QodeGziMLEsWKDS3jL,Secret Societies/Forbbiden History of Europe,Forbidden History of Europe Vol. XI.pdf,7271580,REVIEW_REQUIRED,DUP-1965E48AC74B,OPEN,,,EXACT_NAME_SIZE_CANDIDATE_ONLY
drive:file:1M_RTH_P8Vxh7aNTKyPkCPei9EztjjMnv,1M_RTH_P8Vxh7aNTKyPkCPei9EztjjMnv,Secret Societies/Forbbiden History of Europe,Forbidden History of Europe Vol. X.pdf,10047346,REVIEW_REQUIRED,DUP-98FB0D0232BA,OPEN,,,EXACT_NAME_SIZE_CANDIDATE_ONLY
drive:file:1oxa3lg2Iua3ocYvhAoWp-LMFb-rnYNJy,1oxa3lg2Iua3ocYvhAoWp-LMFb-rnYNJy,Secret Societies/Forbbiden History of Europe,Forbidden History of Europe Vol. XII.pdf,877915,REVIEW_REQUIRED,DUP-2992F58EEA95,OPEN,,,EXACT_NAME_SIZE_CANDIDATE_ONLY
drive:file:1MgtORHyqd2k3tbt5SpZcXBrPFd1SIvRj,1MgtORHyqd2k3tbt5SpZcXBrPFd1SIvRj,Secret Societies/Forbbiden History of Europe,Forbidden History of Europe Vol. IX.pdf,14678803,REVIEW_REQUIRED,DUP-02C72EB00FD0,OPEN,,,EXACT_NAME_SIZE_CANDIDATE_ONLY
drive:file:1YoSiRB74FXkbiD9IEIM9t7RyVAwtG2FB,1YoSiRB74FXkbiD9IEIM9t7RyVAwtG2FB,Secret Societies/Forbbiden History of Europe,Forbidden History of Europe Vol. VIII.pdf,4436491,REVIEW_REQUIRED,DUP-F31B55DBA489,OPEN,,,EXACT_NAME_SIZE_CANDIDATE_ONLY
drive:file:14JaJGiW44rObDID-s336_50WOL7AJhEV,14JaJGiW44rObDID-s336_50WOL7AJhEV,Secret Societies/Forbbiden History of Europe,Forbidden History of Europe Vol. VII.pdf,3745991,REVIEW_REQUIRED,DUP-8AD7658E1B29,OPEN,,,EXACT_NAME_SIZE_CANDIDATE_ONLY
drive:file:1nqygTFwN32F6ePE3wbjgkd47ksc3CoPr,1nqygTFwN32F6ePE3wbjgkd47ksc3CoPr,Secret Societies/Forbbiden History of Europe,Forbidden History of Europe Vol. VI.pdf,4968525,UNIQUE_CANDIDATE,,OPEN,,,NO_EXACT_NAME_SIZE_PEER
drive:file:1BEeWHHbIisdky37vfPmJecevLCm6izkX,1BEeWHHbIisdky37vfPmJecevLCm6izkX,Secret Societies/Forbbiden History of Europe,Forbidden History of Europe Vol. III.pdf,16145630,UNIQUE_CANDIDATE,,OPEN,,,NO_EXACT_NAME_SIZE_PEER
drive:file:1nHLUzBxPNUcA6gNUwgZ-iWiCt-rPCqHp,1nHLUzBxPNUcA6gNUwgZ-iWiCt-rPCqHp,Secret Societies/Forbbiden History of Europe,Forbidden History of Europe Vol. V.pdf,5681635,UNIQUE_CANDIDATE,,OPEN,,,NO_EXACT_NAME_SIZE_PEER
drive:file:1mnJC9-cbXTQAxubOEYECgExMTdzUFO75,1mnJC9-cbXTQAxubOEYECgExMTdzUFO75,Secret Societies/Forbbiden History of Europe,Forbidden History of Europe Vol. IV.pdf,7632451,UNIQUE_CANDIDATE,,OPEN,,,NO_EXACT_NAME_SIZE_PEER
drive:file:1re8Mvse0fXb1NhtVpO-NntVegfKnfWDz,1re8Mvse0fXb1NhtVpO-NntVegfKnfWDz,Secret Societies/Forbbiden History of Europe,Forbidden History of Europe Vol. II.pdf,10335765,UNIQUE_CANDIDATE,,OPEN,,,NO_EXACT_NAME_SIZE_PEER
drive:file:1U5hfmBLRrbflQM8APxPA09sTD9oDjtoU,1U5hfmBLRrbflQM8APxPA09sTD9oDjtoU,Secret Societies/Forbbiden History of Europe,Forbidden History of Europe Vol. I.pdf,14240598,REVIEW_REQUIRED,DUP-448573445133,OPEN,,,EXACT_NAME_SIZE_CANDIDATE_ONLY
drive:file:1EpM6Y22YG6_Z3MtFZ-xLnXiURwYKxNwM,1EpM6Y22YG6_Z3MtFZ-xLnXiURwYKxNwM,Native America,They Came Before Columbus.pdf,52558026,UNIQUE_CANDIDATE,,OPEN,,,NO_EXACT_NAME_SIZE_PEER
drive:file:1jvah9RilJV2CToWga-t2KyUjghjT3Hqp,1jvah9RilJV2CToWga-t2KyUjghjT3Hqp,Native America,A Brief Account of the Destruction of theIndies (1).pdf,58469,UNIQUE_CANDIDATE,,OPEN,,,NO_EXACT_NAME_SIZE_PEER
drive:file:19EvxpboEjoyH5PnoVzjzKZNiqgBU7eMh,19EvxpboEjoyH5PnoVzjzKZNiqgBU7eMh,Native America,The Indian Question.pdf,13954447,UNIQUE_CANDIDATE,,OPEN,,,NO_EXACT_NAME_SIZE_PEER
drive:file:11mXssLnJDtZx0w3ls3iYFEHIebWq8sMX,11mXssLnJDtZx0w3ls3iYFEHIebWq8sMX,Native America,Myths of the New World.pdf,22218907,UNIQUE_CANDIDATE,,OPEN,,,NO_EXACT_NAME_SIZE_PEER
drive:file:18IP5DyI_Bv7n_OPeM2CXpFCWCo94YeeQ,18IP5DyI_Bv7n_OPeM2CXpFCWCo94YeeQ,Native America,A Brief Account of the Destruction of theIndies.pdf,58469,UNIQUE_CANDIDATE,,OPEN,,,NO_EXACT_NAME_SIZE_PEER
drive:file:18728J1JYDdLZAUX6-hELqfxTcdON-sGc,18728J1JYDdLZAUX6-hELqfxTcdON-sGc,Native America/The Native Races Wild Tribes,The Native Races Wild Tribes - Vol. IV.pdf,77485468,UNIQUE_CANDIDATE,,OPEN,,,NO_EXACT_NAME_SIZE_PEER
drive:file:10JBejjVCWChdjYVVn61dO6h8W_11gv0j,10JBejjVCWChdjYVVn61dO6h8W_11gv0j,Native America/The Native Races Wild Tribes,The Native Races Wild Tribes - Vol. III.pdf,68593230,UNIQUE_CANDIDATE,,OPEN,,,NO_EXACT_NAME_SIZE_PEER
drive:file:12d17UN4CAbNAma-gYOl9IlEZLlGoIXLy,12d17UN4CAbNAma-gYOl9IlEZLlGoIXLy,Native America/The Native Races Wild Tribes,The Native Races Wild Tribes - Vol. V.pdf,70765433,UNIQUE_CANDIDATE,,OPEN,,,NO_EXACT_NAME_SIZE_PEER
drive:file:1RhqbBhJuw1Z-scuJ6vgdjQWtWROICEns,1RhqbBhJuw1Z-scuJ6vgdjQWtWROICEns,Native America/The Native Races Wild Tribes,The Native Races Wild Tribes - Vol. I.pdf,80774555,UNIQUE_CANDIDATE,,OPEN,,,NO_EXACT_NAME_SIZE_PEER
drive:file:1K2IlT0GVBvewHHEKWVEXwh3LpQRHaT46,1K2IlT0GVBvewHHEKWVEXwh3LpQRHaT46,Language,Dictionary of Deities and Demons in the Bible.pdf,66728944,REVIEW_REQUIRED,DUP-F95B227AB6F6,OPEN,,,EXACT_NAME_SIZE_CANDIDATE_ONLY
drive:file:1zPDrhV3JM4RmXiXniwPfXVWgZgNaMfZb,1zPDrhV3JM4RmXiXniwPfXVWgZgNaMfZb,Language,Etymology of Latin and Greek.pdf,14769570,REVIEW_REQUIRED,DUP-8CE08E94896C,OPEN,,,EXACT_NAME_SIZE_CANDIDATE_ONLY
drive:file:1nvzS3lzIsdwEc6fdnID-HlBhnL_F1SC6,1nvzS3lzIsdwEc6fdnID-HlBhnL_F1SC6,Language,Legislative Expression.pdf,581350,REVIEW_REQUIRED,DUP-F302968C3CD6,OPEN,,,EXACT_NAME_SIZE_CANDIDATE_ONLY
drive:file:1HhJ_eGixFjrxtSLldQ2m-R-5Cz2p72kK,1HhJ_eGixFjrxtSLldQ2m-R-5Cz2p72kK,Language,The Devils Dictionary.pdf,367879,UNIQUE_CANDIDATE,,OPEN,,,NO_EXACT_NAME_SIZE_PEER
drive:file:14_pg933mloPnc-0QEl0qCGq7Rp0OF4NS,14_pg933mloPnc-0QEl0qCGq7Rp0OF4NS,Language,Propaganda.pdf,1342781,REVIEW_REQUIRED,DUP-378D7773B8A7,OPEN,,,EXACT_NAME_SIZE_CANDIDATE_ONLY
drive:file:1bWe72cYtJi89IHkGNqc0owfLSy18DS5X,1bWe72cYtJi89IHkGNqc0owfLSy18DS5X,Slavery + Racism,A History of the Struggle for Slavery.pdf,21860385,UNIQUE_CANDIDATE,,OPEN,,,NO_EXACT_NAME_SIZE_PEER
drive:file:1n7iql1yoS--q7mBsPgyK134rkksF2mKK,1n7iql1yoS--q7mBsPgyK134rkksF2mKK,Slavery + Racism,A Defence of Negro Slavery As It Exists.pdf,7254410,UNIQUE_CANDIDATE,,OPEN,,,NO_EXACT_NAME_SIZE_PEER
drive:file:1RvMmdLwCmEnfapnBoyjonp77kLtXaQP-,1RvMmdLwCmEnfapnBoyjonp77kLtXaQP-,Slavery + Racism,A Debate on Slavery.pdf,19325502,UNIQUE_CANDIDATE,,OPEN,,,NO_EXACT_NAME_SIZE_PEER
drive:file:19avHHvHsW-bikGccC3PBhAI0KgkJktJr,19avHHvHsW-bikGccC3PBhAI0KgkJktJr,Slavery + Racism,Henry Berry on the Abolition of Slavery.pdf,591726,UNIQUE_CANDIDATE,,OPEN,,,NO_EXACT_NAME_SIZE_PEER
drive:file:1bfU0SPfchnXNqFNiHv-Uekx54-IH9Is3,1bfU0SPfchnXNqFNiHv-Uekx54-IH9Is3,Slavery + Racism,Education of the Negro Prior to 1861.pdf,3849232,UNIQUE_CANDIDATE,,OPEN,,,NO_EXACT_NAME_SIZE_PEER
drive:file:1-pnSn_kiA3eL6_BKv2G-suw3Qcas4jSx,1-pnSn_kiA3eL6_BKv2G-suw3Qcas4jSx,Slavery + Racism,The Mis-Education of the Negro.pdf,3660133,UNIQUE_CANDIDATE,,OPEN,,,NO_EXACT_NAME_SIZE_PEER
drive:file:1OWLZKX5_DyZPA6pVjHDAdVTkSVwMkqtL,1OWLZKX5_DyZPA6pVjHDAdVTkSVwMkqtL,Slavery + Racism,The Five Black Presidents.pdf,2311631,UNIQUE_CANDIDATE,,OPEN,,,NO_EXACT_NAME_SIZE_PEER
drive:file:1pHhoxO7lavIsQpaLjH4H8tUE-Zs1ll1t,1pHhoxO7lavIsQpaLjH4H8tUE-Zs1ll1t,Slavery + Racism,Hitler and the Secret Societies.pdf,296211,UNIQUE_CANDIDATE,,OPEN,,,NO_EXACT_NAME_SIZE_PEER
drive:file:13ek4ydUCnTNUMC0iVKdTPuWFZcWmw7Dj,13ek4ydUCnTNUMC0iVKdTPuWFZcWmw7Dj,Slavery + Racism,The International Jew.pdf,2545367,UNIQUE_CANDIDATE,,OPEN,,,NO_EXACT_NAME_SIZE_PEER
drive:file:19L1UlxpeNv-cQUR57s7xYnX85fi-uBt1,19L1UlxpeNv-cQUR57s7xYnX85fi-uBt1,Slavery + Racism,Mein Kampf.pdf,2516996,UNIQUE_CANDIDATE,,OPEN,,,NO_EXACT_NAME_SIZE_PEER
drive:file:1VXlQxRNSfzSXlHwgiZzSw8aWQtDqoo24,1VXlQxRNSfzSXlHwgiZzSw8aWQtDqoo24,Numerology,The-Greek_Qabalah_Alphabetic-Mysticism-and-Numerology-in-the-Ancient-World.pdf,29229099,UNIQUE_CANDIDATE,,OPEN,,,NO_EXACT_NAME_SIZE_PEER
drive:file:1O0H9_NoDFHKxR6f8RIeR3Sv55YeathwP,1O0H9_NoDFHKxR6f8RIeR3Sv55YeathwP,Numerology,Numerology_the_Complete_Guide_Vol-2__-_Mathew_Olive_Goodwin.pdf,17734589,UNIQUE_CANDIDATE,,OPEN,,,NO_EXACT_NAME_SIZE_PEER
drive:file:1NoU2X6GORe621NFc4Tocj15CGLSyHluu,1NoU2X6GORe621NFc4Tocj15CGLSyHluu,Numerology,Numerology_the_Complete_Guide_Vol-1-_Mathew_Olive_Goodwin.pdf,17578748,UNIQUE_CANDIDATE,,OPEN,,,NO_EXACT_NAME_SIZE_PEER
drive:file:1_fcs7y5irr44G31s-11y8UQ4tnpPIv8E,1_fcs7y5irr44G31s-11y8UQ4tnpPIv8E,Numerology,The_Secret_Science_of_Numerology-_Shirley_Blackwell_Lawrence.pdf,1190876,UNIQUE_CANDIDATE,,OPEN,,,NO_EXACT_NAME_SIZE_PEER
drive:file:1x_Pmk9fdl4_ih-YYTawP3aYITKO5wP5U,1x_Pmk9fdl4_ih-YYTawP3aYITKO5wP5U,Numerology,Numbers - Their Occult Power and Mystic Virtues.pdf,820779,UNIQUE_CANDIDATE,,OPEN,,,NO_EXACT_NAME_SIZE_PEER
drive:file:19B4WhIt_9pMpPPNoirKA-Lua8FOpC75a,19B4WhIt_9pMpPPNoirKA-Lua8FOpC75a,Numerology,The Secret Science of Numerology.pdf,1111100,UNIQUE_CANDIDATE,,OPEN,,,NO_EXACT_NAME_SIZE_PEER
drive:file:1XdXQONZMQomxVDskSJzgnPaWSv7KIGjx,1XdXQONZMQomxVDskSJzgnPaWSv7KIGjx,Numerology,On the Metaphysics of Numbers.pdf,9584252,REVIEW_REQUIRED,DUP-877B163AAF69,OPEN,,,EXACT_NAME_SIZE_CANDIDATE_ONLY
drive:file:1fRogfdqS9ApqRnN4NE-_XeIU1XOwgX9h,1fRogfdqS9ApqRnN4NE-_XeIU1XOwgX9h,Psychology,The_Machinery_of_the_Mind.pdf,213926,UNIQUE_CANDIDATE,,OPEN,,,NO_EXACT_NAME_SIZE_PEER
drive:file:1_cwxrqa_4I3RIboK3mkcBrcoRxdM-br-,1_cwxrqa_4I3RIboK3mkcBrcoRxdM-br-,Psychology,"Being There - Putting Brain, Body and World Together Again.pdf",39740063,UNIQUE_CANDIDATE,,OPEN,,,NO_EXACT_NAME_SIZE_PEER
drive:file:1yeBZYdtRtBFYatpCR4bedAM-NKlZQdmK,1yeBZYdtRtBFYatpCR4bedAM-NKlZQdmK,Psychology,Essential Sources in the Scientific Study of Consciousness.pdf,11413205,UNIQUE_CANDIDATE,,OPEN,,,NO_EXACT_NAME_SIZE_PEER
drive:file:1tTQ9SA6vHbTquxH-LVLPWGQ4LfmrcT71,1tTQ9SA6vHbTquxH-LVLPWGQ4LfmrcT71,Psychology,Hidden Determinants of Human Behavior.pdf,49071201,UNIQUE_CANDIDATE,,OPEN,,,NO_EXACT_NAME_SIZE_PEER
drive:file:1lHxrBoNRRoDb9PLDp23fCR5aK_HNj6MS,1lHxrBoNRRoDb9PLDp23fCR5aK_HNj6MS,Psychology,Collection of Papers Concerning Consciousness.pdf,14148565,UNIQUE_CANDIDATE,,OPEN,,,NO_EXACT_NAME_SIZE_PEER
drive:file:128syHv-tg0CrU_hJXB8ryUpce_txkFj9,128syHv-tg0CrU_hJXB8ryUpce_txkFj9,Psychology,Cosmic Consciousness - A Study in the Evolution of the Human Mind.pdf,58469,UNIQUE_CANDIDATE,,OPEN,,,NO_EXACT_NAME_SIZE_PEER
drive:file:1qXltn6CJy121qWTqsBx6MXzaF-hvOM9q,1qXltn6CJy121qWTqsBx6MXzaF-hvOM9q,Psychology,Brain Facts - A Primer on the Brain and Nervous System.pdf,826807,UNIQUE_CANDIDATE,,OPEN,,,NO_EXACT_NAME_SIZE_PEER
drive:file:1TPPt0NuTjZRvw3Y4eLdXqmlQtsOouT14,1TPPt0NuTjZRvw3Y4eLdXqmlQtsOouT14,Psychology,Readings in Philosophy and Cognitive Science.pdf,58469,UNIQUE_CANDIDATE,,OPEN,,,NO_EXACT_NAME_SIZE_PEER
drive:file:1W--2ehHTjbmQdjIbVNpIKUVL9EjADrL2,1W--2ehHTjbmQdjIbVNpIKUVL9EjADrL2,Psychology,Insanity in Ancient and Modern Life.pdf,12305186,UNIQUE_CANDIDATE,,OPEN,,,NO_EXACT_NAME_SIZE_PEER
drive:file:1jSEJeLHfOjpa6dtvAVAbCMLfoS9V9ibg,1jSEJeLHfOjpa6dtvAVAbCMLfoS9V9ibg,Psychology,Phenomenal Concepts and Phenomenal Knowledge.pdf,1334396,UNIQUE_CANDIDATE,,OPEN,,,NO_EXACT_NAME_SIZE_PEER
drive:file:1t6MzTy5e925XONpBHZTsWQev3QwZYKwT,1t6MzTy5e925XONpBHZTsWQev3QwZYKwT,Psychology,"Brainchildren, Essays on Designing Minds.pdf",3019721,UNIQUE_CANDIDATE,,OPEN,,,NO_EXACT_NAME_SIZE_PEER
drive:file:1zfSJfW4GU3dWVNHvf9Cy8g0jmqxhcX3z,1zfSJfW4GU3dWVNHvf9Cy8g0jmqxhcX3z,Psychology,Foundations of Cognitive Psychology.pdf,13503360,UNIQUE_CANDIDATE,,OPEN,,,NO_EXACT_NAME_SIZE_PEER
drive:file:1q6ClTJqzI8XRyQk8ELgJYJolbRU8Nqsc,1q6ClTJqzI8XRyQk8ELgJYJolbRU8Nqsc,Psychology,Beyond the Cognitive Map.pdf,52108265,UNIQUE_CANDIDATE,,OPEN,,,NO_EXACT_NAME_SIZE_PEER
drive:file:1tIPZ18rRJJatJSOPR3BtLmlm5zuw5hHi,1tIPZ18rRJJatJSOPR3BtLmlm5zuw5hHi,Psychology,Neuroscience at a Glance.pdf,37547283,UNIQUE_CANDIDATE,,OPEN,,,NO_EXACT_NAME_SIZE_PEER
drive:file:1s7-WFZh95N6hgX17eTEg6eGlUx3mKWkf,1s7-WFZh95N6hgX17eTEg6eGlUx3mKWkf,Psychology,Where Cognitive Science Went Wrong.pdf,739370,UNIQUE_CANDIDATE,,OPEN,,,NO_EXACT_NAME_SIZE_PEER
drive:file:16vMlWQQrt0Q5CbmWpr8ctkgn1394T-E8,16vMlWQQrt0Q5CbmWpr8ctkgn1394T-E8,Psychology,Content and Consciousness.pdf,10173323,UNIQUE_CANDIDATE,,OPEN,,,NO_EXACT_NAME_SIZE_PEER
drive:file:1fpV6cy8R-7wMU2557GpVreTP0ECPTl6k,1fpV6cy8R-7wMU2557GpVreTP0ECPTl6k,Psychology,Hellenistic Philosophy of Mind.pdf,509701,UNIQUE_CANDIDATE,,OPEN,,,NO_EXACT_NAME_SIZE_PEER
drive:file:1J3OntOkZGKR2dANmy9UUg2Nq66be7qnf,1J3OntOkZGKR2dANmy9UUg2Nq66be7qnf,Psychology,The Philosophy of Mind.pdf,35490187,UNIQUE_CANDIDATE,,OPEN,,,NO_EXACT_NAME_SIZE_PEER
drive:file:1qevI6OWtS5XKTf-rrVWBcEgklXmLw-X-,1qevI6OWtS5XKTf-rrVWBcEgklXmLw-X-,Psychology,Thinking About Consciousness.pdf,687802,UNIQUE_CANDIDATE,,OPEN,,,NO_EXACT_NAME_SIZE_PEER
drive:file:1F-X5FLdCB5-9hThrkx16rWuTVDNyY_sd,1F-X5FLdCB5-9hThrkx16rWuTVDNyY_sd,Psychology,Principles Of Neurology.pdf,11524169,UNIQUE_CANDIDATE,,OPEN,,,NO_EXACT_NAME_SIZE_PEER
drive:file:1PXdFYLRgoxRiIsHv_cvV_riNoP5DUu53,1PXdFYLRgoxRiIsHv_cvV_riNoP5DUu53,Psychology,Explaining Behavior.pdf,30017664,UNIQUE_CANDIDATE,,OPEN,,,NO_EXACT_NAME_SIZE_PEER
drive:file:1tp274cf8AeJRXxaPKrwbBnOtTJTDP6-v,1tp274cf8AeJRXxaPKrwbBnOtTJTDP6-v,Psychology,"Brain, Vision, Memory.pdf",2754257,UNIQUE_CANDIDATE,,OPEN,,,NO_EXACT_NAME_SIZE_PEER
drive:file:17rzrvtxw0NGyVOtgQy6ub76QTdGbdnly,17rzrvtxw0NGyVOtgQy6ub76QTdGbdnly,Psychology,Grounding Cognition.pdf,5807323,REVIEW_REQUIRED,DUP-5104B690FFF6,OPEN,,,EXACT_NAME_SIZE_CANDIDATE_ONLY
drive:file:1Uim_kDZ7q7ze53xx0yG3TjeALOqBuUNh,1Uim_kDZ7q7ze53xx0yG3TjeALOqBuUNh,Psychology,Perception and Reason.pdf,758358,UNIQUE_CANDIDATE,,OPEN,,,NO_EXACT_NAME_SIZE_PEER
drive:file:1VhJ01DSSukKQYol9S-vSP4lqB9IDxCCs,1VhJ01DSSukKQYol9S-vSP4lqB9IDxCCs,Psychology,Essential Neurology.pdf,3253132,REVIEW_REQUIRED,DUP-C2BE5EA0B0A2,OPEN,,,EXACT_NAME_SIZE_CANDIDATE_ONLY
drive:file:1dVklG4mrgZVT1liJC5gg3_udP6G3I53D,1dVklG4mrgZVT1liJC5gg3_udP6G3I53D,Psychology,Associative Engines.pdf,36850001,UNIQUE_CANDIDATE,,OPEN,,,NO_EXACT_NAME_SIZE_PEER
drive:file:1dEWMYDtI7HlHO-tBvhZLlLq6MQvEaMOg,1dEWMYDtI7HlHO-tBvhZLlLq6MQvEaMOg,Psychology,Beyond the Physical.pdf,3757857,UNIQUE_CANDIDATE,,OPEN,,,NO_EXACT_NAME_SIZE_PEER
drive:file:1uqR_MkNo-pa040jvhCwTdAKMo1QFi-T_,1uqR_MkNo-pa040jvhCwTdAKMo1QFi-T_,Psychology,Biorobotics.pdf,46065912,UNIQUE_CANDIDATE,,OPEN,,,NO_EXACT_NAME_SIZE_PEER
drive:file:1tIURiH6pmx6Jen83CwY2-ONkr9XvQ7D8,1tIURiH6pmx6Jen83CwY2-ONkr9XvQ7D8,Psychology,Making Up the Mind.pdf,4117509,UNIQUE_CANDIDATE,,OPEN,,,NO_EXACT_NAME_SIZE_PEER
drive:file:1--fisEYzqe9sNp1El5QSpzS61r5jP8Hl,1--fisEYzqe9sNp1El5QSpzS61r5jP8Hl,Psychology,The Conscious Mind.pdf,1168182,UNIQUE_CANDIDATE,,OPEN,,,NO_EXACT_NAME_SIZE_PEER
drive:file:16-l7oCYuRO9cBUVuIAURy_JUeM-f_vdD,16-l7oCYuRO9cBUVuIAURy_JUeM-f_vdD,Psychology,Neuroanatomy.pdf,5641419,UNIQUE_CANDIDATE,,OPEN,,,NO_EXACT_NAME_SIZE_PEER
drive:file:18sw6Xw5uBUQ53yWaRrkXHJksoHuxRmb5,18sw6Xw5uBUQ53yWaRrkXHJksoHuxRmb5,Psychology,Neuroscience.pdf,58469,UNIQUE_CANDIDATE,,OPEN,,,NO_EXACT_NAME_SIZE_PEER
drive:file:1H3G5pLJBWwrfXx2ch00Sp4neA27ZY_X8,1H3G5pLJBWwrfXx2ch00Sp4neA27ZY_X8,Psychology,Motivation-and-Personality-Maslow.pdf,5545436,UNIQUE_CANDIDATE,,OPEN,,,NO_EXACT_NAME_SIZE_PEER
drive:file:1HVeuSuaurXdHCAywWa2nt3WyumEEl99j,1HVeuSuaurXdHCAywWa2nt3WyumEEl99j,Psychology,The-power-of-positive-living-1950.pdf,26399882,UNIQUE_CANDIDATE,,OPEN,,,NO_EXACT_NAME_SIZE_PEER
drive:file:1_e6FeHzcLC9VH15Pyw_JCgKvE2aVr_F-,1_e6FeHzcLC9VH15Pyw_JCgKvE2aVr_F-,Psychology,power-subconscious-mind.pdf,715622,UNIQUE_CANDIDATE,,OPEN,,,NO_EXACT_NAME_SIZE_PEER
drive:file:1Nh8XcuP7FM4wdWp07oSQCIA3pRuzffbY,1Nh8XcuP7FM4wdWp07oSQCIA3pRuzffbY,Psychology/Complete works of John Locke,The Works of John Locke - Vol. IX.pdf,49090023,UNIQUE_CANDIDATE,,OPEN,,,NO_EXACT_NAME_SIZE_PEER
drive:file:1Qahh7tCDyEn8C8oYc9A3cfRfvyl-oTqH,1Qahh7tCDyEn8C8oYc9A3cfRfvyl-oTqH,Psychology/Complete works of John Locke,The Works of John Locke - Vol. VII.pdf,38742328,UNIQUE_CANDIDATE,,OPEN,,,NO_EXACT_NAME_SIZE_PEER
drive:file:1PLiEy60gCrqeTF807-yaqFKqDFmEQQ7d,1PLiEy60gCrqeTF807-yaqFKqDFmEQQ7d,Psychology/Complete works of John Locke,The Works of John Locke - Vol. V.pdf,51667989,UNIQUE_CANDIDATE,,OPEN,,,NO_EXACT_NAME_SIZE_PEER
drive:file:1Nf6F6kmCfenkQ_C-2400BXMb9Y37rcs7,1Nf6F6kmCfenkQ_C-2400BXMb9Y37rcs7,Psychology/Complete works of John Locke,The Works of John Locke - Vol. VI.pdf,27698013,UNIQUE_CANDIDATE,,OPEN,,,NO_EXACT_NAME_SIZE_PEER
drive:file:1YOTNJrD0ON68lJagNRLi8QOmN1EOVKJZ,1YOTNJrD0ON68lJagNRLi8QOmN1EOVKJZ,Psychology/Complete works of John Locke,The Works of John Locke - Vol. III.pdf,44148288,UNIQUE_CANDIDATE,,OPEN,,,NO_EXACT_NAME_SIZE_PEER
drive:file:11CT1CtcjkaPekvFLs1ZOxcXefEmDcO6H,11CT1CtcjkaPekvFLs1ZOxcXefEmDcO6H,Psychology/Complete works of John Locke,The Works of John Locke - Vol. II.pdf,43269284,UNIQUE_CANDIDATE,,OPEN,,,NO_EXACT_NAME_SIZE_PEER
drive:file:19kiWeAGDuD-sPBFEmCPHJZs2lT6rAFLn,19kiWeAGDuD-sPBFEmCPHJZs2lT6rAFLn,Psychology/Complete works of John Locke,The Works of John Locke - Vol. I.pdf,52349318,UNIQUE_CANDIDATE,,OPEN,,,NO_EXACT_NAME_SIZE_PEER
drive:file:1fSpN99n3hDEn8vECDUi9usfvizdgzppv,1fSpN99n3hDEn8vECDUi9usfvizdgzppv,Psychology/Complete works of John Locke,The Works of John Locke - Vol. IV.pdf,42971652,UNIQUE_CANDIDATE,,OPEN,,,NO_EXACT_NAME_SIZE_PEER
drive:file:1mU2U0HejPgb3eXVhAybd6s109QOfHe9F,1mU2U0HejPgb3eXVhAybd6s109QOfHe9F,Sufism,Ibn-Al-Arabi-Tarjuman-Al-Ashwaq.pdf,6816803,REVIEW_REQUIRED,DUP-AE43CA9D6042,OPEN,,,EXACT_NAME_SIZE_CANDIDATE_ONLY
drive:file:1WThwOLaHE8-uTVZ4_b0c99nwFXSsFMj0,1WThwOLaHE8-uTVZ4_b0c99nwFXSsFMj0,Sufism,Mystics-of-Islam.pdf,580102,UNIQUE_CANDIDATE,,OPEN,,,NO_EXACT_NAME_SIZE_PEER
drive:file:1Zy__gXYulefzB-pBQsV32Z9ZUfkWIALG,1Zy__gXYulefzB-pBQsV32Z9ZUfkWIALG,Sufism,Burckhardt-Titus-Introduction-to-Sufi-Doctrine-2008.pdf,1244229,UNIQUE_CANDIDATE,,OPEN,,,NO_EXACT_NAME_SIZE_PEER
drive:file:1zOiHiDQHzsmnLPk1rt-t4QTp-BFwOhm8,1zOiHiDQHzsmnLPk1rt-t4QTp-BFwOhm8,Science/Selected works by Niels Bohr,The-Theory-of-Spectra-and-Atomic-Constitution.pdf,1972988,UNIQUE_CANDIDATE,,OPEN,,,NO_EXACT_NAME_SIZE_PEER
drive:file:1yD9g4T57US-sukgeAE-3ycJI62McSI8C,1yD9g4T57US-sukgeAE-3ycJI62McSI8C,Science/Selected works by Niels Bohr,The-Quantum-Theory-of-Line-Spectra.pdf,1621506,UNIQUE_CANDIDATE,,OPEN,,,NO_EXACT_NAME_SIZE_PEER
drive:file:1Ssgaw08307TFFeDFmbc_oAFu7DwQMmNv,1Ssgaw08307TFFeDFmbc_oAFu7DwQMmNv,Science/Selected works by Niels Bohr,Atomic-Physics-and-Human-Knowledge.pdf,11891788,UNIQUE_CANDIDATE,,OPEN,,,NO_EXACT_NAME_SIZE_PEER
drive:file:1MphANMrjfqb5TwfvqmL4Wntfi513Mihu,1MphANMrjfqb5TwfvqmL4Wntfi513Mihu,Theosophy,William_Q._Judge_-_The_Ocean_of_Theosophy.pdf,13245849,UNIQUE_CANDIDATE,,OPEN,,,NO_EXACT_NAME_SIZE_PEER
drive:file:1oKUjvCpnvVnDNX5lMCll7U7eEeJFVCTu,1oKUjvCpnvVnDNX5lMCll7U7eEeJFVCTu,Theosophy,The-common-foundation-for-religions (1).pdf,150048,UNIQUE_CANDIDATE,,OPEN,,,NO_EXACT_NAME_SIZE_PEER
drive:file:1ieROIUi--g5647CI9pkTnowZ4uQ8OZh3,1ieROIUi--g5647CI9pkTnowZ4uQ8OZh3,Theosophy/Powell,Arthur_E_Powell_-_The_Etheric_Double_-_The_Health_Aura_of_Man.pdf,763323,UNIQUE_CANDIDATE,,OPEN,,,NO_EXACT_NAME_SIZE_PEER
drive:file:1De4iClGsUx9WeXXR6cMIgVfDQyILFGRv,1De4iClGsUx9WeXXR6cMIgVfDQyILFGRv,Theosophy/Powell,Arthur_E_Powell_-_The_Mental_Body.pdf,1485538,UNIQUE_CANDIDATE,,OPEN,,,NO_EXACT_NAME_SIZE_PEER
drive:file:1LsfjxEKxdAc0iNEjT6YLge46GTnjgeE3,1LsfjxEKxdAc0iNEjT6YLge46GTnjgeE3,Theosophy/Powell,Arthur_E_Powell_-_The_Causal_Body___The_Ego.pdf,3402095,UNIQUE_CANDIDATE,,OPEN,,,NO_EXACT_NAME_SIZE_PEER
drive:file:11ExRR0xTRw4n6KeXvNOY0JYGp3lfYhgb,11ExRR0xTRw4n6KeXvNOY0JYGp3lfYhgb,Theosophy/Annie Besant,.DS_Store,6148,TECHNICAL_EXCLUSION,DUP-01F2B2A55085,CLOSED,,,DS_STORE
drive:file:14smWQIuKkL51-Tdy04FkghjfV32wU5M8,14smWQIuKkL51-Tdy04FkghjfV32wU5M8,Theosophy/Annie Besant,An_Introduction_to_Yoga_-By_Annie_Besant.pdf,424548,REVIEW_REQUIRED,DUP-FD9D9EAE3F62,OPEN,,,EXACT_NAME_SIZE_CANDIDATE_ONLY
drive:file:1Yp-XO5Vfr4kEUbMtpOtPPakmhU93UvxG,1Yp-XO5Vfr4kEUbMtpOtPPakmhU93UvxG,Theosophy/Annie Besant,Annie_Besant_-_Theosophy.pdf,7623470,UNIQUE_CANDIDATE,,OPEN,,,NO_EXACT_NAME_SIZE_PEER
drive:file:1nOgtZjLLmr6JlhclI4hXQRUvF2W6Q5F_,1nOgtZjLLmr6JlhclI4hXQRUvF2W6Q5F_,Theosophy/Annie Besant,Annie_Besant_-_In_The_Outer_Court.pdf,11996451,UNIQUE_CANDIDATE,,OPEN,,,NO_EXACT_NAME_SIZE_PEER
drive:file:1KQVOL9L9fic9kA8_jbXwOGpdf3e62Bzp,1KQVOL9L9fic9kA8_jbXwOGpdf3e62Bzp,Theosophy/Blavatsky,.DS_Store,6148,TECHNICAL_EXCLUSION,DUP-01F2B2A55085,CLOSED,,,DS_STORE
drive:file:1v0SN8SAeO5Ke5ghocaqCtfSrz9bnPGYz,1v0SN8SAeO5Ke5ghocaqCtfSrz9bnPGYz,Theosophy/Blavatsky,Blavatsky - The Key To Theosophy (1889).pdf,9691872,UNIQUE_CANDIDATE,,OPEN,,,NO_EXACT_NAME_SIZE_PEER
drive:file:1Uh62E8To3rbveJuLrCkDof5rmipDWYRj,1Uh62E8To3rbveJuLrCkDof5rmipDWYRj,Theosophy/Blavatsky,H.P._Blavatsky_-_Voice_of_the_Silence.pdf,638725,UNIQUE_CANDIDATE,,OPEN,,,NO_EXACT_NAME_SIZE_PEER
drive:file:1exk2PKpW1fx0lDmGaNyIsXO-K1ClMdJV,1exk2PKpW1fx0lDmGaNyIsXO-K1ClMdJV,Theosophy/Blavatsky,H.P._Blavatsky_-_The_Secret_Doctrine-2_Anthropogenesis.pdf,1578315,UNIQUE_CANDIDATE,,OPEN,,,NO_EXACT_NAME_SIZE_PEER
drive:file:1GRf1lEPYmiDJRgEg_Tna6KSSMt7amnP0,1GRf1lEPYmiDJRgEg_Tna6KSSMt7amnP0,Theosophy/Blavatsky,H.P._Blavatsky_-_The_Secret_Doctrine-1_Cosmogenesis.pdf,1310442,UNIQUE_CANDIDATE,,OPEN,,,NO_EXACT_NAME_SIZE_PEER
drive:file:1gWK_PnouGwAH1Eb3wz8o1KXOP9T8wLAP,1gWK_PnouGwAH1Eb3wz8o1KXOP9T8wLAP,Theosophy/Blavatsky,H.P._Blavatsky_-_Theosophical_Glossary.pdf,2779666,UNIQUE_CANDIDATE,,OPEN,,,NO_EXACT_NAME_SIZE_PEER
drive:file:1BizGcmRbpFkuka1C5xqq6tiU7E3x6iF-,1BizGcmRbpFkuka1C5xqq6tiU7E3x6iF-,Theosophy/Blavatsky,H.P._Blavatsky_-_Isis_Unveiled_V_I.pdf,5672328,UNIQUE_CANDIDATE,,OPEN,,,NO_EXACT_NAME_SIZE_PEER
drive:file:1gaKAqpEvHCN0nzUX_0VFGt3PVrd7CHJw,1gaKAqpEvHCN0nzUX_0VFGt3PVrd7CHJw,Theosophy/Blavatsky,H.P._Blavatsky_-_Studies_in_Occultism.pdf,418625,UNIQUE_CANDIDATE,,OPEN,,,NO_EXACT_NAME_SIZE_PEER
drive:file:1xRpP7QdtZswpYWR9OEEs_HruvM7AlbZL,1xRpP7QdtZswpYWR9OEEs_HruvM7AlbZL,Theosophy/Blavatsky,H.P._Blavatsky_-_Isis_Unveiled_V_II.pdf,5943926,UNIQUE_CANDIDATE,,OPEN,,,NO_EXACT_NAME_SIZE_PEER
drive:file:1VO-P1WuGSCa112FJ3zuUEuMmKAyFJv6C,1VO-P1WuGSCa112FJ3zuUEuMmKAyFJv6C,Theosophy/Leadbeater,Charles_W._Leadbeater_-_The_Hidden_Life_in_Freemasonry.pdf,1473276,UNIQUE_CANDIDATE,,OPEN,,,NO_EXACT_NAME_SIZE_PEER
drive:file:1MadHyjEonYakpptVlE_sHyDsxRMQt9ya,1MadHyjEonYakpptVlE_sHyDsxRMQt9ya,Theosophy/Leadbeater,Clairvoyant_Observations_on_the_Chemical_Elements_By_Annie_Besant.pdf,339393,UNIQUE_CANDIDATE,,OPEN,,,NO_EXACT_NAME_SIZE_PEER
drive:file:1a3jKUKIryRN0XB6uxr_oBfkKaVOAcBE5,1a3jKUKIryRN0XB6uxr_oBfkKaVOAcBE5,Theosophy/Leadbeater,.DS_Store,6148,TECHNICAL_EXCLUSION,DUP-01F2B2A55085,CLOSED,,,DS_STORE
drive:file:1Ld7n6_IqkKLV4NZgESPja8LEyTKEk4DN,1Ld7n6_IqkKLV4NZgESPja8LEyTKEk4DN,Theosophy/Leadbeater,The_Astral_Plane_By_Charles_Leadbeater.pdf,332288,REVIEW_REQUIRED,DUP-53B17C56E11C,OPEN,,,EXACT_NAME_SIZE_CANDIDATE_ONLY
drive:file:1AXcpYFiI5LJ93nj5eP6Dt2YXiCgcxkWi,1AXcpYFiI5LJ93nj5eP6Dt2YXiCgcxkWi,Theosophy/Leadbeater,C.W._Leadbeater_-_The_Life_After_Death_and_How_Theosophy_Unveils_It.pdf,4309597,UNIQUE_CANDIDATE,,OPEN,,,NO_EXACT_NAME_SIZE_PEER
drive:file:1u4gfnLmO359AWZS_ZIw-vL9nOF2vvtrM,1u4gfnLmO359AWZS_ZIw-vL9nOF2vvtrM,Theosophy/Leadbeater,C.W._Leadbeater_-_An_Outline_of_Theosophy.pdf,4225392,UNIQUE_CANDIDATE,,OPEN,,,NO_EXACT_NAME_SIZE_PEER
drive:file:1ve3qEAEnBw5fzozmejD3tXaI25-pf8-u,1ve3qEAEnBw5fzozmejD3tXaI25-pf8-u,Theosophy/Leadbeater,C.W.Leadbeater_-_The_Devachanic_Plane.pdf,6344904,UNIQUE_CANDIDATE,,OPEN,,,NO_EXACT_NAME_SIZE_PEER
drive:file:1JvneTNYTDfePLicUBM2R40pS11IhM-8v,1JvneTNYTDfePLicUBM2R40pS11IhM-8v,The Fourth Way,Gurdjieff-Life-is-Only-Real-When-I-Am.pdf,3326968,UNIQUE_CANDIDATE,,OPEN,,,NO_EXACT_NAME_SIZE_PEER
drive:file:1EBj4xtEI6r2BsInfM3r7JhJ-v5wD7uQM,1EBj4xtEI6r2BsInfM3r7JhJ-v5wD7uQM,The Fourth Way,GURDJIEFF-G.I.-THE-HERALD-OF-COMING-GOOD.pdf,1050675,UNIQUE_CANDIDATE,,OPEN,,,NO_EXACT_NAME_SIZE_PEER
drive:file:1R-WfgUsLnXqfAFvoOutr7-b1NWmT_2Da,1R-WfgUsLnXqfAFvoOutr7-b1NWmT_2Da,The Fourth Way,G.-Gurdjieffs-Institure-for-the-Harmonious-Development-of-Man.pdf,170302,REVIEW_REQUIRED,DUP-64C4B08AE08D,OPEN,,,EXACT_NAME_SIZE_CANDIDATE_ONLY
drive:file:1c2KZuI_Uj7pVgYI0xouxw9a5MfptN0An,1c2KZuI_Uj7pVgYI0xouxw9a5MfptN0An,The Fourth Way,The-Herald-of-Harmony.pdf,642380,UNIQUE_CANDIDATE,,OPEN,,,NO_EXACT_NAME_SIZE_PEER
drive:file:1Kewar7rNfyOMSoOJGJJ1xv2OMRGOYhQZ,1Kewar7rNfyOMSoOJGJJ1xv2OMRGOYhQZ,The Fourth Way,OrageGurdjieffMeetingNotes_text.pdf,22549885,UNIQUE_CANDIDATE,,OPEN,,,NO_EXACT_NAME_SIZE_PEER
drive:file:1fIvt3Frw2HjPF4b5ibm48D0-RQ6sSRQ-,1fIvt3Frw2HjPF4b5ibm48D0-RQ6sSRQ-,The Fourth Way,On-Love-A.-R.-Orage.pdf,166575,UNIQUE_CANDIDATE,,OPEN,,,NO_EXACT_NAME_SIZE_PEER
drive:file:1HIejyq42Y6r9hzt_RojQ8B15B1MDePlt,1HIejyq42Y6r9hzt_RojQ8B15B1MDePlt,The Fourth Way,The-Enneagram-A-Developmental-Study.pdf,235972,UNIQUE_CANDIDATE,,OPEN,,,NO_EXACT_NAME_SIZE_PEER
drive:file:1jCpUzZ0L8NYmShV6IN-Jd1CZ5qQPrCcQ,1jCpUzZ0L8NYmShV6IN-Jd1CZ5qQPrCcQ,Reference,The-First-Six-Books-of-The-Elements-of-Euclid.pdf,12067673,UNIQUE_CANDIDATE,,OPEN,,,NO_EXACT_NAME_SIZE_PEER
drive:file:1HEyIHcapNwNGwEjz-ze2zPQvW5xHpCF5,1HEyIHcapNwNGwEjz-ze2zPQvW5xHpCF5,Radical Liberations,U.G.-Krishnamurti-Thought-is-Your-Enemy.pdf,447893,UNIQUE_CANDIDATE,,OPEN,,,NO_EXACT_NAME_SIZE_PEER
drive:file:15JiMNy9qSuFkc-SdIljRw7JrFQdSH01S,15JiMNy9qSuFkc-SdIljRw7JrFQdSH01S,Radical Liberations,Prologues.pdf,733674,UNIQUE_CANDIDATE,,OPEN,,,NO_EXACT_NAME_SIZE_PEER
drive:file:1lj0JbRtX0tAu8bo9zUSe9UdQ_JOHgVIJ,1lj0JbRtX0tAu8bo9zUSe9UdQ_JOHgVIJ,Radical Liberations,The-One-Step-Path.pdf,744634,UNIQUE_CANDIDATE,,OPEN,,,NO_EXACT_NAME_SIZE_PEER
drive:file:1v2tV-S1v8cRrXugRBK-yCcW4KLs6GkNQ,1v2tV-S1v8cRrXugRBK-yCcW4KLs6GkNQ,Radical Liberations,TheFreeSoul.pdf,482533,UNIQUE_CANDIDATE,,OPEN,,,NO_EXACT_NAME_SIZE_PEER
drive:file:1WOnWi8JmqxEvyHJwQ-ev4qSDaMgNbg6a,1WOnWi8JmqxEvyHJwQ-ev4qSDaMgNbg6a,Radical Liberations,How I Found Freedom in an Unfree World.pdf,1432287,REVIEW_REQUIRED,DUP-DF387F89FF1A,OPEN,,,EXACT_NAME_SIZE_CANDIDATE_ONLY
drive:file:1zUqySTWFieDP50xiDZCsD_jpURGPPUbZ,1zUqySTWFieDP50xiDZCsD_jpURGPPUbZ,Sikh,JapJi.pdf,5998499,UNIQUE_CANDIDATE,,OPEN,,,NO_EXACT_NAME_SIZE_PEER
drive:file:1Xpi_X1i07KIu5fpXHVrcyMIq_lxN7aFQ,1Xpi_X1i07KIu5fpXHVrcyMIq_lxN7aFQ,Poison Path,psychedelic_shamanism.pdf,3797464,REVIEW_REQUIRED,DUP-48DCF71E4DE9,OPEN,,,EXACT_NAME_SIZE_CANDIDATE_ONLY
drive:file:1Y6ZTxeLNpB1T5Q_kHURknIKktaMjbQed,1Y6ZTxeLNpB1T5Q_kHURknIKktaMjbQed,Poison Path,Hallucinogenic-Plants-A-Golden-Guide.pdf,9407560,REVIEW_REQUIRED,DUP-A305925B802C,OPEN,,,EXACT_NAME_SIZE_CANDIDATE_ONLY
drive:file:1CNA22ndeNZYOH70TH5ABnF0GShXqPUPm,1CNA22ndeNZYOH70TH5ABnF0GShXqPUPm,Poison Path,Magic-Mushrooms-around-the-world.pdf,7679382,REVIEW_REQUIRED,DUP-64C3CB7490A9,OPEN,,,EXACT_NAME_SIZE_CANDIDATE_ONLY
drive:file:1BQ1TbhF68K8Cww6wh75q32EoniRg4q7m,1BQ1TbhF68K8Cww6wh75q32EoniRg4q7m,Poison Path,Psychedelic-information-theory-Shamanism-in-the-age-of-Reason.pdf,6202650,REVIEW_REQUIRED,DUP-CAE55458D32D,OPEN,,,EXACT_NAME_SIZE_CANDIDATE_ONLY
drive:file:1ar_4RM_YBVPIbJNEXO2S7ZDvIu0DGXVB,1ar_4RM_YBVPIbJNEXO2S7ZDvIu0DGXVB,Poison Path,Meahuasca.pdf,30620885,UNIQUE_CANDIDATE,,OPEN,,,NO_EXACT_NAME_SIZE_PEER
drive:file:1sn6g6aNysIvuKph6WP0r8g6swyf-2Gqj,1sn6g6aNysIvuKph6WP0r8g6swyf-2Gqj,Uncategorized,The-Philosophy-of-Spiritual-Activity-Rudolph-Steiner.pdf,457849,UNIQUE_CANDIDATE,,OPEN,,,NO_EXACT_NAME_SIZE_PEER
drive:file:1qeVaqEkZ-_3ajeTWcY25tb7ED1_m6w2Q,1qeVaqEkZ-_3ajeTWcY25tb7ED1_m6w2Q,Uncategorized,Native-American-Spirituality-Path-of-Heart-Don-Juan-Matus-Eagle-and-Others.pdf,481180,UNIQUE_CANDIDATE,,OPEN,,,NO_EXACT_NAME_SIZE_PEER
drive:file:1SQpUIk7KWOo8nVwWGKDvT1-ggax6aPla,1SQpUIk7KWOo8nVwWGKDvT1-ggax6aPla,Uncategorized,Views_from_the_Real_World_-_Gurdjieff.pdf,1169802,UNIQUE_CANDIDATE,,OPEN,,,NO_EXACT_NAME_SIZE_PEER
drive:file:1e0rHNHUqMZJlAWU1H62ey1N4nHZL73uw,1e0rHNHUqMZJlAWU1H62ey1N4nHZL73uw,Uncategorized,Mara-and-the-Mangala-by-Ajahn-Amaro.pdf,4769677,UNIQUE_CANDIDATE,,OPEN,,,NO_EXACT_NAME_SIZE_PEER
drive:file:1yhnkd6ziGX0FWCRN5f0BvniLo1WEWDEQ,1yhnkd6ziGX0FWCRN5f0BvniLo1WEWDEQ,Uncategorized,The-Discourse-on-the-Snake-Simile.pdf,303066,UNIQUE_CANDIDATE,,OPEN,,,NO_EXACT_NAME_SIZE_PEER
drive:file:1e8AUZoNWf1WqKqAdHdL8CFTu-hdF2jJA,1e8AUZoNWf1WqKqAdHdL8CFTu-hdF2jJA,Uncategorized,Belcher-Mosaic-Glass.pdf,6042601,UNIQUE_CANDIDATE,,OPEN,,,NO_EXACT_NAME_SIZE_PEER
drive:file:1vCXK2oOwZ9wr-LARBZugmKN0m0X_-IB7,1vCXK2oOwZ9wr-LARBZugmKN0m0X_-IB7,Uncategorized,Apollo-11-Flight-Plan.pdf,8311463,UNIQUE_CANDIDATE,,OPEN,,,NO_EXACT_NAME_SIZE_PEER
drive:file:1BF-gER2tEeP-Pel-CGPKZsRlSLnVc3nd,1BF-gER2tEeP-Pel-CGPKZsRlSLnVc3nd,Uncategorized,The-Lie-Behind-the-Lie-Detector.pdf,5293711,UNIQUE_CANDIDATE,,OPEN,,,NO_EXACT_NAME_SIZE_PEER
drive:file:10dEjuK5STet7csMiuBOW8Tb3HDzeCjZx,10dEjuK5STet7csMiuBOW8Tb3HDzeCjZx,Uncategorized,The-Concise-Buddhist-Monastic-Code.pdf,6572848,UNIQUE_CANDIDATE,,OPEN,,,NO_EXACT_NAME_SIZE_PEER
drive:file:1RIQP6fQHq096ac6ACNa3pMlVe3fK2lLI,1RIQP6fQHq096ac6ACNa3pMlVe3fK2lLI,Uncategorized,Casey-Jones.pdf,7321017,UNIQUE_CANDIDATE,,OPEN,,,NO_EXACT_NAME_SIZE_PEER
drive:file:1UCLHGbRcrYWVQUseYWkShrYkGlMcz5N9,1UCLHGbRcrYWVQUseYWkShrYkGlMcz5N9,Philosophy,Gurdjieff-Enneagram-and-the-Fourth-Way.pdf,852648,UNIQUE_CANDIDATE,,OPEN,,,NO_EXACT_NAME_SIZE_PEER
drive:file:1XhPNNoac-z_hX-dAMtLZLUpkuOfxMJDq,1XhPNNoac-z_hX-dAMtLZLUpkuOfxMJDq,Philosophy,Krishnamurti-Eight-Conversations.pdf,107782,UNIQUE_CANDIDATE,,OPEN,,,NO_EXACT_NAME_SIZE_PEER
drive:file:10ZkQ_PbvuwjCVUrSxKy1f4kMhmDEXM2c,10ZkQ_PbvuwjCVUrSxKy1f4kMhmDEXM2c,Philosophy,J-Krishnamurti-Action-and-Relationship.pdf,51822,UNIQUE_CANDIDATE,,OPEN,,,NO_EXACT_NAME_SIZE_PEER
drive:file:1ojJnw_fObRAULVl1NreHNH0yHNFpHFX4,1ojJnw_fObRAULVl1NreHNH0yHNFpHFX4,Philosophy,The-Struggle-of-the-Magicians-Gurdjieff1.pdf,98604,UNIQUE_CANDIDATE,,OPEN,,,NO_EXACT_NAME_SIZE_PEER
drive:file:1o6I5IXmKK5EsbtBhexgRLyYN9Vbn8xt8,1o6I5IXmKK5EsbtBhexgRLyYN9Vbn8xt8,Philosophy,Ouspensky-The-Psychology-of-Mans-Possible-Evolution.pdf,1730845,UNIQUE_CANDIDATE,,OPEN,,,NO_EXACT_NAME_SIZE_PEER
drive:file:1luPLKwoHbxWdIfzPCQ6YNmxvL7-GixiB,1luPLKwoHbxWdIfzPCQ6YNmxvL7-GixiB,Philosophy,Network-of-Thought-Krishnamurti-ebook.pdf,706457,UNIQUE_CANDIDATE,,OPEN,,,NO_EXACT_NAME_SIZE_PEER
drive:file:1EOOF4MW7gTf6cpXoX6m0Py_uFZuoHRsH,1EOOF4MW7gTf6cpXoX6m0Py_uFZuoHRsH,Philosophy,Jiddu-Khrisnamurti-Life-Ahead.pdf,678101,UNIQUE_CANDIDATE,,OPEN,,,NO_EXACT_NAME_SIZE_PEER
drive:file:1hqyatKpi8qaBeqzQWQBeuKBBRENiajIz,1hqyatKpi8qaBeqzQWQBeuKBBRENiajIz,Philosophy,The-First-And-Last-Freedom.pdf,624314,UNIQUE_CANDIDATE,,OPEN,,,NO_EXACT_NAME_SIZE_PEER
drive:file:1CiPJYSSznEsYr0ApL7b9DtRUu70X5e7y,1CiPJYSSznEsYr0ApL7b9DtRUu70X5e7y,Philosophy,J-Krishnamurti-Education-and-the-Significance-of-life.pdf,431389,UNIQUE_CANDIDATE,,OPEN,,,NO_EXACT_NAME_SIZE_PEER
drive:file:1aCkbs4M4AFF32mVoEvN8f3MWn0WhuIbP,1aCkbs4M4AFF32mVoEvN8f3MWn0WhuIbP,Philosophy,Krishnamurti-Public-Talks-in-Washington-DC-1985.pdf,326390,UNIQUE_CANDIDATE,,OPEN,,,NO_EXACT_NAME_SIZE_PEER
drive:file:18szw9c23EjlOsNn2F29TSKRRa6Kol3qQ,18szw9c23EjlOsNn2F29TSKRRa6Kol3qQ,Philosophy,Krishnamurti-Meditations-1969.pdf,218293,UNIQUE_CANDIDATE,,OPEN,,,NO_EXACT_NAME_SIZE_PEER
drive:file:1K5WZzSDpaTn1jBrbqO87J-K3IlX15-nP,1K5WZzSDpaTn1jBrbqO87J-K3IlX15-nP,Philosophy,CLF-TheEnneagram-Gurdjieff.pdf,106179,REVIEW_REQUIRED,DUP-A8751A8977F4,OPEN,,,EXACT_NAME_SIZE_CANDIDATE_ONLY
drive:file:1u7e0lmGR7xjbrnqfprN6pv8jinnffKG6,1u7e0lmGR7xjbrnqfprN6pv8jinnffKG6,Philosophy,Jiddu-Krishnamurti-at-Los-Alamos-1984.pdf,146877,UNIQUE_CANDIDATE,,OPEN,,,NO_EXACT_NAME_SIZE_PEER
drive:file:11F1UlMihZhinZ8dcWe_Axvy4UvwiT8ZT,11F1UlMihZhinZ8dcWe_Axvy4UvwiT8ZT,Philosophy,The-Way-of-Intelligence-by-Jiddu-Krishnamurti.pdf,812836,UNIQUE_CANDIDATE,,OPEN,,,NO_EXACT_NAME_SIZE_PEER
drive:file:1ACw2hRK5qbGESs75LHauVa7VvIXDMuZh,1ACw2hRK5qbGESs75LHauVa7VvIXDMuZh,Philosophy,Jiddu-Krishnamurti-On-Education.pdf,530810,UNIQUE_CANDIDATE,,OPEN,,,NO_EXACT_NAME_SIZE_PEER
drive:file:1p03kv9HxpJn6bM42F86ealXl0Onw1g6D,1p03kv9HxpJn6bM42F86ealXl0Onw1g6D,Philosophy,Timothy-Leary-Psychedelic-Prayers.pdf,325509,REVIEW_REQUIRED,DUP-7F64DA783E5B,OPEN,,,EXACT_NAME_SIZE_CANDIDATE_ONLY
drive:file:17tEUp0r42Y2408B59EO-TJhFzuq8YGTE,17tEUp0r42Y2408B59EO-TJhFzuq8YGTE,Philosophy,The-Urgency-of-Change-Krishnamurti.pdf,492720,UNIQUE_CANDIDATE,,OPEN,,,NO_EXACT_NAME_SIZE_PEER
drive:file:1dpF_OQs1V0RZjyfTEPfVqrq6sdSD5Ukm,1dpF_OQs1V0RZjyfTEPfVqrq6sdSD5Ukm,Philosophy,Freedom_from_the_Known.pdf,1753846,UNIQUE_CANDIDATE,,OPEN,,,NO_EXACT_NAME_SIZE_PEER
drive:file:1AY0BQ0jXYYaCdyjgFNzOtwo9TPWCS7p_,1AY0BQ0jXYYaCdyjgFNzOtwo9TPWCS7p_,Philosophy,Tertium-Organum-by-P-D-Ouspensky.pdf,2678937,UNIQUE_CANDIDATE,,OPEN,,,NO_EXACT_NAME_SIZE_PEER
drive:file:1EHX_OpQUtNehOtpNX-vAltahUmnywKM-,1EHX_OpQUtNehOtpNX-vAltahUmnywKM-,Philosophy,From-Darkness-to-Light-by-Krishnamurti.pdf,408866,UNIQUE_CANDIDATE,,OPEN,,,NO_EXACT_NAME_SIZE_PEER
drive:file:13-_1_usIBtuquSprLrPgbNHSI0Vs4u83,13-_1_usIBtuquSprLrPgbNHSI0Vs4u83,Philosophy,Dream-Psychology-Sigmund-FreudPsychoanalysis-for-Beginners.pdf,735611,UNIQUE_CANDIDATE,,OPEN,,,NO_EXACT_NAME_SIZE_PEER
drive:file:1ae8lzkrf7np6RESVFTFkZ2vfP2SX6BKS,1ae8lzkrf7np6RESVFTFkZ2vfP2SX6BKS,Philosophy,The-Book-of-Five-Rings-by-Musashi-Miyamoto.pdf,271385,REVIEW_REQUIRED,DUP-7B38A1818EAC,OPEN,,,EXACT_NAME_SIZE_CANDIDATE_ONLY
drive:file:1VYgGcswcjPuyskZrSXOgRWsiJaRABpV8,1VYgGcswcjPuyskZrSXOgRWsiJaRABpV8,Philosophy,Talks-With-a-Devil.pdf,986303,UNIQUE_CANDIDATE,,OPEN,,,NO_EXACT_NAME_SIZE_PEER
drive:file:1BCXy2DRe2l01fLne8P3Epce3G2WqP8oN,1BCXy2DRe2l01fLne8P3Epce3G2WqP8oN,Philosophy,The-Theory-of-Conscious-Harmony.pdf,1546627,UNIQUE_CANDIDATE,,OPEN,,,NO_EXACT_NAME_SIZE_PEER
drive:file:1z4OVkPh7iPgjAPQf4rmTWThr9p7XaE-G,1z4OVkPh7iPgjAPQf4rmTWThr9p7XaE-G,Philosophy,joyous_cosmology.pdf,649720,REVIEW_REQUIRED,DUP-AA655945A93B,OPEN,,,EXACT_NAME_SIZE_CANDIDATE_ONLY
drive:file:1QhAyWo3yLzcnXPaR1_77NMS24XsORHku,1QhAyWo3yLzcnXPaR1_77NMS24XsORHku,Philosophy,On-Love-by-Jiddu-Krishnamurti.pdf,40546,UNIQUE_CANDIDATE,,OPEN,,,NO_EXACT_NAME_SIZE_PEER
drive:file:1Pou8KJkr8igrlBt7MD1-29fcFuxW_Z1K,1Pou8KJkr8igrlBt7MD1-29fcFuxW_Z1K,Philosophy,Fantasia-of-the-Unconscious-by-David-Herbert-Lawrence.pdf,775853,UNIQUE_CANDIDATE,,OPEN,,,NO_EXACT_NAME_SIZE_PEER
drive:file:1t1so74QMxh-mW36UkFrIbTP8G30Wbue1,1t1so74QMxh-mW36UkFrIbTP8G30Wbue1,Philosophy,The-No-Nonsense-Guide-to-Enlightenment.pdf,542406,UNIQUE_CANDIDATE,,OPEN,,,NO_EXACT_NAME_SIZE_PEER
drive:file:1e_OOHabNbSc0Lit0W_Cs8qCEGa1gaihj,1e_OOHabNbSc0Lit0W_Cs8qCEGa1gaihj,Philosophy,Radiance-Experiencing-Divine-Presence.pdf,282694,UNIQUE_CANDIDATE,,OPEN,,,NO_EXACT_NAME_SIZE_PEER
drive:file:1EbTTPrpJRzIdkKzRLrSWO4reXqeFaTne,1EbTTPrpJRzIdkKzRLrSWO4reXqeFaTne,Philosophy,Jiddu-Krishnamurti-Questions-and-Answers-1979-80.pdf,356831,UNIQUE_CANDIDATE,,OPEN,,,NO_EXACT_NAME_SIZE_PEER
drive:file:1e1Q6laOvuFgvYh0Xl-80fz3LMsLpyXEA,1e1Q6laOvuFgvYh0Xl-80fz3LMsLpyXEA,Philosophy,Oceanic-Mind.pdf,7237187,UNIQUE_CANDIDATE,,OPEN,,,NO_EXACT_NAME_SIZE_PEER
drive:file:19qVOV_NMSNUGOg0yiv8d9wrxZJgpQ7MY,19qVOV_NMSNUGOg0yiv8d9wrxZJgpQ7MY,Philosophy,Through-Deaths-Gate-A-Guide-to-Selfless-Dying.pdf,559192,UNIQUE_CANDIDATE,,OPEN,,,NO_EXACT_NAME_SIZE_PEER
drive:file:1OCQBoe8-abxeYD80D9E_-f6g6JrSTsMf,1OCQBoe8-abxeYD80D9E_-f6g6JrSTsMf,Philosophy,The-Theory-of-Celestial-Influence.pdf,8132812,UNIQUE_CANDIDATE,,OPEN,,,NO_EXACT_NAME_SIZE_PEER
drive:file:1sGErUeyHgmCR1kgAHiHTEs7Yu2nmkcki,1sGErUeyHgmCR1kgAHiHTEs7Yu2nmkcki,Philosophy,Jiddu-Krishnamurti-You-are-the-World.pdf,492536,UNIQUE_CANDIDATE,,OPEN,,,NO_EXACT_NAME_SIZE_PEER
drive:file:18cm55EPcmHvnppx8d8iXtllt9JBUVPhB,18cm55EPcmHvnppx8d8iXtllt9JBUVPhB,Philosophy,Nietzsche-Human-All-Too-Human-by-Nietzsche.pdf,15923695,UNIQUE_CANDIDATE,,OPEN,,,NO_EXACT_NAME_SIZE_PEER
drive:file:1X_hDNKqPVcFKk_yJ_vNoWYPYc4WjY2Gy,1X_hDNKqPVcFKk_yJ_vNoWYPYc4WjY2Gy,Philosophy,The-Impossible-Question-by-Krishnamurti.pdf,458364,UNIQUE_CANDIDATE,,OPEN,,,NO_EXACT_NAME_SIZE_PEER
drive:file:1uzk4-aAjpJ07vFePiMJpq2ykdoDUPU0H,1uzk4-aAjpJ07vFePiMJpq2ykdoDUPU0H,Philosophy,Krishnamurti-Life-in-Freedom-Early-Writings.pdf,278820,UNIQUE_CANDIDATE,,OPEN,,,NO_EXACT_NAME_SIZE_PEER
drive:file:1WP1LNqUb_UfLXNE9QzXZclXtYNwiP9Et,1WP1LNqUb_UfLXNE9QzXZclXtYNwiP9Et,Philosophy,Phenomenon-of-Man-by-Pierre-Teilhard-de-Chardin.pdf,13230067,UNIQUE_CANDIDATE,,OPEN,,,NO_EXACT_NAME_SIZE_PEER
drive:file:1b-6FHiws8ZkYT2u6sI36x4f9J5UPr64Y,1b-6FHiws8ZkYT2u6sI36x4f9J5UPr64Y,Philosophy,On-Love-Hapiness-by-Pierre-Teilhard-de-Chardin.pdf,3590975,UNIQUE_CANDIDATE,,OPEN,,,NO_EXACT_NAME_SIZE_PEER
drive:file:1zkGKEVTI6qZHJsZCECYnrAdRgeADakoq,1zkGKEVTI6qZHJsZCECYnrAdRgeADakoq,Philosophy,Wake-Up-and-Roar-satsang-with-H.W.L.-Poonja.pdf,7117718,UNIQUE_CANDIDATE,,OPEN,,,NO_EXACT_NAME_SIZE_PEER
drive:file:1O2ePZyZob-nmGJaqoRojKH6JvYGugv1v,1O2ePZyZob-nmGJaqoRojKH6JvYGugv1v,Philosophy,What-is-and-what-will-be.pdf,13195587,UNIQUE_CANDIDATE,,OPEN,,,NO_EXACT_NAME_SIZE_PEER
drive:file:1cL5xFJgwzlJBkLY01N7IgDntADIui953,1cL5xFJgwzlJBkLY01N7IgDntADIui953,Philosophy,The-Only-Revolution.pdf,516167,UNIQUE_CANDIDATE,,OPEN,,,NO_EXACT_NAME_SIZE_PEER
drive:file:1_OGt03p18RNguY0M3v-Siu26RUnwf9It,1_OGt03p18RNguY0M3v-Siu26RUnwf9It,Philosophy,The-Mirror-of-Light.pdf,453237,UNIQUE_CANDIDATE,,OPEN,,,NO_EXACT_NAME_SIZE_PEER
drive:file:143lX9kWIbH9mRe7-MvAz1cwspR5qEw7f,143lX9kWIbH9mRe7-MvAz1cwspR5qEw7f,Philosophy,Five-Converstations-by-Jiddu-Krishnamurti.pdf,83801,UNIQUE_CANDIDATE,,OPEN,,,NO_EXACT_NAME_SIZE_PEER
drive:file:1I1_tyTgcfuQqcfZjIQnP3aSQBxXMuzvt,1I1_tyTgcfuQqcfZjIQnP3aSQBxXMuzvt,Philosophy,The-Future-of-Humanity-by-Krishnamurti.pdf,502208,UNIQUE_CANDIDATE,,OPEN,,,NO_EXACT_NAME_SIZE_PEER
drive:file:1WJJ45hsDUxEMsEjHQUekYnqQDqpY8ogi,1WJJ45hsDUxEMsEjHQUekYnqQDqpY8ogi,Philosophy,Rudolf_Steiner-Knowledge-of-the-Higher-Worlds.pdf,436315,UNIQUE_CANDIDATE,,OPEN,,,NO_EXACT_NAME_SIZE_PEER
drive:file:1WFRiHCWClHJjBrobXNFyd34Lz3z554th,1WFRiHCWClHJjBrobXNFyd34Lz3z554th,Philosophy,The-Gay-Science-by-Friedrich-Nietzsche.pdf,10125164,UNIQUE_CANDIDATE,,OPEN,,,NO_EXACT_NAME_SIZE_PEER
drive:file:1hAHjcQ8GT0CklpBj-tqp6rEzZMDyVg6y,1hAHjcQ8GT0CklpBj-tqp6rEzZMDyVg6y,Philosophy,Rudolf-Steiner-An-Outline-of-Occult-Science.pdf,598016,UNIQUE_CANDIDATE,,OPEN,,,NO_EXACT_NAME_SIZE_PEER
drive:file:1uc15ixwzVNO_z-__fHrbTw4vX3WHCcMI,1uc15ixwzVNO_z-__fHrbTw4vX3WHCcMI,Philosophy,A-Dialogue-With-Oneself-by-J.-Krishnamurti.pdf,153337,UNIQUE_CANDIDATE,,OPEN,,,NO_EXACT_NAME_SIZE_PEER
drive:file:18xTwYG3xNikhuQ7qBOHF_xh8VamScE5G,18xTwYG3xNikhuQ7qBOHF_xh8VamScE5G,Philosophy,Gurdjieff-the-Unknown-Man-by-Kenneth-Walker-M.-D..pdf,51572,UNIQUE_CANDIDATE,,OPEN,,,NO_EXACT_NAME_SIZE_PEER
drive:file:1N4UuCDInUjTtSDnJ8q8tsi1WjFlhFQYf,1N4UuCDInUjTtSDnJ8q8tsi1WjFlhFQYf,Philosophy,The-Book-of-Oneself-by-Krishnamurti.pdf,35977,UNIQUE_CANDIDATE,,OPEN,,,NO_EXACT_NAME_SIZE_PEER
drive:file:10SIiyB7azS1jC7T16z71WBstiop4Aubc,10SIiyB7azS1jC7T16z71WBstiop4Aubc,Philosophy,Jiddu-Krishnamurti-Krishnamurtis-Journal.pdf,505914,UNIQUE_CANDIDATE,,OPEN,,,NO_EXACT_NAME_SIZE_PEER
drive:file:1ceQIQunw6gMQbG7GFSzAH5I-QaBEL9Oi,1ceQIQunw6gMQbG7GFSzAH5I-QaBEL9Oi,Philosophy,The-Flight-of-the-Eagle-by-Krishnamurti.pdf,508101,UNIQUE_CANDIDATE,,OPEN,,,NO_EXACT_NAME_SIZE_PEER
drive:file:1m-XB-XtcPX_KKskufsUCk6W8IabFREQI,1m-XB-XtcPX_KKskufsUCk6W8IabFREQI,Philosophy,The-Flame-Of-Attention.pdf,711600,UNIQUE_CANDIDATE,,OPEN,,,NO_EXACT_NAME_SIZE_PEER
drive:file:1iBUcn7Q3SIiEUdqYQowI9Ob3BDAVgXbA,1iBUcn7Q3SIiEUdqYQowI9Ob3BDAVgXbA,Philosophy,The-Awakening-Of-Intelligence.pdf,1626444,UNIQUE_CANDIDATE,,OPEN,,,NO_EXACT_NAME_SIZE_PEER
drive:file:19Vnu2D6rbc6QCV9l0gfzWWu4x3ErCly_,19Vnu2D6rbc6QCV9l0gfzWWu4x3ErCly_,Philosophy,Mind-Without-Measure-by-Krishnamurti.pdf,719647,UNIQUE_CANDIDATE,,OPEN,,,NO_EXACT_NAME_SIZE_PEER
drive:file:1VnXN2kuxQq_Xj90FfrG1ChbjmAWdagTy,1VnXN2kuxQq_Xj90FfrG1ChbjmAWdagTy,Philosophy,Critique-of-Pure-Reason-by-Immanuel-Kant.pdf,33653755,UNIQUE_CANDIDATE,,OPEN,,,NO_EXACT_NAME_SIZE_PEER
drive:file:1v7ZlyShR5uz_uM60yaUawonyR1CHeCt8,1v7ZlyShR5uz_uM60yaUawonyR1CHeCt8,Philosophy,Ecopsycology-by-Vladimir-Antonov.pdf,2058544,UNIQUE_CANDIDATE,,OPEN,,,NO_EXACT_NAME_SIZE_PEER
drive:file:1RioYBXUL1LsxhuXNCuFD4pvV0ndSDG5q,1RioYBXUL1LsxhuXNCuFD4pvV0ndSDG5q,Philosophy,What-About-Now-by-Gina-Lake.pdf,555873,UNIQUE_CANDIDATE,,OPEN,,,NO_EXACT_NAME_SIZE_PEER
drive:file:1lfEilWaq-kpQPSQAyKNFvSe3GfI31O2q,1lfEilWaq-kpQPSQAyKNFvSe3GfI31O2q,Philosophy,Exploration-into-Insight-J-Krishnamurti.pdf,459555,UNIQUE_CANDIDATE,,OPEN,,,NO_EXACT_NAME_SIZE_PEER
drive:file:1CH0d4TI_IyLOlnLtV2rTQpX16ElLx0Mi,1CH0d4TI_IyLOlnLtV2rTQpX16ElLx0Mi,Philosophy,Beyond-Violence-by-J-Krishnamurti.pdf,613065,UNIQUE_CANDIDATE,,OPEN,,,NO_EXACT_NAME_SIZE_PEER
drive:file:1wnNl-4DqHojtQgfPtJOdSgQBZ_R-5a5i,1wnNl-4DqHojtQgfPtJOdSgQBZ_R-5a5i,Philosophy,Look-at-Yourself-by-John-Sherman.pdf,1623294,UNIQUE_CANDIDATE,,OPEN,,,NO_EXACT_NAME_SIZE_PEER
drive:file:1kl-CDCHuX7y_r9zoJwg8BP09yqennB6_,1kl-CDCHuX7y_r9zoJwg8BP09yqennB6_,Philosophy,Truth-and-Actuality-by-J-Krishanmurti.pdf,1573224,UNIQUE_CANDIDATE,,OPEN,,,NO_EXACT_NAME_SIZE_PEER
drive:file:1gnuZx5Cb70jjkWtKugUyHrTbqxsWAQr0,1gnuZx5Cb70jjkWtKugUyHrTbqxsWAQr0,Philosophy,Food-Of-The-Gods-Terence-Mckenna.pdf,3446277,REVIEW_REQUIRED,DUP-6B2934922052,OPEN,,,EXACT_NAME_SIZE_CANDIDATE_ONLY
drive:file:17Nx736ARkqx16CWBuTU3ew74GcBeOfvP,17Nx736ARkqx16CWBuTU3ew74GcBeOfvP,Philosophy,Tradition-And-Revolution.pdf,614439,UNIQUE_CANDIDATE,,OPEN,,,NO_EXACT_NAME_SIZE_PEER
drive:file:1yCvLzfdn_1qKcRnXCxXnF65EvLJbeWTD,1yCvLzfdn_1qKcRnXCxXnF65EvLJbeWTD,Philosophy,Choiceless-Awareness-by-Krishnamurti.pdf,269149,UNIQUE_CANDIDATE,,OPEN,,,NO_EXACT_NAME_SIZE_PEER
drive:file:1snc28ZBB1kGGcSF-536fjz-m6vZ1RZsn,1snc28ZBB1kGGcSF-536fjz-m6vZ1RZsn,Philosophy,Kants-Critique-of-Pure-Reason.pdf,29484157,UNIQUE_CANDIDATE,,OPEN,,,NO_EXACT_NAME_SIZE_PEER
drive:file:1ilE5xcJ7QuItARXmmRqLvQNJ3FQQRwa9,1ilE5xcJ7QuItARXmmRqLvQNJ3FQQRwa9,Philosophy,On-Life-After-Death.pdf,64050,UNIQUE_CANDIDATE,,OPEN,,,NO_EXACT_NAME_SIZE_PEER
drive:file:1OnszKQVnbjMUYyZRUMFyLppi9zDhLPmF,1OnszKQVnbjMUYyZRUMFyLppi9zDhLPmF,Philosophy,Gateless-Gatecrashers.pdf,2768805,UNIQUE_CANDIDATE,,OPEN,,,NO_EXACT_NAME_SIZE_PEER
drive:file:16ybjvlMOXrxO2Mo6edroLjriGpi7QLsB,16ybjvlMOXrxO2Mo6edroLjriGpi7QLsB,Philosophy,Rudolf-Steiner-Lucifer-Ahriman-Asuras.pdf,451032,UNIQUE_CANDIDATE,,OPEN,,,NO_EXACT_NAME_SIZE_PEER
drive:file:1DEJmBvrmG4yrxWO3Nomq1xCPJd0zIksD,1DEJmBvrmG4yrxWO3Nomq1xCPJd0zIksD,Philosophy,Hegel-Philosophy-of-Right.pdf,797519,UNIQUE_CANDIDATE,,OPEN,,,NO_EXACT_NAME_SIZE_PEER
drive:file:1iKRFaGEzgUi_maLdjTv71TlCkHMyK8Ky,1iKRFaGEzgUi_maLdjTv71TlCkHMyK8Ky,Philosophy,For-Those-Who-Calls-for-Light.pdf,600148,UNIQUE_CANDIDATE,,OPEN,,,NO_EXACT_NAME_SIZE_PEER
drive:file:1RJzM58xHgF4zBgp5PrjEFsxI8uSo3SCo,1RJzM58xHgF4zBgp5PrjEFsxI8uSo3SCo,Philosophy,Philosophy-of-Mind.pdf,429363,UNIQUE_CANDIDATE,,OPEN,,,NO_EXACT_NAME_SIZE_PEER
drive:file:1oglOWAx4hNt6pPhocWwPQcJiYbnZLyrz,1oglOWAx4hNt6pPhocWwPQcJiYbnZLyrz,Philosophy,Living-from-the-heart.pdf,596745,UNIQUE_CANDIDATE,,OPEN,,,NO_EXACT_NAME_SIZE_PEER
drive:file:1feh6Mu7iZx-seZIcgexeHF6rJ5Wj-R1Y,1feh6Mu7iZx-seZIcgexeHF6rJ5Wj-R1Y,Philosophy,Philosophy-is-not-a-Luxury.pdf,6943016,UNIQUE_CANDIDATE,,OPEN,,,NO_EXACT_NAME_SIZE_PEER
drive:file:1XA5CGaHdpP-59Cxdc0onRjkHKsANtgMQ,1XA5CGaHdpP-59Cxdc0onRjkHKsANtgMQ,Philosophy,Fundamental-Philosophy.pdf,1216345,UNIQUE_CANDIDATE,,OPEN,,,NO_EXACT_NAME_SIZE_PEER
drive:file:1ATXc49VZaIOzg5NCORxQDSEb7orwC1Bo,1ATXc49VZaIOzg5NCORxQDSEb7orwC1Bo,Philosophy,William-Blake-and-Jacob-Boehme-Imagination-Experience-and-the-Limitations-of-Reason.pdf.pdf,665161,UNIQUE_CANDIDATE,,OPEN,,,NO_EXACT_NAME_SIZE_PEER
drive:file:1Zqtohxkg4DOrrESNNENYDw1JmRTsjnGH,1Zqtohxkg4DOrrESNNENYDw1JmRTsjnGH,Philosophy,Ethical-Studies-Selected-Essays-by-F.-H.-Bradley.pdf,10936185,UNIQUE_CANDIDATE,,OPEN,,,NO_EXACT_NAME_SIZE_PEER
drive:file:1gIZ80RUrY_DIT0qdIsjT-qtYico5fWqr,1gIZ80RUrY_DIT0qdIsjT-qtYico5fWqr,Philosophy,An-Inquiry-into-the-Nature-of-Causes-of-the-Wealth-of-Nations-by-Adam-Smith.pdf,46038367,UNIQUE_CANDIDATE,,OPEN,,,NO_EXACT_NAME_SIZE_PEER
drive:file:1Z1fYMYlG-19GcBBwu4PDXHwonmcNDjVj,1Z1fYMYlG-19GcBBwu4PDXHwonmcNDjVj,Philosophy,The-Sufism-of-the-Rubaiyat.pdf,1195241,REVIEW_REQUIRED,DUP-F799795C6B67,OPEN,,,EXACT_NAME_SIZE_CANDIDATE_ONLY
drive:file:1lx1XdPRoF5okYj8yTEBNBurDsSbSnRK_,1lx1XdPRoF5okYj8yTEBNBurDsSbSnRK_,Philosophy,The-General-Theory-of-Employment-Interest-and-Money-by-John-Maynard-Keynes.pdf,3447989,UNIQUE_CANDIDATE,,OPEN,,,NO_EXACT_NAME_SIZE_PEER
drive:file:1OATnk3CnuowEsx1RLLaK3OGfVjYcgoTb,1OATnk3CnuowEsx1RLLaK3OGfVjYcgoTb,Philosophy,The-World-as-Will-and-Representation.pdf,14825563,UNIQUE_CANDIDATE,,OPEN,,,NO_EXACT_NAME_SIZE_PEER
drive:file:1f8bfdg5Y3kROeOOjMt9ph1x4RQ3mtO0q,1f8bfdg5Y3kROeOOjMt9ph1x4RQ3mtO0q,Philosophy,The-Prince-by-Nicolo-Machiavelli.pdf,1167294,UNIQUE_CANDIDATE,,OPEN,,,NO_EXACT_NAME_SIZE_PEER
drive:file:1srBLpCax_FrvE2Bd7kFmIIH7BQGs-mmI,1srBLpCax_FrvE2Bd7kFmIIH7BQGs-mmI,Philosophy,Infinite-Consciousness-A-no-nonsense-approach-to-Self-Realisation.pdf,1053445,UNIQUE_CANDIDATE,,OPEN,,,NO_EXACT_NAME_SIZE_PEER
drive:file:16PUm-Rpq6X_f0Q4s4BN26yQ3RgBBUQb-,16PUm-Rpq6X_f0Q4s4BN26yQ3RgBBUQb-,Philosophy,An-Historical-Introduction-to-Modern-Philosophy.pdf,24973043,UNIQUE_CANDIDATE,,OPEN,,,NO_EXACT_NAME_SIZE_PEER
drive:file:1EQ6jz_3qWD8w4oyD02CLXGzoNMMMnB0q,1EQ6jz_3qWD8w4oyD02CLXGzoNMMMnB0q,Philosophy,search_miraculous.pdf,2828697,UNIQUE_CANDIDATE,,OPEN,,,NO_EXACT_NAME_SIZE_PEER
drive:file:1qRIZ1PO-A4SOzRYjxl-T3CYRd9bIej12,1qRIZ1PO-A4SOzRYjxl-T3CYRd9bIej12,Philosophy/Agrippa - Occult Philosophy,3 Books of Agrippa from 1651.pdf,340527278,UNIQUE_CANDIDATE,,OPEN,,,NO_EXACT_NAME_SIZE_PEER
drive:file:1PJ3qR6iKPCFagw8MsVeHWWIyPYv6tI_g,1PJ3qR6iKPCFagw8MsVeHWWIyPYv6tI_g,Philosophy/Agrippa - Occult Philosophy,Agrippa - Occult Philosophy 4.pdf,251636,UNIQUE_CANDIDATE,,OPEN,,,NO_EXACT_NAME_SIZE_PEER
drive:file:1PW-D42ubD1hbePZfSi641HKn_cA1zacv,1PW-D42ubD1hbePZfSi641HKn_cA1zacv,Philosophy/Agrippa - Occult Philosophy,Agrippa - Occult Philosophy 3.pdf,1343725,UNIQUE_CANDIDATE,,OPEN,,,NO_EXACT_NAME_SIZE_PEER
drive:file:1lK44QBlQtnCQ8YwpqUhth6rC2OHgP9h0,1lK44QBlQtnCQ8YwpqUhth6rC2OHgP9h0,Philosophy/Agrippa - Occult Philosophy,Agrippa - Occult Philosophy 2.pdf,466681,UNIQUE_CANDIDATE,,OPEN,,,NO_EXACT_NAME_SIZE_PEER
drive:file:1gyBOxsAGlwLYk84G_gtj18imfNKc1nfG,1gyBOxsAGlwLYk84G_gtj18imfNKc1nfG,Philosophy/Agrippa - Occult Philosophy,Agrippa - Occult Philosophy 1.pdf,714521,UNIQUE_CANDIDATE,,OPEN,,,NO_EXACT_NAME_SIZE_PEER
drive:file:16Zu-An-yDhlLhF72DS-1ISlqmMTr79F2,16Zu-An-yDhlLhF72DS-1ISlqmMTr79F2,Philosophy/A collection of books and writings by Søren Kierkegaard,Works-Of-Love.pdf,15135432,UNIQUE_CANDIDATE,,OPEN,,,NO_EXACT_NAME_SIZE_PEER
drive:file:1nactbWiybJYX8ZZrJPeF9JyPKtphVtHi,1nactbWiybJYX8ZZrJPeF9JyPKtphVtHi,Philosophy/A collection of books and writings by Søren Kierkegaard,Of-the-Difference-Between-a-Genius-and-an-Apostle.pdf,6312720,UNIQUE_CANDIDATE,,OPEN,,,NO_EXACT_NAME_SIZE_PEER
drive:file:1fbb3gMcCwYCfP8OPeoFk9tWp40_ahR6T,1fbb3gMcCwYCfP8OPeoFk9tWp40_ahR6T,Philosophy/A collection of books and writings by Søren Kierkegaard,Selections-From-the-Writings-of-Kierkegaard.pdf,12434358,UNIQUE_CANDIDATE,,OPEN,,,NO_EXACT_NAME_SIZE_PEER
drive:file:1Nrc8zIPje2HIrr5WxuWeWYQxpQh4fLlW,1Nrc8zIPje2HIrr5WxuWeWYQxpQh4fLlW,Philosophy/A collection of books and writings by Søren Kierkegaard,Kierkegaards-Attack-Upon-Christendom.pdf,13634335,UNIQUE_CANDIDATE,,OPEN,,,NO_EXACT_NAME_SIZE_PEER
drive:file:1TN2oIlXfzvLRFnZ9tD_c7UvPm-RnKCiG,1TN2oIlXfzvLRFnZ9tD_c7UvPm-RnKCiG,Philosophy/A collection of books and writings by Søren Kierkegaard,Edifying-Discourse-A-Selection.pdf,14616269,UNIQUE_CANDIDATE,,OPEN,,,NO_EXACT_NAME_SIZE_PEER
drive:file:1tHgIt0OeCSlsbnU7n-N9rxvBeX_NqYAs,1tHgIt0OeCSlsbnU7n-N9rxvBeX_NqYAs,Philosophy/A collection of books and writings by Søren Kierkegaard,Training-In-Christianity-And-The-Edifying-Discourse.pdf,28050749,UNIQUE_CANDIDATE,,OPEN,,,NO_EXACT_NAME_SIZE_PEER
drive:file:1RIquggjQKlJiDtWn6DexNml4YBdZRtB_,1RIquggjQKlJiDtWn6DexNml4YBdZRtB_,Philosophy/A collection of books and writings by Søren Kierkegaard,Thee-Discourses.pdf,5445536,UNIQUE_CANDIDATE,,OPEN,,,NO_EXACT_NAME_SIZE_PEER
drive:file:1SVzNFhada7dO_BopBZRjLi-eOMjRol_y,1SVzNFhada7dO_BopBZRjLi-eOMjRol_y,Philosophy/The Mother – Collected Works Volume 1 – 17,17MoreAnswersFromTheMother.pdf,1617710,UNIQUE_CANDIDATE,,OPEN,,,NO_EXACT_NAME_SIZE_PEER
drive:file:1kds-rx8zQ6BMKK1jQWRPsOI-RVTSmQuX,1kds-rx8zQ6BMKK1jQWRPsOI-RVTSmQuX,Philosophy/The Mother – Collected Works Volume 1 – 17,16SomeAnswersFromTheMother.pdf,1206647,UNIQUE_CANDIDATE,,OPEN,,,NO_EXACT_NAME_SIZE_PEER
drive:file:1aFP6G8YVBH47QlE7mK639zd5gPqY5eSq,1aFP6G8YVBH47QlE7mK639zd5gPqY5eSq,Philosophy/The Mother – Collected Works Volume 1 – 17,15WordsOfTheMother-III.pdf,1791870,UNIQUE_CANDIDATE,,OPEN,,,NO_EXACT_NAME_SIZE_PEER
drive:file:1PLZPQXo4lb4EOToOk1E3N7wzxqjTRc8_,1PLZPQXo4lb4EOToOk1E3N7wzxqjTRc8_,Philosophy/The Mother – Collected Works Volume 1 – 17,14WordsOfTheMother-II.pdf,1459545,UNIQUE_CANDIDATE,,OPEN,,,NO_EXACT_NAME_SIZE_PEER
drive:file:1N5pmmJau3yu07ZMDcqPY2L3Qhit83Q7-,1N5pmmJau3yu07ZMDcqPY2L3Qhit83Q7-,Philosophy/The Mother – Collected Works Volume 1 – 17,13WordsOfTheMother-I.pdf,2421644,UNIQUE_CANDIDATE,,OPEN,,,NO_EXACT_NAME_SIZE_PEER
drive:file:1XuTVtjfICGhwSQ4RK7qAHP-czALhQTDJ,1XuTVtjfICGhwSQ4RK7qAHP-czALhQTDJ,Philosophy/The Mother – Collected Works Volume 1 – 17,12OnEducation.pdf,2243537,UNIQUE_CANDIDATE,,OPEN,,,NO_EXACT_NAME_SIZE_PEER
drive:file:1YJdP6xP1Av9-FJfFF3-H1BELDSUhG7WP,1YJdP6xP1Av9-FJfFF3-H1BELDSUhG7WP,Philosophy/The Mother – Collected Works Volume 1 – 17,11NotesOnTheWay.pdf,1084686,UNIQUE_CANDIDATE,,OPEN,,,NO_EXACT_NAME_SIZE_PEER
drive:file:1NXhrKi8VkNY8gMl503BkoFJ-ihL_HBFR,1NXhrKi8VkNY8gMl503BkoFJ-ihL_HBFR,Philosophy/The Mother – Collected Works Volume 1 – 17,10OnThoughtsAndAphorisms.pdf,1191702,UNIQUE_CANDIDATE,,OPEN,,,NO_EXACT_NAME_SIZE_PEER
drive:file:1SJJ90zZxljBfeVLK1ZYzre0sbRcMXjm5,1SJJ90zZxljBfeVLK1ZYzre0sbRcMXjm5,Philosophy/The Mother – Collected Works Volume 1 – 17,09QuestionsAndAnswers1957-1958.pdf,1310303,UNIQUE_CANDIDATE,,OPEN,,,NO_EXACT_NAME_SIZE_PEER
drive:file:1y-rSX9l1gElRcye7RfxN5HnToCqV2QAc,1y-rSX9l1gElRcye7RfxN5HnToCqV2QAc,Philosophy/The Mother – Collected Works Volume 1 – 17,08QuestionsAndAnswers1956.pdf,1281992,UNIQUE_CANDIDATE,,OPEN,,,NO_EXACT_NAME_SIZE_PEER
drive:file:10_dT0hsJfuYfpcV7Ko23bsJVMbaTcs08,10_dT0hsJfuYfpcV7Ko23bsJVMbaTcs08,Philosophy/The Mother – Collected Works Volume 1 – 17,07QuestionsAndAnswers1955.pdf,1326116,UNIQUE_CANDIDATE,,OPEN,,,NO_EXACT_NAME_SIZE_PEER
drive:file:1SFaMEX1wUvhRICjCp79Zkkz_gqUwpm8r,1SFaMEX1wUvhRICjCp79Zkkz_gqUwpm8r,Philosophy/The Mother – Collected Works Volume 1 – 17,06QuestionsAndAnswers1954.pdf,1412638,UNIQUE_CANDIDATE,,OPEN,,,NO_EXACT_NAME_SIZE_PEER
drive:file:1Fe1RFAE23Y2GgEWDYW7JFJ96KyxgjpND,1Fe1RFAE23Y2GgEWDYW7JFJ96KyxgjpND,Philosophy/The Mother – Collected Works Volume 1 – 17,05QuestionsAndAnswers1953.pdf,1346324,UNIQUE_CANDIDATE,,OPEN,,,NO_EXACT_NAME_SIZE_PEER
drive:file:12XvhPbyuiWqUggT2VQJXB3LMVRCgrw4M,12XvhPbyuiWqUggT2VQJXB3LMVRCgrw4M,Philosophy/The Mother – Collected Works Volume 1 – 17,04QuestionsAndAnswers1950-1951.pdf,1278948,UNIQUE_CANDIDATE,,OPEN,,,NO_EXACT_NAME_SIZE_PEER
drive:file:1KyZNGy5jeyOShP9Wsr7lDzUPZajy5fg-,1KyZNGy5jeyOShP9Wsr7lDzUPZajy5fg-,Philosophy/The Mother – Collected Works Volume 1 – 17,03QuestionsAndAnswers1929-1931.pdf,957464,UNIQUE_CANDIDATE,,OPEN,,,NO_EXACT_NAME_SIZE_PEER
drive:file:1zQvWR-qAQG08nZz8pSNm2w7-irPJpQt1,1zQvWR-qAQG08nZz8pSNm2w7-irPJpQt1,Philosophy/The Mother – Collected Works Volume 1 – 17,02WordsOfLongAgo.pdf,905423,UNIQUE_CANDIDATE,,OPEN,,,NO_EXACT_NAME_SIZE_PEER
drive:file:1jfdyPDRmtIjcxy1SWH1EdzJfqmJ-C4fg,1jfdyPDRmtIjcxy1SWH1EdzJfqmJ-C4fg,Philosophy/The Mother – Collected Works Volume 1 – 17,01PrayersAndMeditations.pdf,978063,UNIQUE_CANDIDATE,,OPEN,,,NO_EXACT_NAME_SIZE_PEER
drive:file:1qS9AyLg2dR-_EBmNRhMjPp1pfqH-32um,1qS9AyLg2dR-_EBmNRhMjPp1pfqH-32um,"Philosophy/Commentaries on Living I, II and III by Jiddu Krishnamurti",Commentaries-on-Living-Part-3.pdf,948249,UNIQUE_CANDIDATE,,OPEN,,,NO_EXACT_NAME_SIZE_PEER
drive:file:1_uUGqdRLjCOin0Odgi1CRDfvP2k2gf0j,1_uUGqdRLjCOin0Odgi1CRDfvP2k2gf0j,"Philosophy/Commentaries on Living I, II and III by Jiddu Krishnamurti",Commentaries-on-Living-Part-2.pdf,660301,UNIQUE_CANDIDATE,,OPEN,,,NO_EXACT_NAME_SIZE_PEER
drive:file:1EJvB_HcjttzJL2unnXYqElA7Im8_ynRP,1EJvB_HcjttzJL2unnXYqElA7Im8_ynRP,"Philosophy/Commentaries on Living I, II and III by Jiddu Krishnamurti",Commentaries-on-living-part-1.pdf,686123,UNIQUE_CANDIDATE,,OPEN,,,NO_EXACT_NAME_SIZE_PEER
drive:file:1Nt6BUWUybz0IikVtq4ObX2wwf5V1BijK,1Nt6BUWUybz0IikVtq4ObX2wwf5V1BijK,Philosophy/A Record of Meetings & A Further Record by Ouspensky,A-Further-Record.pdf,1505012,UNIQUE_CANDIDATE,,OPEN,,,NO_EXACT_NAME_SIZE_PEER
drive:file:106BpUR0PZSDL3VmRPVZJXFiddKtySgJC,106BpUR0PZSDL3VmRPVZJXFiddKtySgJC,Philosophy/A Record of Meetings & A Further Record by Ouspensky,A-Record-of-Meetings.pdf,4191449,UNIQUE_CANDIDATE,,OPEN,,,NO_EXACT_NAME_SIZE_PEER
drive:file:1O-ykgRl0L3bidSqEHSGwNPKlMANJW4Dp,1O-ykgRl0L3bidSqEHSGwNPKlMANJW4Dp,Philosophy/Selected works by Albert Einstein,Relativity-The-Special-and-the-General-Theory.pdf,5904538,UNIQUE_CANDIDATE,,OPEN,,,NO_EXACT_NAME_SIZE_PEER
drive:file:1QdkZsoYaoc208i-TPyymohS9mBXtUgNR,1QdkZsoYaoc208i-TPyymohS9mBXtUgNR,Philosophy/Selected works by Albert Einstein,Principle-of-Relativity.pdf,11595997,UNIQUE_CANDIDATE,,OPEN,,,NO_EXACT_NAME_SIZE_PEER
drive:file:1n0SirbcI3IRAk-q1lcmThYx0OSD2lKwc,1n0SirbcI3IRAk-q1lcmThYx0OSD2lKwc,Philosophy/Selected works by Albert Einstein,The-Meaning-of-Relativity.pdf,6644338,UNIQUE_CANDIDATE,,OPEN,,,NO_EXACT_NAME_SIZE_PEER
drive:file:11jnPYcJWxe_7CXVcw_rUeTpPSzbLYoTt,11jnPYcJWxe_7CXVcw_rUeTpPSzbLYoTt,Philosophy/Selected works by Albert Einstein,Sidelights-on-Relativity.pdf,3543267,UNIQUE_CANDIDATE,,OPEN,,,NO_EXACT_NAME_SIZE_PEER
drive:file:18fh8t0MpUVsjVU4szx5aAufRMYbgHETx,18fh8t0MpUVsjVU4szx5aAufRMYbgHETx,Philosophy/Leaves of Morya’s Garden by Master Morya and Helena Roerich,Leaves-of-Moryas-Garden-II.pdf,561123,UNIQUE_CANDIDATE,,OPEN,,,NO_EXACT_NAME_SIZE_PEER
drive:file:1iPbh-bY5d2Lxv6vGgPiugT_xQe5HxlU_,1iPbh-bY5d2Lxv6vGgPiugT_xQe5HxlU_,Philosophy/Leaves of Morya’s Garden by Master Morya and Helena Roerich,Leaves-of-Moryas-Garden-I.pdf,436910,UNIQUE_CANDIDATE,,OPEN,,,NO_EXACT_NAME_SIZE_PEER
drive:file:1BqKE7Vg0kETlk7qupITDAW4WtOVbsVpz,1BqKE7Vg0kETlk7qupITDAW4WtOVbsVpz,Philosophy/The Frankfurt School writings – Selected works by Karl Mannheim,Dictatorship-and-Political-Police-The-Technique-of-Control-by-Fear.pdf,50755155,UNIQUE_CANDIDATE,,OPEN,,,NO_EXACT_NAME_SIZE_PEER
drive:file:1B8RAGWiasoAnhgUEWPusUCY0QQSNlkpR,1B8RAGWiasoAnhgUEWPusUCY0QQSNlkpR,Philosophy/The Frankfurt School writings – Selected works by Karl Mannheim,Man-and-Society-in-an-Age-of-Reconstruction-Studies-in-Modern-Social-Structure.pdf,32594359,UNIQUE_CANDIDATE,,OPEN,,,NO_EXACT_NAME_SIZE_PEER
drive:file:1lmqwZ_qTr5MhIfEiXUEj7o6k90AtMPhD,1lmqwZ_qTr5MhIfEiXUEj7o6k90AtMPhD,Philosophy/The Frankfurt School writings – Selected works by Karl Mannheim,Ideology-and-Utopia-An-Introduction-to-Sociology-of-Knowledge.pdf,17058928,UNIQUE_CANDIDATE,,OPEN,,,NO_EXACT_NAME_SIZE_PEER
drive:file:15_Q0-Rw9S92qhKNKq6vH5ApwE7xxk7Ct,15_Q0-Rw9S92qhKNKq6vH5ApwE7xxk7Ct,Occultism,The-Hermetical-triumph.pdf,8045757,UNIQUE_CANDIDATE,,OPEN,,,NO_EXACT_NAME_SIZE_PEER
drive:file:1gRQHECH5xKgQfgxvH5RITscSBiA0qDtx,1gRQHECH5xKgQfgxvH5RITscSBiA0qDtx,Occultism,THE-BOOK-OF-LIES-Aliester-Crowley.pdf,270914,UNIQUE_CANDIDATE,,OPEN,,,NO_EXACT_NAME_SIZE_PEER
drive:file:1LKSMoqUIl2Iu9hrjVFxzKTWXnFuA2M_1,1LKSMoqUIl2Iu9hrjVFxzKTWXnFuA2M_1,Occultism,aleister-crowley-selected-poems.pdf,543094,UNIQUE_CANDIDATE,,OPEN,,,NO_EXACT_NAME_SIZE_PEER
drive:file:1M7Ej2MCoui2CTu6UnsNpSBauV7jGEW9o,1M7Ej2MCoui2CTu6UnsNpSBauV7jGEW9o,Occultism,The-Symbolism-of-the-Tarot-Ouspensky.pdf,217618,UNIQUE_CANDIDATE,,OPEN,,,NO_EXACT_NAME_SIZE_PEER
drive:file:1IoznpWYTNMldnMBSzpLrM-80IsMuqTpi,1IoznpWYTNMldnMBSzpLrM-80IsMuqTpi,Occultism,Studies-in-Occultism-by-H-P-Blavatsky.pdf,418625,UNIQUE_CANDIDATE,,OPEN,,,NO_EXACT_NAME_SIZE_PEER
drive:file:1o1u8GkiB0AgJy22ioEsJoYJEdq1k50BI,1o1u8GkiB0AgJy22ioEsJoYJEdq1k50BI,Occultism,Rock-Holy-Rollers-The-Spiritual-Beliefs-of-Chart-Topping-Rock-Stars-in-their-Lives-and-Lyrics.pdf,448358,UNIQUE_CANDIDATE,,OPEN,,,NO_EXACT_NAME_SIZE_PEER
drive:file:1oZalfEJvsEpCcuTP2_MLx7H7VA8tnTvl,1oZalfEJvsEpCcuTP2_MLx7H7VA8tnTvl,Occultism/Occult Philosophy,Occult Philosophy - Vol. IV.pdf,237012,UNIQUE_CANDIDATE,,OPEN,,,NO_EXACT_NAME_SIZE_PEER
drive:file:1gAqvI2R4bRHS4eMXcvLEIYOqRCMf3sy4,1gAqvI2R4bRHS4eMXcvLEIYOqRCMf3sy4,Occultism/Occult Philosophy,Occult Philosophy - Vol. III.pdf,1340382,UNIQUE_CANDIDATE,,OPEN,,,NO_EXACT_NAME_SIZE_PEER
drive:file:12Msbaf8-uc-J5aG8ELG4G9ZH24ap56QT,12Msbaf8-uc-J5aG8ELG4G9ZH24ap56QT,Occultism/Occult Philosophy,Occult Philosophy - Vol. II.pdf,466682,UNIQUE_CANDIDATE,,OPEN,,,NO_EXACT_NAME_SIZE_PEER
drive:file:1o2izx_jHB7msyZozB4Qic8R7je-il6fs,1o2izx_jHB7msyZozB4Qic8R7je-il6fs,Occultism/Occult Philosophy,Occult Philosophy - Vol. I.pdf,708534,UNIQUE_CANDIDATE,,OPEN,,,NO_EXACT_NAME_SIZE_PEER
drive:file:1APGRqlEYt65BzR2s0pjFB_b5JV_pP9bQ,1APGRqlEYt65BzR2s0pjFB_b5JV_pP9bQ,Occultism/The Magus – Celestial Intelligencer by Francis Barrett 1801,The-Magus-or-Celestial-Intelligencer-II-902-MB.pdf,9465630,UNIQUE_CANDIDATE,,OPEN,,,NO_EXACT_NAME_SIZE_PEER
drive:file:1RTZpF7HHW271pXY3g7CWngdU_aDyR62B,1RTZpF7HHW271pXY3g7CWngdU_aDyR62B,Occultism/The Magus – Celestial Intelligencer by Francis Barrett 1801,The-Magus-or-Celestial-Intelligencer-I-789-MB.pdf,8275994,UNIQUE_CANDIDATE,,OPEN,,,NO_EXACT_NAME_SIZE_PEER
drive:file:1z4UYjYMhLs627L1Q4k1tI_GYhXH-ggQr,1z4UYjYMhLs627L1Q4k1tI_GYhXH-ggQr,Occultism/Transcendental Magic Its Doctrine and Ritual by Eliphas Levi,Transcendental-Magic-Its-Doctrine-and-Ritual2-1-MB.pdf,1902163,UNIQUE_CANDIDATE,,OPEN,,,NO_EXACT_NAME_SIZE_PEER
drive:file:1zHJEsnA9zDKnXwhPJueGSSGJLsOdUK2v,1zHJEsnA9zDKnXwhPJueGSSGJLsOdUK2v,Occultism/Transcendental Magic Its Doctrine and Ritual by Eliphas Levi,Transcendental-Magic-Its-Doctrine-and-Ritual1-1.8-MB.pdf,3532568,UNIQUE_CANDIDATE,,OPEN,,,NO_EXACT_NAME_SIZE_PEER
drive:file:1Wb5pkD8dDZSo0GM_lyA6jyL3oGxIFULU,1Wb5pkD8dDZSo0GM_lyA6jyL3oGxIFULU,Logic,The-Fourth-Way-by-Ouspensky.pdf,3858820,UNIQUE_CANDIDATE,,OPEN,,,NO_EXACT_NAME_SIZE_PEER
drive:file:1SXsER6q003poy-07rmPJzVvMt5Expju5,1SXsER6q003poy-07rmPJzVvMt5Expju5,Logic,Thomas-Aquinas-Nature-and-Grace.pdf,1593698,REVIEW_REQUIRED,DUP-9AB2F9465DE7,OPEN,,,EXACT_NAME_SIZE_CANDIDATE_ONLY
drive:file:1ukedjGNvz3FyKAUIE630XXo4KmcGH7ST,1ukedjGNvz3FyKAUIE630XXo4KmcGH7ST,Logic,Inward-Flowering-by-Jiddu-Krishnamurti.pdf,73680,UNIQUE_CANDIDATE,,OPEN,,,NO_EXACT_NAME_SIZE_PEER
drive:file:1YXhE4M7OinEBvnySfgR5QtXvolnmirGq,1YXhE4M7OinEBvnySfgR5QtXvolnmirGq,Logic,Beelzebubs-Tales-to-His-Grandson-by-G-I-Gurdjieff.pdf,7247352,UNIQUE_CANDIDATE,,OPEN,,,NO_EXACT_NAME_SIZE_PEER
drive:file:1in24rdINmpOLF3BIutA7B5zeJZifXPEn,1in24rdINmpOLF3BIutA7B5zeJZifXPEn,Logic,The-Theory-of-Eternal-Life.pdf,1432865,UNIQUE_CANDIDATE,,OPEN,,,NO_EXACT_NAME_SIZE_PEER
drive:file:19oJ_mNflxt6aFfmqQJkejkADV0PKf364,19oJ_mNflxt6aFfmqQJkejkADV0PKf364,Logic,U.G.-Krishnamurti-The-Mystique-of-Enlightenment.pdf,594176,UNIQUE_CANDIDATE,,OPEN,,,NO_EXACT_NAME_SIZE_PEER
drive:file:1MIgp7J-GqrhOyx_62tbdAKOSUvlBzywC,1MIgp7J-GqrhOyx_62tbdAKOSUvlBzywC,Logic,Toward_Awakening_-_Vaysse.pdf,1116044,UNIQUE_CANDIDATE,,OPEN,,,NO_EXACT_NAME_SIZE_PEER
drive:file:1xQMPkkBRU9YIGw7aVRzU_5IVo1wBYrc9,1xQMPkkBRU9YIGw7aVRzU_5IVo1wBYrc9,Logic,hellas.pdf,979649,UNIQUE_CANDIDATE,,OPEN,,,NO_EXACT_NAME_SIZE_PEER
drive:file:1Oql15UKOZDzblOg_L41ZgnasC25VxMxL,1Oql15UKOZDzblOg_L41ZgnasC25VxMxL,Logic,The-Origin-Of-Conflict.pdf,404496,UNIQUE_CANDIDATE,,OPEN,,,NO_EXACT_NAME_SIZE_PEER
drive:file:1HyHsc6XOBFZtpoEdV1OpXgCBsCIpTd-Y,1HyHsc6XOBFZtpoEdV1OpXgCBsCIpTd-Y,Logic,plato-complete-works.pdf,9097253,UNIQUE_CANDIDATE,,OPEN,,,NO_EXACT_NAME_SIZE_PEER
drive:file:1WbWnke5szuwHic3SrlWS9GbcmsC1fY-S,1WbWnke5szuwHic3SrlWS9GbcmsC1fY-S,Logic,Studies-and-Exercises-in-Formal-Logic.pdf,5013837,UNIQUE_CANDIDATE,,OPEN,,,NO_EXACT_NAME_SIZE_PEER
drive:file:1fp3tmWvaCy9En0DvgVS-PbHwdrKD_VS1,1fp3tmWvaCy9En0DvgVS-PbHwdrKD_VS1,Logic/Selected works by Martin Heidegger,Discourse-on-Thinking.pdf,4517417,UNIQUE_CANDIDATE,,OPEN,,,NO_EXACT_NAME_SIZE_PEER
drive:file:19aYXovXl8HjB1-Boyy5Ayrsa6SzY5P6f,19aYXovXl8HjB1-Boyy5Ayrsa6SzY5P6f,Logic/Selected works by Martin Heidegger,Hegel´s-Concept-of-Experience.pdf,20483946,UNIQUE_CANDIDATE,,OPEN,,,NO_EXACT_NAME_SIZE_PEER
drive:file:1SycxTSL0MA0v0NHPoO5jh3L9StNtPcxx,1SycxTSL0MA0v0NHPoO5jh3L9StNtPcxx,Logic/Selected works by Martin Heidegger,Kant-and-the-Problem-of-Metaphysics.pdf,12875430,UNIQUE_CANDIDATE,,OPEN,,,NO_EXACT_NAME_SIZE_PEER
drive:file:1N3BIGdi6ifb6wRwsyUQkjB1VONbbpUT_,1N3BIGdi6ifb6wRwsyUQkjB1VONbbpUT_,Logic/Selected works by Martin Heidegger,Existence-And-Being.pdf,25597332,UNIQUE_CANDIDATE,,OPEN,,,NO_EXACT_NAME_SIZE_PEER
drive:file:1gymS-Poicq3HgKaP9yQ9jK7A3p5e28MT,1gymS-Poicq3HgKaP9yQ9jK7A3p5e28MT,Logic/Selected works by Martin Heidegger,What-Is-Called-Thinking.pdf,10784336,UNIQUE_CANDIDATE,,OPEN,,,NO_EXACT_NAME_SIZE_PEER
drive:file:1vstXE2UNwC4qQB72iJpAwMaHIM6imO72,1vstXE2UNwC4qQB72iJpAwMaHIM6imO72,Logic/Capital – A Critique of Political Economy by Karl Marx ,Capital-Volume-IV.pdf,4690350,UNIQUE_CANDIDATE,,OPEN,,,NO_EXACT_NAME_SIZE_PEER
drive:file:1SDHpFRAjThoHDJKlguESmsKWC8nJ150Y,1SDHpFRAjThoHDJKlguESmsKWC8nJ150Y,Logic/Capital – A Critique of Political Economy by Karl Marx ,Capital-Volume-III.pdf,5109147,UNIQUE_CANDIDATE,,OPEN,,,NO_EXACT_NAME_SIZE_PEER
drive:file:1Qh3cNiSAVhv8H58fkt7PWV-UF29RAmiy,1Qh3cNiSAVhv8H58fkt7PWV-UF29RAmiy,Logic/Capital – A Critique of Political Economy by Karl Marx ,Capital-Volume-II.pdf,3864654,UNIQUE_CANDIDATE,,OPEN,,,NO_EXACT_NAME_SIZE_PEER
drive:file:1eLAPHufo8RmfJ2sx_2JABynjVr2Mkvzy,1eLAPHufo8RmfJ2sx_2JABynjVr2Mkvzy,Logic/Capital – A Critique of Political Economy by Karl Marx ,Capital-Volume-I.pdf,4630287,UNIQUE_CANDIDATE,,OPEN,,,NO_EXACT_NAME_SIZE_PEER
drive:file:1DN1xkarp5lXUT4TWhJ0I6k1uTIQF6mos,1DN1xkarp5lXUT4TWhJ0I6k1uTIQF6mos,Logic/Selected works by Bertrand Russell,Bertrand-Russel-on-Moral-Education.pdf,6756067,UNIQUE_CANDIDATE,,OPEN,,,NO_EXACT_NAME_SIZE_PEER
drive:file:1dlyOT3L1MyY7dcyzmH00sW5Oauef0QMs,1dlyOT3L1MyY7dcyzmH00sW5Oauef0QMs,Logic/Selected works by Bertrand Russell,Education-and-the-Social-Order.pdf,12960674,UNIQUE_CANDIDATE,,OPEN,,,NO_EXACT_NAME_SIZE_PEER
drive:file:1zxSF1Lx4rsTW1kIAtfC7-wrcMEgnp3_u,1zxSF1Lx4rsTW1kIAtfC7-wrcMEgnp3_u,Logic/Selected works by Bertrand Russell,An-Inquiry-Into-Meaning-And-Truth.pdf,38626789,UNIQUE_CANDIDATE,,OPEN,,,NO_EXACT_NAME_SIZE_PEER
drive:file:1WLBWTbVJ9cClC8LQmuYN13Wamw5C_nkn,1WLBWTbVJ9cClC8LQmuYN13Wamw5C_nkn,Logic/Selected works by Bertrand Russell,The-Autobiography-Of-Bertrand-Russell.pdf,7720079,UNIQUE_CANDIDATE,,OPEN,,,NO_EXACT_NAME_SIZE_PEER
drive:file:1Z4LJFDvdmV5GsuKtENgJqyQ3FQszb0-8,1Z4LJFDvdmV5GsuKtENgJqyQ3FQszb0-8,Logic/Selected works by Bertrand Russell,Selected-Papers-Of-Bertrand-Russell.pdf,11788774,UNIQUE_CANDIDATE,,OPEN,,,NO_EXACT_NAME_SIZE_PEER
drive:file:1PcO3gFruBL1xb7PXrms2h7KNzhSQg0mc,1PcO3gFruBL1xb7PXrms2h7KNzhSQg0mc,Logic/Selected works by Bertrand Russell,The-Philosophy-Of-Bertrand-Russell.pdf,35862557,UNIQUE_CANDIDATE,,OPEN,,,NO_EXACT_NAME_SIZE_PEER
drive:file:1OoRAqA6ifuZ5Bbdg7JO8ajLLBRvWYCcq,1OoRAqA6ifuZ5Bbdg7JO8ajLLBRvWYCcq,Logic/Selected works by Bertrand Russell,Mysticism-and-Logic-and-Other-Essays.pdf,2085427,UNIQUE_CANDIDATE,,OPEN,,,NO_EXACT_NAME_SIZE_PEER
drive:file:1BYKuuF0zcVBRY0r2V4jfnOKcslZiWUDy,1BYKuuF0zcVBRY0r2V4jfnOKcslZiWUDy,Logic/Selected works by Bertrand Russell,The-Problems-of-Philosophy.pdf,464274,UNIQUE_CANDIDATE,,OPEN,,,NO_EXACT_NAME_SIZE_PEER
drive:file:1Bnjz3TbviJ0zeEshgsJbkZ_HvjjeUQK3,1Bnjz3TbviJ0zeEshgsJbkZ_HvjjeUQK3,Logic/Selected works by Bertrand Russell,The-Conquest-of-Happiness-by-Bertrand-Russell.pdf,781330,UNIQUE_CANDIDATE,,OPEN,,,NO_EXACT_NAME_SIZE_PEER
drive:file:159oVzS28qF4Eqg1y1j3KCWZ7oLqAphwh,159oVzS28qF4Eqg1y1j3KCWZ7oLqAphwh,Logic/Selected works by Bertrand Russell,The-Case-of-Bertrand-Russell-versus-Democracy-and-Education.pdf,1220056,UNIQUE_CANDIDATE,,OPEN,,,NO_EXACT_NAME_SIZE_PEER
drive:file:1JMJs0Wmwyl2NKe86oP327k-KqgpSp9iy,1JMJs0Wmwyl2NKe86oP327k-KqgpSp9iy,Non-duality,The-Open-Secret-by-Tony-Parson.pdf,495720,UNIQUE_CANDIDATE,,OPEN,,,NO_EXACT_NAME_SIZE_PEER
drive:file:12T35Rc78-O7SQygvcImZ8r_NhkrybZv8,12T35Rc78-O7SQygvcImZ8r_NhkrybZv8,Non-duality,Appearance-and-Reality-by-FH-Bradley.pdf,4242648,UNIQUE_CANDIDATE,,OPEN,,,NO_EXACT_NAME_SIZE_PEER
drive:file:16YPSBy2RE7knlGgBiiqgFwfuzmREiz6l,16YPSBy2RE7knlGgBiiqgFwfuzmREiz6l,Non-duality,Real-Whole-Here-and-Happy.pdf,1351372,UNIQUE_CANDIDATE,,OPEN,,,NO_EXACT_NAME_SIZE_PEER
drive:file:1w03o43bVjh5_fqPPDG9zVFTr-WTgb_Ib,1w03o43bVjh5_fqPPDG9zVFTr-WTgb_Ib,Non-duality,The-Science-of-the-Soul-On-Consciousness-and-the-Structure-of-Reality.pdf,1096429,UNIQUE_CANDIDATE,,OPEN,,,NO_EXACT_NAME_SIZE_PEER
drive:file:1Hr9_o8s7Tah6oBKwdhcE_0Uhb5ooeRQ9,1Hr9_o8s7Tah6oBKwdhcE_0Uhb5ooeRQ9,Non-duality,KEYS-TO-THE-ULTIMATE-FREEDOM-Thoughts-and-Talks-on-Personal-Transformation.pdf,3212252,UNIQUE_CANDIDATE,,OPEN,,,NO_EXACT_NAME_SIZE_PEER
drive:file:1cD7xuDfFml68CbcAp-UmCzj1CEkuf47C,1cD7xuDfFml68CbcAp-UmCzj1CEkuf47C,Non-duality,Teachings-Atmananda-Krishna-Menon.pdf,412461,UNIQUE_CANDIDATE,,OPEN,,,NO_EXACT_NAME_SIZE_PEER
drive:file:1hrYvGaK2L992jeAgiL84CRMERbaDkIAX,1hrYvGaK2L992jeAgiL84CRMERbaDkIAX,Non-duality,The-Window-by-Papajeff.pdf,2423444,UNIQUE_CANDIDATE,,OPEN,,,NO_EXACT_NAME_SIZE_PEER
drive:file:1XoJuAhMsSURWLOqkbkGaGp6--hYNgN3a,1XoJuAhMsSURWLOqkbkGaGp6--hYNgN3a,Non-duality,Short-Moments-of-Open-Intelligence.pdf,940759,UNIQUE_CANDIDATE,,OPEN,,,NO_EXACT_NAME_SIZE_PEER
drive:file:1SpI_Q6F47cGcKWZsJEvo-upAe3tT0Kgp,1SpI_Q6F47cGcKWZsJEvo-upAe3tT0Kgp,Non-duality,What-About-Love-Reminders-for-Being-Loving.pdf,490279,UNIQUE_CANDIDATE,,OPEN,,,NO_EXACT_NAME_SIZE_PEER
drive:file:1N8nsg-6DAUWtiyJhT05mv4vO0RzqRxA7,1N8nsg-6DAUWtiyJhT05mv4vO0RzqRxA7,Non-duality,Body-and-Soul-An-Integral-Perspective.pdf,1265586,UNIQUE_CANDIDATE,,OPEN,,,NO_EXACT_NAME_SIZE_PEER
drive:file:1HB9tEficbnS15UfeOH80ecbhylgSY-64,1HB9tEficbnS15UfeOH80ecbhylgSY-64,Literature,Knowledge-of-the-Higher-Worlds-Rudoph-Steiner.pdf,1021644,UNIQUE_CANDIDATE,,OPEN,,,NO_EXACT_NAME_SIZE_PEER
drive:file:114S-6mch-DhFJKQ2-CL3husHHvCGHgYP,114S-6mch-DhFJKQ2-CL3husHHvCGHgYP,Literature,Franz-Kafka-The-Trial.pdf,1854736,UNIQUE_CANDIDATE,,OPEN,,,NO_EXACT_NAME_SIZE_PEER
drive:file:1ddEeuEQGnc7p0cMyMLSX15dgaRkk38Mb,1ddEeuEQGnc7p0cMyMLSX15dgaRkk38Mb,Literature,Khalil-Gibran-The-Madman.pdf,146055,UNIQUE_CANDIDATE,,OPEN,,,NO_EXACT_NAME_SIZE_PEER
drive:file:192gTuFapTqCixCGz-738vxNORi8r_wuI,192gTuFapTqCixCGz-738vxNORi8r_wuI,Literature,An-Experiment-at-Fontainebleau.pdf,304385,UNIQUE_CANDIDATE,,OPEN,,,NO_EXACT_NAME_SIZE_PEER
drive:file:1dY6j-KL_Q8PUFfAodhvLJW6fOzmTds8x,1dY6j-KL_Q8PUFfAodhvLJW6fOzmTds8x,Literature,Ulysses-by-James-Joyce.pdf,2108095,UNIQUE_CANDIDATE,,OPEN,,,NO_EXACT_NAME_SIZE_PEER
drive:file:1so0IuUa4Xferxg3euvALP60inmrgg0T5,1so0IuUa4Xferxg3euvALP60inmrgg0T5,Literature,Stripping-the-Gurus-by-Geoffrey-D-Falk.pdf,3879758,UNIQUE_CANDIDATE,,OPEN,,,NO_EXACT_NAME_SIZE_PEER
drive:file:1396HTwq6ejQ9CKXjs6t4zO9DrX_bmk6w,1396HTwq6ejQ9CKXjs6t4zO9DrX_bmk6w,Literature,A-country-doctor-by-Franz-Kafka.pdf,74936,UNIQUE_CANDIDATE,,OPEN,,,NO_EXACT_NAME_SIZE_PEER
drive:file:1iUKmLH8jd6SuBdBwJE1Yat23kmc56lPm,1iUKmLH8jd6SuBdBwJE1Yat23kmc56lPm,Literature,An-Idealist-View-of-Life-Radhakrisnan.pdf,20237017,UNIQUE_CANDIDATE,,OPEN,,,NO_EXACT_NAME_SIZE_PEER
drive:file:14812kpeR0tJkPRM7XUB4tbWD9mnC-g5b,14812kpeR0tJkPRM7XUB4tbWD9mnC-g5b,Literature,Hunger-by-Knut-Hamsun.pdf,455617,UNIQUE_CANDIDATE,,OPEN,,,NO_EXACT_NAME_SIZE_PEER
drive:file:1h2exk7x_ukWPYKUfXkjDOop8tGVW7jpi,1h2exk7x_ukWPYKUfXkjDOop8tGVW7jpi,Literature,Growth-of-the-Soil-by-Knut-Hamsun.pdf,20796291,UNIQUE_CANDIDATE,,OPEN,,,NO_EXACT_NAME_SIZE_PEER
drive:file:1ceersFXGIFQB8q-LVtSisBP3CH7b06fG,1ceersFXGIFQB8q-LVtSisBP3CH7b06fG,Literature,God-Tweets.pdf,162335,UNIQUE_CANDIDATE,,OPEN,,,NO_EXACT_NAME_SIZE_PEER
drive:file:1NiVYm5r-gYItC1fC99YDFEKnUSV0SW-v,1NiVYm5r-gYItC1fC99YDFEKnUSV0SW-v,Literature,The-book-of-spirits.pdf,192441,UNIQUE_CANDIDATE,,OPEN,,,NO_EXACT_NAME_SIZE_PEER
drive:file:1XbBdTjRBgfd-oJ3IC24wIqTl2Esborx7,1XbBdTjRBgfd-oJ3IC24wIqTl2Esborx7,Literature,The-Perfumed-Garden.pdf,1383968,UNIQUE_CANDIDATE,,OPEN,,,NO_EXACT_NAME_SIZE_PEER
drive:file:1MlRLOJ-jm6A4OTV2G-WRihyuojKwj0AG,1MlRLOJ-jm6A4OTV2G-WRihyuojKwj0AG,Literature,The-Prophet.pdf,340047,UNIQUE_CANDIDATE,,OPEN,,,NO_EXACT_NAME_SIZE_PEER
drive:file:1BeHacYJa7flRRWUa1pkm_jbpck4iIo13,1BeHacYJa7flRRWUa1pkm_jbpck4iIo13,Literature,A-Portrait-of-the-Artist-as-a-Young-Man.pdf,24673655,UNIQUE_CANDIDATE,,OPEN,,,NO_EXACT_NAME_SIZE_PEER
drive:file:1wGEFbx9yXFwOpJDHfX0fLwL2RtVOdx7_,1wGEFbx9yXFwOpJDHfX0fLwL2RtVOdx7_,Literature,Max-Cafard-Zen-Anarchy.pdf,910215,REVIEW_REQUIRED,DUP-2A9EEA9CD388,OPEN,,,EXACT_NAME_SIZE_CANDIDATE_ONLY
drive:file:1crNXx-5kvKnbbfiXO1E2zIuxXikHlS1P,1crNXx-5kvKnbbfiXO1E2zIuxXikHlS1P,Literature,Thomas-Hobbes-Leviathan.pdf,12533904,UNIQUE_CANDIDATE,,OPEN,,,NO_EXACT_NAME_SIZE_PEER
drive:file:1CUOaofcAGxC3BdGQzx9R5vGRt_tB4wIV,1CUOaofcAGxC3BdGQzx9R5vGRt_tB4wIV,Literature,The-Decameron.pdf,54698338,UNIQUE_CANDIDATE,,OPEN,,,NO_EXACT_NAME_SIZE_PEER
drive:file:1TqOJXC08sbPgeHpM0aB4h5hbyE_hu0rF,1TqOJXC08sbPgeHpM0aB4h5hbyE_hu0rF,Literature,A-Codex-for-Gnostics.pdf,2403875,UNIQUE_CANDIDATE,,OPEN,,,NO_EXACT_NAME_SIZE_PEER
drive:file:1fuVaVoMeocG8L9bw2XXdDVZc8QwsWbaO,1fuVaVoMeocG8L9bw2XXdDVZc8QwsWbaO,Literature,Shakespeare-Complete-Works.pdf,4674728,UNIQUE_CANDIDATE,,OPEN,,,NO_EXACT_NAME_SIZE_PEER
drive:file:1LUcBaW06RNmASW5nr4fo1ipApzillwOq,1LUcBaW06RNmASW5nr4fo1ipApzillwOq,Literature,Flatland-A-Romance-of-many-dimensions-by-A-Square.pdf,4750876,UNIQUE_CANDIDATE,,OPEN,,,NO_EXACT_NAME_SIZE_PEER
drive:file:1QoX0J6XUYSR8HhAqu2xbFSRalObjDVSp,1QoX0J6XUYSR8HhAqu2xbFSRalObjDVSp,Literature,Nalinikas-story.pdf,420331,REVIEW_REQUIRED,DUP-9ABB04E0617F,OPEN,,,EXACT_NAME_SIZE_CANDIDATE_ONLY
drive:file:1Q_xn-snMIk09MYlokm-fkz1yz0oxTrjD,1Q_xn-snMIk09MYlokm-fkz1yz0oxTrjD,Literature,Butterflies-are-Free-to-Fly.pdf,3534134,UNIQUE_CANDIDATE,,OPEN,,,NO_EXACT_NAME_SIZE_PEER
drive:file:1OTO_F39BryNGy5RI1IE5GYT9pMEk8Zh0,1OTO_F39BryNGy5RI1IE5GYT9pMEk8Zh0,Literature,The-Forerunner-His-Parables-and-Poems.pdf,663181,UNIQUE_CANDIDATE,,OPEN,,,NO_EXACT_NAME_SIZE_PEER
drive:file:1EzHioRTtesTU2585CJwH8RC9M6xqL1m2,1EzHioRTtesTU2585CJwH8RC9M6xqL1m2,Literature,The-Doors-Of-Perception-Aldous-Huxley.pdf,317934,REVIEW_REQUIRED,DUP-D2D92D03655A,OPEN,,,EXACT_NAME_SIZE_CANDIDATE_ONLY
drive:file:1fMN0JYHhjPl8Oan6KO_YRuNMZWI5tPb-,1fMN0JYHhjPl8Oan6KO_YRuNMZWI5tPb-,Literature,Uebersax-Cupid-and-Psyche-2018.pdf,1516630,UNIQUE_CANDIDATE,,OPEN,,,NO_EXACT_NAME_SIZE_PEER
drive:file:1SbnhCBI4nKE_06gCTm26NIQwxk6Ytj8j,1SbnhCBI4nKE_06gCTm26NIQwxk6Ytj8j,Literature,japanese-fairy-tales-008-momotaro-or-the-story-of-the-son-of-a-peach.pdf,219567,UNIQUE_CANDIDATE,,OPEN,,,NO_EXACT_NAME_SIZE_PEER
drive:file:163zFn9pGKYbQVpxEXQVCmOWDotYoru66,163zFn9pGKYbQVpxEXQVCmOWDotYoru66,Literature,jourwest.pdf,2688762,UNIQUE_CANDIDATE,,OPEN,,,NO_EXACT_NAME_SIZE_PEER
drive:file:1Z_xVAkVQ8vVg_oS646BtXDXypB9zzEdq,1Z_xVAkVQ8vVg_oS646BtXDXypB9zzEdq,Literature,The Scholars chapter 1-7.pdf,339971,UNIQUE_CANDIDATE,,OPEN,,,NO_EXACT_NAME_SIZE_PEER
drive:file:15qFVO0lUM9Fz6WsCgRjXOrEg6faRNjnX,15qFVO0lUM9Fz6WsCgRjXOrEg6faRNjnX,Literature,20130423230739the_outlaws_of_the_marsh_pdf.pdf,2551619,UNIQUE_CANDIDATE,,OPEN,,,NO_EXACT_NAME_SIZE_PEER
drive:file:1z3MlVvnoHUcFwo6gixIuiMYyK-DJZ9e1,1z3MlVvnoHUcFwo6gixIuiMYyK-DJZ9e1,Literature,Siddhartha.pdf,297319,UNIQUE_CANDIDATE,,OPEN,,,NO_EXACT_NAME_SIZE_PEER
drive:file:18kWHD3a-3cLInBLtrrMYgvYEyyC54i7b,18kWHD3a-3cLInBLtrrMYgvYEyyC54i7b,Literature/The Poetry Series by Lindsay Traynor,The-Poetry-of-Life-and-Growth-Lindsay-Traynor.pdf,481259,UNIQUE_CANDIDATE,,OPEN,,,NO_EXACT_NAME_SIZE_PEER
drive:file:1quVRhPvFH1glLaHHL2IiLQ_r6rmfgWX4,1quVRhPvFH1glLaHHL2IiLQ_r6rmfgWX4,Literature/The Poetry Series by Lindsay Traynor,The-Poetry-of-Transformation-Lindsay-Traynor.pdf,437066,UNIQUE_CANDIDATE,,OPEN,,,NO_EXACT_NAME_SIZE_PEER
drive:file:1rVMiM2_MK6olRvR9GTr8KL3KLyPbqCvp,1rVMiM2_MK6olRvR9GTr8KL3KLyPbqCvp,Literature/The Poetry Series by Lindsay Traynor,Nature-Poetry-Lindsay-Traynor.pdf,479145,UNIQUE_CANDIDATE,,OPEN,,,NO_EXACT_NAME_SIZE_PEER
drive:file:1q1k6nXj9ABo4YZer0ex98Xq8lP9BlYCt,1q1k6nXj9ABo4YZer0ex98Xq8lP9BlYCt,Literature/The Poetry Series by Lindsay Traynor,Sun-Moon-Star-Poetry-Lindsay-Traynor.pdf,602369,UNIQUE_CANDIDATE,,OPEN,,,NO_EXACT_NAME_SIZE_PEER
drive:file:1tZeoLtHLMeNSytmtmgPaEP1DFKpBwq41,1tZeoLtHLMeNSytmtmgPaEP1DFKpBwq41,Literature/The Poetry Series by Lindsay Traynor,Love-Poetry-Lindsay-Traynor.pdf,360891,UNIQUE_CANDIDATE,,OPEN,,,NO_EXACT_NAME_SIZE_PEER
drive:file:1ZsoV5v_ZzSfgVmoBCszqXmcUKlpoSVVh,1ZsoV5v_ZzSfgVmoBCszqXmcUKlpoSVVh,Literature/Six short stories by Kahlil Gibran,The-Forerunner-Kahlil-Gibran.pdf,46415,UNIQUE_CANDIDATE,,OPEN,,,NO_EXACT_NAME_SIZE_PEER
drive:file:1DlvTYTyG_4au3DkEGkB3QhNSb9ZdQ3gv,1DlvTYTyG_4au3DkEGkB3QhNSb9ZdQ3gv,Literature/Six short stories by Kahlil Gibran,The-Earth-Gods-Kahlil-Gibran.pdf,26067,UNIQUE_CANDIDATE,,OPEN,,,NO_EXACT_NAME_SIZE_PEER
drive:file:1Wi41MybogVHAcPyn9cC5U4kq5fB44s0c,1Wi41MybogVHAcPyn9cC5U4kq5fB44s0c,Literature/Six short stories by Kahlil Gibran,A-Tear-and-a-Smile-Kahlil-Gibran.pdf,77878,UNIQUE_CANDIDATE,,OPEN,,,NO_EXACT_NAME_SIZE_PEER
drive:file:1CzWebPmAMB2wo7f5o9_Z8Xl1ihVmTW_y,1CzWebPmAMB2wo7f5o9_Z8Xl1ihVmTW_y,Literature/Six short stories by Kahlil Gibran,The-Broken-Wings-Kahlil-Gibran.pdf,84062,UNIQUE_CANDIDATE,,OPEN,,,NO_EXACT_NAME_SIZE_PEER
drive:file:1GC2yFQzPZ88X53sru52F8S776Ni3AmtE,1GC2yFQzPZ88X53sru52F8S776Ni3AmtE,Literature/Six short stories by Kahlil Gibran,Spirits-Rebellious-Kahlil-Gibran.pdf,95414,UNIQUE_CANDIDATE,,OPEN,,,NO_EXACT_NAME_SIZE_PEER
drive:file:1YhRiTiGF1ptejD8YZkidG6IB9_bgZTbS,1YhRiTiGF1ptejD8YZkidG6IB9_bgZTbS,Literature/Six short stories by Kahlil Gibran,Lazarus-and-his-Beloved-Kahlil-Gibran.pdf,23501,UNIQUE_CANDIDATE,,OPEN,,,NO_EXACT_NAME_SIZE_PEER
drive:file:1DrClE3vG-DQDvZJxF3OdBvL5TEzQKZBV,1DrClE3vG-DQDvZJxF3OdBvL5TEzQKZBV,Literature/Selected Essays by Lindsay Traynor,Selected-Essays-Lindsay-Traynor-Book-III.pdf,514230,UNIQUE_CANDIDATE,,OPEN,,,NO_EXACT_NAME_SIZE_PEER
drive:file:1gXHWjVV0HLhdYomQGp-22KOBaFM_A5bQ,1gXHWjVV0HLhdYomQGp-22KOBaFM_A5bQ,Literature/Selected Essays by Lindsay Traynor,Selected-Essays-Lindsay-Traynor-Book-II.pdf,319210,UNIQUE_CANDIDATE,,OPEN,,,NO_EXACT_NAME_SIZE_PEER
drive:file:1PfZFRT8CapL2sWqgdhAWv3WSqpmVeCn3,1PfZFRT8CapL2sWqgdhAWv3WSqpmVeCn3,Literature/Selected Essays by Lindsay Traynor,Selected-Essays-Lindsay-Traynor-Book-I.pdf,484253,UNIQUE_CANDIDATE,,OPEN,,,NO_EXACT_NAME_SIZE_PEER
drive:file:1pld6viS7d1rzdxlni4pEypoimpDRHC3J,1pld6viS7d1rzdxlni4pEypoimpDRHC3J,Literature/Necronomicon and the complete works of H. P. Lovecraft,The_Complete_Works_of_H.P._Lovecraft.pdf,13437841,REVIEW_REQUIRED,DUP-C9085BAD8FB8,OPEN,,,EXACT_NAME_SIZE_CANDIDATE_ONLY
drive:file:1OziFG3OpwsWpQH1PaDXfZBMIE2uqiJm2,1OziFG3OpwsWpQH1PaDXfZBMIE2uqiJm2,Literature/Necronomicon and the complete works of H. P. Lovecraft,The-John-Dee-Necronomicon.pdf,3972904,REVIEW_REQUIRED,DUP-511AA54AED5C,OPEN,,,EXACT_NAME_SIZE_CANDIDATE_ONLY
drive:file:1U6O6Yu3UwaWMqJF6a8JEAhxRwHM7R96z,1U6O6Yu3UwaWMqJF6a8JEAhxRwHM7R96z,Literature/Necronomicon and the complete works of H. P. Lovecraft,The-Necronomicon-Spellbook.pdf,265676,REVIEW_REQUIRED,DUP-EC86CB099C6F,OPEN,,,EXACT_NAME_SIZE_CANDIDATE_ONLY
drive:file:1I9aMK8hv8S3ZfI2CQJ3u4DOG41MeW4-3,1I9aMK8hv8S3ZfI2CQJ3u4DOG41MeW4-3,Literature/Necronomicon and the complete works of H. P. Lovecraft,The-Simon-Necronomicon.pdf,4494276,REVIEW_REQUIRED,DUP-89F0076010B3,OPEN,,,EXACT_NAME_SIZE_CANDIDATE_ONLY
drive:file:1E_lOHaHpz-EV_162yUxbrZCPAL6Ln3QL,1E_lOHaHpz-EV_162yUxbrZCPAL6Ln3QL,Literature/Necronomicon and the complete works of H. P. Lovecraft,Al-Azif-Necronomicon.pdf,1466752,REVIEW_REQUIRED,DUP-9A80D24C065E,OPEN,,,EXACT_NAME_SIZE_CANDIDATE_ONLY
drive:file:16ncopxziVLVwAQqz83L8_ZyMiSAR4_hf,16ncopxziVLVwAQqz83L8_ZyMiSAR4_hf,Literature/Fjodor Dostojevskij – complete works,A-Faint-Heart.pdf,288684,UNIQUE_CANDIDATE,,OPEN,,,NO_EXACT_NAME_SIZE_PEER
drive:file:1HOx_jgIaKMOrrtrA0oTBOMb3yVtzlzYM,1HOx_jgIaKMOrrtrA0oTBOMb3yVtzlzYM,Literature/Fjodor Dostojevskij – complete works,Another-Mans-Wife.pdf,256423,UNIQUE_CANDIDATE,,OPEN,,,NO_EXACT_NAME_SIZE_PEER
drive:file:16QXHeWqQra0kuRJxTwDqgvs45qDmEMqi,16QXHeWqQra0kuRJxTwDqgvs45qDmEMqi,Literature/Fjodor Dostojevskij – complete works,The-Heavenly-Christmas-Tree.pdf,123026,UNIQUE_CANDIDATE,,OPEN,,,NO_EXACT_NAME_SIZE_PEER
drive:file:1UkOVPdd7V04cq0QADPWF3sZuFcRQVYvm,1UkOVPdd7V04cq0QADPWF3sZuFcRQVYvm,Literature/Fjodor Dostojevskij – complete works,The-House-of-the-Dead.pdf,1340000,UNIQUE_CANDIDATE,,OPEN,,,NO_EXACT_NAME_SIZE_PEER
drive:file:1Aajl5tVRKmAM-8mrfnXfSrOzyFOGFKfD,1Aajl5tVRKmAM-8mrfnXfSrOzyFOGFKfD,Literature/Fjodor Dostojevskij – complete works,A-Christmas-Tree-and-a-Wedding.pdf,145079,UNIQUE_CANDIDATE,,OPEN,,,NO_EXACT_NAME_SIZE_PEER
drive:file:1YZ1mR8XGFYC76fbCvzcgdBGtOsGXdX4n,1YZ1mR8XGFYC76fbCvzcgdBGtOsGXdX4n,Literature/Fjodor Dostojevskij – complete works,An-Unpleasant-Predicament.pdf,294830,UNIQUE_CANDIDATE,,OPEN,,,NO_EXACT_NAME_SIZE_PEER
drive:file:1MbDzCDP4mz7i1ZUbDdtbRJxzbZoY82Sa,1MbDzCDP4mz7i1ZUbDdtbRJxzbZoY82Sa,Literature/Fjodor Dostojevskij – complete works,Polzunkov.pdf,147543,UNIQUE_CANDIDATE,,OPEN,,,NO_EXACT_NAME_SIZE_PEER
drive:file:1jZlu3KXcXBC8ydWH9WaFCLblYpApZdkL,1jZlu3KXcXBC8ydWH9WaFCLblYpApZdkL,Literature/Fjodor Dostojevskij – complete works,The-Peasant-Marey.pdf,125771,UNIQUE_CANDIDATE,,OPEN,,,NO_EXACT_NAME_SIZE_PEER
drive:file:1x6EJ6agLupCgxyR6CzjBAYj_AFn9cOHl,1x6EJ6agLupCgxyR6CzjBAYj_AFn9cOHl,Literature/Fjodor Dostojevskij – complete works,A-Novel-in-Nine-Letters.pdf,165872,UNIQUE_CANDIDATE,,OPEN,,,NO_EXACT_NAME_SIZE_PEER
drive:file:176YcCWSNfAJ5WoNvmzTpZNgGlXG3k3zS,176YcCWSNfAJ5WoNvmzTpZNgGlXG3k3zS,Literature/Fjodor Dostojevskij – complete works,Buried-Alive.pdf,40611282,UNIQUE_CANDIDATE,,OPEN,,,NO_EXACT_NAME_SIZE_PEER
drive:file:1AeRz42V3EctsTwjhXARkIMLCSgm0_B0W,1AeRz42V3EctsTwjhXARkIMLCSgm0_B0W,Literature/Fjodor Dostojevskij – complete works,Mr-Prohartchin.pdf,196187,UNIQUE_CANDIDATE,,OPEN,,,NO_EXACT_NAME_SIZE_PEER
drive:file:1Khp5UyL1zltqU1zTPNZmy6uexWWVAh44,1Khp5UyL1zltqU1zTPNZmy6uexWWVAh44,Literature/Fjodor Dostojevskij – complete works,A-Little-Hero.pdf,255066,UNIQUE_CANDIDATE,,OPEN,,,NO_EXACT_NAME_SIZE_PEER
drive:file:1CUhKWvC0xgKGJXycmTgCYUetZ7NsT4zP,1CUhKWvC0xgKGJXycmTgCYUetZ7NsT4zP,Literature/Fjodor Dostojevskij – complete works,Bobok-From-Somebodys-Diary.pdf,127107,UNIQUE_CANDIDATE,,OPEN,,,NO_EXACT_NAME_SIZE_PEER
drive:file:1tPpmhlzUm6SxnGuS5ppLYz2d83TPeBAI,1tPpmhlzUm6SxnGuS5ppLYz2d83TPeBAI,Literature/Fjodor Dostojevskij – complete works,Gentle-Spirit.pdf,285419,UNIQUE_CANDIDATE,,OPEN,,,NO_EXACT_NAME_SIZE_PEER
drive:file:11_XynpDNfN0q4Bwd62A6HbDlssXUdiOC,11_XynpDNfN0q4Bwd62A6HbDlssXUdiOC,Literature/Fjodor Dostojevskij – complete works,The-Insulted-and-the-Injured.pdf,1385322,UNIQUE_CANDIDATE,,OPEN,,,NO_EXACT_NAME_SIZE_PEER
drive:file:1SgQBBKnYnhUU6tkmhBEJoOVmWwNUKYuK,1SgQBBKnYnhUU6tkmhBEJoOVmWwNUKYuK,Literature/Fjodor Dostojevskij – complete works,The-Crocodile.pdf,219950,UNIQUE_CANDIDATE,,OPEN,,,NO_EXACT_NAME_SIZE_PEER
drive:file:12mUYStYTJhSh11xYv-gJS-vO_cTKBq6A,12mUYStYTJhSh11xYv-gJS-vO_cTKBq6A,Literature/Fjodor Dostojevskij – complete works,The-Double.pdf,658731,UNIQUE_CANDIDATE,,OPEN,,,NO_EXACT_NAME_SIZE_PEER
drive:file:1Eqmei93aBG6gQOvQRy6THOqKNHlQiwQZ,1Eqmei93aBG6gQOvQRy6THOqKNHlQiwQZ,Literature/Fjodor Dostojevskij – complete works,An-Honest-Thief.pdf,207477,UNIQUE_CANDIDATE,,OPEN,,,NO_EXACT_NAME_SIZE_PEER
drive:file:1DH76H7eMjkaA9420M_IVdUf_IwffJDq6,1DH76H7eMjkaA9420M_IVdUf_IwffJDq6,Literature/Fjodor Dostojevskij – complete works,The-Dream-of-a-Riciculus-Man.pdf,114940,UNIQUE_CANDIDATE,,OPEN,,,NO_EXACT_NAME_SIZE_PEER
drive:file:1oYOUlIk_Q-1TU58kcLPBoT7aerN7tGt2,1oYOUlIk_Q-1TU58kcLPBoT7aerN7tGt2,Literature/Fjodor Dostojevskij – complete works,The-Eternal-Husband.pdf,1364215,UNIQUE_CANDIDATE,,OPEN,,,NO_EXACT_NAME_SIZE_PEER
drive:file:1PYQeLC88GVIP_IQAjESj-bCpgupdd57Y,1PYQeLC88GVIP_IQAjESj-bCpgupdd57Y,Literature/Fjodor Dostojevskij – complete works,The-Gambler.pdf,332089,UNIQUE_CANDIDATE,,OPEN,,,NO_EXACT_NAME_SIZE_PEER
drive:file:17q7Ph_BEyqEfbCsQJWFnP_yxIC5Mh7dr,17q7Ph_BEyqEfbCsQJWFnP_yxIC5Mh7dr,Literature/Fjodor Dostojevskij – complete works,The-Idiot.pdf,2098245,UNIQUE_CANDIDATE,,OPEN,,,NO_EXACT_NAME_SIZE_PEER
drive:file:1GxYPqya0h2CVCx1AThW87WJOeC6msOpQ,1GxYPqya0h2CVCx1AThW87WJOeC6msOpQ,Literature/Fjodor Dostojevskij – complete works,The-Possessed.pdf,4806069,UNIQUE_CANDIDATE,,OPEN,,,NO_EXACT_NAME_SIZE_PEER
drive:file:1-NlJOmA1_obldUO8OC44Iv5wXkrXs749,1-NlJOmA1_obldUO8OC44Iv5wXkrXs749,Literature/Fjodor Dostojevskij – complete works,White-Nights-And-Other-Stories.pdf,2425381,UNIQUE_CANDIDATE,,OPEN,,,NO_EXACT_NAME_SIZE_PEER
drive:file:10XNVheY7I46P7zGKP9RB4hDFTZkxjMid,10XNVheY7I46P7zGKP9RB4hDFTZkxjMid,Literature/Fjodor Dostojevskij – complete works,Crime-and-Punishment.pdf,2367111,UNIQUE_CANDIDATE,,OPEN,,,NO_EXACT_NAME_SIZE_PEER
drive:file:1iU_L0QvYYS12vK8fDKwZh8xXtWOkWHRG,1iU_L0QvYYS12vK8fDKwZh8xXtWOkWHRG,Literature/Fjodor Dostojevskij – complete works,Letters-of-Fyodor-Michailovitch-Dostoevsky-to-his-Family-and-Friends.pdf,12609235,UNIQUE_CANDIDATE,,OPEN,,,NO_EXACT_NAME_SIZE_PEER
drive:file:1RSCbV6JZ1cEjVCR-SkSxMqy3AO1i3FuG,1RSCbV6JZ1cEjVCR-SkSxMqy3AO1i3FuG,Literature/Fjodor Dostojevskij – complete works,Notes-from-the-Underground.pdf,610969,UNIQUE_CANDIDATE,,OPEN,,,NO_EXACT_NAME_SIZE_PEER
drive:file:1TTVK0KBFf-0fQ9G-DkADe8uSMURvgpbT,1TTVK0KBFf-0fQ9G-DkADe8uSMURvgpbT,Literature/Fjodor Dostojevskij – complete works,Poor-Folk.pdf,337251,UNIQUE_CANDIDATE,,OPEN,,,NO_EXACT_NAME_SIZE_PEER
drive:file:18NFaEJsEjf1IvdGLZQr7lQxEbLiKroio,18NFaEJsEjf1IvdGLZQr7lQxEbLiKroio,Literature/Fjodor Dostojevskij – complete works,The-Brothers-Karamazov.pdf,4000488,UNIQUE_CANDIDATE,,OPEN,,,NO_EXACT_NAME_SIZE_PEER
drive:file:1VXBMXiN8ktTXYHJYQelY13xnF_xJPT2h,1VXBMXiN8ktTXYHJYQelY13xnF_xJPT2h,Literature/Complete Works of H. G. Wells,What-is-coming.pdf,1360669,UNIQUE_CANDIDATE,,OPEN,,,NO_EXACT_NAME_SIZE_PEER
drive:file:1N0hzjo6ihVbc2-jD3-wzVt6dEra_2PhV,1N0hzjo6ihVbc2-jD3-wzVt6dEra_2PhV,Literature/Complete Works of H. G. Wells,War-and-the-Future.pdf,1386732,UNIQUE_CANDIDATE,,OPEN,,,NO_EXACT_NAME_SIZE_PEER
drive:file:1F02l9nF-TuPaVk4oCSYG1GXm8Z3EOmqI,1F02l9nF-TuPaVk4oCSYG1GXm8Z3EOmqI,Literature/Complete Works of H. G. Wells,Twelve-Stories-and-a-Dream.pdf,1445666,UNIQUE_CANDIDATE,,OPEN,,,NO_EXACT_NAME_SIZE_PEER
drive:file:1_k_ASMsTcMUGg6ecOu6AE_rnB7j2NNfe,1_k_ASMsTcMUGg6ecOu6AE_rnB7j2NNfe,Literature/Complete Works of H. G. Wells,Tono-Bungay.pdf,1944427,UNIQUE_CANDIDATE,,OPEN,,,NO_EXACT_NAME_SIZE_PEER
drive:file:12QMKFX4EhvCaGl9uVzwD7R3l__r0ydxp,12QMKFX4EhvCaGl9uVzwD7R3l__r0ydxp,Literature/Complete Works of H. G. Wells,The-World-set-free.pdf,1428575,UNIQUE_CANDIDATE,,OPEN,,,NO_EXACT_NAME_SIZE_PEER
drive:file:1lp1dTi80ydAWjspvyhn3Rr6MakIa3oSL,1lp1dTi80ydAWjspvyhn3Rr6MakIa3oSL,Literature/Complete Works of H. G. Wells,The-wonderful-visit.pdf,1177240,UNIQUE_CANDIDATE,,OPEN,,,NO_EXACT_NAME_SIZE_PEER
drive:file:1xLnhuy0J1NSuwhdLQPsySGus3Plo6Mgw,1xLnhuy0J1NSuwhdLQPsySGus3Plo6Mgw,Literature/Complete Works of H. G. Wells,The-Wife-of-Sir-Isaac-Harman.pdf,2164850,UNIQUE_CANDIDATE,,OPEN,,,NO_EXACT_NAME_SIZE_PEER
drive:file:1yxnDRbE-gsmqSNxhccwaDc_Va8ljgLl8,1yxnDRbE-gsmqSNxhccwaDc_Va8ljgLl8,Literature/Complete Works of H. G. Wells,The-Wheels-of-Chance.pdf,1357613,UNIQUE_CANDIDATE,,OPEN,,,NO_EXACT_NAME_SIZE_PEER
drive:file:1PzDuu5wLdUzk1e-hwdVn60WMtK_iInbH,1PzDuu5wLdUzk1e-hwdVn60WMtK_iInbH,Literature/Complete Works of H. G. Wells,The-War-of-The-Worlds.pdf,1365542,UNIQUE_CANDIDATE,,OPEN,,,NO_EXACT_NAME_SIZE_PEER
drive:file:1Z5h0ij1XURmroQLT-pI3SBOw3c31BrwQ,1Z5h0ij1XURmroQLT-pI3SBOw3c31BrwQ,Literature/Complete Works of H. G. Wells,The-War-in-the-Air.pdf,1776252,UNIQUE_CANDIDATE,,OPEN,,,NO_EXACT_NAME_SIZE_PEER
drive:file:1guCNM_ie_KpAXvRdFud9rvT2LvZI8QjY,1guCNM_ie_KpAXvRdFud9rvT2LvZI8QjY,Literature/Complete Works of H. G. Wells,The-Time-Machine.pdf,937471,UNIQUE_CANDIDATE,,OPEN,,,NO_EXACT_NAME_SIZE_PEER
drive:file:1t-zneOQ9nLZ-g-MJEY8-J-nJVtePb0d7,1t-zneOQ9nLZ-g-MJEY8-J-nJVtePb0d7,Literature/Complete Works of H. G. Wells,The-Stolen-Bacillus.pdf,1295421,UNIQUE_CANDIDATE,,OPEN,,,NO_EXACT_NAME_SIZE_PEER
drive:file:1zNavlsWzP0hxtNCQxeqAbDj1RmSEx2Wl,1zNavlsWzP0hxtNCQxeqAbDj1RmSEx2Wl,Literature/Complete Works of H. G. Wells,The-Soul-of-a-Bishop.pdf,1551150,UNIQUE_CANDIDATE,,OPEN,,,NO_EXACT_NAME_SIZE_PEER
drive:file:1iU9f12BsTk158K-rzW-qUogJG305L50n,1iU9f12BsTk158K-rzW-qUogJG305L50n,Literature/Complete Works of H. G. Wells,The-Sleeper-Awakes.pdf,1411742,UNIQUE_CANDIDATE,,OPEN,,,NO_EXACT_NAME_SIZE_PEER
drive:file:1F7xIc7C_5YrvHau8kTHI8hBpYkkHTVp-,1F7xIc7C_5YrvHau8kTHI8hBpYkkHTVp-,Literature/Complete Works of H. G. Wells,The-Secret-Places-of-the-Heart.pdf,1445036,UNIQUE_CANDIDATE,,OPEN,,,NO_EXACT_NAME_SIZE_PEER
drive:file:166lYMrl2O6bSWO9d_vCsWd6VJMnZtTja,166lYMrl2O6bSWO9d_vCsWd6VJMnZtTja,Literature/Complete Works of H. G. Wells,The-Sea-Lady.pdf,1954604,UNIQUE_CANDIDATE,,OPEN,,,NO_EXACT_NAME_SIZE_PEER
drive:file:1J6ONNjyWKMD6GAHIexv7mzQh1RDm_ouQ,1J6ONNjyWKMD6GAHIexv7mzQh1RDm_ouQ,Literature/Complete Works of H. G. Wells,The-Salvaging-of-Civilization.pdf,1265011,UNIQUE_CANDIDATE,,OPEN,,,NO_EXACT_NAME_SIZE_PEER
drive:file:1SG8frF_2PPaUBEdxb0LufCia_N_-Gx2K,1SG8frF_2PPaUBEdxb0LufCia_N_-Gx2K,Literature/Complete Works of H. G. Wells,The-Research-Magnificent.pdf,1893775,UNIQUE_CANDIDATE,,OPEN,,,NO_EXACT_NAME_SIZE_PEER
drive:file:1S27ACNCvVDAsUCvghaJdkhzRthM_Z_XK,1S27ACNCvVDAsUCvghaJdkhzRthM_Z_XK,Literature/Complete Works of H. G. Wells,The-Plattner-Story.pdf,1608547,UNIQUE_CANDIDATE,,OPEN,,,NO_EXACT_NAME_SIZE_PEER
drive:file:1Ya7b6GL--ik_Pa0i6sy71-XSuZMGuE34,1Ya7b6GL--ik_Pa0i6sy71-XSuZMGuE34,Literature/Complete Works of H. G. Wells,The-Passionate-Friends.pdf,2069890,UNIQUE_CANDIDATE,,OPEN,,,NO_EXACT_NAME_SIZE_PEER
drive:file:1PohijaDT_KajXdM-aeEJAb0JTuuZa64Z,1PohijaDT_KajXdM-aeEJAb0JTuuZa64Z,Literature/Complete Works of H. G. Wells,The-New-Machiavelli.pdf,2324152,UNIQUE_CANDIDATE,,OPEN,,,NO_EXACT_NAME_SIZE_PEER
drive:file:1zEwbsUFDEcz-E2ACDH8YqUodYnout4Ga,1zEwbsUFDEcz-E2ACDH8YqUodYnout4Ga,Literature/Complete Works of H. G. Wells,The-Island-of-Doctor-Moreau.pdf,1200584,UNIQUE_CANDIDATE,,OPEN,,,NO_EXACT_NAME_SIZE_PEER
drive:file:1_kiqStcgJ9osayw0uUnUSvNNJ7PhGQcE,1_kiqStcgJ9osayw0uUnUSvNNJ7PhGQcE,Literature/Complete Works of H. G. Wells,The-Invisible-Man.pdf,1254526,UNIQUE_CANDIDATE,,OPEN,,,NO_EXACT_NAME_SIZE_PEER
drive:file:1RM1pDkcH36X9HYUhIL3Z8iCTd4ag1t0t,1RM1pDkcH36X9HYUhIL3Z8iCTd4ag1t0t,Literature/Complete Works of H. G. Wells,The-History-of-Mr-Polly.pdf,1359730,UNIQUE_CANDIDATE,,OPEN,,,NO_EXACT_NAME_SIZE_PEER
drive:file:1FBAG4dc46lj5QzVG1TmfP8tK-sQePB4o,1FBAG4dc46lj5QzVG1TmfP8tK-sQePB4o,Literature/Complete Works of H. G. Wells,The-Food-of-the-Gods-and-how-it-came-to-Earth.pdf,1426258,UNIQUE_CANDIDATE,,OPEN,,,NO_EXACT_NAME_SIZE_PEER
drive:file:1skrVrAKNieAzDDCmRhZTgZkMG_rpe9yu,1skrVrAKNieAzDDCmRhZTgZkMG_rpe9yu,Literature/Complete Works of H. G. Wells,The-First-Men-on-the-Moon.pdf,1321905,UNIQUE_CANDIDATE,,OPEN,,,NO_EXACT_NAME_SIZE_PEER
drive:file:1X0Znk_hfnTwo5jPgY2rAQMpLryWElEHi,1X0Znk_hfnTwo5jPgY2rAQMpLryWElEHi,Literature/Complete Works of H. G. Wells,The-Door-in-the-Wall.pdf,1049655,UNIQUE_CANDIDATE,,OPEN,,,NO_EXACT_NAME_SIZE_PEER
drive:file:1NXN6d_GFYP39XRhgo5lpLcAfijD6LXlv,1NXN6d_GFYP39XRhgo5lpLcAfijD6LXlv,Literature/Complete Works of H. G. Wells,The-Discovery-of-the-Future.pdf,778389,UNIQUE_CANDIDATE,,OPEN,,,NO_EXACT_NAME_SIZE_PEER
drive:file:1iEavmstDGUmbQVdNIx5lE8-U9OpOd8rN,1iEavmstDGUmbQVdNIx5lE8-U9OpOd8rN,Literature/Complete Works of H. G. Wells,The-Country-of-the-Blind.pdf,2118638,UNIQUE_CANDIDATE,,OPEN,,,NO_EXACT_NAME_SIZE_PEER
drive:file:1DUv9EQopx2vvhYXrUYdrNjKsOT5fFgH0,1DUv9EQopx2vvhYXrUYdrNjKsOT5fFgH0,Literature/Complete Works of H. G. Wells,When-the-Sleeper-wakes.pdf,1643675,UNIQUE_CANDIDATE,,OPEN,,,NO_EXACT_NAME_SIZE_PEER
drive:file:1iLNIgzaSRCQSzSxx44i9KqHrwANzzYKM,1iLNIgzaSRCQSzSxx44i9KqHrwANzzYKM,Literature/Complete Works of H. G. Wells,Tales-of-Space-and-Time.pdf,1592008,UNIQUE_CANDIDATE,,OPEN,,,NO_EXACT_NAME_SIZE_PEER
drive:file:1ONJ0vD8_rQRsvstqaaENDjiNA1RVAy4I,1ONJ0vD8_rQRsvstqaaENDjiNA1RVAy4I,Literature/Complete Works of H. G. Wells,Select-Conversations-with-an-Uncle.pdf,1076498,UNIQUE_CANDIDATE,,OPEN,,,NO_EXACT_NAME_SIZE_PEER
drive:file:1RJwzHpSr4BUlGmfnvjr0iYTjbP-_mr6N,1RJwzHpSr4BUlGmfnvjr0iYTjbP-_mr6N,Literature/Complete Works of H. G. Wells,New-Worlds-for-Old.pdf,1770478,UNIQUE_CANDIDATE,,OPEN,,,NO_EXACT_NAME_SIZE_PEER
drive:file:1ASxzv0mAOys39tLR-5jpS_ds3FfnYkzG,1ASxzv0mAOys39tLR-5jpS_ds3FfnYkzG,Literature/Complete Works of H. G. Wells,Marriage.pdf,2378972,UNIQUE_CANDIDATE,,OPEN,,,NO_EXACT_NAME_SIZE_PEER
drive:file:1ib4ZiHi6ryuipyDuS1B5MixzyywCBugV,1ib4ZiHi6ryuipyDuS1B5MixzyywCBugV,Literature/Complete Works of H. G. Wells,Mankind-in-the-Making.pdf,1829477,UNIQUE_CANDIDATE,,OPEN,,,NO_EXACT_NAME_SIZE_PEER
drive:file:1QxfQ93Sy-lJJ0kPJ6nJyEeafvHUbmBI-,1QxfQ93Sy-lJJ0kPJ6nJyEeafvHUbmBI-,Literature/Complete Works of H. G. Wells,Mr-Britling-Sees-it-Through.pdf,2373860,UNIQUE_CANDIDATE,,OPEN,,,NO_EXACT_NAME_SIZE_PEER
drive:file:1Gb0chM_ORyBqpWgDXrnu7PUSQ7obS1Iy,1Gb0chM_ORyBqpWgDXrnu7PUSQ7obS1Iy,Literature/Complete Works of H. G. Wells,Love-and-Mr-Lewisham.pdf,1365501,UNIQUE_CANDIDATE,,OPEN,,,NO_EXACT_NAME_SIZE_PEER
drive:file:14-mzkTPy2Dv5BX00PcsIUyWfpDMG1-0R,14-mzkTPy2Dv5BX00PcsIUyWfpDMG1-0R,Literature/Complete Works of H. G. Wells,Little-Wars.pdf,2671859,UNIQUE_CANDIDATE,,OPEN,,,NO_EXACT_NAME_SIZE_PEER
drive:file:1TGj9BxRYuodD6hMeg8WE-pqLTFNpKRoi,1TGj9BxRYuodD6hMeg8WE-pqLTFNpKRoi,Literature/Complete Works of H. G. Wells,Kipps.pdf,2121754,UNIQUE_CANDIDATE,,OPEN,,,NO_EXACT_NAME_SIZE_PEER
drive:file:1MGCcnLRVoyjdAREajfjQTpxibUE4NWDQ,1MGCcnLRVoyjdAREajfjQTpxibUE4NWDQ,Literature/Complete Works of H. G. Wells,In-the-Fourht-Year.pdf,987850,UNIQUE_CANDIDATE,,OPEN,,,NO_EXACT_NAME_SIZE_PEER
drive:file:1YGpO4a1oVaQfTsG5X3f34niWzs3zFRcQ,1YGpO4a1oVaQfTsG5X3f34niWzs3zFRcQ,Literature/Complete Works of H. G. Wells,In-the-Days-of-the-Comet.pdf,1420909,UNIQUE_CANDIDATE,,OPEN,,,NO_EXACT_NAME_SIZE_PEER
drive:file:1D6t-LrIFpQ9nuh0m3QsexyhLLn-6Qn9T,1D6t-LrIFpQ9nuh0m3QsexyhLLn-6Qn9T,Literature/Complete Works of H. G. Wells,God-the-invisible-King.pdf,1109271,UNIQUE_CANDIDATE,,OPEN,,,NO_EXACT_NAME_SIZE_PEER
drive:file:1CwvT-i6oGpOAqgg7p9RSRdEAfQ-J-sbk,1CwvT-i6oGpOAqgg7p9RSRdEAfQ-J-sbk,Literature/Complete Works of H. G. Wells,Floor-Games.pdf,721923,UNIQUE_CANDIDATE,,OPEN,,,NO_EXACT_NAME_SIZE_PEER
drive:file:1w-SG2jJGkvHtZdjEh44QYGJ48ifQx3zn,1w-SG2jJGkvHtZdjEh44QYGJ48ifQx3zn,Literature/Complete Works of H. G. Wells,First-and-last-Things.pdf,1347536,UNIQUE_CANDIDATE,,OPEN,,,NO_EXACT_NAME_SIZE_PEER
drive:file:17747NhsLPhpLPiupuJawgMXOxf1rnDTP,17747NhsLPhpLPiupuJawgMXOxf1rnDTP,Literature/Complete Works of H. G. Wells,Certain-Personal-Matters.pdf,1709657,UNIQUE_CANDIDATE,,OPEN,,,NO_EXACT_NAME_SIZE_PEER
drive:file:19StXMaHyIKUSrsDfMmzzhxb6I2FtpuDm,19StXMaHyIKUSrsDfMmzzhxb6I2FtpuDm,Literature/Complete Works of H. G. Wells,Anticipations.pdf,1572669,UNIQUE_CANDIDATE,,OPEN,,,NO_EXACT_NAME_SIZE_PEER
drive:file:1wdL1W7E273P7Y-eXzMhwGeQ3QDnK0Okm,1wdL1W7E273P7Y-eXzMhwGeQ3QDnK0Okm,Literature/Complete Works of H. G. Wells,Ann-Veronica.pdf,1933628,UNIQUE_CANDIDATE,,OPEN,,,NO_EXACT_NAME_SIZE_PEER
drive:file:1_q3wVLri-9ZEQKtXCcHzXvaXVy_8M4F4,1_q3wVLri-9ZEQKtXCcHzXvaXVy_8M4F4,Literature/Complete Works of H. G. Wells,An-Englishman-Looks-at-the-World.pdf,1558887,UNIQUE_CANDIDATE,,OPEN,,,NO_EXACT_NAME_SIZE_PEER
drive:file:1kVSsuRXDeSAQcScyWmPC-gUxyrfgzlNu,1kVSsuRXDeSAQcScyWmPC-gUxyrfgzlNu,Literature/Complete Works of H. G. Wells,The-Complete-Works-of-HG-Wells.pdf,72979536,UNIQUE_CANDIDATE,,OPEN,,,NO_EXACT_NAME_SIZE_PEER
drive:file:1LqSNAhkLBxVjrqQFpCCfC4nZx99UasSG,1LqSNAhkLBxVjrqQFpCCfC4nZx99UasSG,Literature/Complete Works of H. G. Wells,A-Modern-Utopia.pdf,1522198,UNIQUE_CANDIDATE,,OPEN,,,NO_EXACT_NAME_SIZE_PEER
drive:file:1bMrwN_jH_ASUUTAufk8VvzhGQuX6Jjlq,1bMrwN_jH_ASUUTAufk8VvzhGQuX6Jjlq,Gnosticism,The Voudon-Gnostic Workbook.pdf,83551285,REVIEW_REQUIRED,DUP-D1353FD8E147,OPEN,,,EXACT_NAME_SIZE_CANDIDATE_ONLY
drive:file:1gQn2017M4TIx36XsKxOdMrpkN5QMZCM_,1gQn2017M4TIx36XsKxOdMrpkN5QMZCM_,Gnosticism,The Foundation of the Sexual Transmutation.pdf,21990,UNIQUE_CANDIDATE,,OPEN,,,NO_EXACT_NAME_SIZE_PEER
drive:file:1FTw8L4EqAF95_tn8rv5gVJ8qtc7-nMGn,1FTw8L4EqAF95_tn8rv5gVJ8qtc7-nMGn,Gnosticism,Esoteric Treatise of Hermetic Astrology.pdf,241105,REVIEW_REQUIRED,DUP-715E703A6A8F,OPEN,,,EXACT_NAME_SIZE_CANDIDATE_ONLY
drive:file:1VT8DLjuZdUS89aastEL9tu3-c4Qje-84,1VT8DLjuZdUS89aastEL9tu3-c4Qje-84,Gnosticism,The Cosmic Christ and The Holy Week.pdf,28761,UNIQUE_CANDIDATE,,OPEN,,,NO_EXACT_NAME_SIZE_PEER
drive:file:1N0N2vF9zmgKn1WscNeh9L8TZMC0yHQde,1N0N2vF9zmgKn1WscNeh9L8TZMC0yHQde,Gnosticism,Occult Medicine and Practical Magic.pdf,747759,UNIQUE_CANDIDATE,,OPEN,,,NO_EXACT_NAME_SIZE_PEER
drive:file:1o4YNuB_jn_1o9FbolnOZUC3xIFeRPV7M,1o4YNuB_jn_1o9FbolnOZUC3xIFeRPV7M,Gnosticism,"Moses, Great Magician and Alchemist.pdf",25315,UNIQUE_CANDIDATE,,OPEN,,,NO_EXACT_NAME_SIZE_PEER
drive:file:1t-De1UYepWDYtD_PtiMhgWxIcYtbQmoX,1t-De1UYepWDYtD_PtiMhgWxIcYtbQmoX,Gnosticism,The True Symbolism of Christmas.pdf,44441,UNIQUE_CANDIDATE,,OPEN,,,NO_EXACT_NAME_SIZE_PEER
drive:file:18-2u2U1mMFg3OgImpNEtlxtR8P6-CmAn,18-2u2U1mMFg3OgImpNEtlxtR8P6-CmAn,Gnosticism,The Gnostics and Their Remains.pdf,3038386,UNIQUE_CANDIDATE,,OPEN,,,NO_EXACT_NAME_SIZE_PEER
drive:file:1uvQiBcvn1SPYilI1U-XKH5OeZkzm2Gav,1uvQiBcvn1SPYilI1U-XKH5OeZkzm2Gav,Gnosticism,The Mysteries of the Fire.pdf,154492,UNIQUE_CANDIDATE,,OPEN,,,NO_EXACT_NAME_SIZE_PEER
drive:file:1TQ5FhWY-q0NJonoTbAoamdk6tWv3HZju,1TQ5FhWY-q0NJonoTbAoamdk6tWv3HZju,Gnosticism,Pistis Sophia Translation.pdf,1000835,UNIQUE_CANDIDATE,,OPEN,,,NO_EXACT_NAME_SIZE_PEER
drive:file:1t1_2DFt_CouEbdwxbGy7z2vXgf9YVrZt,1t1_2DFt_CouEbdwxbGy7z2vXgf9YVrZt,Gnosticism,Manual Of Practical Magic.pdf,131491,UNIQUE_CANDIDATE,,OPEN,,,NO_EXACT_NAME_SIZE_PEER
drive:file:1uV_zeUguZ_jolw3nflVMxO-q9O8J9R21,1uV_zeUguZ_jolw3nflVMxO-q9O8J9R21,Gnosticism,Transcendental Sexology.pdf,37238,UNIQUE_CANDIDATE,,OPEN,,,NO_EXACT_NAME_SIZE_PEER
drive:file:1C81kMN90FOMLgEQUJzyvgtThmKCyhaBt,1C81kMN90FOMLgEQUJzyvgtThmKCyhaBt,Gnosticism,The Gnostic Crucifixion.pdf,4430482,REVIEW_REQUIRED,DUP-3A11084B0A35,OPEN,,,EXACT_NAME_SIZE_CANDIDATE_ONLY
drive:file:1atK_M-Vw7uDlycLnNKKf0H6Gh9A1cxCh,1atK_M-Vw7uDlycLnNKKf0H6Gh9A1cxCh,Gnosticism,The Gnosis of the Mind.pdf,3565735,UNIQUE_CANDIDATE,,OPEN,,,NO_EXACT_NAME_SIZE_PEER
drive:file:1cLHrb47qUzSQabeKq3VBhMQwdzgNfO-m,1cLHrb47qUzSQabeKq3VBhMQwdzgNfO-m,Gnosticism,Pistis Sophia Unveiled.pdf,965203,REVIEW_REQUIRED,DUP-517D90C073AE,OPEN,,,EXACT_NAME_SIZE_CANDIDATE_ONLY
drive:file:13Nnza6c1SRwO3oz2sjT3O1LH2R4K3pTf,13Nnza6c1SRwO3oz2sjT3O1LH2R4K3pTf,Gnosticism,The Parsifal Unveiled.pdf,354598,UNIQUE_CANDIDATE,,OPEN,,,NO_EXACT_NAME_SIZE_PEER
drive:file:1V224Yi5UHamPAVhDnY0cua8krJaDArPF,1V224Yi5UHamPAVhDnY0cua8krJaDArPF,Gnosticism,The Chaldean Oracles.pdf,107540,UNIQUE_CANDIDATE,,OPEN,,,NO_EXACT_NAME_SIZE_PEER
drive:file:1RYh5WL0aToiepSHapTygzRQMPoBKqGia,1RYh5WL0aToiepSHapTygzRQMPoBKqGia,Gnosticism,The Hymns of Hermes.pdf,5229715,UNIQUE_CANDIDATE,,OPEN,,,NO_EXACT_NAME_SIZE_PEER
drive:file:19hk4Yp-wNG27DnAaz6J_kd5DY3-O4_we,19hk4Yp-wNG27DnAaz6J_kd5DY3-O4_we,Gnosticism,The Hymn of Jesus.pdf,4915287,UNIQUE_CANDIDATE,,OPEN,,,NO_EXACT_NAME_SIZE_PEER
drive:file:1Rgret1PHC2_WhDoarRqGIAZ_iU8KuIog,1Rgret1PHC2_WhDoarRqGIAZ_iU8KuIog,Gnosticism,A Mithraic Ritual.pdf,4634971,UNIQUE_CANDIDATE,,OPEN,,,NO_EXACT_NAME_SIZE_PEER
drive:file:18Ucz63N5RDPGgWi2KKv_BG0BPOph1alj,18Ucz63N5RDPGgWi2KKv_BG0BPOph1alj,Gnosticism,The Perfect Way.pdf,20741090,REVIEW_REQUIRED,DUP-E9E8080DD8C5,OPEN,,,EXACT_NAME_SIZE_CANDIDATE_ONLY
drive:file:1aDAKGtkY27s3XG3zI8rMJubRueXNFVlb,1aDAKGtkY27s3XG3zI8rMJubRueXNFVlb,Gnosticism,The Tree of Life.pdf,24034,REVIEW_REQUIRED,DUP-70FE0041D868,OPEN,,,EXACT_NAME_SIZE_CANDIDATE_ONLY
drive:file:1Y97DUdUte3bw4o1pNMI26m4WbVOeWEIo,1Y97DUdUte3bw4o1pNMI26m4WbVOeWEIo,Gnosticism,The Flaming Star.pdf,30760,UNIQUE_CANDIDATE,,OPEN,,,NO_EXACT_NAME_SIZE_PEER
drive:file:1riy51bpOZ0mS8MC31MYnseAbwWjHn6cy,1riy51bpOZ0mS8MC31MYnseAbwWjHn6cy,Gnosticism,Lucifer Nahuatl.pdf,17209,REVIEW_REQUIRED,DUP-AF6E21704477,OPEN,,,EXACT_NAME_SIZE_CANDIDATE_ONLY
drive:file:1_0hEnR4SPSqr0ErBXjvWsdnSgNh25Ldv,1_0hEnR4SPSqr0ErBXjvWsdnSgNh25Ldv,Gnosticism,The Chakras.pdf,24028,UNIQUE_CANDIDATE,,OPEN,,,NO_EXACT_NAME_SIZE_PEER
drive:file:1_dDPYyVcOMXnLt0foZXStJAwD2gvYJXg,1_dDPYyVcOMXnLt0foZXStJAwD2gvYJXg,Gnosticism,Magic Runes.pdf,403219,UNIQUE_CANDIDATE,,OPEN,,,NO_EXACT_NAME_SIZE_PEER
drive:file:1_wMvGzjt_lCwNmvK1_qxJ2HoFGAskZ0W,1_wMvGzjt_lCwNmvK1_qxJ2HoFGAskZ0W,Gnosticism,The Christ.pdf,20338,UNIQUE_CANDIDATE,,OPEN,,,NO_EXACT_NAME_SIZE_PEER
drive:file:1b_rj-QkHx2dcPkE-0kvteJU5B6zs_MZt,1b_rj-QkHx2dcPkE-0kvteJU5B6zs_MZt,Astrology,Astrology (Zodiac Personalities).pdf,4996250,REVIEW_REQUIRED,DUP-C9661A607584,OPEN,,,EXACT_NAME_SIZE_CANDIDATE_ONLY
drive:file:1FAzK3CcCiqnffgIY7xThVECTRAipJ4ap,1FAzK3CcCiqnffgIY7xThVECTRAipJ4ap,Astrology,Astrology (Zodiac Personalities).pdf,4996250,REVIEW_REQUIRED,DUP-C9661A607584,OPEN,,,EXACT_NAME_SIZE_CANDIDATE_ONLY
drive:file:1HIi5iNI2hY1VooJPB1zkvQiWKW2wTs5Q,1HIi5iNI2hY1VooJPB1zkvQiWKW2wTs5Q,Astrology,Astrologers and Their Creed.pdf,1296767,UNIQUE_CANDIDATE,,OPEN,,,NO_EXACT_NAME_SIZE_PEER
drive:file:1RhVWYuCf1TE5lPuXYdZtLdud4_5QnA7T,1RhVWYuCf1TE5lPuXYdZtLdud4_5QnA7T,Astrology,Anthony_Griffin_-_An_Astrological_Judgement_Touching_Theft.pdf,478120,UNIQUE_CANDIDATE,,OPEN,,,NO_EXACT_NAME_SIZE_PEER
drive:file:10-UMbLEIjcj4VNTav_4I-Epa9hfCg-hx,10-UMbLEIjcj4VNTav_4I-Epa9hfCg-hx,Astrology,Johannes_Kepler_-_Concerning_The_More_Certain_Fundamentals_of_Astrology.pdf,412484,UNIQUE_CANDIDATE,,OPEN,,,NO_EXACT_NAME_SIZE_PEER
drive:file:1N3uRK-D6FXT28xKoa03nm5TyszJTBS7V,1N3uRK-D6FXT28xKoa03nm5TyszJTBS7V,Astrology,Guido_Bonatus_-_Anima_Astrologiae.pdf,438528,UNIQUE_CANDIDATE,,OPEN,,,NO_EXACT_NAME_SIZE_PEER
drive:file:1emeuHUFpXmh6ajCrQtN-p3ksMeX0DVoM,1emeuHUFpXmh6ajCrQtN-p3ksMeX0DVoM,Astrology,John_Gadbury_-_The_Doctrine_of_Horary_Questions.pdf,594632,UNIQUE_CANDIDATE,,OPEN,,,NO_EXACT_NAME_SIZE_PEER
drive:file:1OV2lIQxma64fwbYKfgiwhnI_0LIIUw2P,1OV2lIQxma64fwbYKfgiwhnI_0LIIUw2P,Astrology,Sepharial_-_Astrology_and_Marriage.pdf,243984,UNIQUE_CANDIDATE,,OPEN,,,NO_EXACT_NAME_SIZE_PEER
drive:file:1S_BXOVN65pPDOB9c2d6J0U4bg46pnX1k,1S_BXOVN65pPDOB9c2d6J0U4bg46pnX1k,Astrology,Sepharial_-_Primary_Directions_in_Astrology.pdf,782885,UNIQUE_CANDIDATE,,OPEN,,,NO_EXACT_NAME_SIZE_PEER
drive:file:1f5-7IuEh_isL6AsZA1pz41rBHmJc7f0D,1f5-7IuEh_isL6AsZA1pz41rBHmJc7f0D,Astrology,William_Lilly_-_Choice_Aphorisms.pdf,310103,UNIQUE_CANDIDATE,,OPEN,,,NO_EXACT_NAME_SIZE_PEER
drive:file:15NQ_StX3oWKMpqM_68GybzsVzdinbPr2,15NQ_StX3oWKMpqM_68GybzsVzdinbPr2,Astrology,Concerning the More Certain Fundamentals of Astrology.pdf,305077,UNIQUE_CANDIDATE,,OPEN,,,NO_EXACT_NAME_SIZE_PEER
drive:file:1Pi_XzSDtQ9T0O1JR8tnWrHpIsCubgxao,1Pi_XzSDtQ9T0O1JR8tnWrHpIsCubgxao,Astrology,Esoteric Treatise of Hermetic Astrology.pdf,241105,REVIEW_REQUIRED,DUP-715E703A6A8F,OPEN,,,EXACT_NAME_SIZE_CANDIDATE_ONLY
drive:file:10CqYTOuRScNEixMU95dPfxnt5aun6hu5,10CqYTOuRScNEixMU95dPfxnt5aun6hu5,Astrology,An Astrological Judgment Touching Theft.pdf,359908,UNIQUE_CANDIDATE,,OPEN,,,NO_EXACT_NAME_SIZE_PEER
drive:file:1Pajr7Jwat9b1jUkLQWqmKyST-V4iB6hs,1Pajr7Jwat9b1jUkLQWqmKyST-V4iB6hs,Astrology,Stellar Theology and Masonic Astronomy.pdf,2710049,UNIQUE_CANDIDATE,,OPEN,,,NO_EXACT_NAME_SIZE_PEER
drive:file:1eikwfUuzthCoSWxVJyHhF6_DBkWlfWGW,1eikwfUuzthCoSWxVJyHhF6_DBkWlfWGW,Astrology,The Doctrine of Horary Questions.pdf,594632,UNIQUE_CANDIDATE,,OPEN,,,NO_EXACT_NAME_SIZE_PEER
drive:file:1cntZ_g0Kkmce0qTPi4Wpg3wDu_JggvJ-,1cntZ_g0Kkmce0qTPi4Wpg3wDu_JggvJ-,Astrology,The Only Way to Learn Astrology.pdf,58469,UNIQUE_CANDIDATE,,OPEN,,,NO_EXACT_NAME_SIZE_PEER
drive:file:1bDdQDwqHam_AKGf1PiZjPmHlhhJpmxKJ,1bDdQDwqHam_AKGf1PiZjPmHlhhJpmxKJ,Astrology,Simplified Scientific Astrology.pdf,664042,UNIQUE_CANDIDATE,,OPEN,,,NO_EXACT_NAME_SIZE_PEER
drive:file:1UlxAcgxKBTCLcAqWhMy7OpiuGTHeIMdI,1UlxAcgxKBTCLcAqWhMy7OpiuGTHeIMdI,Astrology,The Message of the Stars.pdf,890764,UNIQUE_CANDIDATE,,OPEN,,,NO_EXACT_NAME_SIZE_PEER
drive:file:16pDkTgzyVTOYsVzZ6-mOxPi7F7liVX8b,16pDkTgzyVTOYsVzZ6-mOxPi7F7liVX8b,Astrology,The Signs of the Zodiac.pdf,2716642,UNIQUE_CANDIDATE,,OPEN,,,NO_EXACT_NAME_SIZE_PEER
drive:file:12yBceREJsgnHzwnBzrEXWX_wO-QJx5uQ,12yBceREJsgnHzwnBzrEXWX_wO-QJx5uQ,Astrology,Planets AstroDictionary.pdf,197597,UNIQUE_CANDIDATE,,OPEN,,,NO_EXACT_NAME_SIZE_PEER
drive:file:15fByfbyVeuy16Q7sLux3bDmsDct19YKH,15fByfbyVeuy16Q7sLux3bDmsDct19YKH,Astrology,A Manual of Astrology.pdf,9829348,UNIQUE_CANDIDATE,,OPEN,,,NO_EXACT_NAME_SIZE_PEER
drive:file:11xV2nzTz2OMiEIHR3VG0S6N5r1Pz9dNM,11xV2nzTz2OMiEIHR3VG0S6N5r1Pz9dNM,Astrology,A Guide for Astrologers.pdf,438528,UNIQUE_CANDIDATE,,OPEN,,,NO_EXACT_NAME_SIZE_PEER
drive:file:1v744_x4UiD5SLT609AyPNiPTk-mhJM7A,1v744_x4UiD5SLT609AyPNiPTk-mhJM7A,Astrology,Astrological Geomancy.pdf,170078,UNIQUE_CANDIDATE,,OPEN,,,NO_EXACT_NAME_SIZE_PEER
drive:file:1MnY5GpyxoitUS4sOhfRrF471A7jexy3v,1MnY5GpyxoitUS4sOhfRrF471A7jexy3v,Astrology,Lunar Astrology.pdf,5311648,UNIQUE_CANDIDATE,,OPEN,,,NO_EXACT_NAME_SIZE_PEER
drive:file:1Y_sgL2sk1YyomupWLTVhEgCJFmqqra4M,1Y_sgL2sk1YyomupWLTVhEgCJFmqqra4M,Astrology,Astral Worship.pdf,1024395,REVIEW_REQUIRED,DUP-8CBC24E94EC0,OPEN,,,EXACT_NAME_SIZE_CANDIDATE_ONLY
drive:file:192b8FJ_NsjEoexWJ3P6nlglqTOdJZiFD,192b8FJ_NsjEoexWJ3P6nlglqTOdJZiFD,Astrology,Sun Signs.pdf,1718065,UNIQUE_CANDIDATE,,OPEN,,,NO_EXACT_NAME_SIZE_PEER
drive:file:1FKQG_7stXL_9vbIfuEZD1rzooINKliUH,1FKQG_7stXL_9vbIfuEZD1rzooINKliUH,Judaism,Kabbalah-Meditation-from-Torah-to-selfimprovement.pdf,4512823,UNIQUE_CANDIDATE,,OPEN,,,NO_EXACT_NAME_SIZE_PEER
drive:file:10HnHAsRgaqBdwk8gZ11nqlzRJAj7pAuZ,10HnHAsRgaqBdwk8gZ11nqlzRJAj7pAuZ,Judaism,Babylonian-Talmud.pdf,7790289,UNIQUE_CANDIDATE,,OPEN,,,NO_EXACT_NAME_SIZE_PEER
drive:file:1WeQEUiLKNoF-VXq5IqgSAQApJqayZFAJ,1WeQEUiLKNoF-VXq5IqgSAQApJqayZFAJ,Judaism/The Talmud – Complete,Talmud-Bikkurim.pdf,62579,UNIQUE_CANDIDATE,,OPEN,,,NO_EXACT_NAME_SIZE_PEER
drive:file:1BJwGebfUxzMXp7RGHiq71k_7YOItuAit,1BJwGebfUxzMXp7RGHiq71k_7YOItuAit,Judaism/The Talmud – Complete,Talmud-Orlah.pdf,108588,UNIQUE_CANDIDATE,,OPEN,,,NO_EXACT_NAME_SIZE_PEER
drive:file:1FTLFhffPGn7OtnbA14Hex_MEijBaG8Ca,1FTLFhffPGn7OtnbA14Hex_MEijBaG8Ca,Judaism/The Talmud – Complete,Talmud-Berachoth.pdf,1250526,UNIQUE_CANDIDATE,,OPEN,,,NO_EXACT_NAME_SIZE_PEER
drive:file:1jymaL4N-R_JMSvplmQK64LpDsWn3UvC2,1jymaL4N-R_JMSvplmQK64LpDsWn3UvC2,Judaism/The Talmud – Complete,Talmud-Demai.pdf,97168,UNIQUE_CANDIDATE,,OPEN,,,NO_EXACT_NAME_SIZE_PEER
drive:file:1L5PJ7mgqNDbHJrRt34Uc2eTc4gL2XL-y,1L5PJ7mgqNDbHJrRt34Uc2eTc4gL2XL-y,Judaism/The Talmud – Complete,Talmud-Hallah.pdf,140877,UNIQUE_CANDIDATE,,OPEN,,,NO_EXACT_NAME_SIZE_PEER
drive:file:1sKTfSrOCmX5r0dPG3m6uwbie3ygBRawG,1sKTfSrOCmX5r0dPG3m6uwbie3ygBRawG,Judaism/The Talmud – Complete,Talmud-Kilayim.pdf,175139,UNIQUE_CANDIDATE,,OPEN,,,NO_EXACT_NAME_SIZE_PEER
drive:file:1ddDPP2ho95ICXKRUo_phRa3sLDwIFiQz,1ddDPP2ho95ICXKRUo_phRa3sLDwIFiQz,Judaism/The Talmud – Complete,Talmud-Maaseroth.pdf,87742,UNIQUE_CANDIDATE,,OPEN,,,NO_EXACT_NAME_SIZE_PEER
drive:file:1BlPKlW9ZXPZCk1FZGiEnxgFjXM9oG3fS,1BlPKlW9ZXPZCk1FZGiEnxgFjXM9oG3fS,Judaism/The Talmud – Complete,Talmud-Peah.pdf,146615,UNIQUE_CANDIDATE,,OPEN,,,NO_EXACT_NAME_SIZE_PEER
drive:file:14T0TIS1uk0SdT5o0jrPlIpN_8O3x662X,14T0TIS1uk0SdT5o0jrPlIpN_8O3x662X,Judaism/The Talmud – Complete,Talmud-Sheviith.pdf,155188,UNIQUE_CANDIDATE,,OPEN,,,NO_EXACT_NAME_SIZE_PEER
drive:file:1sfGJ6FUDpX4WsieA9CzrlYLpeYhL3p_b,1sfGJ6FUDpX4WsieA9CzrlYLpeYhL3p_b,Judaism/The Talmud – Complete,Talmud-Terumoth.pdf,955340,UNIQUE_CANDIDATE,,OPEN,,,NO_EXACT_NAME_SIZE_PEER
drive:file:1HY0utb4s47cNZbByUdhZdV96CtwwelgC,1HY0utb4s47cNZbByUdhZdV96CtwwelgC,Egyptian Mysteries,Wonderful Ethiopians of the Ancient Cushite Empire.pdf,764082,REVIEW_REQUIRED,DUP-A861DC1FF3DF,OPEN,,,EXACT_NAME_SIZE_CANDIDATE_ONLY
drive:file:1KZYukqoPkESa0paGTntCu0NALyTMF9w2,1KZYukqoPkESa0paGTntCu0NALyTMF9w2,Egyptian Mysteries,The Book of the Master of Hidden Places.pdf,2843182,UNIQUE_CANDIDATE,,OPEN,,,NO_EXACT_NAME_SIZE_PEER
drive:file:1KveFEhTXgIhrc3rKJxVx9Y6uuzPD06Ha,1KveFEhTXgIhrc3rKJxVx9Y6uuzPD06Ha,Egyptian Mysteries,Ancient Egypt Under the Pharaohs.pdf,33754251,REVIEW_REQUIRED,DUP-37766A1A8EFF,OPEN,,,EXACT_NAME_SIZE_CANDIDATE_ONLY
drive:file:1br81d0mZAspcTG0tXuypMA1AUA9gM2S4,1br81d0mZAspcTG0tXuypMA1AUA9gM2S4,Egyptian Mysteries,The Queen of Sheba and Her Only Son Menyelek.pdf,841165,UNIQUE_CANDIDATE,,OPEN,,,NO_EXACT_NAME_SIZE_PEER
drive:file:1tPmGTeY-T77fZBi7jkuD7HLhGLmSw4ZQ,1tPmGTeY-T77fZBi7jkuD7HLhGLmSw4ZQ,Egyptian Mysteries,Ancient Egypt - The Light of the World.pdf,6362802,UNIQUE_CANDIDATE,,OPEN,,,NO_EXACT_NAME_SIZE_PEER
drive:file:1BpfdXI0otxoRdNY_kU4FVVOVsRqg-Yyq,1BpfdXI0otxoRdNY_kU4FVVOVsRqg-Yyq,Egyptian Mysteries,Ancient Egypt - Light of the World.pdf,3680119,UNIQUE_CANDIDATE,,OPEN,,,NO_EXACT_NAME_SIZE_PEER
drive:file:1dhMuv5I3258MuP1jZY4EFRiXdbST9n7b,1dhMuv5I3258MuP1jZY4EFRiXdbST9n7b,Egyptian Mysteries,Egyptian Ideas of the Future Life.pdf,159086,REVIEW_REQUIRED,DUP-5FB81D685F0D,OPEN,,,EXACT_NAME_SIZE_CANDIDATE_ONLY
drive:file:1hX-tNOVBZi992d5PffCz2knZmXZZ9fmi,1hX-tNOVBZi992d5PffCz2knZmXZZ9fmi,Egyptian Mysteries,The Source of Measures.pdf,21260195,UNIQUE_CANDIDATE,,OPEN,,,NO_EXACT_NAME_SIZE_PEER
drive:file:1QBJKeSnIPomwAMjcLh17uryutqwjdIcV,1QBJKeSnIPomwAMjcLh17uryutqwjdIcV,Egyptian Mysteries,The Egyptian Heaven and Hell.pdf,219072,UNIQUE_CANDIDATE,,OPEN,,,NO_EXACT_NAME_SIZE_PEER
drive:file:1DU81vzzNGNlmj3demQ95TfwaC2sGard9,1DU81vzzNGNlmj3demQ95TfwaC2sGard9,Egyptian Mysteries,Egyptian Myth and Legend.pdf,465975,REVIEW_REQUIRED,DUP-F451DE831E1F,OPEN,,,EXACT_NAME_SIZE_CANDIDATE_ONLY
drive:file:1reqEkTwGf6o8V_W8DXPFnu4bS4JWv8vV,1reqEkTwGf6o8V_W8DXPFnu4bS4JWv8vV,Egyptian Mysteries,The Book of Am-Tuat.pdf,202818,REVIEW_REQUIRED,DUP-56B824D25B76,OPEN,,,EXACT_NAME_SIZE_CANDIDATE_ONLY
drive:file:1YlWm6K-ymzSmXFnUNXqQluswKIXbNRqb,1YlWm6K-ymzSmXFnUNXqQluswKIXbNRqb,Egyptian Mysteries,Legends of the Gods.pdf,670360,UNIQUE_CANDIDATE,,OPEN,,,NO_EXACT_NAME_SIZE_PEER
drive:file:1VsnY-iimZU9fgm-CTPhuEZ48D-wIKMKg,1VsnY-iimZU9fgm-CTPhuEZ48D-wIKMKg,Egyptian Mysteries,The Book of Gates.pdf,216237,UNIQUE_CANDIDATE,,OPEN,,,NO_EXACT_NAME_SIZE_PEER
drive:file:1yVDQ5KnqRlb4-JSFgcIdSF5HGYYi0Tcj,1yVDQ5KnqRlb4-JSFgcIdSF5HGYYi0Tcj,Egyptian Mysteries,The Veil of Isis.pdf,345681,UNIQUE_CANDIDATE,,OPEN,,,NO_EXACT_NAME_SIZE_PEER
drive:file:1bqaBWSPSB44T363uxa6tcHsBX_OJ8GA6,1bqaBWSPSB44T363uxa6tcHsBX_OJ8GA6,Egyptian Mysteries,Stolen Legacy.pdf,905446,UNIQUE_CANDIDATE,,OPEN,,,NO_EXACT_NAME_SIZE_PEER
drive:file:13w9AiaYWSGm2fQd2Rf6AibSj9Msls9Xc,13w9AiaYWSGm2fQd2Rf6AibSj9Msls9Xc,Egyptian Mysteries,The Egyptian Book of the Dead.pdf,26999454,UNIQUE_CANDIDATE,,OPEN,,,NO_EXACT_NAME_SIZE_PEER
drive:file:1BN_0SBPpLBtxbztQQai601PxMLB8bi6S,1BN_0SBPpLBtxbztQQai601PxMLB8bi6S,Egyptian Mysteries,Thoth - The Hermes of Egypt.pdf,22963700,UNIQUE_CANDIDATE,,OPEN,,,NO_EXACT_NAME_SIZE_PEER
drive:file:1UXEV7hnATS_XLB2CNC1C7-JFzvz2e14L,1UXEV7hnATS_XLB2CNC1C7-JFzvz2e14L,Hermeticism,John Baines - The Stellar Man - 2002.pdf,1339271,UNIQUE_CANDIDATE,,OPEN,,,NO_EXACT_NAME_SIZE_PEER
drive:file:1IrScJaeC5mX64J1Q0M5dAoYt5vYPMoHb,1IrScJaeC5mX64J1Q0M5dAoYt5vYPMoHb,Hermeticism,Georg Lomer - 7 Hermetic Letters.pdf,502608,UNIQUE_CANDIDATE,,OPEN,,,NO_EXACT_NAME_SIZE_PEER
drive:file:1gWivQoUK2vyPAtloPQOD2BftxpjOU6FC,1gWivQoUK2vyPAtloPQOD2BftxpjOU6FC,Hermeticism,Corpus Hermeticum.pdf,1055031,UNIQUE_CANDIDATE,,OPEN,,,NO_EXACT_NAME_SIZE_PEER
drive:file:1zu6knF_i-81yIKazZUOgGb33szowylMs,1zu6knF_i-81yIKazZUOgGb33szowylMs,Hermeticism,The Theological and Philosophical Works of Hermes Trismegistus.pdf,21125414,UNIQUE_CANDIDATE,,OPEN,,,NO_EXACT_NAME_SIZE_PEER
drive:file:1y0z35RjiScai-uJBw_1Dr0VsZRstFpkR,1y0z35RjiScai-uJBw_1Dr0VsZRstFpkR,Hermeticism,The Golden Tractate of Hermes Trismegistus.pdf,22699,UNIQUE_CANDIDATE,,OPEN,,,NO_EXACT_NAME_SIZE_PEER
drive:file:1PTO6BTrl3iggOIroY1XdOA0fXVrNrAO3,1PTO6BTrl3iggOIroY1XdOA0fXVrNrAO3,Hermeticism,The Emerald Tablet of Hermes Translations.pdf,53034,UNIQUE_CANDIDATE,,OPEN,,,NO_EXACT_NAME_SIZE_PEER
drive:file:12nHtVNYH_OH4KK_HQBYLAmglHcO533E9,12nHtVNYH_OH4KK_HQBYLAmglHcO533E9,Hermeticism,The Corpus Hermeticum Translated.pdf,58469,UNIQUE_CANDIDATE,,OPEN,,,NO_EXACT_NAME_SIZE_PEER
drive:file:17jgBqllR-bmwwIUeAnkIPu6RZQWynKyY,17jgBqllR-bmwwIUeAnkIPu6RZQWynKyY,Hermeticism,The Hermetic Arcanum.pdf,265254,UNIQUE_CANDIDATE,,OPEN,,,NO_EXACT_NAME_SIZE_PEER
drive:file:1__9aqsUc175Td0BLuzvDKhYGsvgXF41b,1__9aqsUc175Td0BLuzvDKhYGsvgXF41b,Hermeticism,The Corpus Hermetica.pdf,109376,UNIQUE_CANDIDATE,,OPEN,,,NO_EXACT_NAME_SIZE_PEER
drive:file:11g3f4mjOPdh9fMwa7gqFnmVlKP1vv1hf,11g3f4mjOPdh9fMwa7gqFnmVlKP1vv1hf,Hermeticism,The Hermetic Museum.pdf,942042,UNIQUE_CANDIDATE,,OPEN,,,NO_EXACT_NAME_SIZE_PEER
drive:file:1NHtf2ZJJ2tmr9fbhlmIHc_e4pGnW7z2H,1NHtf2ZJJ2tmr9fbhlmIHc_e4pGnW7z2H,Hermeticism,The Kybalion.pdf,238687,UNIQUE_CANDIDATE,,OPEN,,,NO_EXACT_NAME_SIZE_PEER
drive:file:1gkuXqn0jzfDFz0DlYoryEWDSmLL89tGT,1gkuXqn0jzfDFz0DlYoryEWDSmLL89tGT,Hermeticism,Initiation into Hermetics.pdf,513786,UNIQUE_CANDIDATE,,OPEN,,,NO_EXACT_NAME_SIZE_PEER
drive:file:1jDidfDbhQJMIX1Cibh6hLe_5WOE36xk8,1jDidfDbhQJMIX1Cibh6hLe_5WOE36xk8,Kabbalah,A Practical Guide to Qabalistic Symbolism.pdf,27014994,UNIQUE_CANDIDATE,,OPEN,,,NO_EXACT_NAME_SIZE_PEER
drive:file:1-xp6pt1Pq04MRLiG4ursbP_V4iN2vhbR,1-xp6pt1Pq04MRLiG4ursbP_V4iN2vhbR,Kabbalah,Sepher Ha-Bahir - The Book of Illumination.pdf,377435,UNIQUE_CANDIDATE,,OPEN,,,NO_EXACT_NAME_SIZE_PEER
drive:file:1nUN1jf_XmMp1ZEDA4NsAuFmMAx2hoqgl,1nUN1jf_XmMp1ZEDA4NsAuFmMAx2hoqgl,Kabbalah,"Kabbalah, Science and the Meaning of Life.pdf",1982832,UNIQUE_CANDIDATE,,OPEN,,,NO_EXACT_NAME_SIZE_PEER
drive:file:1wadtWgpbnH64xGjW1mwEtQQ1Fg1KN1ge,1wadtWgpbnH64xGjW1mwEtQQ1Fg1KN1ge,Kabbalah,A Depth of Beginning - Notes on Kabbalah.pdf,1918243,REVIEW_REQUIRED,DUP-BD34BAB23A1F,OPEN,,,EXACT_NAME_SIZE_CANDIDATE_ONLY
drive:file:1yB9Ver7-AwiHNy8IHf4h4Vj_qk6ggDVd,1yB9Ver7-AwiHNy8IHf4h4Vj_qk6ggDVd,Kabbalah,The Tree of Life - A Study in Magic (1).pdf,10883494,UNIQUE_CANDIDATE,,OPEN,,,NO_EXACT_NAME_SIZE_PEER
drive:file:1pjQd4IkV7-_0FMINndtx68CsP0nO_mbe,1pjQd4IkV7-_0FMINndtx68CsP0nO_mbe,Kabbalah,Approaching the Kabbalah of Maat.pdf,2868235,UNIQUE_CANDIDATE,,OPEN,,,NO_EXACT_NAME_SIZE_PEER
drive:file:116RTFr1q9HSjKTXLskTEUUpDraHcDosC,116RTFr1q9HSjKTXLskTEUUpDraHcDosC,Kabbalah,Secret Wisdom of the Qabalah.pdf,2037110,UNIQUE_CANDIDATE,,OPEN,,,NO_EXACT_NAME_SIZE_PEER
drive:file:1fRPZo8BGRv_NbCijX1OTNB-ACz3aQpgu,1fRPZo8BGRv_NbCijX1OTNB-ACz3aQpgu,Kabbalah,"Pardes, a Study in Cabbala.pdf",205678,UNIQUE_CANDIDATE,,OPEN,,,NO_EXACT_NAME_SIZE_PEER
drive:file:1POqwxtLb7s7RwYZ8c--2BTrECz1ZX7fX,1POqwxtLb7s7RwYZ8c--2BTrECz1ZX7fX,Kabbalah,Primary Tree Attributions.pdf,778521,UNIQUE_CANDIDATE,,OPEN,,,NO_EXACT_NAME_SIZE_PEER
drive:file:1VPjLk0SwfuF2lgalA6efHj42j-7723hG,1VPjLk0SwfuF2lgalA6efHj42j-7723hG,Kabbalah,Kabbalah for the Student.pdf,4870836,UNIQUE_CANDIDATE,,OPEN,,,NO_EXACT_NAME_SIZE_PEER
drive:file:1qN-9DsqvFHUHmGg2VQwlBujadCnyLrA8,1qN-9DsqvFHUHmGg2VQwlBujadCnyLrA8,Kabbalah,Elements of the Qabalah.pdf,496640,UNIQUE_CANDIDATE,,OPEN,,,NO_EXACT_NAME_SIZE_PEER
drive:file:1w1qj8TCYCphL86-scbe8wXEgtpivnHWl,1w1qj8TCYCphL86-scbe8wXEgtpivnHWl,Kabbalah,The Book of Deviations.pdf,164461,UNIQUE_CANDIDATE,,OPEN,,,NO_EXACT_NAME_SIZE_PEER
drive:file:117liC1-oi_R0mxkIr_-T1m3tgmNOGk4K,117liC1-oi_R0mxkIr_-T1m3tgmNOGk4K,Kabbalah,The Mystery of Damage.pdf,664028,UNIQUE_CANDIDATE,,OPEN,,,NO_EXACT_NAME_SIZE_PEER
drive:file:11m9lf6U6LKu25hDT1H2S6bcoVWmuDd54,11m9lf6U6LKu25hDT1H2S6bcoVWmuDd54,Kabbalah,The Kabbalah Unveiled.pdf,1216192,UNIQUE_CANDIDATE,,OPEN,,,NO_EXACT_NAME_SIZE_PEER
drive:file:11xlragmWhkxJEAjH_8jxHZzc3X4-nrh8,11xlragmWhkxJEAjH_8jxHZzc3X4-nrh8,Kabbalah,The Kabala of Numbers.pdf,2271608,UNIQUE_CANDIDATE,,OPEN,,,NO_EXACT_NAME_SIZE_PEER
drive:file:1sEGQK6CowiVdOUVYyW6XysTnMNW9yfmT,1sEGQK6CowiVdOUVYyW6XysTnMNW9yfmT,Kabbalah,Shem Ha-Mephoresch.pdf,219731,UNIQUE_CANDIDATE,,OPEN,,,NO_EXACT_NAME_SIZE_PEER
drive:file:1qkOmdIXeeFDO9xhhvB5YUV7mnOhbP4CD,1qkOmdIXeeFDO9xhhvB5YUV7mnOhbP4CD,Kabbalah,Shamati - I Heard.pdf,58469,UNIQUE_CANDIDATE,,OPEN,,,NO_EXACT_NAME_SIZE_PEER
drive:file:1pQmxDrqzMoj60PRtRhhUiZZkWEmQS6cp,1pQmxDrqzMoj60PRtRhhUiZZkWEmQS6cp,Kabbalah,Sepher Sephiroth.pdf,540723,UNIQUE_CANDIDATE,,OPEN,,,NO_EXACT_NAME_SIZE_PEER
drive:file:1hxI6RgmEa5_fkk6oES1rB4ObFzzrnCxz,1hxI6RgmEa5_fkk6oES1rB4ObFzzrnCxz,Kabbalah,Sepher Yetzirah.pdf,146766,UNIQUE_CANDIDATE,,OPEN,,,NO_EXACT_NAME_SIZE_PEER
drive:file:1SJX99jqBgqU8LYi8UrCrXSGhtjf1mnOd,1SJX99jqBgqU8LYi8UrCrXSGhtjf1mnOd,Kabbalah,Sepher Raziel.pdf,181535,UNIQUE_CANDIDATE,,OPEN,,,NO_EXACT_NAME_SIZE_PEER
drive:file:1JI05XFlqfqVXWYNVbI4_Dn8cQB8CxRrm,1JI05XFlqfqVXWYNVbI4_Dn8cQB8CxRrm,Kabbalah,Liber LVII.pdf,397355,UNIQUE_CANDIDATE,,OPEN,,,NO_EXACT_NAME_SIZE_PEER
drive:file:1beSVuzKwVoijEodlqaznIiWUTecnL5uO,1beSVuzKwVoijEodlqaznIiWUTecnL5uO,Kabbalah,The Zohar.pdf,2980500,UNIQUE_CANDIDATE,,OPEN,,,NO_EXACT_NAME_SIZE_PEER
drive:file:1pPWfvHhB_kqYH1gpv6m8ziMd897trIa0,1pPWfvHhB_kqYH1gpv6m8ziMd897trIa0,Kabbalah,The Tree of Life - A Study in Magic.pdf,10883494,UNIQUE_CANDIDATE,,OPEN,,,NO_EXACT_NAME_SIZE_PEER
drive:file:1ybW1aQNM3mdn_HDKP8Wq6iHlUpYKKck_,1ybW1aQNM3mdn_HDKP8Wq6iHlUpYKKck_,Kabbalah,The Tree of Life.pdf,24034,REVIEW_REQUIRED,DUP-70FE0041D868,OPEN,,,EXACT_NAME_SIZE_CANDIDATE_ONLY
drive:file:1N_vrPaTJcGNRubnmaX6r3ujfzDe5vWBP,1N_vrPaTJcGNRubnmaX6r3ujfzDe5vWBP,Kabbalah,Concealed Dynamics.pdf,3417264,REVIEW_REQUIRED,DUP-7E1E1BA5257E,OPEN,,,EXACT_NAME_SIZE_CANDIDATE_ONLY
drive:file:1-NzWaBB7xHjtLcBNr0MxM9XoCQti1Isf,1-NzWaBB7xHjtLcBNr0MxM9XoCQti1Isf,Kabbalah,The Kabbalah.pdf,4367189,UNIQUE_CANDIDATE,,OPEN,,,NO_EXACT_NAME_SIZE_PEER
drive:file:1JY0JgB5IKm3Tm6k0V2ntOQwaCMr5wohL,1JY0JgB5IKm3Tm6k0V2ntOQwaCMr5wohL,Islam,The Holy Koran of the Moorish Temple of America - The Circle Seven.pdf,518407,UNIQUE_CANDIDATE,,OPEN,,,NO_EXACT_NAME_SIZE_PEER
drive:file:1vSFD2KuyZuBlyOiCRuGx6b-dN32GSspK,1vSFD2KuyZuBlyOiCRuGx6b-dN32GSspK,Islam,Fihi Ma Fihi.pdf,744498,UNIQUE_CANDIDATE,,OPEN,,,NO_EXACT_NAME_SIZE_PEER
drive:file:16bB6GPZNIwypJEsGl2RohR5VSJPKSEum,16bB6GPZNIwypJEsGl2RohR5VSJPKSEum,Islam,Masnavi.pdf,1124417,UNIQUE_CANDIDATE,,OPEN,,,NO_EXACT_NAME_SIZE_PEER
drive:file:1QQVlKTbsORKcxYx87h3cbKSTDpYPhZoi,1QQVlKTbsORKcxYx87h3cbKSTDpYPhZoi,Islam,english-quranalhilali-khan.pdf,37013729,UNIQUE_CANDIDATE,,OPEN,,,NO_EXACT_NAME_SIZE_PEER
drive:file:1F2ojP_B3aGDrvPnx65dxmw-GEq6kn5oC,1F2ojP_B3aGDrvPnx65dxmw-GEq6kn5oC,Islam,Ever-Thought-About-The-Truth.pdf,980161,UNIQUE_CANDIDATE,,OPEN,,,NO_EXACT_NAME_SIZE_PEER
drive:file:1kT_iV0u8X3Q5aLh6hCVC5dRcI9TyJ5xT,1kT_iV0u8X3Q5aLh6hCVC5dRcI9TyJ5xT,Islam,Divine-Justice-or-The-problem-of-Evil.pdf,366062,UNIQUE_CANDIDATE,,OPEN,,,NO_EXACT_NAME_SIZE_PEER
drive:file:1yF0jkSte2XSa9h02b1RLYfTvaXzwoQt5,1yF0jkSte2XSa9h02b1RLYfTvaXzwoQt5,Islam,Ibn-Al-Arabi-Tarjuman-Al-Ashwaq.pdf,6816803,REVIEW_REQUIRED,DUP-AE43CA9D6042,OPEN,,,EXACT_NAME_SIZE_CANDIDATE_ONLY
drive:file:1Fy7QdyX5iQw4yetjIGMyHDwibZ4-an9V,1Fy7QdyX5iQw4yetjIGMyHDwibZ4-an9V,Islam,The-Persian-Mystics-Jalaluddin-Rumi.pdf,2771849,UNIQUE_CANDIDATE,,OPEN,,,NO_EXACT_NAME_SIZE_PEER
drive:file:1v_V6SFAFH2o3PsupP8M6EcIyrU-Rj0B2,1v_V6SFAFH2o3PsupP8M6EcIyrU-Rj0B2,Islam,The-Tawasin-of-Mansur-Al-Hallaj.pdf,397234,UNIQUE_CANDIDATE,,OPEN,,,NO_EXACT_NAME_SIZE_PEER
drive:file:1NoUMLcm1zQuRSipktNpMEgC2fVWNcJ7-,1NoUMLcm1zQuRSipktNpMEgC2fVWNcJ7-,Islam,Al-Kafi.pdf,1966667,UNIQUE_CANDIDATE,,OPEN,,,NO_EXACT_NAME_SIZE_PEER
drive:file:1teSMamPHg2hI4e_B_Nk9vgQltfYS2FFc,1teSMamPHg2hI4e_B_Nk9vgQltfYS2FFc,Islam,Masnavi-I-Manavi-Teachings-of-Rumi.pdf,1124417,UNIQUE_CANDIDATE,,OPEN,,,NO_EXACT_NAME_SIZE_PEER
drive:file:1cbxMJfOmBxgKoS-uZhdwAwRlhqWDODav,1cbxMJfOmBxgKoS-uZhdwAwRlhqWDODav,Islam,The-Whirling-Ecstacy.pdf,1002936,UNIQUE_CANDIDATE,,OPEN,,,NO_EXACT_NAME_SIZE_PEER
drive:file:1IiJCsqUc4bQdN_kp81pL-qkrl-CEppc0,1IiJCsqUc4bQdN_kp81pL-qkrl-CEppc0,Islam,Muslim-Saints-and-Mystics.pdf,1402473,UNIQUE_CANDIDATE,,OPEN,,,NO_EXACT_NAME_SIZE_PEER
drive:file:15iqO1BtKZkVSFI0eQ3Jzmn2gXnqXbbMM,15iqO1BtKZkVSFI0eQ3Jzmn2gXnqXbbMM,Islam,quran-in-modern-english.pdf,1495801,UNIQUE_CANDIDATE,,OPEN,,,NO_EXACT_NAME_SIZE_PEER
drive:file:1U_Sj7IGU1kV7uNmCsdhvs_Rac037G5s9,1U_Sj7IGU1kV7uNmCsdhvs_Rac037G5s9,Islam,Sufis-of-Sindh.pdf,12585428,UNIQUE_CANDIDATE,,OPEN,,,NO_EXACT_NAME_SIZE_PEER
drive:file:18LMXBj80O8HQpsgs2pruyZpw9OJGYDLK,18LMXBj80O8HQpsgs2pruyZpw9OJGYDLK,Islam,Milestones.pdf,707781,UNIQUE_CANDIDATE,,OPEN,,,NO_EXACT_NAME_SIZE_PEER
drive:file:1BuG-ysXjRi-z0Abc_YmGLey3oS69JA5E,1BuG-ysXjRi-z0Abc_YmGLey3oS69JA5E,Islam,Realism.pdf,27037278,UNIQUE_CANDIDATE,,OPEN,,,NO_EXACT_NAME_SIZE_PEER
drive:file:1_SSRdIqykdNBEl6laFQdX8lQ0LSLUgMW,1_SSRdIqykdNBEl6laFQdX8lQ0LSLUgMW,Islam,The-Conference-of-the-Birds.pdf,2011681,UNIQUE_CANDIDATE,,OPEN,,,NO_EXACT_NAME_SIZE_PEER
drive:file:1e-UME8JZxYKFPmbYh8fr2cy8Ck0zLxZO,1e-UME8JZxYKFPmbYh8fr2cy8Ck0zLxZO,Islam,The-Complete-Hadith.pdf,15174786,UNIQUE_CANDIDATE,,OPEN,,,NO_EXACT_NAME_SIZE_PEER
drive:file:1rwaTyA2SVBof1lY2c0UnlDeoHtBaGrod,1rwaTyA2SVBof1lY2c0UnlDeoHtBaGrod,Islam,The-Sufism-of-the-Rubaiyat.pdf,1195241,REVIEW_REQUIRED,DUP-F799795C6B67,OPEN,,,EXACT_NAME_SIZE_CANDIDATE_ONLY
drive:file:1hmdluOH0g15IX2O8fj5nmLdp49PWrfYF,1hmdluOH0g15IX2O8fj5nmLdp49PWrfYF,Islam,The-Three-Stages-of-the-Self-in-the-Quran-1.pdf,2111740,UNIQUE_CANDIDATE,,OPEN,,,NO_EXACT_NAME_SIZE_PEER
drive:file:1wJ2UKUqw2WV5oWnKt2f77WjJDoStQfKg,1wJ2UKUqw2WV5oWnKt2f77WjJDoStQfKg,Islam,The-Singing-Caravan-A-Sufi-Tale.pdf,1090728,UNIQUE_CANDIDATE,,OPEN,,,NO_EXACT_NAME_SIZE_PEER
drive:file:1SSPIXRyPKK3f-NW9UmBDiYSLWbIwWu2e,1SSPIXRyPKK3f-NW9UmBDiYSLWbIwWu2e,Islam,The-Secrets-of-the-Self.pdf,1151971,UNIQUE_CANDIDATE,,OPEN,,,NO_EXACT_NAME_SIZE_PEER
drive:file:1JGojBwVbNZKPdhUQReyQkEXTRN5evD83,1JGojBwVbNZKPdhUQReyQkEXTRN5evD83,Islam/In The Shade Of The Qur’an – Fi Dhilal Al Qur’an by Sayyid Qutb,volume-_15-16-17_surahs_40-77 (1).pdf,38509862,UNIQUE_CANDIDATE,,OPEN,,,NO_EXACT_NAME_SIZE_PEER
drive:file:18phU1B7BVYmKvyqXGTSIGUvxzYVbJRDn,18phU1B7BVYmKvyqXGTSIGUvxzYVbJRDn,Islam/In The Shade Of The Qur’an – Fi Dhilal Al Qur’an by Sayyid Qutb,volume_18_surahs_78-114.pdf,1442085,UNIQUE_CANDIDATE,,OPEN,,,NO_EXACT_NAME_SIZE_PEER
drive:file:1Cq7w2I7IvH1v1eCf1U2EVrqRKdl1XR8-,1Cq7w2I7IvH1v1eCf1U2EVrqRKdl1XR8-,Islam/In The Shade Of The Qur’an – Fi Dhilal Al Qur’an by Sayyid Qutb,volume_14_surahs_33-39.pdf,1867910,UNIQUE_CANDIDATE,,OPEN,,,NO_EXACT_NAME_SIZE_PEER
drive:file:1m1nXXPKHLK8mu1HAmHuIHLHYYRZyoUvu,1m1nXXPKHLK8mu1HAmHuIHLHYYRZyoUvu,Islam/In The Shade Of The Qur’an – Fi Dhilal Al Qur’an by Sayyid Qutb,volume_13_surahs_26-32.pdf,1795710,UNIQUE_CANDIDATE,,OPEN,,,NO_EXACT_NAME_SIZE_PEER
drive:file:1i5HiNB3iuJMXTNljpROXK9BpO46VPZSR,1i5HiNB3iuJMXTNljpROXK9BpO46VPZSR,Islam/In The Shade Of The Qur’an – Fi Dhilal Al Qur’an by Sayyid Qutb,volume_12_surahs_21-25.pdf,1768620,UNIQUE_CANDIDATE,,OPEN,,,NO_EXACT_NAME_SIZE_PEER
drive:file:15w6YFFWcjvYbIni9uZzYHaEYRr4b_2fs,15w6YFFWcjvYbIni9uZzYHaEYRr4b_2fs,Islam/In The Shade Of The Qur’an – Fi Dhilal Al Qur’an by Sayyid Qutb,volume_11_surahs_16-20.pdf,1806154,UNIQUE_CANDIDATE,,OPEN,,,NO_EXACT_NAME_SIZE_PEER
drive:file:1aGBj26dnhqL0d_BsxlXT-bhxuTkKroPz,1aGBj26dnhqL0d_BsxlXT-bhxuTkKroPz,Islam/In The Shade Of The Qur’an – Fi Dhilal Al Qur’an by Sayyid Qutb,volume_8_surah_9.pdf,1331203,UNIQUE_CANDIDATE,,OPEN,,,NO_EXACT_NAME_SIZE_PEER
drive:file:1cUxKO9VNEwFwljqS0o77zT5DwqtQOKsA,1cUxKO9VNEwFwljqS0o77zT5DwqtQOKsA,Islam/In The Shade Of The Qur’an – Fi Dhilal Al Qur’an by Sayyid Qutb,volume_9_surahs_10-11.pdf,1457569,UNIQUE_CANDIDATE,,OPEN,,,NO_EXACT_NAME_SIZE_PEER
drive:file:1V8SOnoqBaD9iZpwuer98_84Gz7iGa2di,1V8SOnoqBaD9iZpwuer98_84Gz7iGa2di,Islam/In The Shade Of The Qur’an – Fi Dhilal Al Qur’an by Sayyid Qutb,volume_7_surah_8.pdf,1165288,UNIQUE_CANDIDATE,,OPEN,,,NO_EXACT_NAME_SIZE_PEER
drive:file:14qg21sishRxk7aAFfc7yYadUhjyDjN09,14qg21sishRxk7aAFfc7yYadUhjyDjN09,Islam/In The Shade Of The Qur’an – Fi Dhilal Al Qur’an by Sayyid Qutb,volume_6_surah_7.pdf,1450898,UNIQUE_CANDIDATE,,OPEN,,,NO_EXACT_NAME_SIZE_PEER
drive:file:15n3X-5CxlldrD-ZCGBrbhcQa7IuDdP3P,15n3X-5CxlldrD-ZCGBrbhcQa7IuDdP3P,Islam/In The Shade Of The Qur’an – Fi Dhilal Al Qur’an by Sayyid Qutb,volume_5_surah_6.pdf,1695264,UNIQUE_CANDIDATE,,OPEN,,,NO_EXACT_NAME_SIZE_PEER
drive:file:1Ko6uNZ0xbnWiYVPCp7WGdQP5RFVV4HH4,1Ko6uNZ0xbnWiYVPCp7WGdQP5RFVV4HH4,Islam/In The Shade Of The Qur’an – Fi Dhilal Al Qur’an by Sayyid Qutb,volume_4_surah_5.pdf,1280870,UNIQUE_CANDIDATE,,OPEN,,,NO_EXACT_NAME_SIZE_PEER
drive:file:1vc05maRbq5gzGNh_emOlDWF0mH5LfqzW,1vc05maRbq5gzGNh_emOlDWF0mH5LfqzW,Islam/In The Shade Of The Qur’an – Fi Dhilal Al Qur’an by Sayyid Qutb,volume_3_surah_4.pdf,1677473,UNIQUE_CANDIDATE,,OPEN,,,NO_EXACT_NAME_SIZE_PEER
drive:file:16_enBZqFJzkn6m2EKkYU8Un1N-60pluJ,16_enBZqFJzkn6m2EKkYU8Un1N-60pluJ,Islam/In The Shade Of The Qur’an – Fi Dhilal Al Qur’an by Sayyid Qutb,volume_2_surah_3.pdf,1490789,UNIQUE_CANDIDATE,,OPEN,,,NO_EXACT_NAME_SIZE_PEER
drive:file:1a-nNoO7djSqxfb5U7zYcYiyP6R34rkfB,1a-nNoO7djSqxfb5U7zYcYiyP6R34rkfB,Islam/In The Shade Of The Qur’an – Fi Dhilal Al Qur’an by Sayyid Qutb,volume_1_surah_1-2.pdf,2010207,UNIQUE_CANDIDATE,,OPEN,,,NO_EXACT_NAME_SIZE_PEER
drive:file:1sRJHlUY7ZAcj1iBZH4vpPYRC01uoefCq,1sRJHlUY7ZAcj1iBZH4vpPYRC01uoefCq,Law,The Great American Adventure - Secrets of America.pdf,520949,UNIQUE_CANDIDATE,,OPEN,,,NO_EXACT_NAME_SIZE_PEER
drive:file:1J2IKt--L1-MiDbJVGHQB1y9gdCnTlgLk,1J2IKt--L1-MiDbJVGHQB1y9gdCnTlgLk,Law,How I Found Freedom in an Unfree World.pdf,1432287,REVIEW_REQUIRED,DUP-DF387F89FF1A,OPEN,,,EXACT_NAME_SIZE_CANDIDATE_ONLY
drive:file:1vZdkVNYiPKwnCh_w1eWEAv9YY4C5U8hq,1vZdkVNYiPKwnCh_w1eWEAv9YY4C5U8hq,Law,The Matrix and the U.S. Constitution.pdf,255138,UNIQUE_CANDIDATE,,OPEN,,,NO_EXACT_NAME_SIZE_PEER
drive:file:1MyWep8hEuBhF1D5TGvlI9ao1i0o5yKRm,1MyWep8hEuBhF1D5TGvlI9ao1i0o5yKRm,Law,The Great IRS Hoax.pdf,19663548,UNIQUE_CANDIDATE,,OPEN,,,NO_EXACT_NAME_SIZE_PEER
drive:file:1viDgv1y1tDteUlSBnC5zoz39dcsvJSN5,1viDgv1y1tDteUlSBnC5zoz39dcsvJSN5,Law,The Redemption Manual.pdf,2333377,UNIQUE_CANDIDATE,,OPEN,,,NO_EXACT_NAME_SIZE_PEER
drive:file:1dKD8R7tmlpPuvdCojhteJ0Y51FriTgrD,1dKD8R7tmlpPuvdCojhteJ0Y51FriTgrD,Law,Purging America of the Matrix.pdf,368213,UNIQUE_CANDIDATE,,OPEN,,,NO_EXACT_NAME_SIZE_PEER
drive:file:1xTm9tXNcmeYHdmJAszwlVRNrgiPavWh7,1xTm9tXNcmeYHdmJAszwlVRNrgiPavWh7,Law,Legislative Expression.pdf,581350,REVIEW_REQUIRED,DUP-F302968C3CD6,OPEN,,,EXACT_NAME_SIZE_CANDIDATE_ONLY
drive:file:1OuBKA4b6Za3etTsdDfpZcts5VuO8vAoP,1OuBKA4b6Za3etTsdDfpZcts5VuO8vAoP,Law,Spiritual Economics.pdf,565631,UNIQUE_CANDIDATE,,OPEN,,,NO_EXACT_NAME_SIZE_PEER
drive:file:1UShX36HRoEA5tHl6POLoNJ8-x6EgBGxZ,1UShX36HRoEA5tHl6POLoNJ8-x6EgBGxZ,Law,Mastering the UCC.pdf,169117,UNIQUE_CANDIDATE,,OPEN,,,NO_EXACT_NAME_SIZE_PEER
drive:file:1ggTB1ALcNttWuK6gEPsVmoRv6u0qKy7h,1ggTB1ALcNttWuK6gEPsVmoRv6u0qKy7h,Law/Blacks Law Dictionary,Blacks Law Dictionary - 8th Edition.pdf,0,TECHNICAL_EXCLUSION,,CLOSED,,,ZERO_BYTE
drive:file:1K-svv7CgHpq8_VTyPqwtDNJxA3BfZNu8,1K-svv7CgHpq8_VTyPqwtDNJxA3BfZNu8,Law/Blacks Law Dictionary,Blacks Law Dictionary - 8th Edition.pdf.crdownload,227578863,TECHNICAL_EXCLUSION,,CLOSED,,,CRDOWNLOAD
drive:file:1CswjGyl4D0aUOUeh06eSCtkWicjyE9Gr,1CswjGyl4D0aUOUeh06eSCtkWicjyE9Gr,Law/Blacks Law Dictionary,Blacks Law Dictionary - 2nd Edition.pdf,10371744,UNIQUE_CANDIDATE,,OPEN,,,NO_EXACT_NAME_SIZE_PEER
drive:file:1e_wOHVc1nKA-CIkt5q4b4X1WhIa5cWb8,1e_wOHVc1nKA-CIkt5q4b4X1WhIa5cWb8,Law/Blacks Law Dictionary,Blacks Law Dictionary - 9th Edition.pdf,138728,UNIQUE_CANDIDATE,,OPEN,,,NO_EXACT_NAME_SIZE_PEER
drive:file:1pUeC_NaVv9RXf0sf5rn0kPQP_FuU1V3A,1pUeC_NaVv9RXf0sf5rn0kPQP_FuU1V3A,Hinduism,Download-the-entire-Bhagavad-Gita.pdf,2274750,UNIQUE_CANDIDATE,,OPEN,,,NO_EXACT_NAME_SIZE_PEER
drive:file:1uLIOgBOSMwAgdYoMqZi00ljvv3Zf58PD,1uLIOgBOSMwAgdYoMqZi00ljvv3Zf58PD,Hinduism,Science-of-Yoga.pdf,11075725,UNIQUE_CANDIDATE,,OPEN,,,NO_EXACT_NAME_SIZE_PEER
drive:file:12ZlcVmTeQ4lrSZeWnt8DR4dzwLBfvvGR,12ZlcVmTeQ4lrSZeWnt8DR4dzwLBfvvGR,Hinduism,Katha-Upanishad.pdf,179663,UNIQUE_CANDIDATE,,OPEN,,,NO_EXACT_NAME_SIZE_PEER
drive:file:17tTkQh0Te0MSCADpfU0bV6PytVbDcMBR,17tTkQh0Te0MSCADpfU0bV6PytVbDcMBR,Hinduism,RigVeda.pdf,4206720,UNIQUE_CANDIDATE,,OPEN,,,NO_EXACT_NAME_SIZE_PEER
drive:file:1MAEEQy4JTRUR-5AUG4BMoXJJqeybCFzS,1MAEEQy4JTRUR-5AUG4BMoXJJqeybCFzS,Hinduism,BHAGAVAD-GITA-By-SRI-SWAMI-SIVANANDA.pdf,368157,UNIQUE_CANDIDATE,,OPEN,,,NO_EXACT_NAME_SIZE_PEER
drive:file:1mVymJdvoEu2-mu0a3YfDxpbL5Hq4BIkQ,1mVymJdvoEu2-mu0a3YfDxpbL5Hq4BIkQ,Hinduism,Advanced-Course-Yogi-Philosophy.pdf,660108,UNIQUE_CANDIDATE,,OPEN,,,NO_EXACT_NAME_SIZE_PEER
drive:file:1iOZHaLZ1PaPX9_pszcCnMNzjlSMx1kwL,1iOZHaLZ1PaPX9_pszcCnMNzjlSMx1kwL,Hinduism,Amrita-Gita-by-Sri-Swami-Sivananda.pdf,79821,UNIQUE_CANDIDATE,,OPEN,,,NO_EXACT_NAME_SIZE_PEER
drive:file:19P7i9I4KXUZClS9RD9DqBVKmASTFU2OS,19P7i9I4KXUZClS9RD9DqBVKmASTFU2OS,Hinduism,Teachings-of-Lord-Chaitanya-The-Golden-Avatara.pdf,419162,UNIQUE_CANDIDATE,,OPEN,,,NO_EXACT_NAME_SIZE_PEER
drive:file:1frqOLnVgArB4Lwtq7KajWIrPcIdp75XO,1frqOLnVgArB4Lwtq7KajWIrPcIdp75XO,Hinduism,Ramayana.pdf,737512,UNIQUE_CANDIDATE,,OPEN,,,NO_EXACT_NAME_SIZE_PEER
drive:file:1FYPBdQPVEXL46XO3Kdv9o2nLGN80U1ZO,1FYPBdQPVEXL46XO3Kdv9o2nLGN80U1ZO,Hinduism,Raja-Yoga.pdf,17574115,UNIQUE_CANDIDATE,,OPEN,,,NO_EXACT_NAME_SIZE_PEER
drive:file:1YqpOAS8KjtYu83oPo5pYxo0NaNoMqeGt,1YqpOAS8KjtYu83oPo5pYxo0NaNoMqeGt,Hinduism,Ashtavakra-Gita-ebook.pdf,111715,UNIQUE_CANDIDATE,,OPEN,,,NO_EXACT_NAME_SIZE_PEER
drive:file:1w14f5JjOb2QpK7L0RcbLcCa6bFRHnO0k,1w14f5JjOb2QpK7L0RcbLcCa6bFRHnO0k,Hinduism,Tripura-Rahasya.pdf,694900,UNIQUE_CANDIDATE,,OPEN,,,NO_EXACT_NAME_SIZE_PEER
drive:file:1NScuZ2JdytU080wKC1qhqPbVpsMD8Ep4,1NScuZ2JdytU080wKC1qhqPbVpsMD8Ep4,Hinduism,Essence-of-Ribhu-Gita-ebook.pdf,123852,UNIQUE_CANDIDATE,,OPEN,,,NO_EXACT_NAME_SIZE_PEER
drive:file:1tc6Gyh0lIKIl3F0VFRg9BfdOQfXfmlh-,1tc6Gyh0lIKIl3F0VFRg9BfdOQfXfmlh-,Hinduism,Bhakti-Yoga-by-Swami-Vivekananda.pdf,368816,UNIQUE_CANDIDATE,,OPEN,,,NO_EXACT_NAME_SIZE_PEER
drive:file:1tDCcdd2iZgqdO6QjHeGEt4OYW9L3J9EP,1tDCcdd2iZgqdO6QjHeGEt4OYW9L3J9EP,Hinduism,Advaita-Bodha-Deepika.pdf,639241,UNIQUE_CANDIDATE,,OPEN,,,NO_EXACT_NAME_SIZE_PEER
drive:file:1CR55g9RywkqS3_PS-VxKWqJMamYMcCS6,1CR55g9RywkqS3_PS-VxKWqJMamYMcCS6,Hinduism,Introduction-to-Tantra-Sastra.pdf,727679,UNIQUE_CANDIDATE,,OPEN,,,NO_EXACT_NAME_SIZE_PEER
drive:file:1DO3-quzcFhdcdXSBC7uSzecQww7jJ_ni,1DO3-quzcFhdcdXSBC7uSzecQww7jJ_ni,Hinduism,Sakti-and-Sakta-John-Woodroffe.pdf,2405661,UNIQUE_CANDIDATE,,OPEN,,,NO_EXACT_NAME_SIZE_PEER
drive:file:1R8ziFDXCh5AD-btvVxlxWRF8hhS2gee9,1R8ziFDXCh5AD-btvVxlxWRF8hhS2gee9,Hinduism,The-Science-of-Breath.pdf,190178,UNIQUE_CANDIDATE,,OPEN,,,NO_EXACT_NAME_SIZE_PEER
drive:file:1VF1RL8NWUn6blUMWODQxYRoVp9UiHTuz,1VF1RL8NWUn6blUMWODQxYRoVp9UiHTuz,Hinduism,Nisargadatta-Maharaj-The-Ultimate-Medicine.pdf,9525540,UNIQUE_CANDIDATE,,OPEN,,,NO_EXACT_NAME_SIZE_PEER
drive:file:1cpLa-02vePQIP7COmP5AFgf9ljUfLfIX,1cpLa-02vePQIP7COmP5AFgf9ljUfLfIX,Hinduism,Gleanings-from-Nisargadatta-by-Mark-West.pdf,3369600,UNIQUE_CANDIDATE,,OPEN,,,NO_EXACT_NAME_SIZE_PEER
drive:file:1vjNr0Ghk6IBJQIzVym9Ypf53IjDlLFzw,1vjNr0Ghk6IBJQIzVym9Ypf53IjDlLFzw,Hinduism,Notes-on-Spiritual-Discourses-of-Shri-Atmananda.pdf,1054130,UNIQUE_CANDIDATE,,OPEN,,,NO_EXACT_NAME_SIZE_PEER
drive:file:1TY-oLw_gz7LTZxaaD0AsHvmHOqeLa6C8,1TY-oLw_gz7LTZxaaD0AsHvmHOqeLa6C8,Hinduism,Maha-Yoga-or-the-Upanishadic-Lore.pdf,649944,UNIQUE_CANDIDATE,,OPEN,,,NO_EXACT_NAME_SIZE_PEER
drive:file:1kSMoZfsvALS5weGiZ1uAZ4-Y4Swaq1Qo,1kSMoZfsvALS5weGiZ1uAZ4-Y4Swaq1Qo,Hinduism,Talks-with-Sri-Ramana-Maharshi.pdf,2528740,UNIQUE_CANDIDATE,,OPEN,,,NO_EXACT_NAME_SIZE_PEER
drive:file:1ZL9Ube4WOrAaNcYY7O8s-ishWt7bk9MG,1ZL9Ube4WOrAaNcYY7O8s-ishWt7bk9MG,Hinduism,Mahanirvana-Tantra.pdf,2545235,UNIQUE_CANDIDATE,,OPEN,,,NO_EXACT_NAME_SIZE_PEER
drive:file:18lWugQuDUnRkcfNDaB2a_pVkbu1gFUU7,18lWugQuDUnRkcfNDaB2a_pVkbu1gFUU7,Hinduism,Natures-Finer-Forces-The-Science-of-Breath-Rama-Prasad.pdf,391712,REVIEW_REQUIRED,DUP-739D81E4FA16,OPEN,,,EXACT_NAME_SIZE_CANDIDATE_ONLY
drive:file:1rOb8vCqiazd3H1Xjb9e_kFm7efDB9lJg,1rOb8vCqiazd3H1Xjb9e_kFm7efDB9lJg,Hinduism,I-Am-That-by-Sri-Nisargadatta-Maharaj.pdf,951296,UNIQUE_CANDIDATE,,OPEN,,,NO_EXACT_NAME_SIZE_PEER
drive:file:136e8k4zcOr8c4yRepzeJvmpXtwSwp9IC,136e8k4zcOr8c4yRepzeJvmpXtwSwp9IC,Hinduism,Consciousness-and-the-Absolute-by-Sri-Nisargadatta-Maharaj.pdf,6814476,UNIQUE_CANDIDATE,,OPEN,,,NO_EXACT_NAME_SIZE_PEER
drive:file:1K00SSnpUAdCEatZeDimmWPQeYbzqcj-H,1K00SSnpUAdCEatZeDimmWPQeYbzqcj-H,Hinduism,The-Nisargadatta-Gita.pdf,515887,UNIQUE_CANDIDATE,,OPEN,,,NO_EXACT_NAME_SIZE_PEER
drive:file:1O44HxCoSL8_aDp7vmm68bysyz0KdSkGU,1O44HxCoSL8_aDp7vmm68bysyz0KdSkGU,Hinduism,Papaji-The-Truth-Is.pdf,36647829,UNIQUE_CANDIDATE,,OPEN,,,NO_EXACT_NAME_SIZE_PEER
drive:file:11cJbfS88w36eWl47YRGf9in5fisO3Bjv,11cJbfS88w36eWl47YRGf9in5fisO3Bjv,Hinduism,I-Am-Unborn-Talks-with-Sri-Nisargadatta-Maharaj.pdf,425380,UNIQUE_CANDIDATE,,OPEN,,,NO_EXACT_NAME_SIZE_PEER
drive:file:1gxilGRrzQ4JLFHZtti3_ksvDEckBBBml,1gxilGRrzQ4JLFHZtti3_ksvDEckBBBml,Hinduism,Yoga-Vasishta-Maha-Ramayana.pdf,142056,UNIQUE_CANDIDATE,,OPEN,,,NO_EXACT_NAME_SIZE_PEER
drive:file:1VOWoSZj9s3rdenX-A5FJXLr5I8cJoBBo,1VOWoSZj9s3rdenX-A5FJXLr5I8cJoBBo,Hinduism,BrahadaranyakaUpanishad-Madhavaananda.pdf,56687224,REVIEW_REQUIRED,DUP-53BBFC7A1EBE,OPEN,,,EXACT_NAME_SIZE_CANDIDATE_ONLY
drive:file:1mxliNILOC_D3zFjRelM7SXssblYproEC,1mxliNILOC_D3zFjRelM7SXssblYproEC,Hinduism,Introduction-to-Vedanta-by-Swami-Dayananda.pdf,16663290,UNIQUE_CANDIDATE,,OPEN,,,NO_EXACT_NAME_SIZE_PEER
drive:file:1IXxFIn7NsChW7QP3wFaq88r8m3QCPxSt,1IXxFIn7NsChW7QP3wFaq88r8m3QCPxSt,Hinduism,Yoga-in-daily-life-by-Swami-Sivananda.pdf,369895,UNIQUE_CANDIDATE,,OPEN,,,NO_EXACT_NAME_SIZE_PEER
drive:file:19Surnumaz9efqk8nfPS_gaHYIiNFcKQr,19Surnumaz9efqk8nfPS_gaHYIiNFcKQr,Hinduism,Sleep-as-a-State-of-Consciousness-in-Advaita-Vedanta.pdf,5727614,UNIQUE_CANDIDATE,,OPEN,,,NO_EXACT_NAME_SIZE_PEER
drive:file:19j8slPSQ6i5ne4T_BGEUdu8CO2oPb1j6,19j8slPSQ6i5ne4T_BGEUdu8CO2oPb1j6,Hinduism,Notes-on-Spiritual-Discourses-of-Shri-Atmananda1.pdf,2258492,UNIQUE_CANDIDATE,,OPEN,,,NO_EXACT_NAME_SIZE_PEER
drive:file:1dj-RtMrd57YO_U_sPdoQZF5M0iyIMwk4,1dj-RtMrd57YO_U_sPdoQZF5M0iyIMwk4,Hinduism,Gangaji-Freedom-and-Resolve.pdf,1744956,UNIQUE_CANDIDATE,,OPEN,,,NO_EXACT_NAME_SIZE_PEER
drive:file:1udeVs6h70itxF9AURAeP05frS0TDuCFa,1udeVs6h70itxF9AURAeP05frS0TDuCFa,Hinduism,THE-DOCTRINE-OF-MAYA.pdf,10234977,UNIQUE_CANDIDATE,,OPEN,,,NO_EXACT_NAME_SIZE_PEER
drive:file:13qq8fFLIDkfvStOKUnp8yNk8K80GWNOQ,13qq8fFLIDkfvStOKUnp8yNk8K80GWNOQ,Hinduism,Role-of-Sound-in-Meditation.pdf,684382,UNIQUE_CANDIDATE,,OPEN,,,NO_EXACT_NAME_SIZE_PEER
drive:file:1AWQd59Stj5zC6GQ8S18tbX7w30sdURNF,1AWQd59Stj5zC6GQ8S18tbX7w30sdURNF,Hinduism,Lights-on-Advaita-Selected-Teachings-of-V.-Subrahmanya-Iyer.pdf,801463,UNIQUE_CANDIDATE,,OPEN,,,NO_EXACT_NAME_SIZE_PEER
drive:file:1Yvmkh4Lx_PeBQvbEmwJwNiCsPT7fg0md,1Yvmkh4Lx_PeBQvbEmwJwNiCsPT7fg0md,Hinduism,Sri-Aurobindo-VOL-36-Autobiographical-Notes-and-Other-Writings-of-Historical-Interest.pdf,2143386,REVIEW_REQUIRED,DUP-D4A45974DCCD,OPEN,,,EXACT_NAME_SIZE_CANDIDATE_ONLY
drive:file:134etOutVY4cKw2f7y-ZC71GhYRNt9jB-,134etOutVY4cKw2f7y-ZC71GhYRNt9jB-,Hinduism,The-Story-Of-Swami-Rama.pdf,1471467,UNIQUE_CANDIDATE,,OPEN,,,NO_EXACT_NAME_SIZE_PEER
drive:file:1eUSN_sB9OURfEFidnbi8OCZVYSJ547AZ,1eUSN_sB9OURfEFidnbi8OCZVYSJ547AZ,Hinduism,What-is-Advaita-Vedanta.pdf,190120,UNIQUE_CANDIDATE,,OPEN,,,NO_EXACT_NAME_SIZE_PEER
drive:file:17-Gwx3Bp_3lH0BnMxTFA9AMBq6hiNULM,17-Gwx3Bp_3lH0BnMxTFA9AMBq6hiNULM,Hinduism,Mandukya-Upanishad-An-ancient-Sanskrit-text-on-the-nature-of-Reality.pdf,441188,UNIQUE_CANDIDATE,,OPEN,,,NO_EXACT_NAME_SIZE_PEER
drive:file:15CW4XYKqwvEVDlm_ZAhuXXaMqEadXmhR,15CW4XYKqwvEVDlm_ZAhuXXaMqEadXmhR,Hinduism,From-The-Upanishads-by-Ananda-Wood.pdf,550131,UNIQUE_CANDIDATE,,OPEN,,,NO_EXACT_NAME_SIZE_PEER
drive:file:1-JHK4QSzZt9Q3bj1En_xOWPhWemJOoue,1-JHK4QSzZt9Q3bj1En_xOWPhWemJOoue,Hinduism,The-Secret-Doctrine-by-H.P.-Blavatsky.pdf,4301748,UNIQUE_CANDIDATE,,OPEN,,,NO_EXACT_NAME_SIZE_PEER
drive:file:1eGtLppYMxCxRuHLcQWY9lNvPB0nA8i64,1eGtLppYMxCxRuHLcQWY9lNvPB0nA8i64,Hinduism,The-Metaphysics-of-the-Upanishads.pdf,37021442,UNIQUE_CANDIDATE,,OPEN,,,NO_EXACT_NAME_SIZE_PEER
drive:file:1vAgpZQcOpWsxrcbp4yAtdreWHr4NTdXy,1vAgpZQcOpWsxrcbp4yAtdreWHr4NTdXy,Hinduism,A-Series-of-Lessons-in-Gnani-Yoga.pdf,273164,UNIQUE_CANDIDATE,,OPEN,,,NO_EXACT_NAME_SIZE_PEER
drive:file:1DJ2QafxCxusfN4h6xsJHGevxTnoihv4e,1DJ2QafxCxusfN4h6xsJHGevxTnoihv4e,Hinduism,The-Science-of-Pranayama-by-Sri-Swami-Sivananda.pdf,763121,UNIQUE_CANDIDATE,,OPEN,,,NO_EXACT_NAME_SIZE_PEER
drive:file:1CZ7gBjE8Im7abKrVhrjg6Wc1X-UXr6zT,1CZ7gBjE8Im7abKrVhrjg6Wc1X-UXr6zT,Hinduism,Advaita-Saadhanaa-Kanchi-Maha-Swamigal’s-Discourses.pdf,806304,UNIQUE_CANDIDATE,,OPEN,,,NO_EXACT_NAME_SIZE_PEER
drive:file:1KgvJiZVLkXqUao0H6xwrcipqFI_vfQQ5,1KgvJiZVLkXqUao0H6xwrcipqFI_vfQQ5,Hinduism,Hatha-Yoga-Pradipika-original-sanskrit-translation.pdf,361689,UNIQUE_CANDIDATE,,OPEN,,,NO_EXACT_NAME_SIZE_PEER
drive:file:15Uunu_2ilgINLX1nQvztH6w9zVFCytAM,15Uunu_2ilgINLX1nQvztH6w9zVFCytAM,Hinduism,Vedanta-Sutras-With-the-Commentary-by-Sankaracharya.pdf,1942311,UNIQUE_CANDIDATE,,OPEN,,,NO_EXACT_NAME_SIZE_PEER
drive:file:1Mq20ZWFETcXu1ePfoqCFBPGPkhQPnMgo,1Mq20ZWFETcXu1ePfoqCFBPGPkhQPnMgo,Hinduism,Shiva-Samhita.pdf,302428,UNIQUE_CANDIDATE,,OPEN,,,NO_EXACT_NAME_SIZE_PEER
drive:file:1b2z516x6Tk13Y_JHDyZMpHwi1Zb9wabt,1b2z516x6Tk13Y_JHDyZMpHwi1Zb9wabt,Hinduism,Om-Yoga-Its-Theory-and-Practice-by-Swami-Nirmalananda-Giri.pdf,2501775,UNIQUE_CANDIDATE,,OPEN,,,NO_EXACT_NAME_SIZE_PEER
drive:file:11T0u_LOIbHoc0hQdLLU0rWx9TjDmkgfs,11T0u_LOIbHoc0hQdLLU0rWx9TjDmkgfs,Hinduism,The-Soma-Tantra.pdf,905206,UNIQUE_CANDIDATE,,OPEN,,,NO_EXACT_NAME_SIZE_PEER
drive:file:1h0lly-XJAnfXrmcr1OwQP-pp8EPFvnPN,1h0lly-XJAnfXrmcr1OwQP-pp8EPFvnPN,Hinduism,Ishadarshanam.pdf,613832,UNIQUE_CANDIDATE,,OPEN,,,NO_EXACT_NAME_SIZE_PEER
drive:file:1JBIwveD-F4Vmkb2upif2MmxmZnEAYY7C,1JBIwveD-F4Vmkb2upif2MmxmZnEAYY7C,Hinduism,The-Ten-Principal-Upanishads.pdf,708874,UNIQUE_CANDIDATE,,OPEN,,,NO_EXACT_NAME_SIZE_PEER
drive:file:1NEv-2Y7Z_yg3O6TaeZCi6NBM5amm-DTO,1NEv-2Y7Z_yg3O6TaeZCi6NBM5amm-DTO,Hinduism,Gifts-with-no-giver-a-love-affair-with-truth.pdf,262092,UNIQUE_CANDIDATE,,OPEN,,,NO_EXACT_NAME_SIZE_PEER
drive:file:1a9atBXouQ7P7J6y9IdIBSpYhPq9BScIq,1a9atBXouQ7P7J6y9IdIBSpYhPq9BScIq,Hinduism,Interpreting-the-Upanishads-by-Ananda-Wood.pdf,400341,UNIQUE_CANDIDATE,,OPEN,,,NO_EXACT_NAME_SIZE_PEER
drive:file:1A0GkbCLS2Cgm_6kfKero6cJ3vgOOaARj,1A0GkbCLS2Cgm_6kfKero6cJ3vgOOaARj,Hinduism,Enlightenment-Life-the-Way-it-is.pdf,1816635,UNIQUE_CANDIDATE,,OPEN,,,NO_EXACT_NAME_SIZE_PEER
drive:file:1j0SqmuGtmNiF5yrIdD8Mx89F-C0F3vFj,1j0SqmuGtmNiF5yrIdD8Mx89F-C0F3vFj,Hinduism,laghu-yoga-vasishta-english-translation.pdf,2255827,UNIQUE_CANDIDATE,,OPEN,,,NO_EXACT_NAME_SIZE_PEER
drive:file:13Xyv8DuNxajmTdxjmGOKHqpBjMgpvOVP,13Xyv8DuNxajmTdxjmGOKHqpBjMgpvOVP,Hinduism,The-Yajur-Veda-Taittiriya-Sanhita-Taittiriya-Sanhita.pdf,1075587,REVIEW_REQUIRED,DUP-C941AFDD611F,OPEN,,,EXACT_NAME_SIZE_CANDIDATE_ONLY
drive:file:1YP3b0zSJ5wJfFSF14lFtGD7Grd2KBt9f,1YP3b0zSJ5wJfFSF14lFtGD7Grd2KBt9f,Hinduism,The-Wisdom-of-Vedanta.pdf,1922272,UNIQUE_CANDIDATE,,OPEN,,,NO_EXACT_NAME_SIZE_PEER
drive:file:1u1t-HVurLritY33U0oRPOz7xcw8ioFQD,1u1t-HVurLritY33U0oRPOz7xcw8ioFQD,Hinduism,MahabharataOfVyasa-EnglishTranslationByKMGanguli.pdf,22892697,REVIEW_REQUIRED,DUP-02F27997B07F,OPEN,,,EXACT_NAME_SIZE_CANDIDATE_ONLY
drive:file:1QqjSwXpNoLaAdMujHwRwBb6i8hd-Ctcp,1QqjSwXpNoLaAdMujHwRwBb6i8hd-Ctcp,Hinduism,Song-of-the-Avadhut-by-Dattatreya.pdf,2106903,UNIQUE_CANDIDATE,,OPEN,,,NO_EXACT_NAME_SIZE_PEER
drive:file:1j3D0sZKAhyGrNYXO-IjaTXofW9qlckgW,1j3D0sZKAhyGrNYXO-IjaTXofW9qlckgW,Hinduism,The-Supreme-Self-by-Swami-Abhayananda.pdf,2116819,UNIQUE_CANDIDATE,,OPEN,,,NO_EXACT_NAME_SIZE_PEER
drive:file:1gjyz9DDZX4bQwYa7AjppvLr0iFGqEtUa,1gjyz9DDZX4bQwYa7AjppvLr0iFGqEtUa,Hinduism,Sri-Ram-Charita-Manas-the-Ramayana-of-Goswami-Tulasidas.pdf,5129783,UNIQUE_CANDIDATE,,OPEN,,,NO_EXACT_NAME_SIZE_PEER
drive:file:1Ji9WKIzJtjh2572w0Bg8cm5R_-59FfjA,1Ji9WKIzJtjh2572w0Bg8cm5R_-59FfjA,Hinduism,Invading-the-Sacred.pdf,4115879,UNIQUE_CANDIDATE,,OPEN,,,NO_EXACT_NAME_SIZE_PEER
drive:file:19PodcZHk-6g2jm7ZMVHahl6Vcfcu7ECB,19PodcZHk-6g2jm7ZMVHahl6Vcfcu7ECB,Hinduism,Concentration-and-Meditation.pdf,4333871,UNIQUE_CANDIDATE,,OPEN,,,NO_EXACT_NAME_SIZE_PEER
drive:file:1-qprDRjULu083p4NuuOJP4JYNTQt4vlB,1-qprDRjULu083p4NuuOJP4JYNTQt4vlB,Hinduism,Brihadaranyaka-Upanishad.pdf,15030736,UNIQUE_CANDIDATE,,OPEN,,,NO_EXACT_NAME_SIZE_PEER
drive:file:1rmdVfv1cMZ34zCX1BgBkOxVPOy7jfdoc,1rmdVfv1cMZ34zCX1BgBkOxVPOy7jfdoc,Hinduism,Dialogues-From-The-Upanishads-by-Swami-Sivananda.pdf,13986552,UNIQUE_CANDIDATE,,OPEN,,,NO_EXACT_NAME_SIZE_PEER
drive:file:1jETycL94Z5pq7FQ9PLQAP-8AtVvOXPiC,1jETycL94Z5pq7FQ9PLQAP-8AtVvOXPiC,Hinduism,Parables-Of-Rama-By-Swami-Rama-Tirtha.pdf,2104236,UNIQUE_CANDIDATE,,OPEN,,,NO_EXACT_NAME_SIZE_PEER
drive:file:1bV4lDqjXKj2OA9qJ_wPd3gszYQ3q_uW-,1bV4lDqjXKj2OA9qJ_wPd3gszYQ3q_uW-,Hinduism,Complete-Works-of-Sri-Aurobindo.pdf,97724838,UNIQUE_CANDIDATE,,OPEN,,,NO_EXACT_NAME_SIZE_PEER
drive:file:14LTipFgp18dITWRFol5_e0d4Xd1m31hF,14LTipFgp18dITWRFol5_e0d4Xd1m31hF,Hinduism,Words-of-Grace.pdf,260758,UNIQUE_CANDIDATE,,OPEN,,,NO_EXACT_NAME_SIZE_PEER
drive:file:1k2ZvQIz-bbq3O3DOKchQHrihmiG1BiD8,1k2ZvQIz-bbq3O3DOKchQHrihmiG1BiD8,Hinduism,Philosophy-of-Dreams.pdf,197211,UNIQUE_CANDIDATE,,OPEN,,,NO_EXACT_NAME_SIZE_PEER
drive:file:1h7SOc88mNgcTB7WLu1UQoOWfSBrw7duX,1h7SOc88mNgcTB7WLu1UQoOWfSBrw7duX,Hinduism,Isopanishad.pdf,2218350,UNIQUE_CANDIDATE,,OPEN,,,NO_EXACT_NAME_SIZE_PEER
drive:file:1p5voH_DaXh9OiTAnhK3XsH5lPAws9i8O,1p5voH_DaXh9OiTAnhK3XsH5lPAws9i8O,Hinduism,Mundaka-Upanishad.pdf,13933291,UNIQUE_CANDIDATE,,OPEN,,,NO_EXACT_NAME_SIZE_PEER
drive:file:1x6Snp-YerQdDM1DGUTMnzk6diEyrXvjf,1x6Snp-YerQdDM1DGUTMnzk6diEyrXvjf,Hinduism,Preksha-Dhyana-Perception-of-Psychic-Colours.pdf,1606530,REVIEW_REQUIRED,DUP-9E82CDDAEEB6,OPEN,,,EXACT_NAME_SIZE_CANDIDATE_ONLY
drive:file:1slev5qcCtsXQfwJWlMCGrtTGhgM9sB-S,1slev5qcCtsXQfwJWlMCGrtTGhgM9sB-S,Hinduism,Transmutation-of-Personality-through-Preksha-Meditation.pdf,5343180,REVIEW_REQUIRED,DUP-064ADF1778E2,OPEN,,,EXACT_NAME_SIZE_CANDIDATE_ONLY
drive:file:1FBk0uN8Rq63Pyveo0Xnp9PXefSZzttsd,1FBk0uN8Rq63Pyveo0Xnp9PXefSZzttsd,Hinduism,Taitttiriya-Upanishad.pdf,46783056,UNIQUE_CANDIDATE,,OPEN,,,NO_EXACT_NAME_SIZE_PEER
drive:file:1ah9WIZ11JZO7gGywH_A3ljNqO29fCooM,1ah9WIZ11JZO7gGywH_A3ljNqO29fCooM,Hinduism,The-Notion-of-Growth.pdf,4803339,UNIQUE_CANDIDATE,,OPEN,,,NO_EXACT_NAME_SIZE_PEER
drive:file:1gOfyU2aTycTMWLYeCASlK-1F_3JcANnd,1gOfyU2aTycTMWLYeCASlK-1F_3JcANnd,Hinduism,Gitanjali-Song-Offerings.pdf,5124162,UNIQUE_CANDIDATE,,OPEN,,,NO_EXACT_NAME_SIZE_PEER
drive:file:1IKWlIXVuyoB31TOsK9e9Deb42547JhMK,1IKWlIXVuyoB31TOsK9e9Deb42547JhMK,Hinduism,The-Sama-Veda.pdf,6920021,UNIQUE_CANDIDATE,,OPEN,,,NO_EXACT_NAME_SIZE_PEER
drive:file:1loc73r4tti1aE37BcS_YVmZUIFe0K4fN,1loc73r4tti1aE37BcS_YVmZUIFe0K4fN,Hinduism,Ramayana-1.pdf,3072906,UNIQUE_CANDIDATE,,OPEN,,,NO_EXACT_NAME_SIZE_PEER
drive:file:1W-M0BE_OZrnIYYAELy89oFm5E8N4oe5x,1W-M0BE_OZrnIYYAELy89oFm5E8N4oe5x,Hinduism,Hindu-Philosophy.pdf,4893582,UNIQUE_CANDIDATE,,OPEN,,,NO_EXACT_NAME_SIZE_PEER
drive:file:1gpdRUQDIjGai7oHOTq9V8QWW-8VR7poN,1gpdRUQDIjGai7oHOTq9V8QWW-8VR7poN,Hinduism,Vedanta-Philosophy.pdf,1960456,UNIQUE_CANDIDATE,,OPEN,,,NO_EXACT_NAME_SIZE_PEER
drive:file:1FIQwtvUdpjHRMCMhqINlb1dBSIWm1cBy,1FIQwtvUdpjHRMCMhqINlb1dBSIWm1cBy,Hinduism,The-Science-of-Getting-Rich.pdf,1136516,UNIQUE_CANDIDATE,,OPEN,,,NO_EXACT_NAME_SIZE_PEER
drive:file:1p_Ccyb1GvLP2bcDQah5swbVeAOKH3KuB,1p_Ccyb1GvLP2bcDQah5swbVeAOKH3KuB,Hinduism,Fourteen-lessons-in-yogi-philosophy-and-oriental-occultism.pdf,3666051,UNIQUE_CANDIDATE,,OPEN,,,NO_EXACT_NAME_SIZE_PEER
drive:file:1uvky0kaT0Y97Lx5VjT7wBvGXbsb4_Jon,1uvky0kaT0Y97Lx5VjT7wBvGXbsb4_Jon,Hinduism,That-Is-That.pdf,1374105,UNIQUE_CANDIDATE,,OPEN,,,NO_EXACT_NAME_SIZE_PEER
drive:file:1Fuz2ESswth4DtARFcBPFI2R9sqbJf3UW,1Fuz2ESswth4DtARFcBPFI2R9sqbJf3UW,Hinduism,The-Vimanika-Shastra.pdf,3249125,UNIQUE_CANDIDATE,,OPEN,,,NO_EXACT_NAME_SIZE_PEER
drive:file:1sv6CBQgbfcQ5b1vOHapIdYCTUsRD6YaP,1sv6CBQgbfcQ5b1vOHapIdYCTUsRD6YaP,Hinduism,Sundara-Kanda-Hanumans-Odysey.pdf,1241992,UNIQUE_CANDIDATE,,OPEN,,,NO_EXACT_NAME_SIZE_PEER
drive:file:1vhL2bAj1siKVtM0W8n0Uyq3u-IB2bNGM,1vhL2bAj1siKVtM0W8n0Uyq3u-IB2bNGM,Hinduism,Amrtacandrasuris-Laghutattvasphota.pdf,13354894,UNIQUE_CANDIDATE,,OPEN,,,NO_EXACT_NAME_SIZE_PEER
drive:file:1s8Kvujp0_lt5v5bu7yiydT1QVYM0fqB6,1s8Kvujp0_lt5v5bu7yiydT1QVYM0fqB6,Hinduism,Kundalini-and-Yantra.pdf,5253779,REVIEW_REQUIRED,DUP-41465D270FC1,OPEN,,,EXACT_NAME_SIZE_CANDIDATE_ONLY
drive:file:1-dAp8HCu2I4qDC9sL4gglc_8PwfyR2xj,1-dAp8HCu2I4qDC9sL4gglc_8PwfyR2xj,Hinduism,24869-pdf.pdf,8631418,UNIQUE_CANDIDATE,,OPEN,,,NO_EXACT_NAME_SIZE_PEER
drive:file:1XNuv_OPtFSsfXyZsepX_m2dN9AwC6Tb0,1XNuv_OPtFSsfXyZsepX_m2dN9AwC6Tb0,Hinduism,FW04131.pdf,10361232,UNIQUE_CANDIDATE,,OPEN,,,NO_EXACT_NAME_SIZE_PEER
drive:file:1VD8RcQt-lHfM8__OfVbQBGjllXtjK3R1,1VD8RcQt-lHfM8__OfVbQBGjllXtjK3R1,Hinduism,Navagraha.pdf,346511,UNIQUE_CANDIDATE,,OPEN,,,NO_EXACT_NAME_SIZE_PEER
drive:file:1dMIXqO09gYArp3qFrnzoBbyHW-deFl0K,1dMIXqO09gYArp3qFrnzoBbyHW-deFl0K,Hinduism/Complete works of Swami Vivekananda,SWAMI-VIVEKANANDA-COMPLETE-WORKS-Vol-9.pdf,2984197,UNIQUE_CANDIDATE,,OPEN,,,NO_EXACT_NAME_SIZE_PEER
drive:file:1zNbvCQgkCGs-ewZ4j0Hc3yqgBRSpLVUL,1zNbvCQgkCGs-ewZ4j0Hc3yqgBRSpLVUL,Hinduism/Complete works of Swami Vivekananda,SWAMI-VIVEKANANDA-COMPLETE-WORKS-Vol-8.pdf,2033549,UNIQUE_CANDIDATE,,OPEN,,,NO_EXACT_NAME_SIZE_PEER
drive:file:15_Wz5iv2lO2q3DydRzr1tL2NxRDDZXZC,15_Wz5iv2lO2q3DydRzr1tL2NxRDDZXZC,Hinduism/Complete works of Swami Vivekananda,SWAMI-VIVEKANANDA-COMPLETE-WORKS-Vol-7.pdf,1236021,UNIQUE_CANDIDATE,,OPEN,,,NO_EXACT_NAME_SIZE_PEER
drive:file:1iElgr2fFvHznX_6d4byyYExcrAwWK1Pq,1iElgr2fFvHznX_6d4byyYExcrAwWK1Pq,Hinduism/Complete works of Swami Vivekananda,SWAMI-VIVEKANANDA-COMPLETE-WORKS-Vol-6.pdf,2830555,UNIQUE_CANDIDATE,,OPEN,,,NO_EXACT_NAME_SIZE_PEER
drive:file:1G2KVlY52B0tQmoyQVh1cbcLkJ7PU0Iu6,1G2KVlY52B0tQmoyQVh1cbcLkJ7PU0Iu6,Hinduism/Complete works of Swami Vivekananda,SWAMI-VIVEKANANDA-COMPLETE-WORKS-Vol-5 .pdf,2023760,UNIQUE_CANDIDATE,,OPEN,,,NO_EXACT_NAME_SIZE_PEER
drive:file:1wWptglhCo0RDrvIq5v9pZ0zzrNW0EAQB,1wWptglhCo0RDrvIq5v9pZ0zzrNW0EAQB,Hinduism/Complete works of Swami Vivekananda,SWAMI-VIVEKANANDA-COMPLETE-WORKS-Vol-4.pdf,1611425,UNIQUE_CANDIDATE,,OPEN,,,NO_EXACT_NAME_SIZE_PEER
drive:file:1N07PET5aW1hwWbP8WJ05b4LomkS9fFIW,1N07PET5aW1hwWbP8WJ05b4LomkS9fFIW,Hinduism/Complete works of Swami Vivekananda,SWAMI-VIVEKANANDA-COMPLETE-WORKS-Vol-3.pdf,1815360,UNIQUE_CANDIDATE,,OPEN,,,NO_EXACT_NAME_SIZE_PEER
drive:file:1Bq5E9FjRFYUaAungdBNv5CqOgxWRMYnX,1Bq5E9FjRFYUaAungdBNv5CqOgxWRMYnX,Hinduism/Complete works of Swami Vivekananda,SWAMI-VIVEKANANDA-COMPLETE-WORKS-Vol-2.pdf,1123689,UNIQUE_CANDIDATE,,OPEN,,,NO_EXACT_NAME_SIZE_PEER
drive:file:1sjWAWWtQl6u2qvfIsf19QfrfFch4n_x5,1sjWAWWtQl6u2qvfIsf19QfrfFch4n_x5,Hinduism/Complete works of Swami Vivekananda,SWAMI-VIVEKANANDA-COMPLETE-WORKS-Vol-1.pdf,2830277,UNIQUE_CANDIDATE,,OPEN,,,NO_EXACT_NAME_SIZE_PEER
drive:file:1XIEWeybjy6ggdnBojgGylcLXiFRI8MZ3,1XIEWeybjy6ggdnBojgGylcLXiFRI8MZ3,Hinduism/Atharva Veda Samhita,Atharva-Veda-Samhita-II.pdf,25886675,UNIQUE_CANDIDATE,,OPEN,,,NO_EXACT_NAME_SIZE_PEER
drive:file:1W_GdAE7vSWsW0U4ZJ33jrkYdcOGEWEzK,1W_GdAE7vSWsW0U4ZJ33jrkYdcOGEWEzK,Hinduism/Atharva Veda Samhita,Atharva-Veda-Samhita-I.pdf,32955631,UNIQUE_CANDIDATE,,OPEN,,,NO_EXACT_NAME_SIZE_PEER
drive:file:1YItn1hSySTK6C-kzmoc4Wp23wczrm0HM,1YItn1hSySTK6C-kzmoc4Wp23wczrm0HM,Hinduism/Nisargadatta Maharaj – loads of short texts on non-dualism,All-Consciousness-is-Painful-Nisargadatta-Maharaj.pdf,46554,UNIQUE_CANDIDATE,,OPEN,,,NO_EXACT_NAME_SIZE_PEER
drive:file:1F2Asmckz__aHe94vExyTucxfiwjBVZaf,1F2Asmckz__aHe94vExyTucxfiwjBVZaf,Hinduism/Nisargadatta Maharaj – loads of short texts on non-dualism,All-is-a-dream-Nisargadatta-Maharaj.pdf,58733,UNIQUE_CANDIDATE,,OPEN,,,NO_EXACT_NAME_SIZE_PEER
drive:file:1vrf6fxdRXPv_5Et35AJMXKsrQmmGlGoT,1vrf6fxdRXPv_5Et35AJMXKsrQmmGlGoT,Hinduism/Nisargadatta Maharaj – loads of short texts on non-dualism,A-Net-of-Jewels.pdf,57737,UNIQUE_CANDIDATE,,OPEN,,,NO_EXACT_NAME_SIZE_PEER
drive:file:1X--V6jwF0pLbah3Tx5bBwUYfKKwU0fU_,1X--V6jwF0pLbah3Tx5bBwUYfKKwU0fU_,Hinduism/Nisargadatta Maharaj – loads of short texts on non-dualism,Awareness-of-Being-Nisargadatta-Maharaj.pdf,49222,UNIQUE_CANDIDATE,,OPEN,,,NO_EXACT_NAME_SIZE_PEER
drive:file:1Bha9nzLXgFoFIdthB1vmOxz2fFyRj-8e,1Bha9nzLXgFoFIdthB1vmOxz2fFyRj-8e,Hinduism/Nisargadatta Maharaj – loads of short texts on non-dualism,Be-Fully-Aware-of-Yourself-Nisagadatta-Maharaj.pdf,51128,UNIQUE_CANDIDATE,,OPEN,,,NO_EXACT_NAME_SIZE_PEER
drive:file:1DMdHkR2mDdUV6SFpLJRG7Swfc2SDsoPi,1DMdHkR2mDdUV6SFpLJRG7Swfc2SDsoPi,Hinduism/Nisargadatta Maharaj – loads of short texts on non-dualism,Dont-refuse-to-be-what-you-are-Nisargadatta.pdf,22646,UNIQUE_CANDIDATE,,OPEN,,,NO_EXACT_NAME_SIZE_PEER
drive:file:1pJwOBFs9OzLX7Jxempwn2kk_9fmH91sG,1pJwOBFs9OzLX7Jxempwn2kk_9fmH91sG,Hinduism/Nisargadatta Maharaj – loads of short texts on non-dualism,Go-deep-in-the-I-Am-Nisargadatta-Maharaj.pdf,22344,UNIQUE_CANDIDATE,,OPEN,,,NO_EXACT_NAME_SIZE_PEER
drive:file:1PGpjrdIXDP_4LURPezdcY8FuBP5F9vle,1PGpjrdIXDP_4LURPezdcY8FuBP5F9vle,Hinduism/Nisargadatta Maharaj – loads of short texts on non-dualism,Helping-the-world-Nisargadatta-Maharaj.pdf,49315,UNIQUE_CANDIDATE,,OPEN,,,NO_EXACT_NAME_SIZE_PEER
drive:file:1loSuY6iXZDNNtjEc_p2Gs_I-BQBtqwCn,1loSuY6iXZDNNtjEc_p2Gs_I-BQBtqwCn,Hinduism/Nisargadatta Maharaj – loads of short texts on non-dualism,I-AM-THE-SUPREME-Nisargadatta-Maharaj.pdf,118734,UNIQUE_CANDIDATE,,OPEN,,,NO_EXACT_NAME_SIZE_PEER
drive:file:1uku8CJ65AIRdcLqEXx-FvwCJCreztoBJ,1uku8CJ65AIRdcLqEXx-FvwCJCreztoBJ,Hinduism/Nisargadatta Maharaj – loads of short texts on non-dualism,Knowing-Nisargadatta-Maharaj.pdf,15631,UNIQUE_CANDIDATE,,OPEN,,,NO_EXACT_NAME_SIZE_PEER
drive:file:1UtNsIXPJHcC135qP42230Xaacn5-QE15,1UtNsIXPJHcC135qP42230Xaacn5-QE15,Hinduism/Nisargadatta Maharaj – loads of short texts on non-dualism,Liberation-Nisargadatta-Maharaj.pdf,34701,UNIQUE_CANDIDATE,,OPEN,,,NO_EXACT_NAME_SIZE_PEER
drive:file:1wVsB5c80LL1Jnf92KX2JNlq7ABmgRxId,1wVsB5c80LL1Jnf92KX2JNlq7ABmgRxId,Hinduism/Nisargadatta Maharaj – loads of short texts on non-dualism,Look-always-into-I-am-Nisargadatta-Maharaj.pdf,51778,UNIQUE_CANDIDATE,,OPEN,,,NO_EXACT_NAME_SIZE_PEER
drive:file:1eaZBOziPRgqunTCZK0MCJYRA3yS9JDEa,1eaZBOziPRgqunTCZK0MCJYRA3yS9JDEa,Hinduism/Nisargadatta Maharaj – loads of short texts on non-dualism,MAHARAJ-quotes.pdf,25104,UNIQUE_CANDIDATE,,OPEN,,,NO_EXACT_NAME_SIZE_PEER
drive:file:1vPt89B_8NyZSgGcXkjvL9zqA4wp4S6cC,1vPt89B_8NyZSgGcXkjvL9zqA4wp4S6cC,Hinduism/Nisargadatta Maharaj – loads of short texts on non-dualism,Mind-creates-all-Nisargadatta-Maharaj.pdf,53500,UNIQUE_CANDIDATE,,OPEN,,,NO_EXACT_NAME_SIZE_PEER
drive:file:1Yx3rcHkIIPZo0Rj2kXeNkvC8thj856r8,1Yx3rcHkIIPZo0Rj2kXeNkvC8thj856r8,Hinduism/Nisargadatta Maharaj – loads of short texts on non-dualism,Nisarga-Yoga-Maurice-Fridman.pdf,89025,UNIQUE_CANDIDATE,,OPEN,,,NO_EXACT_NAME_SIZE_PEER
drive:file:1vTEM79INvgE6gOVIb75eLPtZXtp4dAKy,1vTEM79INvgE6gOVIb75eLPtZXtp4dAKy,Hinduism/Nisargadatta Maharaj – loads of short texts on non-dualism,On-Death-Nisargadatta-Maharaj.pdf,61552,UNIQUE_CANDIDATE,,OPEN,,,NO_EXACT_NAME_SIZE_PEER
drive:file:1YPO6w81QPmFvI6bwnw1QBLSdJp6PisqC,1YPO6w81QPmFvI6bwnw1QBLSdJp6PisqC,Hinduism/Nisargadatta Maharaj – loads of short texts on non-dualism,Outter-Contidions-Nisargadatta-Maharaj.pdf,50682,UNIQUE_CANDIDATE,,OPEN,,,NO_EXACT_NAME_SIZE_PEER
drive:file:1B9ei4rYJiUB4BrqrvXmuWlqgHxkuPmzg,1B9ei4rYJiUB4BrqrvXmuWlqgHxkuPmzg,Hinduism/Nisargadatta Maharaj – loads of short texts on non-dualism,Personal-Knowledge-and-Power-Nisargadatta-Maharaj.pdf,51246,UNIQUE_CANDIDATE,,OPEN,,,NO_EXACT_NAME_SIZE_PEER
drive:file:1iqxPWIa-S2KkVpWYsmliy6-DGq6MplIY,1iqxPWIa-S2KkVpWYsmliy6-DGq6MplIY,Hinduism/Nisargadatta Maharaj – loads of short texts on non-dualism,Remembering-Nisargadatta-Maharaj-David-Godman1.pdf,360750,UNIQUE_CANDIDATE,,OPEN,,,NO_EXACT_NAME_SIZE_PEER
drive:file:1FLvIKwxMu6mRfZKpLq7k13LUoEX11svM,1FLvIKwxMu6mRfZKpLq7k13LUoEX11svM,Hinduism/Nisargadatta Maharaj – loads of short texts on non-dualism,Renunciation.pdf,52136,UNIQUE_CANDIDATE,,OPEN,,,NO_EXACT_NAME_SIZE_PEER
drive:file:1CcFP5udr3gxtOmcT_DDFVr2qikbvZsYn,1CcFP5udr3gxtOmcT_DDFVr2qikbvZsYn,Hinduism/Nisargadatta Maharaj – loads of short texts on non-dualism,Spiritual-Knowledge-and-the-Pacification-of-the-Desire-to-Know-Nisargadatta-Maharaj.pdf,69799,UNIQUE_CANDIDATE,,OPEN,,,NO_EXACT_NAME_SIZE_PEER
drive:file:1-rUUIqyGZwfaSTm8bFaipZAl4XMQ_Vwr,1-rUUIqyGZwfaSTm8bFaipZAl4XMQ_Vwr,Hinduism/Nisargadatta Maharaj – loads of short texts on non-dualism,Spiritual-Progress-Nisargadatta-Maharaj.pdf,51828,UNIQUE_CANDIDATE,,OPEN,,,NO_EXACT_NAME_SIZE_PEER
drive:file:1l5xz_rBPz6kyGQKXxS09iQgDYJhTmlE4,1l5xz_rBPz6kyGQKXxS09iQgDYJhTmlE4,Hinduism/Nisargadatta Maharaj – loads of short texts on non-dualism,The-Final-Talks-of-Sri-Nisargadatta-Maharaj.pdf,69448,UNIQUE_CANDIDATE,,OPEN,,,NO_EXACT_NAME_SIZE_PEER
drive:file:102DGCL7vDBSJFpaBCUzuCuHA6DaAQQx5,102DGCL7vDBSJFpaBCUzuCuHA6DaAQQx5,Hinduism/Nisargadatta Maharaj – loads of short texts on non-dualism,The-Sense-of-I-AM-Nisargadatta-Maharaj.pdf,62070,UNIQUE_CANDIDATE,,OPEN,,,NO_EXACT_NAME_SIZE_PEER
drive:file:1vqiTFhr6cdQ7ZsFFO_0ZwzCLsEVxeoqC,1vqiTFhr6cdQ7ZsFFO_0ZwzCLsEVxeoqC,Hinduism/Nisargadatta Maharaj – loads of short texts on non-dualism,1-The-Quintessence-of-My-Teaching-Nisargadatta-Maharaj.pdf,140694,UNIQUE_CANDIDATE,,OPEN,,,NO_EXACT_NAME_SIZE_PEER
drive:file:1NCvyvdMKWGWX7gw9_NCqBOJ8WPWvrpcD,1NCvyvdMKWGWX7gw9_NCqBOJ8WPWvrpcD,Hinduism/Supermundane – The Inner Life – Book I-IV,Supermundane-Mobi-files.zip,1674531,UNIQUE_CANDIDATE,,OPEN,,,NO_EXACT_NAME_SIZE_PEER
drive:file:1SPHFICHXlQl_8zWXKGOoxp5EdnwCkLPc,1SPHFICHXlQl_8zWXKGOoxp5EdnwCkLPc,Extraterrestrials,A Christian Response to the UFO Phenomenon.pdf,225135,UNIQUE_CANDIDATE,,OPEN,,,NO_EXACT_NAME_SIZE_PEER
drive:file:1nAvytHmfQs1uvNuovhdFeHvl6BqmhgCx,1nAvytHmfQs1uvNuovhdFeHvl6BqmhgCx,Extraterrestrials,The Hitchhikers Guide to the Galaxy.pdf,2409071,REVIEW_REQUIRED,DUP-E907980B8101,OPEN,,,EXACT_NAME_SIZE_CANDIDATE_ONLY
drive:file:1XekFJvugPSfh3n4VlDd7u-gCADG3eHFr,1XekFJvugPSfh3n4VlDd7u-gCADG3eHFr,Extraterrestrials,The Bible and Flying Saucers.pdf,808816,UNIQUE_CANDIDATE,,OPEN,,,NO_EXACT_NAME_SIZE_PEER
drive:file:182lYM3veF8ObQP4hKGHvuWF2omMdwwv1,182lYM3veF8ObQP4hKGHvuWF2omMdwwv1,Extraterrestrials,Descending into Shamballah.pdf,168169,UNIQUE_CANDIDATE,,OPEN,,,NO_EXACT_NAME_SIZE_PEER
drive:file:1eHLJgCvDhe0XUUATNZuDl6aGaXjNfb5H,1eHLJgCvDhe0XUUATNZuDl6aGaXjNfb5H,Extraterrestrials,Other Tongues Other Flesh.pdf,3112682,UNIQUE_CANDIDATE,,OPEN,,,NO_EXACT_NAME_SIZE_PEER
drive:file:10d6CeD3C1prfpuhvNGpuPlkO1SnMnwVh,10d6CeD3C1prfpuhvNGpuPlkO1SnMnwVh,Extraterrestrials,Visitors from Within.pdf,58469,UNIQUE_CANDIDATE,,OPEN,,,NO_EXACT_NAME_SIZE_PEER
drive:file:1rI_FCoYVVMXOmOOfaHwjcmoSpvAXeA_P,1rI_FCoYVVMXOmOOfaHwjcmoSpvAXeA_P,Extraterrestrials,Chariots of the Gods.pdf,6240457,UNIQUE_CANDIDATE,,OPEN,,,NO_EXACT_NAME_SIZE_PEER
drive:file:1XtBiPwZ5ZP8UncxLG5yd8sLhK40gy5s6,1XtBiPwZ5ZP8UncxLG5yd8sLhK40gy5s6,Extraterrestrials,Bringers of the Dawn.pdf,515499,UNIQUE_CANDIDATE,,OPEN,,,NO_EXACT_NAME_SIZE_PEER
drive:file:10edKIfX-emO3y_4omTl6iDzrVTS18ErX,10edKIfX-emO3y_4omTl6iDzrVTS18ErX,Extraterrestrials,The UFO Conspiracy.pdf,111945,UNIQUE_CANDIDATE,,OPEN,,,NO_EXACT_NAME_SIZE_PEER
drive:file:1WmcWyt3_pSafZgOmGVPdv9wdOVhm8EBp,1WmcWyt3_pSafZgOmGVPdv9wdOVhm8EBp,Extraterrestrials,The Sirius Mystery.pdf,2834784,UNIQUE_CANDIDATE,,OPEN,,,NO_EXACT_NAME_SIZE_PEER
drive:file:1D-kGPbdfqzW6ernRwcPlzqEOb_JS49ad,1D-kGPbdfqzW6ernRwcPlzqEOb_JS49ad,Extraterrestrials,The Gods of Eden.pdf,2678005,REVIEW_REQUIRED,DUP-4FAC7D3C607E,OPEN,,,EXACT_NAME_SIZE_CANDIDATE_ONLY
drive:file:1H03SMlIiY8hzB7Jnbzmo4TNGnYWbum10,1H03SMlIiY8hzB7Jnbzmo4TNGnYWbum10,Extraterrestrials/The Law of One,The Law of One - Book 5.pdf,637700,UNIQUE_CANDIDATE,,OPEN,,,NO_EXACT_NAME_SIZE_PEER
drive:file:1M0HmkOdjXEi853kOzwOtiHzoYM6q4fsI,1M0HmkOdjXEi853kOzwOtiHzoYM6q4fsI,Extraterrestrials/The Law of One,The Law of One - Book 4.pdf,2134926,UNIQUE_CANDIDATE,,OPEN,,,NO_EXACT_NAME_SIZE_PEER
drive:file:17THHMiI9Uz58xHRDpkPhqQnuEDavSffE,17THHMiI9Uz58xHRDpkPhqQnuEDavSffE,Extraterrestrials/The Law of One,The Law of One - Book 3.pdf,530771,UNIQUE_CANDIDATE,,OPEN,,,NO_EXACT_NAME_SIZE_PEER
drive:file:1qmrzQwDF99lMhRDTJ6W7gBIp7oDloGwk,1qmrzQwDF99lMhRDTJ6W7gBIp7oDloGwk,Extraterrestrials/The Law of One,The Law of One - Book 2.pdf,380848,UNIQUE_CANDIDATE,,OPEN,,,NO_EXACT_NAME_SIZE_PEER
drive:file:1Fo_addJ_EuPRqBBL4KZPjDU9lB0McUV4,1Fo_addJ_EuPRqBBL4KZPjDU9lB0McUV4,Extraterrestrials/The Law of One,The Law of One - Book 1.pdf,4538039,UNIQUE_CANDIDATE,,OPEN,,,NO_EXACT_NAME_SIZE_PEER
drive:file:1HzniHolbAPYrJ2zDmote8ovbHiwtCUQH,1HzniHolbAPYrJ2zDmote8ovbHiwtCUQH,Alchemy,Alchemy_Key.pdf,6705700,UNIQUE_CANDIDATE,,OPEN,,,NO_EXACT_NAME_SIZE_PEER
drive:file:1ai9HkUkNN_ZeYh2S2M7zBJLlRfstojGQ,1ai9HkUkNN_ZeYh2S2M7zBJLlRfstojGQ,Alchemy,alchemy_ancient_and_modern (1).pdf,368640,UNIQUE_CANDIDATE,,OPEN,,,NO_EXACT_NAME_SIZE_PEER
drive:file:1344INJ9AsLB2gl8L_1jp9PFGaCwK6E9M,1344INJ9AsLB2gl8L_1jp9PFGaCwK6E9M,Alchemy,alchemy_ancient_and_modern.pdf,368640,UNIQUE_CANDIDATE,,OPEN,,,NO_EXACT_NAME_SIZE_PEER
drive:file:17PmCOsuR6yMR7AU9zwZw2dj3gyhC8PKW,17PmCOsuR6yMR7AU9zwZw2dj3gyhC8PKW,Alchemy,Alchemy Overview.pdf,162286,UNIQUE_CANDIDATE,,OPEN,,,NO_EXACT_NAME_SIZE_PEER
drive:file:1sQzRuu3m0_1NfeMuBEs_Z_gn1Jk68aTl,1sQzRuu3m0_1NfeMuBEs_Z_gn1Jk68aTl,Alchemy,alchemy.pdf,162286,UNIQUE_CANDIDATE,,OPEN,,,NO_EXACT_NAME_SIZE_PEER
drive:file:1uHJgAJ9HAi5IypEp9Sr7H8pNov85d8gn,1uHJgAJ9HAi5IypEp9Sr7H8pNov85d8gn,Alchemy,The_New_Pearl_of_Great_Price.pdf,22527638,UNIQUE_CANDIDATE,,OPEN,,,NO_EXACT_NAME_SIZE_PEER
drive:file:111Hs7YPUl7EVVeyJhUv7-fpD_Z99JI4V,111Hs7YPUl7EVVeyJhUv7-fpD_Z99JI4V,Alchemy,Valentine_-_Triumphanl_Chariot.pdf,470149,UNIQUE_CANDIDATE,,OPEN,,,NO_EXACT_NAME_SIZE_PEER
drive:file:19BU_ozbjlTNMvs7v1PdFq5cHeGdFnkoM,19BU_ozbjlTNMvs7v1PdFq5cHeGdFnkoM,Alchemy,twelvekeys.pdf,70312,UNIQUE_CANDIDATE,,OPEN,,,NO_EXACT_NAME_SIZE_PEER
drive:file:1F18Y3sPfKaRMnRrhZdG38YbWBeet0XHT,1F18Y3sPfKaRMnRrhZdG38YbWBeet0XHT,Alchemy,Twelve Keys.pdf,70312,UNIQUE_CANDIDATE,,OPEN,,,NO_EXACT_NAME_SIZE_PEER
drive:file:1PpuRIgliAjxwUhs1cCi2ohbetBdInW3-,1PpuRIgliAjxwUhs1cCi2ohbetBdInW3-,Alchemy,The_Philosophers_Stone.pdf,609987,UNIQUE_CANDIDATE,,OPEN,,,NO_EXACT_NAME_SIZE_PEER
drive:file:1AUHTfVfGd85tNETVLM-Orrh63CtAljf2,1AUHTfVfGd85tNETVLM-Orrh63CtAljf2,Alchemy,The_Hermetic_Museum.pdf,1153411,UNIQUE_CANDIDATE,,OPEN,,,NO_EXACT_NAME_SIZE_PEER
drive:file:1xkzIiPDcBdGR4I2T3Ycaea9Qn8NjPrCp,1xkzIiPDcBdGR4I2T3Ycaea9Qn8NjPrCp,Alchemy,The_Great_Art.pdf,1999461,UNIQUE_CANDIDATE,,OPEN,,,NO_EXACT_NAME_SIZE_PEER
drive:file:1hLekQAHq_WAXx1JeaLqh22Dk1Mh0VcbN,1hLekQAHq_WAXx1JeaLqh22Dk1Mh0VcbN,Alchemy,The Secret Book of Artephius.pdf,64539,UNIQUE_CANDIDATE,,OPEN,,,NO_EXACT_NAME_SIZE_PEER
drive:file:140ypstCtwJLTmHw5uQqz9ppOQHjQIPnB,140ypstCtwJLTmHw5uQqz9ppOQHjQIPnB,Alchemy,sixkeysofeudoxos.pdf,26858,UNIQUE_CANDIDATE,,OPEN,,,NO_EXACT_NAME_SIZE_PEER
drive:file:1i2Rm4etdGdDKUMulIm7broV11b1lofJP,1i2Rm4etdGdDKUMulIm7broV11b1lofJP,Alchemy,secretbook.pdf,36730,UNIQUE_CANDIDATE,,OPEN,,,NO_EXACT_NAME_SIZE_PEER
drive:file:1pksGrGN99gsFUd701k_g3F0q_Sq6P3mT,1pksGrGN99gsFUd701k_g3F0q_Sq6P3mT,Alchemy,Rosicrucian_Secrets.pdf,2273417,UNIQUE_CANDIDATE,,OPEN,,,NO_EXACT_NAME_SIZE_PEER
drive:file:1dAtv7vUH16UCqQBQApJJFJlKy6GsKQfl,1dAtv7vUH16UCqQBQApJJFJlKy6GsKQfl,Alchemy,openentrance.pdf,81278,UNIQUE_CANDIDATE,,OPEN,,,NO_EXACT_NAME_SIZE_PEER
drive:file:1XIWomXeNYjQEKGx5o765oGfbaWtecfoD,1XIWomXeNYjQEKGx5o765oGfbaWtecfoD,Alchemy,Mirror of Alchemy.pdf,40766,UNIQUE_CANDIDATE,,OPEN,,,NO_EXACT_NAME_SIZE_PEER
drive:file:1jodMuu8U1mEQzEup7Nr3kzwHIEC5YdEx,1jodMuu8U1mEQzEup7Nr3kzwHIEC5YdEx,Alchemy,M.M. Pattison Muir - The Story of Alchemy and the Beginnings of Chemistry.pdf,6128873,UNIQUE_CANDIDATE,,OPEN,,,NO_EXACT_NAME_SIZE_PEER
drive:file:1m4VAlNJhDIHTeINIzmM-x-iZTmGezHLg,1m4VAlNJhDIHTeINIzmM-x-iZTmGezHLg,Alchemy,lexicon_of_alchemy.pdf,3108566,UNIQUE_CANDIDATE,,OPEN,,,NO_EXACT_NAME_SIZE_PEER
drive:file:1_JvD7Su7ft5DUn7uVoyHdi-9v_WyzUYW,1_JvD7Su7ft5DUn7uVoyHdi-9v_WyzUYW,Alchemy,hermeticarcanum.pdf,265254,UNIQUE_CANDIDATE,,OPEN,,,NO_EXACT_NAME_SIZE_PEER
drive:file:1RX-ZsZbAR0ZeQwz2S2RQpz5lGeBhfoPU,1RX-ZsZbAR0ZeQwz2S2RQpz5lGeBhfoPU,Alchemy,goldentractateofhermestrismegistus.pdf,26034,UNIQUE_CANDIDATE,,OPEN,,,NO_EXACT_NAME_SIZE_PEER
drive:file:1TL7KXqzVhHmShV6EGZWJhRacVCdW8Y1k,1TL7KXqzVhHmShV6EGZWJhRacVCdW8Y1k,Alchemy,goldenchainhomer.pdf,77520,UNIQUE_CANDIDATE,,OPEN,,,NO_EXACT_NAME_SIZE_PEER
drive:file:1wwhpYpGlFG_qyznJ2BkIeNH9icJxjXcQ,1wwhpYpGlFG_qyznJ2BkIeNH9icJxjXcQ,Alchemy,Franz_Hartmann_-_Paracelsus_and_the_Substance_of_His_Teaching.pdf,15658352,UNIQUE_CANDIDATE,,OPEN,,,NO_EXACT_NAME_SIZE_PEER
drive:file:1fnGClkp05yUhBpxD8FeH4nbychvdAKTF,1fnGClkp05yUhBpxD8FeH4nbychvdAKTF,Alchemy,Aleister-Crowley-The-Book-of-the-Law.pdf,92247,UNIQUE_CANDIDATE,,OPEN,,,NO_EXACT_NAME_SIZE_PEER
drive:file:1fkWe7EIvA45iEirmeQMiqNKKFcQX4gBI,1fkWe7EIvA45iEirmeQMiqNKKFcQX4gBI,Alchemy,An-Alchemical-Treatise-on-The-Great-Art.pdf,1999461,UNIQUE_CANDIDATE,,OPEN,,,NO_EXACT_NAME_SIZE_PEER
drive:file:192B5ho5OgqwARzTjEoo3xlvpA9-35hd0,192B5ho5OgqwARzTjEoo3xlvpA9-35hd0,Alchemy,Compendium-Rarissimum.pdf,14363938,UNIQUE_CANDIDATE,,OPEN,,,NO_EXACT_NAME_SIZE_PEER
drive:file:13qeK-QufKr_S3TkF6tKgjr4j8_eOp5h5,13qeK-QufKr_S3TkF6tKgjr4j8_eOp5h5,Alchemy,The-Book-of-Soyga.pdf,6216806,REVIEW_REQUIRED,DUP-D15287F401C4,OPEN,,,EXACT_NAME_SIZE_CANDIDATE_ONLY
drive:file:1yzZXNC03N7vvYibomlPhn-sftEnEN3n1,1yzZXNC03N7vvYibomlPhn-sftEnEN3n1,Alchemy,The-Complete-works-of-Nostradamus.pdf,1074445,REVIEW_REQUIRED,DUP-4290E4300A1C,OPEN,,,EXACT_NAME_SIZE_CANDIDATE_ONLY
drive:file:1qhzLXhDiCQDjvc0y9ACVr_4k2zia7Wjr,1qhzLXhDiCQDjvc0y9ACVr_4k2zia7Wjr,Alchemy,A-General-Look-at-Alchemy.pdf,297606,UNIQUE_CANDIDATE,,OPEN,,,NO_EXACT_NAME_SIZE_PEER
drive:file:1nKgBJFyUToFBzhGZK4QXGks4RP1Bb2z7,1nKgBJFyUToFBzhGZK4QXGks4RP1Bb2z7,Alchemy,A-Chymicall-treatise-of-the-Ancient-and-highly-illuminated-Philosopher.pdf,50284,UNIQUE_CANDIDATE,,OPEN,,,NO_EXACT_NAME_SIZE_PEER
drive:file:1oVQcrGzYHUAUWLb64BZVh_EtiuBpfkpt,1oVQcrGzYHUAUWLb64BZVh_EtiuBpfkpt,Alchemy,Magia-naturalis-et-innaturalis.pdf,31251088,UNIQUE_CANDIDATE,,OPEN,,,NO_EXACT_NAME_SIZE_PEER
drive:file:1FT4dWfLeLY4UVUlVtcimaqE9VWotgCte,1FT4dWfLeLY4UVUlVtcimaqE9VWotgCte,Alchemy,Works-of-Thomas-Vaughan.pdf,18130165,UNIQUE_CANDIDATE,,OPEN,,,NO_EXACT_NAME_SIZE_PEER
drive:file:1ql2ebE2hdEiG6mYm9iZQwcxmVmq2cC5C,1ql2ebE2hdEiG6mYm9iZQwcxmVmq2cC5C,Alchemy,Natural-Magick.pdf,41139153,UNIQUE_CANDIDATE,,OPEN,,,NO_EXACT_NAME_SIZE_PEER
drive:file:1ZD3jaRBSBD4JR3ickFh3t0WGPMMBjjvh,1ZD3jaRBSBD4JR3ickFh3t0WGPMMBjjvh,Alchemy,Wang_Mu_Foundations_of_Internal_Alchemy_SAMPLE.pdf,2068542,UNIQUE_CANDIDATE,,OPEN,,,NO_EXACT_NAME_SIZE_PEER
drive:file:14SCqLmA4N4x5vy_XLb_RpgCxjT_ROpRB,14SCqLmA4N4x5vy_XLb_RpgCxjT_ROpRB,Alchemy/Jean Dubuis,.DS_Store,6148,TECHNICAL_EXCLUSION,DUP-01F2B2A55085,CLOSED,,,DS_STORE
drive:file:1lzKuNEhKLeHGsLEu6aj75HqYr9FKixiA,1lzKuNEhKLeHGsLEu6aj75HqYr9FKixiA,Alchemy/Jean Dubuis,"Dubuis, Jean - The Fundamentals Of Esoteric Knowledge.pdf",22182578,UNIQUE_CANDIDATE,,OPEN,,,NO_EXACT_NAME_SIZE_PEER
drive:file:1rfkiDHF87_jdrKqvm_qxiE-Y9EdN8f8p,1rfkiDHF87_jdrKqvm_qxiE-Y9EdN8f8p,Alchemy/Jean Dubuis,"Dubuis, Jean - The Experience of Eternity.pdf",2643140,UNIQUE_CANDIDATE,,OPEN,,,NO_EXACT_NAME_SIZE_PEER
drive:file:1ZsNhrpF4hBEiN7hZqXVtOGC4Xx99eOoX,1ZsNhrpF4hBEiN7hZqXVtOGC4Xx99eOoX,Alchemy/The Sacred Magic of Abramelin the Mage,The-Sacred-Magic-of-Abramelin-the-Mage-Book-3.pdf,598859,UNIQUE_CANDIDATE,,OPEN,,,NO_EXACT_NAME_SIZE_PEER
drive:file:1tH9aD10GemPln9QuV6Uv5ObTCPIU7ecx,1tH9aD10GemPln9QuV6Uv5ObTCPIU7ecx,Alchemy/The Sacred Magic of Abramelin the Mage,The-Sacred-Magic-of-Abramelin-the-Mage-Book-2.pdf,1188586,UNIQUE_CANDIDATE,,OPEN,,,NO_EXACT_NAME_SIZE_PEER
drive:file:1eqZb-6fCxYVilexTe8lEQ119Qh9N8gdQ,1eqZb-6fCxYVilexTe8lEQ119Qh9N8gdQ,Alchemy/The Sacred Magic of Abramelin the Mage,The-Sacred-Magic-of-Abramelin-the-Mage-Book-1.pdf,1209005,UNIQUE_CANDIDATE,,OPEN,,,NO_EXACT_NAME_SIZE_PEER
drive:file:1Ccs2Mqs2deqAs9b5Llz4wXlxrP3tWxH4,1Ccs2Mqs2deqAs9b5Llz4wXlxrP3tWxH4,Alchemy/Jean Dubuis/Spagyrics,"Dubuis, Jean - Spagyrics Vol 2.pdf",12232698,UNIQUE_CANDIDATE,,OPEN,,,NO_EXACT_NAME_SIZE_PEER
drive:file:1WjAVKURzYN8z23MqmTcDGK-ZfdnUsFpB,1WjAVKURzYN8z23MqmTcDGK-ZfdnUsFpB,Alchemy/Jean Dubuis/Spagyrics,"Dubuis, Jean - Spagyrics Vol 1.pdf",8637617,UNIQUE_CANDIDATE,,OPEN,,,NO_EXACT_NAME_SIZE_PEER
drive:file:1teXMzFHlZxZ5gFVb-tPQgMCTTrNO5O_r,1teXMzFHlZxZ5gFVb-tPQgMCTTrNO5O_r,Alchemy/Jean Dubuis/Qabala,"Dubuis, Jean - Qabala, The Philosophers of Nature Vol 3.pdf",22015452,UNIQUE_CANDIDATE,,OPEN,,,NO_EXACT_NAME_SIZE_PEER
drive:file:1NMRZ8NuicsS5FnTlg8ghsY3cMXWZd_Z_,1NMRZ8NuicsS5FnTlg8ghsY3cMXWZd_Z_,Alchemy/Jean Dubuis/Qabala,"Dubuis, Jean - Qabala, The Philosophers of Nature Vol 1.pdf",14435437,UNIQUE_CANDIDATE,,OPEN,,,NO_EXACT_NAME_SIZE_PEER
drive:file:1fxQ3QOFLsNCXSnFK1yuNdXGt48owphm7,1fxQ3QOFLsNCXSnFK1yuNdXGt48owphm7,Alchemy/Jean Dubuis/Qabala,"Dubuis, Jean - Qabala, The Philosophers of Nature Vol 2.pdf",8838314,UNIQUE_CANDIDATE,,OPEN,,,NO_EXACT_NAME_SIZE_PEER
drive:file:15vAjQ1ADLSo0Kfude3PsgSQls2o9ClaZ,15vAjQ1ADLSo0Kfude3PsgSQls2o9ClaZ,Alchemy/Jean Dubuis/Mineral Alchemy,"Dubuis, Jean - Mineral Alchemy Vol 3.pdf",17957768,UNIQUE_CANDIDATE,,OPEN,,,NO_EXACT_NAME_SIZE_PEER
drive:file:1SfrBWZfkNzfv4NK4JRbWI4i_pNm4D4nZ,1SfrBWZfkNzfv4NK4JRbWI4i_pNm4D4nZ,Alchemy/Jean Dubuis/Mineral Alchemy,"Dubuis, Jean - Mineral Alchemy Vol 2.pdf",27472411,UNIQUE_CANDIDATE,,OPEN,,,NO_EXACT_NAME_SIZE_PEER
drive:file:135KmrAsHU5LRdZ7MRDncoHYNQzdhtHml,135KmrAsHU5LRdZ7MRDncoHYNQzdhtHml,Alchemy/Jean Dubuis/Mineral Alchemy,.DS_Store,6148,TECHNICAL_EXCLUSION,DUP-01F2B2A55085,CLOSED,,,DS_STORE
drive:file:1RfsLaC1SM63EDga0p5NFEG5VzT93i97J,1RfsLaC1SM63EDga0p5NFEG5VzT93i97J,Alchemy/Jean Dubuis/Mineral Alchemy,"Dubuis, Jean - Mineral Alchemy Vol 4.pdf",17908961,UNIQUE_CANDIDATE,,OPEN,,,NO_EXACT_NAME_SIZE_PEER
drive:file:1SuTTsE6B-FgJb2Lp4wlfKL4b74a5WJIp,1SuTTsE6B-FgJb2Lp4wlfKL4b74a5WJIp,Alchemy/Jean Dubuis/Mineral Alchemy,"Dubuis, Jean - Mineral Alchemy Vol 1.pdf",12796018,UNIQUE_CANDIDATE,,OPEN,,,NO_EXACT_NAME_SIZE_PEER
drive:file:1r7ZyYJvdXZH9ghquDVbdf5vzU404w2Kq,1r7ZyYJvdXZH9ghquDVbdf5vzU404w2Kq,Dzogchen,The-Sutra-of-Recollecting-the-Three-Jewels.pdf,288919,REVIEW_REQUIRED,DUP-5DF5255F51A7,OPEN,,,EXACT_NAME_SIZE_CANDIDATE_ONLY
drive:file:1cnOeqPB2xvubrBYhIIOAqNpuSKskNdyR,1cnOeqPB2xvubrBYhIIOAqNpuSKskNdyR,Dzogchen,The-Life-of-Buddha-Ebook.pdf,800154,REVIEW_REQUIRED,DUP-2D796B63ED1C,OPEN,,,EXACT_NAME_SIZE_CANDIDATE_ONLY
drive:file:1ONIfDt7AD1VoYyALY5fDTtEYUQ1nX67t,1ONIfDt7AD1VoYyALY5fDTtEYUQ1nX67t,Dzogchen,Living-Nonduality.pdf,2126700,REVIEW_REQUIRED,DUP-2FE859FAFFF2,OPEN,,,EXACT_NAME_SIZE_CANDIDATE_ONLY
drive:file:1xQN8ez6J49VIqGtMjGsMXnrAQf5hHPLW,1xQN8ez6J49VIqGtMjGsMXnrAQf5hHPLW,Dzogchen/Dzogchen Four introductory texts on Dzogchen,Brief-History-of-Dzogchen.pdf,183594,UNIQUE_CANDIDATE,,OPEN,,,NO_EXACT_NAME_SIZE_PEER
drive:file:1-UWTqraotKzku9KpLmy4PjqN6IExtcsv,1-UWTqraotKzku9KpLmy4PjqN6IExtcsv,Dzogchen/Dzogchen Four introductory texts on Dzogchen,Fundamentals-of-Dzogchen-Meditation.pdf,303716,UNIQUE_CANDIDATE,,OPEN,,,NO_EXACT_NAME_SIZE_PEER
drive:file:1tq6nra7I94e4LSM9dAubZrrjlliPp7tp,1tq6nra7I94e4LSM9dAubZrrjlliPp7tp,Dzogchen/Dzogchen Four introductory texts on Dzogchen,Introduction-to-Dzogchen.pdf,297564,UNIQUE_CANDIDATE,,OPEN,,,NO_EXACT_NAME_SIZE_PEER
drive:file:1rTSVqfBObkuZYCphauy5YuIgr933eVi0,1rTSVqfBObkuZYCphauy5YuIgr933eVi0,Dzogchen/Dzogchen Four introductory texts on Dzogchen,download.pdf,238972,UNIQUE_CANDIDATE,,OPEN,,,NO_EXACT_NAME_SIZE_PEER
drive:file:1RGSNC7IPXtZSeFxOVerFkGsRkvq3T3ro,1RGSNC7IPXtZSeFxOVerFkGsRkvq3T3ro,Catholocism,Madame-Guyon-Autobiography.pdf,359654,REVIEW_REQUIRED,DUP-381F1F73FCE8,OPEN,,,EXACT_NAME_SIZE_CANDIDATE_ONLY
drive:file:1P45jbmP0sfzU9BlWCCDHi6zP03yXe92z,1P45jbmP0sfzU9BlWCCDHi6zP03yXe92z,Catholocism,Thomas-Aquinas-Nature-and-Grace.pdf,1593698,REVIEW_REQUIRED,DUP-9AB2F9465DE7,OPEN,,,EXACT_NAME_SIZE_CANDIDATE_ONLY
drive:file:1fsvYrxkXenv40yyTV4YCaw9fX_xJK35a,1fsvYrxkXenv40yyTV4YCaw9fX_xJK35a,Catholocism,St-Paul-the-Traveler-Roman-Citizen.pdf,1243170,REVIEW_REQUIRED,DUP-05622D665D68,OPEN,,,EXACT_NAME_SIZE_CANDIDATE_ONLY
drive:file:1_dtuvE5E6dLn5sf2EWf69Kgtfv76STrA,1_dtuvE5E6dLn5sf2EWf69Kgtfv76STrA,Catholocism,Church-History-Life-of-Constantine-Oration-in-Praise-of-Constantine-by-Eusebius-Pamphilius.pdf,5924478,REVIEW_REQUIRED,DUP-BB9C732BF779,OPEN,,,EXACT_NAME_SIZE_CANDIDATE_ONLY
drive:file:1rOoGOYnIbEq-6WkW_p0HuAdx4CqKdhTs,1rOoGOYnIbEq-6WkW_p0HuAdx4CqKdhTs,Catholocism,Of-God-and-His-Creatures-by-St-Thomas-Aquinas.pdf,2959156,UNIQUE_CANDIDATE,,OPEN,,,NO_EXACT_NAME_SIZE_PEER
drive:file:14iCQgfFXyU3z70tXeZ5TuO8YIR3pL_4o,14iCQgfFXyU3z70tXeZ5TuO8YIR3pL_4o,Catholocism,Dante-Alighieri-The-Divine-Comedy.pdf,766948,UNIQUE_CANDIDATE,,OPEN,,,NO_EXACT_NAME_SIZE_PEER
drive:file:1i4X9mD-z_tSlcVOzoMUCFe1dFrNWIym2,1i4X9mD-z_tSlcVOzoMUCFe1dFrNWIym2,Catholocism,Life-of-Saint-Francis-of-Assisi-by-Paul-Sabatier.pdf,1041741,REVIEW_REQUIRED,DUP-8E273E1F6994,OPEN,,,EXACT_NAME_SIZE_CANDIDATE_ONLY
drive:file:1aUefk5ti8undPoMtons56jzrhOCQh4_7,1aUefk5ti8undPoMtons56jzrhOCQh4_7,Catholocism,A-Dictionary-of-Christian-Biography-and-Literature.pdf,9252030,UNIQUE_CANDIDATE,,OPEN,,,NO_EXACT_NAME_SIZE_PEER
drive:file:10YjjjL8_OAgebg-PZGj67DdNS9ZMf7HD,10YjjjL8_OAgebg-PZGj67DdNS9ZMf7HD,Catholocism,Heaven-and-Hell-by-Emanuel-Swedenborg.pdf,1128215,UNIQUE_CANDIDATE,,OPEN,,,NO_EXACT_NAME_SIZE_PEER
drive:file:1NiVmjRibfDmEoFoJfuqD0S3fjG0eB6-A,1NiVmjRibfDmEoFoJfuqD0S3fjG0eB6-A,Catholocism,The-Christian-Mystery.pdf,636398,UNIQUE_CANDIDATE,,OPEN,,,NO_EXACT_NAME_SIZE_PEER
drive:file:1DFS9DZ78eAql97DlEG2wyBmOcIGwYGZJ,1DFS9DZ78eAql97DlEG2wyBmOcIGwYGZJ,Catholocism,The-Way-of-Perfection-by-St.-Teresa-of-Avila.pdf,410357,UNIQUE_CANDIDATE,,OPEN,,,NO_EXACT_NAME_SIZE_PEER
drive:file:1NuLaXSmCFGj2jLDFOARIyJIHEO-3vxUH,1NuLaXSmCFGj2jLDFOARIyJIHEO-3vxUH,Catholocism,The-Great-Mysteries-Andrew-Greeley.pdf,724324,UNIQUE_CANDIDATE,,OPEN,,,NO_EXACT_NAME_SIZE_PEER
drive:file:1ds9lt8bZD3d2QXeYttzCkHwJWYdAuVEc,1ds9lt8bZD3d2QXeYttzCkHwJWYdAuVEc,Catholocism,Meister-Eckharts-Sermons.pdf,517352,UNIQUE_CANDIDATE,,OPEN,,,NO_EXACT_NAME_SIZE_PEER
drive:file:1NHx00O_D_TyUWRavh99AeBucJfvyiKqH,1NHx00O_D_TyUWRavh99AeBucJfvyiKqH,Catholocism,The-Illuminated-Sketchbook-of-Stephan-Scriber.pdf,9821348,REVIEW_REQUIRED,DUP-A083AF4129F3,OPEN,,,EXACT_NAME_SIZE_CANDIDATE_ONLY
drive:file:1qyhO7yoUD7UU1Ke0PFwbhe3NF-0NDuSx,1qyhO7yoUD7UU1Ke0PFwbhe3NF-0NDuSx,Catholocism,The-Bible-Atlas.pdf,21403879,UNIQUE_CANDIDATE,,OPEN,,,NO_EXACT_NAME_SIZE_PEER
drive:file:1_I8QaZg5GjXnIC7q_9sX6nVIXkbNxEcs,1_I8QaZg5GjXnIC7q_9sX6nVIXkbNxEcs,Catholocism,Eastons-Bible-Dictionary.pdf,2855200,UNIQUE_CANDIDATE,,OPEN,,,NO_EXACT_NAME_SIZE_PEER
drive:file:1uOLDKXjSh_I_pdPQl9tajPgfwGVwQa0x,1uOLDKXjSh_I_pdPQl9tajPgfwGVwQa0x,Catholocism,The-Geneva-Breeches-Bible.pdf,10174816,UNIQUE_CANDIDATE,,OPEN,,,NO_EXACT_NAME_SIZE_PEER
drive:file:1PEnpIqhN1VMJwbxXQUtJY0VH1muZ6qaz,1PEnpIqhN1VMJwbxXQUtJY0VH1muZ6qaz,Catholocism,Ten-Teachings-for-one-World-by-Gina-Lake.pdf,1091116,UNIQUE_CANDIDATE,,OPEN,,,NO_EXACT_NAME_SIZE_PEER
drive:file:1wLuG-PEkyUw9I0A9wPM5dUKcEEuJKlH6,1wLuG-PEkyUw9I0A9wPM5dUKcEEuJKlH6,Catholocism,Rohonc-Codex.pdf,4879089,REVIEW_REQUIRED,DUP-0EA612D594E0,OPEN,,,EXACT_NAME_SIZE_CANDIDATE_ONLY
drive:file:1mpXEjtfBlaSk9HMON6oRoDkW5j2az2w7,1mpXEjtfBlaSk9HMON6oRoDkW5j2az2w7,Catholocism/The Gospel of Thomas – two different translations,Gospel-of-Thomas-Scholars-Version.pdf,76353,UNIQUE_CANDIDATE,,OPEN,,,NO_EXACT_NAME_SIZE_PEER
drive:file:1xDDkO_SxrU_PXW00ez5l8vzOgXd2l9wE,1xDDkO_SxrU_PXW00ez5l8vzOgXd2l9wE,Catholocism/The Gospel of Thomas – two different translations,Gospel-of-Thomas-Bruce-Version.pdf,139054,UNIQUE_CANDIDATE,,OPEN,,,NO_EXACT_NAME_SIZE_PEER
drive:file:190l5ht3QtqQ6ksbD7tixFSNvYsGC7xLl,190l5ht3QtqQ6ksbD7tixFSNvYsGC7xLl,Catholocism/Ante-Nicene Fathers – VOL I – IX,Ante-Nicene-Fathers-VOL-9.pdf,7403448,UNIQUE_CANDIDATE,,OPEN,,,NO_EXACT_NAME_SIZE_PEER
drive:file:1u-q_KFSxI6RhKYn9u25BNGka_C9Ho9v1,1u-q_KFSxI6RhKYn9u25BNGka_C9Ho9v1,Catholocism/Ante-Nicene Fathers – VOL I – IX,Ante-Nicene-Fathers-VOL-8.pdf,9434206,UNIQUE_CANDIDATE,,OPEN,,,NO_EXACT_NAME_SIZE_PEER
drive:file:1egQZol4LzzBMLg5z7yVAUaMLaN4vuWbx,1egQZol4LzzBMLg5z7yVAUaMLaN4vuWbx,Catholocism/Ante-Nicene Fathers – VOL I – IX,Ante-Nicene-Fathers-VOL-7.pdf,7558271,UNIQUE_CANDIDATE,,OPEN,,,NO_EXACT_NAME_SIZE_PEER
drive:file:1grBZ65uyW0o1rg8rvK_jEgpHcXM6hvJV,1grBZ65uyW0o1rg8rvK_jEgpHcXM6hvJV,Catholocism/Ante-Nicene Fathers – VOL I – IX,Ante-Nicene-Fathers-6.pdf,5052666,UNIQUE_CANDIDATE,,OPEN,,,NO_EXACT_NAME_SIZE_PEER
drive:file:1I2VgpMDwCyfZnuTRrDA2Xp-SxxeZC4A3,1I2VgpMDwCyfZnuTRrDA2Xp-SxxeZC4A3,Catholocism/Ante-Nicene Fathers – VOL I – IX,Ante-Nicene-Fathers-Vol-5.pdf,7143341,UNIQUE_CANDIDATE,,OPEN,,,NO_EXACT_NAME_SIZE_PEER
drive:file:1__Uj3kkZILsRK8iI-F5tF9_X06vazUZ5,1__Uj3kkZILsRK8iI-F5tF9_X06vazUZ5,Catholocism/Ante-Nicene Fathers – VOL I – IX,Ante-Nicene-Fathers-VOL-4.pdf,9294566,UNIQUE_CANDIDATE,,OPEN,,,NO_EXACT_NAME_SIZE_PEER
drive:file:1kTRb0QEgg_rlZoQ7cPshIPDs9AKlfYQD,1kTRb0QEgg_rlZoQ7cPshIPDs9AKlfYQD,Catholocism/Ante-Nicene Fathers – VOL I – IX,Ante-Nicene-Fathers-VOL-3.pdf,8045199,UNIQUE_CANDIDATE,,OPEN,,,NO_EXACT_NAME_SIZE_PEER
drive:file:16UGhZVPdrUu0_qsHde3UoygRAebtF8Fb,16UGhZVPdrUu0_qsHde3UoygRAebtF8Fb,Catholocism/Ante-Nicene Fathers – VOL I – IX,Ante-Nicene-Fathers-VOl-2.pdf,5488180,UNIQUE_CANDIDATE,,OPEN,,,NO_EXACT_NAME_SIZE_PEER
drive:file:160KGcCBwoWS9p-npLM37skK3jJJHW2Gb,160KGcCBwoWS9p-npLM37skK3jJJHW2Gb,Catholocism/Ante-Nicene Fathers – VOL I – IX,Ante-Nicene-Fathers-Vol-1.pdf,6285397,UNIQUE_CANDIDATE,,OPEN,,,NO_EXACT_NAME_SIZE_PEER
drive:file:1QIUu9sJFqIZyeXbcZNOspC--O5K-7FOX,1QIUu9sJFqIZyeXbcZNOspC--O5K-7FOX,Catholocism/Nicene and post-Nicene fathers of the Christian church,VOL-10-Nicene-and-post-Nicene-fathers-of-the-Christian-church.pdf,48178098,UNIQUE_CANDIDATE,,OPEN,,,NO_EXACT_NAME_SIZE_PEER
drive:file:1yxU10TTYsPtoMHGBcUcTJYyeMhuY0B2X,1yxU10TTYsPtoMHGBcUcTJYyeMhuY0B2X,Catholocism/Nicene and post-Nicene fathers of the Christian church,VOL-4-Nicene-and-post-Nicene-fathers-of-the-Christian-church.pdf,56874481,UNIQUE_CANDIDATE,,OPEN,,,NO_EXACT_NAME_SIZE_PEER
drive:file:129yhTpi8PRSu90Hfp8s2COmGACMk-JPU,129yhTpi8PRSu90Hfp8s2COmGACMk-JPU,Catholocism/Nicene and post-Nicene fathers of the Christian church,VOL-8-Nicene-and-post-Nicene-fathers-of-the-Christian-church.pdf,45157202,UNIQUE_CANDIDATE,,OPEN,,,NO_EXACT_NAME_SIZE_PEER
drive:file:1kDiViIWwX0bR9BpZM2rsK3sziDxGeuIi,1kDiViIWwX0bR9BpZM2rsK3sziDxGeuIi,Catholocism/Nicene and post-Nicene fathers of the Christian church,VOL-9-Nicene-and-post-Nicene-fathers-of-the-Christian-church.pdf,42628554,UNIQUE_CANDIDATE,,OPEN,,,NO_EXACT_NAME_SIZE_PEER
drive:file:1PUSx4oAjfydTbh9XkKpF6DDzeHT5vHBA,1PUSx4oAjfydTbh9XkKpF6DDzeHT5vHBA,Catholocism/Nicene and post-Nicene fathers of the Christian church,VOL-5-Nicene-and-post-Nicene-fathers-of-the-Christian-church.pdf,51810390,UNIQUE_CANDIDATE,,OPEN,,,NO_EXACT_NAME_SIZE_PEER
drive:file:1xnW932cqUwcNjlxN7uJKv8yfrtwo1Pib,1xnW932cqUwcNjlxN7uJKv8yfrtwo1Pib,Catholocism/Nicene and post-Nicene fathers of the Christian church,VOL-6-Nicene-and-post-Nicene-fathers-of-the-Christian-church.pdf,46390435,UNIQUE_CANDIDATE,,OPEN,,,NO_EXACT_NAME_SIZE_PEER
drive:file:1QgPgsSfMfIHyVQuR6u-gsFFzioEM-COR,1QgPgsSfMfIHyVQuR6u-gsFFzioEM-COR,Catholocism/Nicene and post-Nicene fathers of the Christian church,VOL-1-Nicene-and-post-Nicene-fathers-of-the-Christian-church.pdf,55407939,UNIQUE_CANDIDATE,,OPEN,,,NO_EXACT_NAME_SIZE_PEER
drive:file:10vDxRKlns3JPpYUyzo7_izQV5sE_ejV0,10vDxRKlns3JPpYUyzo7_izQV5sE_ejV0,Catholocism/Nicene and post-Nicene fathers of the Christian church,VOL-3-Nicene-and-post-Nicene-fathers-of-the-Christian-church.pdf,45399024,UNIQUE_CANDIDATE,,OPEN,,,NO_EXACT_NAME_SIZE_PEER
drive:file:1O-721yIw5LdjPzNUGAxkESWp7j_Kg9KT,1O-721yIw5LdjPzNUGAxkESWp7j_Kg9KT,Catholocism/Nicene and post-Nicene fathers of the Christian church,VOL-14-Nicene-and-post-Nicene-fathers-of-the-Christian-church.pdf,36226109,UNIQUE_CANDIDATE,,OPEN,,,NO_EXACT_NAME_SIZE_PEER
drive:file:1WF8xD9XYfi0xd1b39Dz7vfN9LWSmKrH-,1WF8xD9XYfi0xd1b39Dz7vfN9LWSmKrH-,Catholocism/Nicene and post-Nicene fathers of the Christian church,VOL-7-Nicene-and-post-Nicene-fathers-of-the-Christian-church.pdf,53007100,UNIQUE_CANDIDATE,,OPEN,,,NO_EXACT_NAME_SIZE_PEER
drive:file:152-RTWJPhxl26LdRKD0K-vviSLS23ihF,152-RTWJPhxl26LdRKD0K-vviSLS23ihF,Catholocism/Nicene and post-Nicene fathers of the Christian church,VOL-11-Nicene-and-post-Nicene-fathers-of-the-Christian-church.pdf,56849682,UNIQUE_CANDIDATE,,OPEN,,,NO_EXACT_NAME_SIZE_PEER
drive:file:1Y5belDF-e0BseP9Bl_On29lMxjZ17-FF,1Y5belDF-e0BseP9Bl_On29lMxjZ17-FF,Catholocism/Nicene and post-Nicene fathers of the Christian church,VOL-13-Nicene-and-post-Nicene-fathers-of-the-Christian-church.pdf,37291235,UNIQUE_CANDIDATE,,OPEN,,,NO_EXACT_NAME_SIZE_PEER
drive:file:1UHnYjhOfJ9fgQE14Ez0gyT2D3YjoY3d5,1UHnYjhOfJ9fgQE14Ez0gyT2D3YjoY3d5,Catholocism/Nicene and post-Nicene fathers of the Christian church,VOL-2-Nicene-and-post-Nicene-fathers-of-the-Christian-church.pdf,53352487,UNIQUE_CANDIDATE,,OPEN,,,NO_EXACT_NAME_SIZE_PEER
drive:file:1MpDO22SMpWh1j7nGXPLwwaP342aMxfS8,1MpDO22SMpWh1j7nGXPLwwaP342aMxfS8,Catholocism/Nicene and post-Nicene fathers of the Christian church,VOL-12-Nicene-and-post-Nicene-fathers-of-the-Christian-church.pdf,40886582,UNIQUE_CANDIDATE,,OPEN,,,NO_EXACT_NAME_SIZE_PEER
drive:file:1UwmndN09-QlQ4w_y9gUrX5_dc6sT85Jd,1UwmndN09-QlQ4w_y9gUrX5_dc6sT85Jd,Christianity,Introductory-Concepts-of-Kabbalah.pdf,100879,UNIQUE_CANDIDATE,,OPEN,,,NO_EXACT_NAME_SIZE_PEER
drive:file:1KCoE1DwJQ10VzpPvNxxKuMy4KfTZX6uO,1KCoE1DwJQ10VzpPvNxxKuMy4KfTZX6uO,Christianity,Songs-of-Kabir-by-Tagore.pdf,235697,UNIQUE_CANDIDATE,,OPEN,,,NO_EXACT_NAME_SIZE_PEER
drive:file:1Y8bTA4w2oZvRtQkS8jcnwrekSPCOQTDF,1Y8bTA4w2oZvRtQkS8jcnwrekSPCOQTDF,Christianity,The-Life-and-Times-of-Jesus-the-Messiah.pdf,6656602,UNIQUE_CANDIDATE,,OPEN,,,NO_EXACT_NAME_SIZE_PEER
drive:file:1x8iULh7ZrZEU4kRYNPWSqE7CdeBkv9c-,1x8iULh7ZrZEU4kRYNPWSqE7CdeBkv9c-,Christianity,Provocations.pdf,1485888,UNIQUE_CANDIDATE,,OPEN,,,NO_EXACT_NAME_SIZE_PEER
drive:file:1csKHALM1mbA3ie08udxv2Fq13XAgkX5P,1csKHALM1mbA3ie08udxv2Fq13XAgkX5P,Christianity,Augustins-City-of-God-and-On-Christian-Doctrine.pdf,5816792,REVIEW_REQUIRED,DUP-64F9F9AF0AC1,OPEN,,,EXACT_NAME_SIZE_CANDIDATE_ONLY
drive:file:14g3Cdo0lPPa0i4rs2Etukh435XbkrrLq,14g3Cdo0lPPa0i4rs2Etukh435XbkrrLq,Christianity,Madame-Guyon-Autobiography.pdf,359654,REVIEW_REQUIRED,DUP-381F1F73FCE8,OPEN,,,EXACT_NAME_SIZE_CANDIDATE_ONLY
drive:file:15mHTG3bmeOFU-Jk1H6XJWGWs01SO4RN5,15mHTG3bmeOFU-Jk1H6XJWGWs01SO4RN5,Christianity,Thomas-Aquinas-Nature-and-Grace.pdf,1593698,REVIEW_REQUIRED,DUP-9AB2F9465DE7,OPEN,,,EXACT_NAME_SIZE_CANDIDATE_ONLY
drive:file:1oLbjdrj7iTxrDgGcVtXxrWW8QLhv_2B-,1oLbjdrj7iTxrDgGcVtXxrWW8QLhv_2B-,Christianity,St-Paul-the-Traveler-Roman-Citizen.pdf,1243170,REVIEW_REQUIRED,DUP-05622D665D68,OPEN,,,EXACT_NAME_SIZE_CANDIDATE_ONLY
drive:file:1ZS2SumNlTcFwG1OfyXZxTuHflEq8GaJ9,1ZS2SumNlTcFwG1OfyXZxTuHflEq8GaJ9,Christianity,Martin-Luther-Table-Talk.pdf,679511,UNIQUE_CANDIDATE,,OPEN,,,NO_EXACT_NAME_SIZE_PEER
drive:file:11Ck4T4kz0fDVQqv44aXF2Mz3vQClh9Vs,11Ck4T4kz0fDVQqv44aXF2Mz3vQClh9Vs,Christianity,The-Holy-War-by-John-Bunyan.pdf,406070,UNIQUE_CANDIDATE,,OPEN,,,NO_EXACT_NAME_SIZE_PEER
drive:file:1it86XqfBTATL8OpgACL3nPlAGvJup8ia,1it86XqfBTATL8OpgACL3nPlAGvJup8ia,Christianity,Church-History-Life-of-Constantine-Oration-in-Praise-of-Constantine-by-Eusebius-Pamphilius.pdf,5924478,REVIEW_REQUIRED,DUP-BB9C732BF779,OPEN,,,EXACT_NAME_SIZE_CANDIDATE_ONLY
drive:file:1dfPe7Lxd5IMT_5UGupwFSatYQtJ1FYI-,1dfPe7Lxd5IMT_5UGupwFSatYQtJ1FYI-,Christianity,Dark-Night-of-the-Soul-Saint-John.pdf,261717,UNIQUE_CANDIDATE,,OPEN,,,NO_EXACT_NAME_SIZE_PEER
drive:file:11-2XYHwITzWXIFp9VQwBYKiKw6xQshUo,11-2XYHwITzWXIFp9VQwBYKiKw6xQshUo,Christianity,Evelyn-Underhill-Practical-Mysticism.pdf,448840,UNIQUE_CANDIDATE,,OPEN,,,NO_EXACT_NAME_SIZE_PEER
drive:file:1kzHSLtDBCpG8JMbPERCILCdMvQBWI45I,1kzHSLtDBCpG8JMbPERCILCdMvQBWI45I,Christianity,Lessons-in-Religion-for-a-Skeptical-World.pdf,531937,UNIQUE_CANDIDATE,,OPEN,,,NO_EXACT_NAME_SIZE_PEER
drive:file:1tL4RYadIpAtOS9kqRebR2b-Pv5q8DCkl,1tL4RYadIpAtOS9kqRebR2b-Pv5q8DCkl,Christianity,The-Da-Vinci-Myth-Vs-The-Gospel-Truth.pdf,1760791,UNIQUE_CANDIDATE,,OPEN,,,NO_EXACT_NAME_SIZE_PEER
drive:file:1DFTsdF4hiV_oz_5Lb9A-TVkF2CgpGzNR,1DFTsdF4hiV_oz_5Lb9A-TVkF2CgpGzNR,Christianity,The-Doctrine-of-the-Subtle-Body-by-GRS-Mead.pdf,6849685,UNIQUE_CANDIDATE,,OPEN,,,NO_EXACT_NAME_SIZE_PEER
drive:file:19BhBb5Gz7fUKJFbLoYQPkQZ8gMr1tnem,19BhBb5Gz7fUKJFbLoYQPkQZ8gMr1tnem,Christianity,Christ-Legends-by-Selma-Lagerlöf.pdf,10220298,UNIQUE_CANDIDATE,,OPEN,,,NO_EXACT_NAME_SIZE_PEER
drive:file:1EkxRS_SEm8X_CTyWKx1IlBbCusomTDMU,1EkxRS_SEm8X_CTyWKx1IlBbCusomTDMU,Christianity,The-Miracles-of-Antichrist.pdf,7159574,UNIQUE_CANDIDATE,,OPEN,,,NO_EXACT_NAME_SIZE_PEER
drive:file:1eUEbFGYLqKITMjHI9ND5GPzGXeNeoZFQ,1eUEbFGYLqKITMjHI9ND5GPzGXeNeoZFQ,Christianity,A-Course-in-Miracles.pdf,5673657,UNIQUE_CANDIDATE,,OPEN,,,NO_EXACT_NAME_SIZE_PEER
drive:file:1jFzGS76eqBsJwcCrBvuiRXyRAc6P2hcU,1jFzGS76eqBsJwcCrBvuiRXyRAc6P2hcU,Christianity,The-Secret-Flower-and-Other-Stories.pdf,516342,UNIQUE_CANDIDATE,,OPEN,,,NO_EXACT_NAME_SIZE_PEER
drive:file:1QIh458apsGhh2uiS1GtOfX72CPTJlrPf,1QIh458apsGhh2uiS1GtOfX72CPTJlrPf,Christianity,The-Haran-Gawaita-and-the-Baptism-of-Hibil-Ziwa.pdf,5635676,REVIEW_REQUIRED,DUP-11A58CA359B0,OPEN,,,EXACT_NAME_SIZE_CANDIDATE_ONLY
drive:file:1inaV8uCTBdfZuKTaZAWIqLs2EigWW6Mo,1inaV8uCTBdfZuKTaZAWIqLs2EigWW6Mo,Christianity,Philokalia.pdf,5777755,UNIQUE_CANDIDATE,,OPEN,,,NO_EXACT_NAME_SIZE_PEER
drive:file:1i6QRuoc2Rv07O-BPceQarrIZ9jszbTwE,1i6QRuoc2Rv07O-BPceQarrIZ9jszbTwE,Christianity,The-New-Being-by-Paul-Tillich.pdf,417223,UNIQUE_CANDIDATE,,OPEN,,,NO_EXACT_NAME_SIZE_PEER
drive:file:1BlY9F_zX0ajZY11CUJYiK9DOt1OLW-49,1BlY9F_zX0ajZY11CUJYiK9DOt1OLW-49,Christianity,The-Creation-of-God.pdf,2774854,UNIQUE_CANDIDATE,,OPEN,,,NO_EXACT_NAME_SIZE_PEER
drive:file:1cl6TgxLu0WYRiJ6vBnDS-AWUZ06VZ3SZ,1cl6TgxLu0WYRiJ6vBnDS-AWUZ06VZ3SZ,"Christianity/The Apostolic Fathers – Fathers of the first, second, third and fourth century",Fathers-of-the-Third-and-Fourth-Centuries-Vol-III.pdf,7541162,UNIQUE_CANDIDATE,,OPEN,,,NO_EXACT_NAME_SIZE_PEER
drive:file:18ZCsIPJc_s79EepGwdPTXgSZcGH-2IsL,18ZCsIPJc_s79EepGwdPTXgSZcGH-2IsL,"Christianity/The Apostolic Fathers – Fathers of the first, second, third and fourth century",Fathers-of-the-Second-Century-Vol-II.pdf,5446718,UNIQUE_CANDIDATE,,OPEN,,,NO_EXACT_NAME_SIZE_PEER
drive:file:1cmCpzMYzS_zPB7sU7fGwo5YwKoWrR8NW,1cmCpzMYzS_zPB7sU7fGwo5YwKoWrR8NW,"Christianity/The Apostolic Fathers – Fathers of the first, second, third and fourth century",Fathers-of-the-First-Century-The-Apostolic-Fathers-Vol-I.pdf,6196432,UNIQUE_CANDIDATE,,OPEN,,,NO_EXACT_NAME_SIZE_PEER
drive:file:1N7A34sH2rkDAkbkm1--fTJ9MZuyESgG7,1N7A34sH2rkDAkbkm1--fTJ9MZuyESgG7,Christianity/Fathers of the Desert VOL I+II,Fathers-of-the-Desert-VOL-II.pdf,20356800,UNIQUE_CANDIDATE,,OPEN,,,NO_EXACT_NAME_SIZE_PEER
drive:file:1ndOGU5dt1kWvrxfjP0Q-0MOR1JNHuWOJ,1ndOGU5dt1kWvrxfjP0Q-0MOR1JNHuWOJ,Christianity/Fathers of the Desert VOL I+II,Fathers-of-the-Desert-VOL-I.pdf,18185305,UNIQUE_CANDIDATE,,OPEN,,,NO_EXACT_NAME_SIZE_PEER
drive:file:1XTf22Qdb3o9zWLVFoU0g4ECxLvHPpzNd,1XTf22Qdb3o9zWLVFoU0g4ECxLvHPpzNd,Christianity/Aquinas Ethicus Volumes I & II,Aquinas-Ethicus-Volume-II.pdf,19273086,UNIQUE_CANDIDATE,,OPEN,,,NO_EXACT_NAME_SIZE_PEER
drive:file:1bXpVSYrbswi4tJmgsR5YSW6R5hqhqmPZ,1bXpVSYrbswi4tJmgsR5YSW6R5hqhqmPZ,Christianity/Aquinas Ethicus Volumes I & II,Aquinas-Ethicus-Volume-I.pdf,3528494,UNIQUE_CANDIDATE,,OPEN,,,NO_EXACT_NAME_SIZE_PEER
drive:file:1Ny4koC2eMdxTRsLU3rUyM1nuFTnEb4nO,1Ny4koC2eMdxTRsLU3rUyM1nuFTnEb4nO,Shamanism,Hine_modern_shamanism1.pdf,193189,UNIQUE_CANDIDATE,,OPEN,,,NO_EXACT_NAME_SIZE_PEER
drive:file:1Iy-q-Izn_KAockEnES0e7F6VvpKxI6jt,1Iy-q-Izn_KAockEnES0e7F6VvpKxI6jt,Shamanism,Hine_modern_shamanism2.pdf,97450,UNIQUE_CANDIDATE,,OPEN,,,NO_EXACT_NAME_SIZE_PEER
drive:file:13rmSMWi7bmkJhZWvpEnMlTBcl2LodM8o,13rmSMWi7bmkJhZWvpEnMlTBcl2LodM8o,Shamanism,Hine_modern_shamanism3.pdf,341266,UNIQUE_CANDIDATE,,OPEN,,,NO_EXACT_NAME_SIZE_PEER
drive:file:1_5406lkD_yKDd2pKGHjMmfIuEzkYHTnd,1_5406lkD_yKDd2pKGHjMmfIuEzkYHTnd,Shamanism,Psychedelic-information-theory-Shamanism-in-the-age-of-Reason.pdf,6202650,REVIEW_REQUIRED,DUP-CAE55458D32D,OPEN,,,EXACT_NAME_SIZE_CANDIDATE_ONLY
drive:file:1GB9Mlr-33oIwbY-voMXgFmIYOckZT9Z4,1GB9Mlr-33oIwbY-voMXgFmIYOckZT9Z4,Shamanism,Timothy-Leary-Psychedelic-Prayers.pdf,325509,REVIEW_REQUIRED,DUP-7F64DA783E5B,OPEN,,,EXACT_NAME_SIZE_CANDIDATE_ONLY
drive:file:1uBNge_oPhew-kJurL2_90eTOGk8CwCtN,1uBNge_oPhew-kJurL2_90eTOGk8CwCtN,Shamanism,The-Doors-Of-Perception-Aldous-Huxley.pdf,317934,REVIEW_REQUIRED,DUP-D2D92D03655A,OPEN,,,EXACT_NAME_SIZE_CANDIDATE_ONLY
drive:file:1A-dt5gX8Z2oB37O19hqPb4D8Wsgto6Kh,1A-dt5gX8Z2oB37O19hqPb4D8Wsgto6Kh,Shamanism,Pharmako-Poeia-The-Salvia-Divinorum-chapter-by-Dale-Pendell.pdf,143409,UNIQUE_CANDIDATE,,OPEN,,,NO_EXACT_NAME_SIZE_PEER
drive:file:1LiEp_BHm94Z2pMrXpIJ9PMnmzGCSidXc,1LiEp_BHm94Z2pMrXpIJ9PMnmzGCSidXc,Shamanism,psychedelic_shamanism.pdf,3797464,REVIEW_REQUIRED,DUP-48DCF71E4DE9,OPEN,,,EXACT_NAME_SIZE_CANDIDATE_ONLY
drive:file:1IGJXkXl8HEAuFUjwU9ln6DTe0pHLJNEJ,1IGJXkXl8HEAuFUjwU9ln6DTe0pHLJNEJ,Shamanism,joyous_cosmology.pdf,649720,REVIEW_REQUIRED,DUP-AA655945A93B,OPEN,,,EXACT_NAME_SIZE_CANDIDATE_ONLY
drive:file:17CjqWZZiDkgaUQZ97KmPCrHkBqlVFAS7,17CjqWZZiDkgaUQZ97KmPCrHkBqlVFAS7,Shamanism,The-Secret-Science-Behind-Miracles.pdf,1173887,UNIQUE_CANDIDATE,,OPEN,,,NO_EXACT_NAME_SIZE_PEER
drive:file:1OpY2kB3g7ANNLfgWfFD22Qo9Yq2DPqWl,1OpY2kB3g7ANNLfgWfFD22Qo9Yq2DPqWl,Shamanism,Food-Of-The-Gods-Terence-Mckenna.pdf,3446277,REVIEW_REQUIRED,DUP-6B2934922052,OPEN,,,EXACT_NAME_SIZE_CANDIDATE_ONLY
drive:file:1SMQ-tCYblC2goG6DhBfQmoaRXjVwltSQ,1SMQ-tCYblC2goG6DhBfQmoaRXjVwltSQ,Shamanism,Hallucinogenic-Plants-A-Golden-Guide.pdf,9407560,REVIEW_REQUIRED,DUP-A305925B802C,OPEN,,,EXACT_NAME_SIZE_CANDIDATE_ONLY
drive:file:1UAjP_D47OBadoNSWxPvFP4scI_NfIZCl,1UAjP_D47OBadoNSWxPvFP4scI_NfIZCl,Shamanism,The-Hasheesh-Eater.pdf,13559523,UNIQUE_CANDIDATE,,OPEN,,,NO_EXACT_NAME_SIZE_PEER
drive:file:1rZsYbUGuWumZkha2btf2ijtE3Ie-TSny,1rZsYbUGuWumZkha2btf2ijtE3Ie-TSny,Shamanism,Magic-Mushrooms-around-the-world.pdf,7679382,REVIEW_REQUIRED,DUP-64C3CB7490A9,OPEN,,,EXACT_NAME_SIZE_CANDIDATE_ONLY
drive:file:1rJ4DhzW8eoGmrZ207v3xj9US1xRh6w4h,1rJ4DhzW8eoGmrZ207v3xj9US1xRh6w4h,Shamanism/Techniques of modern shamanism,Techniques-of-Modern-Shamanism-vol-3-Walking-Between-The-Worlds.pdf,341266,REVIEW_REQUIRED,DUP-8A80D46FB256,OPEN,,,EXACT_NAME_SIZE_CANDIDATE_ONLY
drive:file:1P_qgwlnZ_LA2-Zcig3xTMaL67tkN1YZN,1P_qgwlnZ_LA2-Zcig3xTMaL67tkN1YZN,Shamanism/Techniques of modern shamanism,Techniques-of-Modern-Shamanism-vol-2-Walking-Between-The-Worlds.pdf,97449,REVIEW_REQUIRED,DUP-3B099FC78D6B,OPEN,,,EXACT_NAME_SIZE_CANDIDATE_ONLY
drive:file:1vDAA6OjFTla2D-8908Tj31ijYp5HnMMI,1vDAA6OjFTla2D-8908Tj31ijYp5HnMMI,Shamanism/Techniques of modern shamanism,Techniques-of-Modern-Shamanism-vol-1-Walking-Between-The-Worlds.pdf,130384,REVIEW_REQUIRED,DUP-B1D60EEDA865,OPEN,,,EXACT_NAME_SIZE_CANDIDATE_ONLY
drive:file:1U0zz3VTOP7f3BzipOFE49DRoO7MUAMUY,1U0zz3VTOP7f3BzipOFE49DRoO7MUAMUY,Taoism,Timothy-Leary-Psychedelic-Prayers.pdf,325509,REVIEW_REQUIRED,DUP-7F64DA783E5B,OPEN,,,EXACT_NAME_SIZE_CANDIDATE_ONLY
drive:file:11U2WYMgqphQt0-T1Y5qO2dsNnlVG3Uqf,11U2WYMgqphQt0-T1Y5qO2dsNnlVG3Uqf,Taoism,Foundations-of-Taoist-Practice.pdf,54410,UNIQUE_CANDIDATE,,OPEN,,,NO_EXACT_NAME_SIZE_PEER
drive:file:1klpGl9gdJN06pCMQ7Ee18isGCOJiqUtv,1klpGl9gdJN06pCMQ7Ee18isGCOJiqUtv,Taoism,Lao-tse-The-Tao-Teh-King.pdf,679220,REVIEW_REQUIRED,DUP-A7FA2AA85304,OPEN,,,EXACT_NAME_SIZE_CANDIDATE_ONLY
drive:file:1XV554SqL3y_nj_tM5eftDGQmL-CJQD98,1XV554SqL3y_nj_tM5eftDGQmL-CJQD98,Ancient Religions,The-Bhagavad-Gita-Translation-by-Shri-Purohit-Swami.pdf,578823,UNIQUE_CANDIDATE,,OPEN,,,NO_EXACT_NAME_SIZE_PEER
drive:file:1FbWfGeYblF9pcZWXCqGhAXexiDj_KBoJ,1FbWfGeYblF9pcZWXCqGhAXexiDj_KBoJ,Ancient Religions,Avadhoota-Gita.pdf,201154,UNIQUE_CANDIDATE,,OPEN,,,NO_EXACT_NAME_SIZE_PEER
drive:file:1az66u-T0plbo8EI6Nz3ZQBipsJrFuMYl,1az66u-T0plbo8EI6Nz3ZQBipsJrFuMYl,Ancient Religions,Egyptian-Book-of-the-Dead.pdf,1084013,UNIQUE_CANDIDATE,,OPEN,,,NO_EXACT_NAME_SIZE_PEER
drive:file:1g6gLwDPXmg3m0_POOrn1ZDIaRaxCvMdr,1g6gLwDPXmg3m0_POOrn1ZDIaRaxCvMdr,Ancient Religions,Augustins-City-of-God-and-On-Christian-Doctrine.pdf,5816792,REVIEW_REQUIRED,DUP-64F9F9AF0AC1,OPEN,,,EXACT_NAME_SIZE_CANDIDATE_ONLY
drive:file:1vRK5BWjzt72wnhZS042JCVjEB31jjsxr,1vRK5BWjzt72wnhZS042JCVjEB31jjsxr,Ancient Religions,Popol-Vuh-Sacred-Book-of-the-Quiche-Maya-People-by-Allen-J-Christenson.pdf,1046643,UNIQUE_CANDIDATE,,OPEN,,,NO_EXACT_NAME_SIZE_PEER
drive:file:1qdms1LTDLcjsvKNssLLVvQpqyDHVfWh6,1qdms1LTDLcjsvKNssLLVvQpqyDHVfWh6,Ancient Religions,CLF-TheEnneagram-Gurdjieff.pdf,106179,REVIEW_REQUIRED,DUP-A8751A8977F4,OPEN,,,EXACT_NAME_SIZE_CANDIDATE_ONLY
drive:file:1p8jmTzuDwthr3vLVLmBap7eMYqzxZ5cJ,1p8jmTzuDwthr3vLVLmBap7eMYqzxZ5cJ,Ancient Religions,Legends-of-the-Gods.pdf,670360,UNIQUE_CANDIDATE,,OPEN,,,NO_EXACT_NAME_SIZE_PEER
drive:file:1Txamcom4H41c2zSY2vNZT2u7qI775mum,1Txamcom4H41c2zSY2vNZT2u7qI775mum,Ancient Religions,A-Collection-Of-Studies-On-The-Tibetan-Bon-Tradition.pdf,812083,REVIEW_REQUIRED,DUP-5F2DA1FE6F46,OPEN,,,EXACT_NAME_SIZE_CANDIDATE_ONLY
drive:file:1b9T2a46GZPOveKhfCJgCKXkTsDsBPCzY,1b9T2a46GZPOveKhfCJgCKXkTsDsBPCzY,Ancient Religions,The-Mysteries-of-the-Seed.pdf,843543,UNIQUE_CANDIDATE,,OPEN,,,NO_EXACT_NAME_SIZE_PEER
drive:file:1wXJfjzqP2GeZ7P2q8VzIZCh1dWO7rJQG,1wXJfjzqP2GeZ7P2q8VzIZCh1dWO7rJQG,Ancient Religions,The-book-of-Enoch.pdf,1906516,UNIQUE_CANDIDATE,,OPEN,,,NO_EXACT_NAME_SIZE_PEER
drive:file:16T45aUMcDmmmeXQ8Fpnw727zRsQ_5h6m,16T45aUMcDmmmeXQ8Fpnw727zRsQ_5h6m,Ancient Religions,The-Complete-Pythagoras.pdf,942461,REVIEW_REQUIRED,DUP-BCC255AA69B8,OPEN,,,EXACT_NAME_SIZE_CANDIDATE_ONLY
drive:file:1Fe5rYj21R9YWZ2r0AMAt9OllyvKFVwxG,1Fe5rYj21R9YWZ2r0AMAt9OllyvKFVwxG,Ancient Religions,Secret-of-the-Golden-Flower.pdf,386367,REVIEW_REQUIRED,DUP-7287D8AD145D,OPEN,,,EXACT_NAME_SIZE_CANDIDATE_ONLY
drive:file:1ai1Nh6hfRtHeWhEWlxOwu4Q9rm9xbEbG,1ai1Nh6hfRtHeWhEWlxOwu4Q9rm9xbEbG,Ancient Religions,Queen_of_Sheba.pdf,841165,REVIEW_REQUIRED,DUP-FB3C16FCC18B,OPEN,,,EXACT_NAME_SIZE_CANDIDATE_ONLY
drive:file:1hQn5gS9ZwbP-wt5LVE2KHQ7n6--BlPKW,1hQn5gS9ZwbP-wt5LVE2KHQ7n6--BlPKW,Ancient Religions,The-Book-of-Gates.pdf,216237,UNIQUE_CANDIDATE,,OPEN,,,NO_EXACT_NAME_SIZE_PEER
drive:file:1_YlbuqggX3vEILDc5zP7Zk-E9TSwe-Ic,1_YlbuqggX3vEILDc5zP7Zk-E9TSwe-Ic,Ancient Religions,The-Zend-Avesta.pdf,38018430,UNIQUE_CANDIDATE,,OPEN,,,NO_EXACT_NAME_SIZE_PEER
drive:file:1ukoNgK3wVXdNc0kXeD7taj12zF913-uk,1ukoNgK3wVXdNc0kXeD7taj12zF913-uk,Ancient Religions,BrahadaranyakaUpanishad-Madhavaananda.pdf,56687224,REVIEW_REQUIRED,DUP-53BBFC7A1EBE,OPEN,,,EXACT_NAME_SIZE_CANDIDATE_ONLY
drive:file:1zuerddXb4jTuHs-bZS5uUiJfvxuPXnFK,1zuerddXb4jTuHs-bZS5uUiJfvxuPXnFK,Ancient Religions,Voynich-Manuscript.pdf,56746185,REVIEW_REQUIRED,DUP-3907E4F0FFEC,OPEN,,,EXACT_NAME_SIZE_CANDIDATE_ONLY
drive:file:1mDCFTwyh3dv7eDQopqfuD8bhkGGo1WQw,1mDCFTwyh3dv7eDQopqfuD8bhkGGo1WQw,Ancient Religions,CodexSeraphinianus.pdf,22231220,REVIEW_REQUIRED,DUP-FEA0728E3375,OPEN,,,EXACT_NAME_SIZE_CANDIDATE_ONLY
drive:file:1g7FWTDOxR_21OrET6fZ8mcOY4Wkc8lu8,1g7FWTDOxR_21OrET6fZ8mcOY4Wkc8lu8,Ancient Religions,Cantares-Mexicanos-Songs-of-the-Aztecs.pdf,6367831,UNIQUE_CANDIDATE,,OPEN,,,NO_EXACT_NAME_SIZE_PEER
drive:file:1KdrSPWnqKr8hOXdsTzS9kdXFfBXW0s4p,1KdrSPWnqKr8hOXdsTzS9kdXFfBXW0s4p,Ancient Religions,Book-of-Chilam-Balam-the-of-Chumayel.pdf,3178276,UNIQUE_CANDIDATE,,OPEN,,,NO_EXACT_NAME_SIZE_PEER
drive:file:1Z1qvjVVrveX3L9F_zJpsw8qqNM4NU2OG,1Z1qvjVVrveX3L9F_zJpsw8qqNM4NU2OG,Ancient Religions,The-Haran-Gawaita-and-the-Baptism-of-Hibil-Ziwa.pdf,5635676,REVIEW_REQUIRED,DUP-11A58CA359B0,OPEN,,,EXACT_NAME_SIZE_CANDIDATE_ONLY
drive:file:1VW7snRQRRd3OmxGALOJ_oyNy4pbYa0JY,1VW7snRQRRd3OmxGALOJ_oyNy4pbYa0JY,Ancient Religions,The-Secret-Adam-A-Study-of-Nasoraen-Gnosis.pdf,3347171,UNIQUE_CANDIDATE,,OPEN,,,NO_EXACT_NAME_SIZE_PEER
drive:file:1CEtjs6aUIkJPyymVPNA6GQsppVwEi4Nb,1CEtjs6aUIkJPyymVPNA6GQsppVwEi4Nb,Ancient Religions,A-MANUAL-OF-KHSHNOOM.pdf,7653662,UNIQUE_CANDIDATE,,OPEN,,,NO_EXACT_NAME_SIZE_PEER
drive:file:1mvxFHUFuqx7TeL6xb_ninQuwk0s7zO2h,1mvxFHUFuqx7TeL6xb_ninQuwk0s7zO2h,Ancient Religions,Vedantakalpalatika-Madhusudan-Saraswati.pdf,19768465,UNIQUE_CANDIDATE,,OPEN,,,NO_EXACT_NAME_SIZE_PEER
drive:file:1VljTyDHt68-2nUauU4-fleC9bQc7uYkZ,1VljTyDHt68-2nUauU4-fleC9bQc7uYkZ,Ancient Religions,Codex-Borbonicus-or-Codex-Cihuacoat.pdf,4517910,UNIQUE_CANDIDATE,,OPEN,,,NO_EXACT_NAME_SIZE_PEER
drive:file:1hWxLkL4iED_fB9JBLtujQzxV6D3guExw,1hWxLkL4iED_fB9JBLtujQzxV6D3guExw,Ancient Religions,The-Yajur-Veda-Taittiriya-Sanhita-Taittiriya-Sanhita.pdf,1075587,REVIEW_REQUIRED,DUP-C941AFDD611F,OPEN,,,EXACT_NAME_SIZE_CANDIDATE_ONLY
drive:file:1-ArwnOD0jtr7rf_MgkR10bnUHjU194Wx,1-ArwnOD0jtr7rf_MgkR10bnUHjU194Wx,Ancient Religions,MahabharataOfVyasa-EnglishTranslationByKMGanguli.pdf,22892697,REVIEW_REQUIRED,DUP-02F27997B07F,OPEN,,,EXACT_NAME_SIZE_CANDIDATE_ONLY
drive:file:1siduu08M4zDgkRyDUE745yjCw0PHqL8c,1siduu08M4zDgkRyDUE745yjCw0PHqL8c,Ancient Religions,The-Origin-of-Western-Mysticism.pdf,1259331,UNIQUE_CANDIDATE,,OPEN,,,NO_EXACT_NAME_SIZE_PEER
drive:file:16WcmyIFDpL29GiR1op-FVIwtFiZaCrRL,16WcmyIFDpL29GiR1op-FVIwtFiZaCrRL,Ancient Religions,History-of-Mysticism.pdf,4346288,REVIEW_REQUIRED,DUP-C2D37615A2BA,OPEN,,,EXACT_NAME_SIZE_CANDIDATE_ONLY
drive:file:1bR0hheENeBwEmPQwThXttH7NyZKdCw0Q,1bR0hheENeBwEmPQwThXttH7NyZKdCw0Q,Ancient Religions,The-Complete-Aristotle.pdf,20091304,UNIQUE_CANDIDATE,,OPEN,,,NO_EXACT_NAME_SIZE_PEER
drive:file:1lKHpiUZekb0-_P-WRyxMIxuqTYJiDMgt,1lKHpiUZekb0-_P-WRyxMIxuqTYJiDMgt,Ancient Religions,The-Bhagavata-Purana.pdf,1362729,UNIQUE_CANDIDATE,,OPEN,,,NO_EXACT_NAME_SIZE_PEER
drive:file:1R78P9AVtN51uJQHkHfu2j0CQzFByhmuo,1R78P9AVtN51uJQHkHfu2j0CQzFByhmuo,Ancient Religions,Stories-of-Norse-Gods-And-Heroes.pdf,23185318,UNIQUE_CANDIDATE,,OPEN,,,NO_EXACT_NAME_SIZE_PEER
drive:file:1P1ZYzhxFbv-KDe0J5wMIeANQdIupAS79,1P1ZYzhxFbv-KDe0J5wMIeANQdIupAS79,Ancient Religions,Bhagvad-Gita-Treatise-of-self-help.pdf,1145354,UNIQUE_CANDIDATE,,OPEN,,,NO_EXACT_NAME_SIZE_PEER
drive:file:15AQZzf-kodLJ309NayVzX8cKth7Rukak,15AQZzf-kodLJ309NayVzX8cKth7Rukak,Ancient Religions,Consciousness-Studies.pdf,15772174,REVIEW_REQUIRED,DUP-DFCE762CB6F4,OPEN,,,EXACT_NAME_SIZE_CANDIDATE_ONLY
drive:file:1EkXvb8ep5GcSc8Ob0swn89lI-_kku76A,1EkXvb8ep5GcSc8Ob0swn89lI-_kku76A,Ancient Religions,Book-of-Jasher.pdf,2919256,UNIQUE_CANDIDATE,,OPEN,,,NO_EXACT_NAME_SIZE_PEER
drive:file:1fSbsK97eAKHLC8OzSlNeTIRfImCvyUoJ,1fSbsK97eAKHLC8OzSlNeTIRfImCvyUoJ,Ancient Religions,Mysteries-of-Mind.pdf,9931721,UNIQUE_CANDIDATE,,OPEN,,,NO_EXACT_NAME_SIZE_PEER
drive:file:1y3cyhiKOM3UVQQUotDGUnBKlM7b54tA1,1y3cyhiKOM3UVQQUotDGUnBKlM7b54tA1,Ancient Religions,The-Gurdjieff-Movements.pdf,65532,UNIQUE_CANDIDATE,,OPEN,,,NO_EXACT_NAME_SIZE_PEER
drive:file:1Ohd9T5LlJUMZ9RMWwr3MoIXNOaI6_0-A,1Ohd9T5LlJUMZ9RMWwr3MoIXNOaI6_0-A,Ancient Religions,Mahabharata-Epic-of-the-Bharatas-PDF.pdf,2900820,UNIQUE_CANDIDATE,,OPEN,,,NO_EXACT_NAME_SIZE_PEER
drive:file:1-QWucVsn61zOWObZwa9rP477rq4VfY04,1-QWucVsn61zOWObZwa9rP477rq4VfY04,Ancient Religions,Gods-of-the-North.pdf,12872685,UNIQUE_CANDIDATE,,OPEN,,,NO_EXACT_NAME_SIZE_PEER
drive:file:1TPnb6FAujeomUu2bAq5HS7UpiADs9JQs,1TPnb6FAujeomUu2bAq5HS7UpiADs9JQs,Ancient Religions,Wallis-Budge-E-A-The-Babylonian-Legends-of-the-Creation-1921.pdf,7685139,UNIQUE_CANDIDATE,,OPEN,,,NO_EXACT_NAME_SIZE_PEER
drive:file:18RpEHbT9omV2nCeFa4BTaf0TAImvSuhz,18RpEHbT9omV2nCeFa4BTaf0TAImvSuhz,Ancient Religions,Khordeh-Avesta.pdf,3288336,UNIQUE_CANDIDATE,,OPEN,,,NO_EXACT_NAME_SIZE_PEER
drive:file:1F0_ao7tWJ1dPZAz9O5ki9kZKlU9IoITm,1F0_ao7tWJ1dPZAz9O5ki9kZKlU9IoITm,Ancient Religions,Oriental-Philosophies.pdf,19923260,UNIQUE_CANDIDATE,,OPEN,,,NO_EXACT_NAME_SIZE_PEER
drive:file:1uqaQrwpuIPPKZwxK6MAOapYpWYRjB81z,1uqaQrwpuIPPKZwxK6MAOapYpWYRjB81z,Ancient Religions,A-History-of-Cynicism.pdf,11600130,UNIQUE_CANDIDATE,,OPEN,,,NO_EXACT_NAME_SIZE_PEER
drive:file:1S_XwHL8g-K1Yks8JSbyybv5M5-WHFUie,1S_XwHL8g-K1Yks8JSbyybv5M5-WHFUie,Ancient Religions,[Tokubrasil] Crest Of The Wolf & Midare Karakuri MUSIC FILE.pdf,11600130,UNIQUE_CANDIDATE,,OPEN,,,NO_EXACT_NAME_SIZE_PEER
drive:file:1-nvCjbHPsjsRHz4-ui-YoTT_Ypz_rtJw,1-nvCjbHPsjsRHz4-ui-YoTT_Ypz_rtJw,Ancient Religions,Nagualism1.pdf,930253,UNIQUE_CANDIDATE,,OPEN,,,NO_EXACT_NAME_SIZE_PEER
drive:file:10M38GtE8Dq3RUYsnvJqhsa-f0R6UL-Z7,10M38GtE8Dq3RUYsnvJqhsa-f0R6UL-Z7,Ancient Religions,The Epic of Gilgamesh.pdf,462862,UNIQUE_CANDIDATE,,OPEN,,,NO_EXACT_NAME_SIZE_PEER
drive:file:18SmPSJ8yfjRtonEYBOaVXhSxcTscSiKD,18SmPSJ8yfjRtonEYBOaVXhSxcTscSiKD,Ancient Religions/Sacred Texts,.DS_Store,6148,TECHNICAL_EXCLUSION,DUP-01F2B2A55085,CLOSED,,,DS_STORE
drive:file:1Ju8k4bgMHnia5iotdTeKn1JgyWWzosTc,1Ju8k4bgMHnia5iotdTeKn1JgyWWzosTc,Ancient Religions/Sacred Texts,The_Path_of_Knowledge.pdf,3868544,UNIQUE_CANDIDATE,,OPEN,,,NO_EXACT_NAME_SIZE_PEER
drive:file:12OgumMh4paclaX90fAXnsIjIqyT3NGMx,12OgumMh4paclaX90fAXnsIjIqyT3NGMx,Ancient Religions/Sacred Texts,The_Guide_for_the_Perplexed.pdf,1541924,UNIQUE_CANDIDATE,,OPEN,,,NO_EXACT_NAME_SIZE_PEER
drive:file:1YrT2mqpqK7_Yt6rSoJ9z6uZCiCmgAQvk,1YrT2mqpqK7_Yt6rSoJ9z6uZCiCmgAQvk,Ancient Religions/Sacred Texts,Sepher_Raziel.pdf,181535,UNIQUE_CANDIDATE,,OPEN,,,NO_EXACT_NAME_SIZE_PEER
drive:file:1GObiz6ZdIuHmzKJhoNpBiB--bYk68Zq9,1GObiz6ZdIuHmzKJhoNpBiB--bYk68Zq9,Ancient Religions/Sacred Texts,Queen_of_Sheba.pdf,841165,REVIEW_REQUIRED,DUP-FB3C16FCC18B,OPEN,,,EXACT_NAME_SIZE_CANDIDATE_ONLY
drive:file:14hUVuTnC3-zoPqh2icsm_lJUiP8RN7XH,14hUVuTnC3-zoPqh2icsm_lJUiP8RN7XH,Ancient Religions/Sacred Texts,Legends_of_the_Gods_by_E.A.Wallis_Budge.pdf,670360,UNIQUE_CANDIDATE,,OPEN,,,NO_EXACT_NAME_SIZE_PEER
drive:file:1TM8o03Tro910aTXnYPsG2U2JypERDAbl,1TM8o03Tro910aTXnYPsG2U2JypERDAbl,Ancient Religions/Sacred Texts,heaven_hell.pdf,219072,UNIQUE_CANDIDATE,,OPEN,,,NO_EXACT_NAME_SIZE_PEER
drive:file:10F8JV-D6Spl0Wgc_Hsw1Cjh-o5Ts7wF1,10F8JV-D6Spl0Wgc_Hsw1Cjh-o5Ts7wF1,Ancient Religions/Sacred Texts,book_gates.pdf,216237,UNIQUE_CANDIDATE,,OPEN,,,NO_EXACT_NAME_SIZE_PEER
drive:file:1CF9no4fBY0_F08xX_bVocYRL7TGzrFh9,1CF9no4fBY0_F08xX_bVocYRL7TGzrFh9,Ancient Religions/Sacred Texts,book_am_tuat.pdf,202818,UNIQUE_CANDIDATE,,OPEN,,,NO_EXACT_NAME_SIZE_PEER
drive:file:1QwqTdyy42XOyPGsAR9RbsyokYBqfU2Ab,1QwqTdyy42XOyPGsAR9RbsyokYBqfU2Ab,Ancient Religions/Sacred Texts,BookOfDead.pdf,1191509,UNIQUE_CANDIDATE,,OPEN,,,NO_EXACT_NAME_SIZE_PEER
drive:file:1jWNPqWufJhGrcDBsdYRNTxb8xQgrUn6J,1jWNPqWufJhGrcDBsdYRNTxb8xQgrUn6J,Ancient Religions/Sacred Texts,bahir.pdf,377435,UNIQUE_CANDIDATE,,OPEN,,,NO_EXACT_NAME_SIZE_PEER
drive:file:1odjy-nGn7Es0bksTh6GyvmHatnUR2mu0,1odjy-nGn7Es0bksTh6GyvmHatnUR2mu0,Ancient Religions/Enoch,AllBooksOfEnoch.pdf,525913,UNIQUE_CANDIDATE,,OPEN,,,NO_EXACT_NAME_SIZE_PEER
drive:file:1sUUMTCokNBfyQK5mTOJTUZsBNphp1uBQ,1sUUMTCokNBfyQK5mTOJTUZsBNphp1uBQ,Ancient Religions/Enoch,Enochian Temples.pdf,39530,UNIQUE_CANDIDATE,,OPEN,,,NO_EXACT_NAME_SIZE_PEER
drive:file:1yJr5xmeA9wp4O0vdsc9piYKM6orkW3-F,1yJr5xmeA9wp4O0vdsc9piYKM6orkW3-F,Ancient Religions/Enoch,Enochian Temples - Lower Temple.pdf,13337,UNIQUE_CANDIDATE,,OPEN,,,NO_EXACT_NAME_SIZE_PEER
drive:file:14-7rwjjQfb9HhsYN77fQlx94MsdfMz6U,14-7rwjjQfb9HhsYN77fQlx94MsdfMz6U,Ancient Religions/Enoch,Enochian Magick Reference.pdf,861007,UNIQUE_CANDIDATE,,OPEN,,,NO_EXACT_NAME_SIZE_PEER
drive:file:1R1Zd1pWK2OXlqfB9ZvwniTAMqgz1bvvb,1R1Zd1pWK2OXlqfB9ZvwniTAMqgz1bvvb,Ancient Religions/Enoch,Enochian Hierarchy.pdf,21762,UNIQUE_CANDIDATE,,OPEN,,,NO_EXACT_NAME_SIZE_PEER
drive:file:1GpSpXoR49wX5XZMf-SmKHv7IV8mSIVkV,1GpSpXoR49wX5XZMf-SmKHv7IV8mSIVkV,Ancient Religions/Enoch,Enochian Hexagram Ritual.pdf,23252,UNIQUE_CANDIDATE,,OPEN,,,NO_EXACT_NAME_SIZE_PEER
drive:file:1IAt0kzU5c9nKeDO9JHFYX6l9h8H9hzRb,1IAt0kzU5c9nKeDO9JHFYX6l9h8H9hzRb,Ancient Religions/Enoch,"Enoch, Nephilim, Sons Of God, Daughters Of Men.pdf",40717,UNIQUE_CANDIDATE,,OPEN,,,NO_EXACT_NAME_SIZE_PEER
drive:file:1MYGDEOE_g14Ec_w4tIukgo3VmgRyZ4ik,1MYGDEOE_g14Ec_w4tIukgo3VmgRyZ4ik,Ancient Religions/Gnosis,G.R.S._Mead_-_The_Hymn_of_the_Robe_of_Glory_(Echoes_from_the_Gnosis_Vol._X).pdf,0,TECHNICAL_EXCLUSION,,CLOSED,,,ZERO_BYTE
drive:file:1BtT4KmonQOktfrThkqHnpZOfdkddH3yf,1BtT4KmonQOktfrThkqHnpZOfdkddH3yf,Ancient Religions/Gnosis,G.R.S._Mead_-_The_Hymn_of_Jesus_(Echoes_from_the_Gnosis_Vol._IV).pdf,0,TECHNICAL_EXCLUSION,,CLOSED,,,ZERO_BYTE
drive:file:1YjmT886blqqR18x3hdhe_GpFYut5nQqE,1YjmT886blqqR18x3hdhe_GpFYut5nQqE,Ancient Religions/Gnosis,G.R.S._Mead_-_A_Mithriac_Ritual_(Echoes_from_the_Gnosis_Vol._VI).pdf,0,TECHNICAL_EXCLUSION,,CLOSED,,,ZERO_BYTE
drive:file:1WFnT5scTN5epbVW2ZC8OTqdnQmQSZg7V,1WFnT5scTN5epbVW2ZC8OTqdnQmQSZg7V,Ancient Religions/Gnosis,G.R.S._Mead_-_The_Hymns_of_Hermes_(Echoes_from_the_Gnosis_Vol.II).pdf,0,TECHNICAL_EXCLUSION,,CLOSED,,,ZERO_BYTE
drive:file:1xLQWUaXvaQDrnXpethjWunndCf3rfbUk,1xLQWUaXvaQDrnXpethjWunndCf3rfbUk,Ancient Religions/Gnosis,G.R.S._Mead_-_The_Gnosis_of_The_Mind_(Echoes_from_the_Gnosis_Vol._I).pdf,0,TECHNICAL_EXCLUSION,,CLOSED,,,ZERO_BYTE
drive:file:1rpbnadlbqhpSWpnoWm4iNezBpPgJYsiE,1rpbnadlbqhpSWpnoWm4iNezBpPgJYsiE,Ancient Religions/Gnosis,G.R.S._Mead_-_The_Gnostic_Crucifixion_(Echoes_from_the_Gnosis_Vol._VII).pdf,0,TECHNICAL_EXCLUSION,,CLOSED,,,ZERO_BYTE
drive:file:1GSCPw4ij1esfquCbbDSUJEqnZHYqQt90,1GSCPw4ij1esfquCbbDSUJEqnZHYqQt90,Ancient Religions/The Sacred Books of the East – all 50 volumes,50.SacredBooksEast.VarOrSch.v50.Muller.Winternitz.GeneralIndex.Macdonald.Preface.Oxf_.1910..pdf,52227430,UNIQUE_CANDIDATE,,OPEN,,,NO_EXACT_NAME_SIZE_PEER
drive:file:1NbM3rw8MFs4ba88NleFcW5GnJ1rJYjlc,1NbM3rw8MFs4ba88NleFcW5GnJ1rJYjlc,Ancient Religions/The Sacred Books of the East – all 50 volumes,49.SacredBooksEast.VarOrSch.v49.Muller.Bud_.Cowell.Mull_.Junjiro.BuddMahTxt.p1.BudKaAsv.Snsk_.Oxf_.1894..pdf,7898956,UNIQUE_CANDIDATE,,OPEN,,,NO_EXACT_NAME_SIZE_PEER
drive:file:1cK0V-TkygWttAJmLaE_xMzKf95o_Y2u5,1cK0V-TkygWttAJmLaE_xMzKf95o_Y2u5,Ancient Religions/The Sacred Books of the East – all 50 volumes,48.SacredBooksEast.VarOrSch.v48.Muller.Hindu_.Thibaut.VedanSut.CommRam.p3.Oxf_.1904..pdf,19921291,UNIQUE_CANDIDATE,,OPEN,,,NO_EXACT_NAME_SIZE_PEER
drive:file:1qIT9ziagL0EK1LPQqw98eWqwR9HIDifs,1qIT9ziagL0EK1LPQqw98eWqwR9HIDifs,Ancient Religions/The Sacred Books of the East – all 50 volumes,47.SacredBooksEast.VarOrSch.V47.Muller.Zor_.West_.p5.MarvelsZoroast.Oxf_.1897..pdf,7461703,UNIQUE_CANDIDATE,,OPEN,,,NO_EXACT_NAME_SIZE_PEER
drive:file:1ZWfJ5ttcJ3oVYWYzxodgJReFh7SyhSYI,1ZWfJ5ttcJ3oVYWYzxodgJReFh7SyhSYI,Ancient Religions/The Sacred Books of the East – all 50 volumes,46.SacredBooksEast.VarOrSch.v46.Muller.Hindu_.Oldenberg.VedHymns.p2.HymnAgni.Oxf_.1897..pdf,8889874,UNIQUE_CANDIDATE,,OPEN,,,NO_EXACT_NAME_SIZE_PEER
drive:file:1FETu9XD25mUP0Qehx_aUCD8FFB-FmtpZ,1FETu9XD25mUP0Qehx_aUCD8FFB-FmtpZ,Ancient Religions/The Sacred Books of the East – all 50 volumes,45.SacredBooksEast.VarOrSch.v45.Muller.Jain_.Jacobi.GainaSut.TrPrakr.p2.UttarSutSutrak.Oxf_.1895..pdf,7819028,UNIQUE_CANDIDATE,,OPEN,,,NO_EXACT_NAME_SIZE_PEER
drive:file:1Z6wtGjYAam-6ZZceyPyJ9Wl0YIHPkFot,1Z6wtGjYAam-6ZZceyPyJ9Wl0YIHPkFot,Ancient Religions/The Sacred Books of the East – all 50 volumes,44.SacredBooksEast.VarOrSch.v44.Muller.Hindu_.Eggeling.SatapBrahm.TxtMadhSch.p5.b11..14.Oxf_.1900..pdf,16081813,UNIQUE_CANDIDATE,,OPEN,,,NO_EXACT_NAME_SIZE_PEER
drive:file:12lWlUpNTVlRuBdL_ASdEZtywFBPgYyhg,12lWlUpNTVlRuBdL_ASdEZtywFBPgYyhg,Ancient Religions/The Sacred Books of the East – all 50 volumes,43.SacredBooksEast.VarOrSch.v43.Muller.Hindu_.Eggeling.SatapBrahm.TxtMadhSch.p4.b8..10.Oxf_.1897..pdf,8349565,UNIQUE_CANDIDATE,,OPEN,,,NO_EXACT_NAME_SIZE_PEER
drive:file:1VMvdP1ULE0LKkACW7uNWz34wHhktPCaD,1VMvdP1ULE0LKkACW7uNWz34wHhktPCaD,Ancient Religions/The Sacred Books of the East – all 50 volumes,42.SacredBooksEast.VarOrSch.v42.Muller.Hindu_.Bloomfield.HymnsAtharvaVed.ExRitBkCom.Oxf_.1897..pdf,15297071,UNIQUE_CANDIDATE,,OPEN,,,NO_EXACT_NAME_SIZE_PEER
drive:file:1cC8AIYKa4HXGMpnv8YhzPKYZgScS0Bex,1cC8AIYKa4HXGMpnv8YhzPKYZgScS0Bex,Ancient Religions/The Sacred Books of the East – all 50 volumes,41.SacredBooksEast.VarOrSch.v41.Muller.Hindu_.Eggeling.SatapBrahm.TxtMadhSch.p3.b5..7.Oxf_.1894..pdf,7919375,UNIQUE_CANDIDATE,,OPEN,,,NO_EXACT_NAME_SIZE_PEER
drive:file:1TFPUMBruXOorZE8aL2MOYGthGWdfSrrg,1TFPUMBruXOorZE8aL2MOYGthGWdfSrrg,Ancient Religions/The Sacred Books of the East – all 50 volumes,40.SacredBooksEast.VarOrSch.v40.Muller.China_.Legge_.SacBksChina.TxtTao.p2.WK_.b18..33.TTAR_.Ap_.Oxf_.1891..pdf,5178711,UNIQUE_CANDIDATE,,OPEN,,,NO_EXACT_NAME_SIZE_PEER
drive:file:17IIw3F76BVHraEmeUaP1IyftpvOetaEx,17IIw3F76BVHraEmeUaP1IyftpvOetaEx,Ancient Religions/The Sacred Books of the East – all 50 volumes,39.SacredBooksEast.VarOrSch.v39.Muller.China_.Legge_.SacBksChina.TxtTao.p1.TaoTeKi.WK_.b1..17.Oxf_.1891..pdf,7721035,UNIQUE_CANDIDATE,,OPEN,,,NO_EXACT_NAME_SIZE_PEER
drive:file:1C1_ojW8IiQuL9TbXWRVHvs4vsHNHpv-F,1C1_ojW8IiQuL9TbXWRVHvs4vsHNHpv-F,Ancient Religions/The Sacred Books of the East – all 50 volumes,38.SacredBooksEast.VarOrSch.v38.Muller.Hindu_.Thibaut.VedantaSut.CommSankarak.p2.Oxf_.1896..pdf,10069230,UNIQUE_CANDIDATE,,OPEN,,,NO_EXACT_NAME_SIZE_PEER
drive:file:1knBj3WCmdqjG95Hj-JFFUEbkocOafu3r,1knBj3WCmdqjG95Hj-JFFUEbkocOafu3r,Ancient Religions/The Sacred Books of the East – all 50 volumes,37.SacredBooksEast.VarOrSch.v37.Muller.Zor_.West_.PahlaviTxts.p4.ContNasks.Oxf_.1892..pdf,9660538,UNIQUE_CANDIDATE,,OPEN,,,NO_EXACT_NAME_SIZE_PEER
drive:file:14LowaaBfG5DAl-nfW66jcp-rOYDvbU3t,14LowaaBfG5DAl-nfW66jcp-rOYDvbU3t,Ancient Religions/The Sacred Books of the East – all 50 volumes,36.SacredBooksEast.VarOrSch.v36.Muller.Bud_.Davids.QuestKingMelinda.TrPali.p2.Oxf_.1894..pdf,6761745,UNIQUE_CANDIDATE,,OPEN,,,NO_EXACT_NAME_SIZE_PEER
drive:file:1MK2XRtIUPJj8QvM5G236mR-6YMT9g6ZH,1MK2XRtIUPJj8QvM5G236mR-6YMT9g6ZH,Ancient Religions/The Sacred Books of the East – all 50 volumes,35.SacredBooksEast.VarOrSch.v35.Muller.Hindu_.Davids.QuesKingMilinda.TrPali.Oxf_.1890..pdf,7941638,UNIQUE_CANDIDATE,,OPEN,,,NO_EXACT_NAME_SIZE_PEER
drive:file:1XTD6CQArk49Iiz_FvmyxnykayjehdQ2P,1XTD6CQArk49Iiz_FvmyxnykayjehdQ2P,Ancient Religions/The Sacred Books of the East – all 50 volumes,34.SacredBooksEast.VarOrSch.v34.Muller.Hindu_.Thibaut.VedantaSut.CommSankar.p1.Oxf_.1890..pdf,11423456,UNIQUE_CANDIDATE,,OPEN,,,NO_EXACT_NAME_SIZE_PEER
drive:file:102CnqKbq2VrjL-aN8myFAAW9jRwubOl3,102CnqKbq2VrjL-aN8myFAAW9jRwubOl3,Ancient Religions/The Sacred Books of the East – all 50 volumes,33.SacredBooksEast.VarOrSch.v33.Muller.Hindu_.Jolly_.MinorLawBooks.p1.NarBrih.Oxf_.1889..pdf,8747072,UNIQUE_CANDIDATE,,OPEN,,,NO_EXACT_NAME_SIZE_PEER
drive:file:1lciV-UkkR5EZv0N1PG_kEAP3zlcakJw_,1lciV-UkkR5EZv0N1PG_kEAP3zlcakJw_,Ancient Religions/The Sacred Books of the East – all 50 volumes,32.SacredBooksEast.VarOrSch.v32.Muller.Hindu_.Mull_.VedicHymns.p1.HymnsMarRudVayVat.Oxf_.1891..pdf,13436196,UNIQUE_CANDIDATE,,OPEN,,,NO_EXACT_NAME_SIZE_PEER
drive:file:1wGLyh-c2Prhw5c94PDyw0TqKii6eO-X1,1wGLyh-c2Prhw5c94PDyw0TqKii6eO-X1,Ancient Religions/The Sacred Books of the East – all 50 volumes,31.SacredBooksEast.VarOrSch.v31.Muller.Zor_.Mills_.ZendAvesta.p3.YasVisAfriGahs.MiscFrag.Oxf_.1887..pdf,9461121,UNIQUE_CANDIDATE,,OPEN,,,NO_EXACT_NAME_SIZE_PEER
drive:file:18SZjP75YiAVvAqg6dGBYozq9U01kLYOo,18SZjP75YiAVvAqg6dGBYozq9U01kLYOo,Ancient Religions/The Sacred Books of the East – all 50 volumes,30.SacredBooksEast.VarOrSch.v30.Muller.Hindu_.Oldenberg.Mull_.GrihSut.RulesVedDomCer.p2.GobHirApas.Oxf_.1892..pdf,7347948,UNIQUE_CANDIDATE,,OPEN,,,NO_EXACT_NAME_SIZE_PEER
drive:file:14Ru5Xui_29qp1AopI0zJ-vqX2khSzR16,14Ru5Xui_29qp1AopI0zJ-vqX2khSzR16,Ancient Religions/The Sacred Books of the East – all 50 volumes,29.SacredBooksEast.VarOrSch.v29.Muller.Hindu_.Oldenberg.GrihSut.RulesVedDomCer.p1.SankAsvParKhad.Oxf_.1886..pdf,9647308,UNIQUE_CANDIDATE,,OPEN,,,NO_EXACT_NAME_SIZE_PEER
drive:file:18jof3FO9Bb5WEQGJEp_UpRj4pe2ccqDk,18jof3FO9Bb5WEQGJEp_UpRj4pe2ccqDk,Ancient Religions/The Sacred Books of the East – all 50 volumes,28.SacredBooksEast.VarOrSch.v28.Muller.China_.Legge_.SacBksChina.TxtConfuc.p4.LiKi11..46.Oxf_.1885..pdf,8612166,UNIQUE_CANDIDATE,,OPEN,,,NO_EXACT_NAME_SIZE_PEER
drive:file:1rw4-jCUkL2cJEykgaXBzq8BRJq_eI4t3,1rw4-jCUkL2cJEykgaXBzq8BRJq_eI4t3,Ancient Religions/The Sacred Books of the East – all 50 volumes,27.SacredBooksEast.VarOrSchv27.Muller.China_.Legge_.SacBksChina.TxtConfuc.p3.LiKi1_..10.Oxf_.1885..pdf,9670898,UNIQUE_CANDIDATE,,OPEN,,,NO_EXACT_NAME_SIZE_PEER
drive:file:1DUPxskEE391jY4SAPxgdd3fM9_BWjlxx,1DUPxskEE391jY4SAPxgdd3fM9_BWjlxx,Ancient Religions/The Sacred Books of the East – all 50 volumes,26.SacredBooksEast.VarOrSch.v26.Muller.Jain_.Eggeling.SatapBrahm.TxtMadhSch.p2.b3b4.Oxf_.1885..pdf,10925475,UNIQUE_CANDIDATE,,OPEN,,,NO_EXACT_NAME_SIZE_PEER
drive:file:1WpgfNLkJU_xlmOFrKE-iMsHj6zuamYGk,1WpgfNLkJU_xlmOFrKE-iMsHj6zuamYGk,Ancient Religions/The Sacred Books of the East – all 50 volumes,25.SacredBooksEast.VarOrSch.v25.Muller.Hindu_.Buhler.LawsManu.Ext7Comm.Oxf_.1886..pdf,16681129,UNIQUE_CANDIDATE,,OPEN,,,NO_EXACT_NAME_SIZE_PEER
drive:file:1JeHppqqJ7ybKAlOiUSSYyEuZdx38dyqH,1JeHppqqJ7ybKAlOiUSSYyEuZdx38dyqH,Ancient Religions/The Sacred Books of the East – all 50 volumes,24.SacredBooksEast.VarOrSch.v24.Muller.Zor_.West_.PahlTxt.p3.DinMainKhirSikGumVigSadDar.Oxf_.1884..pdf,8769323,UNIQUE_CANDIDATE,,OPEN,,,NO_EXACT_NAME_SIZE_PEER
drive:file:1o961f0HWrIV4GlTq6_imJspOg0xYhMYG,1o961f0HWrIV4GlTq6_imJspOg0xYhMYG,Ancient Religions/The Sacred Books of the East – all 50 volumes,23.SacredBooksEast.VarOrSch.v23.Muller.Zor_.Darmesteter.ZendAvesta.p2.SirYastsNya.Oxf_.1883..pdf,6916259,UNIQUE_CANDIDATE,,OPEN,,,NO_EXACT_NAME_SIZE_PEER
drive:file:1OEt_me-flg8HmonnFQmWbC-saS2_JhES,1OEt_me-flg8HmonnFQmWbC-saS2_JhES,Ancient Religions/The Sacred Books of the East – all 50 volumes,22.SacredBooksEast.VarOrSch.v22.Muller.Jain_.Jacobi.GainaSut.Prakrit.p1.AkarSut.KalSut.Oxf_.1884..pdf,7039971,UNIQUE_CANDIDATE,,OPEN,,,NO_EXACT_NAME_SIZE_PEER
drive:file:1vWjEnOP-BCzTfGf_yakyw6sfb4Sen7zu,1vWjEnOP-BCzTfGf_yakyw6sfb4Sen7zu,Ancient Religions/The Sacred Books of the East – all 50 volumes,21.SacredBooksEast.VarOrSch.v21.Muller.Bud_.Kern_.SaddharmaPund.LotusTrueLaw.Oxf_.1884. (1).pdf,9041328,UNIQUE_CANDIDATE,,OPEN,,,NO_EXACT_NAME_SIZE_PEER
drive:file:12pzMlKSuyjWZdi4cbH4-D-PMfFsITBIm,12pzMlKSuyjWZdi4cbH4-D-PMfFsITBIm,Ancient Religions/The Sacred Books of the East – all 50 volumes,20.SacredBooksEast.VarOrSch.v20.Muller.Hindu_.Davids.Oldenberg.VinayaTxt.TrPali.p3.Kull4_..12.Oxf_.1885..pdf,8987617,UNIQUE_CANDIDATE,,OPEN,,,NO_EXACT_NAME_SIZE_PEER
drive:file:1Grl5yduQHSRG3VqI4n0EBPeL1sqPFzPE,1Grl5yduQHSRG3VqI4n0EBPeL1sqPFzPE,Ancient Religions/The Sacred Books of the East – all 50 volumes,19.SacredBooksEast.VarOrSch.v19.Muller.Bud_.Dharmarasha.Beal_.LifBudd.AsvagBodhis.SanskChinEng.Oxf_.1883..pdf,7336448,UNIQUE_CANDIDATE,,OPEN,,,NO_EXACT_NAME_SIZE_PEER
drive:file:1aiYWPo4gvjICggobIL08UyCdD80NWQLS,1aiYWPo4gvjICggobIL08UyCdD80NWQLS,Ancient Religions/The Sacred Books of the East – all 50 volumes,18.SacredBooksEast.VarOrSch.v18.Muller.Zor_.West_.PahlaviTxt.p2.Dadis_.EpisManus.Oxf_.1882..pdf,10496637,UNIQUE_CANDIDATE,,OPEN,,,NO_EXACT_NAME_SIZE_PEER
drive:file:1-ZXxEmhnyv1gmGLtX2vxAfUGm4ZqqViu,1-ZXxEmhnyv1gmGLtX2vxAfUGm4ZqqViu,Ancient Religions/The Sacred Books of the East – all 50 volumes,17.SacredBooksEast.VarOrSch.v17.Muller.Hindu_.Davids.Oldenberg.VinyTxt.TrPali.p2.Mah5_..10.Kull1_..3..Oxf_.1882..pdf,9019111,UNIQUE_CANDIDATE,,OPEN,,,NO_EXACT_NAME_SIZE_PEER
drive:file:1iJkYrfSEnv-v1NGVehP4N52ybJfcVtMn,1iJkYrfSEnv-v1NGVehP4N52ybJfcVtMn,Ancient Religions/The Sacred Books of the East – all 50 volumes,16.SacredBooksEast.VarOrSch.v16.Muller.China_.Legge_.SacBksChina.TxtConfuc.p2.YiKing.Oxf_.1882..pdf,9116305,UNIQUE_CANDIDATE,,OPEN,,,NO_EXACT_NAME_SIZE_PEER
drive:file:1JkN3c9f-H9otu-JQPaWwPJLEfOAvIGrZ,1JkN3c9f-H9otu-JQPaWwPJLEfOAvIGrZ,Ancient Religions/The Sacred Books of the East – all 50 volumes,15.SacredBooksEast.VarOrSch.v15.Muller.Hindu_.Mull_.Upanishads.p2.KathMundTait..Mait_.Oxf_.1884..pdf,7071562,UNIQUE_CANDIDATE,,OPEN,,,NO_EXACT_NAME_SIZE_PEER
drive:file:1f6N7eIW7Nq3htHgC8vAdSSm1bnjvPCxS,1f6N7eIW7Nq3htHgC8vAdSSm1bnjvPCxS,Ancient Religions/The Sacred Books of the East – all 50 volumes,14.SacredBooksEast.VarOrSch.v14.Muller.Zor_.Buhler.SacLawsAryas.SchApasGautVaisBaud.Oxf_.1882..pdf,8372449,UNIQUE_CANDIDATE,,OPEN,,,NO_EXACT_NAME_SIZE_PEER
drive:file:1TYaTFBkZnZMnyKieX1U3CUJekByzX0Dn,1TYaTFBkZnZMnyKieX1U3CUJekByzX0Dn,Ancient Religions/The Sacred Books of the East – all 50 volumes,13.SacredBooksEast.VarOrSch.v13.Muller.Hindu_.Davids.Oldenberg.p1.Patim_.Mahav_.1..4.Oxf_.1881..pdf,7053886,UNIQUE_CANDIDATE,,OPEN,,,NO_EXACT_NAME_SIZE_PEER
drive:file:1rGCMEp5gEazW-duSFpf2R_gT09NqZSBR,1rGCMEp5gEazW-duSFpf2R_gT09NqZSBR,Ancient Religions/The Sacred Books of the East – all 50 volumes,12.SacredBooksEast.VarOrSch.v12.Muller.Hindu_.Eggeling.TxtMadhyandSch.SatBrah.p1b1b2.Oxf1882..pdf,10153095,UNIQUE_CANDIDATE,,OPEN,,,NO_EXACT_NAME_SIZE_PEER
drive:file:1zwSqEtjjE67mxCV0eyK5ZhmOkeRblU39,1zwSqEtjjE67mxCV0eyK5ZhmOkeRblU39,Ancient Religions/The Sacred Books of the East – all 50 volumes,11.SacredBooksEast.VarOrSch.v11.Muller.Bud_.Davids.BudSut.TrPali.Oxf_.1881..pdf,7132815,UNIQUE_CANDIDATE,,OPEN,,,NO_EXACT_NAME_SIZE_PEER
drive:file:1FxcXW5kQOCJ7KcDZKgM9qsPTCd2lS-zt,1FxcXW5kQOCJ7KcDZKgM9qsPTCd2lS-zt,Ancient Religions/The Sacred Books of the East – all 50 volumes,10.SacredBooksEast.VarOrSch.v10.Muller.Bud_.Mull_.Fausb_.p1.Dhamm_.p2.SutNip.TrPali.Oxf_.1881..pdf,6825553,UNIQUE_CANDIDATE,,OPEN,,,NO_EXACT_NAME_SIZE_PEER
drive:file:1kralb4EHE6QqwQSNlH0K2JES4tzSTVOD,1kralb4EHE6QqwQSNlH0K2JES4tzSTVOD,Ancient Religions/The Sacred Books of the East – all 50 volumes,09.SacredBooksEast.VarOrSch.v9.Muller.Islam_.Palmer.Ch17..Ch114.p2.Oxf_.1880..pdf,6629316,UNIQUE_CANDIDATE,,OPEN,,,NO_EXACT_NAME_SIZE_PEER
drive:file:1GoIjHE7yAfqYgglT4Xsjq15jm0lpzWFu,1GoIjHE7yAfqYgglT4Xsjq15jm0lpzWFu,Ancient Religions/The Sacred Books of the East – all 50 volumes,08.SacredBooksEast.VarOrSch.v8.Muller.Hindu_.Telang.BhagGita.Sanat_.Anug_.2nd.Oxf_.1880.1898..pdf,12517971,UNIQUE_CANDIDATE,,OPEN,,,NO_EXACT_NAME_SIZE_PEER
drive:file:1OOmWnwxCcoEKLlz8MdB5U2rRwf4K0OoA,1OOmWnwxCcoEKLlz8MdB5U2rRwf4K0OoA,Ancient Religions/The Sacred Books of the East – all 50 volumes,03.SacredBooksEast.VarOrSch.v10v11v12v13v14v15comb.Muller.Fausb_.Dav_.Egg_.Old_.Buh_.Oxf_.1881.82.1884..pdf,47038529,UNIQUE_CANDIDATE,,OPEN,,,NO_EXACT_NAME_SIZE_PEER
drive:file:1F0DScM3evyMN1u1qWnk_l55vsGIzOckq,1F0DScM3evyMN1u1qWnk_l55vsGIzOckq,Ancient Religions/The Sacred Books of the East – all 50 volumes,07.SacredBooksEast.VarOrSch.v7.Muller.Hindu_.Jolly_.InstitYishnu.Oxf_.1880..pdf,6844835,UNIQUE_CANDIDATE,,OPEN,,,NO_EXACT_NAME_SIZE_PEER
drive:file:1iO7EvFY9v9vc-6fm95xcbeKXrmvhQ8WT,1iO7EvFY9v9vc-6fm95xcbeKXrmvhQ8WT,Ancient Religions/The Sacred Books of the East – all 50 volumes,02.SacredBooksEast.VarOrSch.v4v5v6v7v8v9comb.Muller.Darm_.West_.Palm_.Joll_.Oxf_.1880.1895.1898..pdf,51883815,UNIQUE_CANDIDATE,,OPEN,,,NO_EXACT_NAME_SIZE_PEER
drive:file:1iy0OanCUEuNzSOcdLAd-PWi2krl7NBgP,1iy0OanCUEuNzSOcdLAd-PWi2krl7NBgP,Ancient Religions/The Sacred Books of the East – all 50 volumes,06.SacredBooksEast.VarOrSch.v6.Muller.Islam_.Palmer.Ch1_..Ch16.p1.Oxf_.1880..pdf,5306225,UNIQUE_CANDIDATE,,OPEN,,,NO_EXACT_NAME_SIZE_PEER
drive:file:1GmkINy2VjMKvm06Fq7Xvlxp-xBHSL5HQ,1GmkINy2VjMKvm06Fq7Xvlxp-xBHSL5HQ,Ancient Religions/The Sacred Books of the East – all 50 volumes,04.SacredBooksEast.VarOrSch.v4.Muller.Zor_.Darmesteter.ZendAvesta.p1.2nd.1880.1895..pdf,9848664,UNIQUE_CANDIDATE,,OPEN,,,NO_EXACT_NAME_SIZE_PEER
drive:file:1HFCWiSsrwt2-Fbyx_lWNepeTCGRsWYvN,1HFCWiSsrwt2-Fbyx_lWNepeTCGRsWYvN,Ancient Religions/The Sacred Books of the East – all 50 volumes,01.SacredBooksEast.VarOrSch.v1v2v3comb.Muller.Buhler.Legge_.Oxf_.1879.1897..pdf,27294696,UNIQUE_CANDIDATE,,OPEN,,,NO_EXACT_NAME_SIZE_PEER
drive:file:1d8sWBDK6SVZhtHSNnJpvrphUwpsm_3nS,1d8sWBDK6SVZhtHSNnJpvrphUwpsm_3nS,Ancient Religions/Techniques of Modern Shamanism,Techniques-of-Modern-Shamanism-vol-3-Walking-Between-The-Worlds.pdf,341266,REVIEW_REQUIRED,DUP-8A80D46FB256,OPEN,,,EXACT_NAME_SIZE_CANDIDATE_ONLY
drive:file:1DNj9UzbFB3fFwin61skWE60tcPm_7DWn,1DNj9UzbFB3fFwin61skWE60tcPm_7DWn,Ancient Religions/Techniques of Modern Shamanism,Techniques-of-Modern-Shamanism-vol-2-Walking-Between-The-Worlds.pdf,97449,REVIEW_REQUIRED,DUP-3B099FC78D6B,OPEN,,,EXACT_NAME_SIZE_CANDIDATE_ONLY
drive:file:13P2egSAXimMMfWuqk5fISMWvL_p4Hw_0,13P2egSAXimMMfWuqk5fISMWvL_p4Hw_0,Ancient Religions/Techniques of Modern Shamanism,Techniques-of-Modern-Shamanism-vol-1-Walking-Between-The-Worlds.pdf,130384,REVIEW_REQUIRED,DUP-B1D60EEDA865,OPEN,,,EXACT_NAME_SIZE_CANDIDATE_ONLY
drive:file:1-U8PnG04FwiqXcBtUuW0Pb4x-CT6gy4h,1-U8PnG04FwiqXcBtUuW0Pb4x-CT6gy4h,Ancient Religions/Echoes From the Gnosis – The Gnosis of the Mind – All Volumes,G.R.S._Mead_-_The_Hymn_of_the_Robe_of_Glory_Echoes_from_the_Gnosis_Vol._X.pdf,5155341,UNIQUE_CANDIDATE,,OPEN,,,NO_EXACT_NAME_SIZE_PEER
drive:file:1RXhASDU6Qgj5sUS3XowZRRCCxFEI1e_f,1RXhASDU6Qgj5sUS3XowZRRCCxFEI1e_f,Ancient Religions/Echoes From the Gnosis – The Gnosis of the Mind – All Volumes,G.R.S._Mead_-_The_Gnostic_Crucifixion_Echoes_from_the_Gnosis_Vol._VII.pdf,4430482,UNIQUE_CANDIDATE,,OPEN,,,NO_EXACT_NAME_SIZE_PEER
drive:file:1-lr7BDu2R1zFCUQ1aLY2uffy0zBJyVLg,1-lr7BDu2R1zFCUQ1aLY2uffy0zBJyVLg,Ancient Religions/Echoes From the Gnosis – The Gnosis of the Mind – All Volumes,G.R.S._Mead_-_A_Mithriac_Ritual_Echoes_from_the_Gnosis_Vol._VI.pdf,4657441,UNIQUE_CANDIDATE,,OPEN,,,NO_EXACT_NAME_SIZE_PEER
drive:file:1bvVORcWMSypw0azIjYn8km0IDG1ouCoK,1bvVORcWMSypw0azIjYn8km0IDG1ouCoK,Ancient Religions/Echoes From the Gnosis – The Gnosis of the Mind – All Volumes,G.R.S._Mead_-_The_Hymn_of_Jesus_Echoes_from_the_Gnosis_Vol._IV.pdf,4938215,UNIQUE_CANDIDATE,,OPEN,,,NO_EXACT_NAME_SIZE_PEER
drive:file:1mAH3JQTwVzWx30iRj-dcjjSr8AbCkSqr,1mAH3JQTwVzWx30iRj-dcjjSr8AbCkSqr,Ancient Religions/Echoes From the Gnosis – The Gnosis of the Mind – All Volumes,G.R.S._Mead_-_The_Hymns_of_Hermes_Echoes_from_the_Gnosis_Vol.II_.pdf,5229715,UNIQUE_CANDIDATE,,OPEN,,,NO_EXACT_NAME_SIZE_PEER
drive:file:1qMCPQYGBoGQGtm3VoC1ambEM1jaI-U0c,1qMCPQYGBoGQGtm3VoC1ambEM1jaI-U0c,Ancient Religions/Echoes From the Gnosis – The Gnosis of the Mind – All Volumes,G.R.S._Mead_-_The_Gnosis_of_The_Mind_Echoes_from_the_Gnosis_Vol._I.pdf,3565735,UNIQUE_CANDIDATE,,OPEN,,,NO_EXACT_NAME_SIZE_PEER
drive:file:1QQ_IR1-Yjuci5Kiv95o57Ci628oP3RDV,1QQ_IR1-Yjuci5Kiv95o57Ci628oP3RDV,Ancient Religions/The Demotic Magical Papyrus of London and Leiden,The-Demotic-Magical-Papyrus-of-London-and-Leiden-VOL-III.pdf,6442816,UNIQUE_CANDIDATE,,OPEN,,,NO_EXACT_NAME_SIZE_PEER
drive:file:1GXGqi0AYc1W6csNI98dcuLC6gyk9sTC-,1GXGqi0AYc1W6csNI98dcuLC6gyk9sTC-,Ancient Religions/The Demotic Magical Papyrus of London and Leiden,The-Demotic-Magical-Papyrus-of-London-and-Leiden-VOL-II.pdf,3537326,UNIQUE_CANDIDATE,,OPEN,,,NO_EXACT_NAME_SIZE_PEER
drive:file:1UvpWPMaNFQvH2e8zlHu3B0qwweXjtkCG,1UvpWPMaNFQvH2e8zlHu3B0qwweXjtkCG,Ancient Religions/The Demotic Magical Papyrus of London and Leiden,The-Demotic-Magical-Papyrus-of-London-and-Leiden-VOL-I.pdf,7315927,UNIQUE_CANDIDATE,,OPEN,,,NO_EXACT_NAME_SIZE_PEER
drive:file:1YMak5oNqkQ5ZgKmdPVPo1vkteR10VYxO,1YMak5oNqkQ5ZgKmdPVPo1vkteR10VYxO,Ancient Religions/Mushrooms Russia and History,MUSHROOMS-RUSSIA-AND-HISTORY-Volume-2.pdf,8413439,REVIEW_REQUIRED,DUP-1324BF1E164E,OPEN,,,EXACT_NAME_SIZE_CANDIDATE_ONLY
drive:file:1Lu4j2GF-Gf8xkyBypHGTGee3-nbK7zVD,1Lu4j2GF-Gf8xkyBypHGTGee3-nbK7zVD,Ancient Religions/Mushrooms Russia and History,MUSHROOMS-RUSSIA-AND-HISTORY-Volume-1.pdf,7535919,REVIEW_REQUIRED,DUP-711677C91B10,OPEN,,,EXACT_NAME_SIZE_CANDIDATE_ONLY
drive:file:13AqZHR2zt-gKMYUXVfFclMCAkrrUrLdF,13AqZHR2zt-gKMYUXVfFclMCAkrrUrLdF,Ancient Religions/Mahabharata,Mahabharata-VOL-I2.pdf,17994242,UNIQUE_CANDIDATE,,OPEN,,,NO_EXACT_NAME_SIZE_PEER
drive:file:15HFMAuuigPv2wl8SC270Nmd-5hLqpb2S,15HFMAuuigPv2wl8SC270Nmd-5hLqpb2S,Ancient Religions/Mahabharata,Mahabharata-VOL-10.pdf,24041333,UNIQUE_CANDIDATE,,OPEN,,,NO_EXACT_NAME_SIZE_PEER
drive:file:1A30T-_ubF0sxOp18OP1TdzcoAPrUVLdj,1A30T-_ubF0sxOp18OP1TdzcoAPrUVLdj,Ancient Religions/Mahabharata,Mahabharata-VOL-11.pdf,24981631,UNIQUE_CANDIDATE,,OPEN,,,NO_EXACT_NAME_SIZE_PEER
drive:file:13Enci3mI0bnzYswgbwwWqfwcQ_MFo3Af,13Enci3mI0bnzYswgbwwWqfwcQ_MFo3Af,Ancient Religions/Mahabharata,Mahabharata-VOL-9.pdf,24892334,UNIQUE_CANDIDATE,,OPEN,,,NO_EXACT_NAME_SIZE_PEER
drive:file:1hcGk_zGrm7pS9IO7SxJ0DPfNcw8l8pRA,1hcGk_zGrm7pS9IO7SxJ0DPfNcw8l8pRA,Ancient Religions/Mahabharata,Mahabharata-VOL-8.pdf,33313254,UNIQUE_CANDIDATE,,OPEN,,,NO_EXACT_NAME_SIZE_PEER
drive:file:1EJCP8CC2mGNenOZ0QTamqueqHzfYUMjF,1EJCP8CC2mGNenOZ0QTamqueqHzfYUMjF,Ancient Religions/Mahabharata,Mahabharata-VOL-7.pdf,28925095,UNIQUE_CANDIDATE,,OPEN,,,NO_EXACT_NAME_SIZE_PEER
drive:file:1DWBc8rbNYWLJsOrXP2M7fFcCtnbBPW6T,1DWBc8rbNYWLJsOrXP2M7fFcCtnbBPW6T,Ancient Religions/Mahabharata,Mahabharata-VOL-6.pdf,28202194,UNIQUE_CANDIDATE,,OPEN,,,NO_EXACT_NAME_SIZE_PEER
drive:file:1V_QTeWfUqFNSwmwENzy88PlqPi41yqIX,1V_QTeWfUqFNSwmwENzy88PlqPi41yqIX,Ancient Religions/Mahabharata,Mahabharata-VOL-5.pdf,25946081,UNIQUE_CANDIDATE,,OPEN,,,NO_EXACT_NAME_SIZE_PEER
drive:file:1VuY5AscWMrRxsy9yTEeDbt_B9RcbAO56,1VuY5AscWMrRxsy9yTEeDbt_B9RcbAO56,Ancient Religions/Mahabharata,Mahabharata-VOL-3.pdf,25910508,UNIQUE_CANDIDATE,,OPEN,,,NO_EXACT_NAME_SIZE_PEER
drive:file:1w1xdFQdEqhGdfbnmjz2vCanMPTznAUR4,1w1xdFQdEqhGdfbnmjz2vCanMPTznAUR4,Ancient Religions/Mahabharata,Mahabharata-VOL-4.pdf,25607385,UNIQUE_CANDIDATE,,OPEN,,,NO_EXACT_NAME_SIZE_PEER
drive:file:1oFEi8IZ1OTyWweFyTlf9F-TqEEtIwpT0,1oFEi8IZ1OTyWweFyTlf9F-TqEEtIwpT0,Ancient Religions/Mahabharata,Mahabharata-VOL-2.pdf,28733281,UNIQUE_CANDIDATE,,OPEN,,,NO_EXACT_NAME_SIZE_PEER
drive:file:1QTqdBoOHnrkkxCzAJN8R2OjgEVQN_7Cs,1QTqdBoOHnrkkxCzAJN8R2OjgEVQN_7Cs,Ancient Religions/Mahabharata,Mahabharata-VOL-1.pdf,35429024,UNIQUE_CANDIDATE,,OPEN,,,NO_EXACT_NAME_SIZE_PEER
drive:file:1pHt2gZgnovgRlM7vK3-Q9hl7nx7fA_B0,1pHt2gZgnovgRlM7vK3-Q9hl7nx7fA_B0,Ancient Religions/Tantric Texts Series 1-22 Complete PDF works of Sir John Woodroffe,Tantric-Texts-Series-14-Kaulavalinirnayah-Of-Jnanananda-Paramahamsa-1928.pdf,132025547,UNIQUE_CANDIDATE,,OPEN,,,NO_EXACT_NAME_SIZE_PEER
drive:file:1G-JRNplqHotd_dEOaFgZK9OrKfBQ9EvA,1G-JRNplqHotd_dEOaFgZK9OrKfBQ9EvA,Ancient Religions/Tantric Texts Series 1-22 Complete PDF works of Sir John Woodroffe,Tantric-Texts-Series-22-Sataratna-Sangraha-with-Sataratnollekhani-Panchanan-Sastri-1944.pdf,20564680,UNIQUE_CANDIDATE,,OPEN,,,NO_EXACT_NAME_SIZE_PEER
drive:file:17RrfBTz33qVzvg0TZVAmVqBpo5F696TD,17RrfBTz33qVzvg0TZVAmVqBpo5F696TD,Ancient Religions/Tantric Texts Series 1-22 Complete PDF works of Sir John Woodroffe,Tantric-Texts-Series-21-Tara-Bhakti-Sudharnava-Panchanan-Bhattacharya-1940.pdf,18190001,UNIQUE_CANDIDATE,,OPEN,,,NO_EXACT_NAME_SIZE_PEER
drive:file:1gGy6tCYeR6VdcDDfS-fcUA0X-bGBRLnP,1gGy6tCYeR6VdcDDfS-fcUA0X-bGBRLnP,Ancient Religions/Tantric Texts Series 1-22 Complete PDF works of Sir John Woodroffe,Tantric-Texts-Series-15-Brahmasamhita-5th-Chapter-Vishnu-Sahasranama-Sankarabhashya-Arthur-Avalon-1928.pdf,55532351,UNIQUE_CANDIDATE,,OPEN,,,NO_EXACT_NAME_SIZE_PEER
drive:file:1PgMxjcC0ltF-Q7GTEZZrdEeWlUBgQyz0,1PgMxjcC0ltF-Q7GTEZZrdEeWlUBgQyz0,Ancient Religions/Tantric Texts Series 1-22 Complete PDF works of Sir John Woodroffe,Tantric-Texts-Series-19-Prapanchasara-Tantra-of-Shankaracharya-vol-2-Arthur-Avalon-1935.pdf,18100692,UNIQUE_CANDIDATE,,OPEN,,,NO_EXACT_NAME_SIZE_PEER
drive:file:1mxA-TTy0Hq46JNyQsgw_OXDRuXxbG2QP,1mxA-TTy0Hq46JNyQsgw_OXDRuXxbG2QP,Ancient Religions/Tantric Texts Series 1-22 Complete PDF works of Sir John Woodroffe,Tantric-Texts-Series-18-Prapanchasara-Tantra-of-Shankaracharya-vol-1-Arthur-Avalon-1919.pdf,17746976,UNIQUE_CANDIDATE,,OPEN,,,NO_EXACT_NAME_SIZE_PEER
drive:file:1bP5QlN53nm3B08NKWT13J6W9Wvi_NbsV,1bP5QlN53nm3B08NKWT13J6W9Wvi_NbsV,Ancient Religions/Tantric Texts Series 1-22 Complete PDF works of Sir John Woodroffe,Tantric-Texts-Series-20-Chidgagana-Chandrika-Swami-Trivikrama-Tirtha-1937.pdf,5167102,UNIQUE_CANDIDATE,,OPEN,,,NO_EXACT_NAME_SIZE_PEER
drive:file:1Ihk9pcgBFZKmTOVV2nBQTCVaaPZzTVns,1Ihk9pcgBFZKmTOVV2nBQTCVaaPZzTVns,Ancient Religions/Tantric Texts Series 1-22 Complete PDF works of Sir John Woodroffe,Tantric-Texts-Series-16-Sarada-Tilaka-Tantra-Part-1-Arthur-Avalon-1933.pdf,20318787,UNIQUE_CANDIDATE,,OPEN,,,NO_EXACT_NAME_SIZE_PEER
drive:file:1S59aY5SFp-wtT6NWiIoWacAACNTCgekx,1S59aY5SFp-wtT6NWiIoWacAACNTCgekx,Ancient Religions/Tantric Texts Series 1-22 Complete PDF works of Sir John Woodroffe,Tantric-Texts-Series-13-Mahanirvana-Tantra-With-Commentary-Of-Hariharananda-Bharati-1929.pdf,24258766,UNIQUE_CANDIDATE,,OPEN,,,NO_EXACT_NAME_SIZE_PEER
drive:file:196gkQsUf5eH41-1vzhlzDu9Ccu_dTMBJ,196gkQsUf5eH41-1vzhlzDu9Ccu_dTMBJ,Ancient Religions/Tantric Texts Series 1-22 Complete PDF works of Sir John Woodroffe,Tantric-Texts-Series-12-Tantrarajatantra-Part-2-Arthur-Avalon-1926.pdf,19774144,UNIQUE_CANDIDATE,,OPEN,,,NO_EXACT_NAME_SIZE_PEER
drive:file:1VmIPk88tThOhBjfY2oul2OsJRZ1Yrkro,1VmIPk88tThOhBjfY2oul2OsJRZ1Yrkro,Ancient Religions/Tantric Texts Series 1-22 Complete PDF works of Sir John Woodroffe,Tantric-Texts-Series-08-Tantrarajatantra-Part-1-Lakshmana-Shastri-1919-London.pdf,36846034,UNIQUE_CANDIDATE,,OPEN,,,NO_EXACT_NAME_SIZE_PEER
drive:file:1DlQ8rWFgaICOpH0pXtBfs_AD4pPV-XWS,1DlQ8rWFgaICOpH0pXtBfs_AD4pPV-XWS,Ancient Religions/Tantric Texts Series 1-22 Complete PDF works of Sir John Woodroffe,Tantric-Texts-Series-11-Kaula-and-other-Upanishads-with-Commentary-by-Bhaskararaya-Sitarama-Shastri-1922-OUDL.pdf,4186904,UNIQUE_CANDIDATE,,OPEN,,,NO_EXACT_NAME_SIZE_PEER
drive:file:1HjVrkvvcrUByHjicvMXrNns0imQBn7Lm,1HjVrkvvcrUByHjicvMXrNns0imQBn7Lm,Ancient Religions/Tantric Texts Series 1-22 Complete PDF works of Sir John Woodroffe,Tantric-Texts-Series-10-Kamakalavilasa-of-Punyanandanatha-English-Translation-Arthur-Avalon-1953.pdf,9740509,UNIQUE_CANDIDATE,,OPEN,,,NO_EXACT_NAME_SIZE_PEER
drive:file:1gGfWKGjDfQ0Ri_p5UWd8g7_eXlROMk1Z,1gGfWKGjDfQ0Ri_p5UWd8g7_eXlROMk1Z,Ancient Religions/Tantric Texts Series 1-22 Complete PDF works of Sir John Woodroffe,Tantric-Texts-Series-05-Kularnava-Tantra-Taranatha-Vaidyaratna-1917.pdf,37360849,UNIQUE_CANDIDATE,,OPEN,,,NO_EXACT_NAME_SIZE_PEER
drive:file:1v529XpigTG6Yr0tGo-lIV8FNGEp7LM2s,1v529XpigTG6Yr0tGo-lIV8FNGEp7LM2s,Ancient Religions/Tantric Texts Series 1-22 Complete PDF works of Sir John Woodroffe,Tantric-Texts-09-Karpuradi-Stotra-Vimalananda-Swami-1953.pdf,8499568,UNIQUE_CANDIDATE,,OPEN,,,NO_EXACT_NAME_SIZE_PEER
drive:file:1QRQroejl1OX9J-KSMn6hH12e0COJZLMJ,1QRQroejl1OX9J-KSMn6hH12e0COJZLMJ,Ancient Religions/Tantric Texts Series 1-22 Complete PDF works of Sir John Woodroffe,Tantric-Texts-Series-01-Tantrabhidhana-Panchanana-Bhattacharya-1937Hr.pdf,99852220,UNIQUE_CANDIDATE,,OPEN,,,NO_EXACT_NAME_SIZE_PEER
drive:file:1xe3rwgVnL5sJqpecS254urWU_KJaddLO,1xe3rwgVnL5sJqpecS254urWU_KJaddLO,Ancient Religions/Tantric Texts Series 1-22 Complete PDF works of Sir John Woodroffe,Tantric-Texts-Series-07-Shri-Chakrasambhara-Buddhist-Tantra-Arthur-Avalon-1919.pdf,10368635,UNIQUE_CANDIDATE,,OPEN,,,NO_EXACT_NAME_SIZE_PEER
drive:file:1iXzd3nkqSvjerGoXq2r7ofRepI0_A2Gn,1iXzd3nkqSvjerGoXq2r7ofRepI0_A2Gn,Ancient Religions/Tantric Texts Series 1-22 Complete PDF works of Sir John Woodroffe,Tantric-Texts-Series-06-Kalivilasatantram-edited-by-Parvati-Charana-Tarkatirtha-1917-Google.pdf,8172900,UNIQUE_CANDIDATE,,OPEN,,,NO_EXACT_NAME_SIZE_PEER
drive:file:1uapXWhJz2-0JdqIe4rcEzXYJVJ_YfAMh,1uapXWhJz2-0JdqIe4rcEzXYJVJ_YfAMh,Ancient Religions/Tantric Texts Series 1-22 Complete PDF works of Sir John Woodroffe,Tantric-Texts-Series-04-Kulachudamani-Tantra-Girish-Chandra-Vedantatirtha-1915-GQ.pdf,10558427,UNIQUE_CANDIDATE,,OPEN,,,NO_EXACT_NAME_SIZE_PEER
drive:file:1tsP9uhOaIkhSBnwfXZ2bEWSx4d4Y-2gO,1tsP9uhOaIkhSBnwfXZ2bEWSx4d4Y-2gO,Ancient Religions/Tantric Texts Series 1-22 Complete PDF works of Sir John Woodroffe,Tantric-Texts-Series-02-Shatchakranirupanam-And-Padukapanchakam-Arthur-Avalon-1913.pdf,14569495,UNIQUE_CANDIDATE,,OPEN,,,NO_EXACT_NAME_SIZE_PEER
drive:file:1Cm99rlkr7ZCzxNNROgqftBQwSoZf55GD,1Cm99rlkr7ZCzxNNROgqftBQwSoZf55GD,Ancient Religions/History of Greek Philosophy VOL I-II,History-of-Greek-Philosophy-II.pdf,22462890,REVIEW_REQUIRED,DUP-F9234DDA0FF7,OPEN,,,EXACT_NAME_SIZE_CANDIDATE_ONLY
drive:file:1dkA0MvSEGIsLTqIu6WIj3aLFqFsVXtad,1dkA0MvSEGIsLTqIu6WIj3aLFqFsVXtad,Ancient Religions/History of Greek Philosophy VOL I-II,History-of-Greek-Philosophy-I.pdf,22211496,REVIEW_REQUIRED,DUP-3D1AA3243EE4,OPEN,,,EXACT_NAME_SIZE_CANDIDATE_ONLY
drive:file:10RYTNqgBcvGDRcoDF-p_KJ5jQ44y4v83,10RYTNqgBcvGDRcoDF-p_KJ5jQ44y4v83,Ancient Religions/The Dresden Codex – and how to read it before it is too late,The-Astronomical-Insignificance-of-Maya-Date-130000.pdf,17536,UNIQUE_CANDIDATE,,OPEN,,,NO_EXACT_NAME_SIZE_PEER
drive:file:1s9FpPLoS3FcIAQlkxeRJLHpUktjy7RLp,1s9FpPLoS3FcIAQlkxeRJLHpUktjy7RLp,Ancient Religions/The Dresden Codex – and how to read it before it is too late,Mayan-Calendar-Explained.pdf,43238,UNIQUE_CANDIDATE,,OPEN,,,NO_EXACT_NAME_SIZE_PEER
drive:file:1wpOaNQNGISwUPPRons6wto1hZ2t-SG5s,1wpOaNQNGISwUPPRons6wto1hZ2t-SG5s,Ancient Religions/The Dresden Codex – and how to read it before it is too late,Maya-Glyphs-Book-II.pdf,414735,UNIQUE_CANDIDATE,,OPEN,,,NO_EXACT_NAME_SIZE_PEER
drive:file:1Jjklw2axSWl7nQwCh3W44mghhTw557rI,1Jjklw2axSWl7nQwCh3W44mghhTw557rI,Ancient Religions/The Dresden Codex – and how to read it before it is too late,Maya-Glyphs-Book-I.pdf,4082073,UNIQUE_CANDIDATE,,OPEN,,,NO_EXACT_NAME_SIZE_PEER
drive:file:1bXJ4wiMYepiriViNtPccMD9wczL6xqN_,1bXJ4wiMYepiriViNtPccMD9wczL6xqN_,Ancient Religions/The Dresden Codex – and how to read it before it is too late,The-Dresden-Codex.pdf,51302931,UNIQUE_CANDIDATE,,OPEN,,,NO_EXACT_NAME_SIZE_PEER
drive:file:1rdVvMDaC3wW9RRJwJSQ1mZ6g2tea7aZB,1rdVvMDaC3wW9RRJwJSQ1mZ6g2tea7aZB,Ancient Religions/Trishasti Shalaka Purusa Caritr,Trishasti-Shalaka-Purusa-Caritra-6.pdf,24643264,UNIQUE_CANDIDATE,,OPEN,,,NO_EXACT_NAME_SIZE_PEER
drive:file:1Y1cbbyXHqyAFVthHsMtA19-bpyjzmcgG,1Y1cbbyXHqyAFVthHsMtA19-bpyjzmcgG,Ancient Religions/Trishasti Shalaka Purusa Caritr,Trishasti-Shalaka-Purusa-Caritra-5.pdf,15751915,UNIQUE_CANDIDATE,,OPEN,,,NO_EXACT_NAME_SIZE_PEER
drive:file:1q8sOLPBKjWrzL-Ge1pnu309KvPejoFY0,1q8sOLPBKjWrzL-Ge1pnu309KvPejoFY0,Ancient Religions/Trishasti Shalaka Purusa Caritr,Trishasti-Shalaka-Purusa-Caritra-4.pdf,13840361,UNIQUE_CANDIDATE,,OPEN,,,NO_EXACT_NAME_SIZE_PEER
drive:file:1tGJ7VtbnIJbcM2IPFYrXeqj7F4e4TU65,1tGJ7VtbnIJbcM2IPFYrXeqj7F4e4TU65,Ancient Religions/Trishasti Shalaka Purusa Caritr,Trishasti-Shalaka-Purusa-Caritra-3.pdf,13942175,UNIQUE_CANDIDATE,,OPEN,,,NO_EXACT_NAME_SIZE_PEER
drive:file:1Of3BKPM3m05KdVlwEuBszD2TVp8WyeRN,1Of3BKPM3m05KdVlwEuBszD2TVp8WyeRN,Ancient Religions/Trishasti Shalaka Purusa Caritr,Trishasti-Shalaka-Purusa-Caritra-2.pdf,13123296,UNIQUE_CANDIDATE,,OPEN,,,NO_EXACT_NAME_SIZE_PEER
drive:file:1w0yZKtvE5f_ftc_41Uv43GWttdx5vt57,1w0yZKtvE5f_ftc_41Uv43GWttdx5vt57,Ancient Religions/Trishasti Shalaka Purusa Caritr,The-Gurdjieff-Movements.pdf,13124365,UNIQUE_CANDIDATE,,OPEN,,,NO_EXACT_NAME_SIZE_PEER
drive:file:1MSAAwzzDj9slXCYwjoL5G7DH0McrnsnU,1MSAAwzzDj9slXCYwjoL5G7DH0McrnsnU,Buddhism,Teachings from Tibet.pdf,0,TECHNICAL_EXCLUSION,,CLOSED,,,ZERO_BYTE
drive:file:1EGAeBvL-n9NTqdCfLooZXuCYG3RhU35K,1EGAeBvL-n9NTqdCfLooZXuCYG3RhU35K,Buddhism,Henepola Gunaratana - The Jhanas.pdf,69632,UNIQUE_CANDIDATE,,OPEN,,,NO_EXACT_NAME_SIZE_PEER
drive:file:1xh7Xb0UdH_yme_Q8wOpZRwW7LKvjOxPm,1xh7Xb0UdH_yme_Q8wOpZRwW7LKvjOxPm,Buddhism,Mastering-the-Core-Teachings-of-the-Buddha-1.pdf-version-Revised-2008-version1.pdf,1428230,UNIQUE_CANDIDATE,,OPEN,,,NO_EXACT_NAME_SIZE_PEER
drive:file:12By3omsKHkMVgvRJdGijSpsDgpKfxCeY,12By3omsKHkMVgvRJdGijSpsDgpKfxCeY,Buddhism,Illuminating-the-Excellent-Path-to-Omniscience.pdf,202643,UNIQUE_CANDIDATE,,OPEN,,,NO_EXACT_NAME_SIZE_PEER
drive:file:1DVUuwwVxnQuCAV_9DT-GvDW-ySY6p_Ol,1DVUuwwVxnQuCAV_9DT-GvDW-ySY6p_Ol,Buddhism,Jamyang-Khyentse-Wangpo-the-Great-1820-92.pdf,112930,REVIEW_REQUIRED,DUP-92311C59626E,OPEN,,,EXACT_NAME_SIZE_CANDIDATE_ONLY
drive:file:1YP2ta6177SS5HaAF5a207v2NVqgvpMpo,1YP2ta6177SS5HaAF5a207v2NVqgvpMpo,Buddhism,Good-Question-Good-Answer.pdf,432089,UNIQUE_CANDIDATE,,OPEN,,,NO_EXACT_NAME_SIZE_PEER
drive:file:1mjfRuGjlAfScikmJ3HrF64L4f435LtAM,1mjfRuGjlAfScikmJ3HrF64L4f435LtAM,Buddhism,Buddhism-The-Noble-Eightfold-Path-to-End-Suffering.pdf,1215685,UNIQUE_CANDIDATE,,OPEN,,,NO_EXACT_NAME_SIZE_PEER
drive:file:1hYGIAJPXrM5SX-e5hC2kcldLFtYs3zBO,1hYGIAJPXrM5SX-e5hC2kcldLFtYs3zBO,Buddhism,The-Eightfold-Path-for-the-Householder.pdf,1161934,UNIQUE_CANDIDATE,,OPEN,,,NO_EXACT_NAME_SIZE_PEER
drive:file:195Qc6wQGAi1wt4TpqtE7gejV2q-YSPYc,195Qc6wQGAi1wt4TpqtE7gejV2q-YSPYc,Buddhism,Buddhadasa-Buddhas-Doctrine-Of-Anatta.pdf,18011327,UNIQUE_CANDIDATE,,OPEN,,,NO_EXACT_NAME_SIZE_PEER
drive:file:1hykcXmm63wlcloT0uLtLrFIE27NItOtO,1hykcXmm63wlcloT0uLtLrFIE27NItOtO,Buddhism,Fundamentals-of-Buddhism.pdf,284639,UNIQUE_CANDIDATE,,OPEN,,,NO_EXACT_NAME_SIZE_PEER
drive:file:1tZZBIdRDeIPjp-c0Kjd1IE0qZIQRdAx9,1tZZBIdRDeIPjp-c0Kjd1IE0qZIQRdAx9,Buddhism,Seeing-Through-Guide-to-Insight-Meditation.pdf,7363518,UNIQUE_CANDIDATE,,OPEN,,,NO_EXACT_NAME_SIZE_PEER
drive:file:1S7t2neWJ47Mm4zlicWi2q3CA5xEqMhkf,1S7t2neWJ47Mm4zlicWi2q3CA5xEqMhkf,Buddhism,The-Tree-of-Enlightenment.pdf,2160255,UNIQUE_CANDIDATE,,OPEN,,,NO_EXACT_NAME_SIZE_PEER
drive:file:1GjEwv9gEbns3g0VmmMpoD_4BRJo8tyca,1GjEwv9gEbns3g0VmmMpoD_4BRJo8tyca,Buddhism,The-life-of-the-Buddha.pdf,396311,UNIQUE_CANDIDATE,,OPEN,,,NO_EXACT_NAME_SIZE_PEER
drive:file:1i2HwuQHpviYvIh16qTp1vXsh8uxoBHxf,1i2HwuQHpviYvIh16qTp1vXsh8uxoBHxf,Buddhism,Lao-tse-The-Tao-Teh-King.pdf,679220,REVIEW_REQUIRED,DUP-A7FA2AA85304,OPEN,,,EXACT_NAME_SIZE_CANDIDATE_ONLY
drive:file:17b7ulhLjMGirqBaSq_CwVsM7kX5dsrLc,17b7ulhLjMGirqBaSq_CwVsM7kX5dsrLc,Buddhism,Essential-Themes-of-Buddhist-Lectures.pdf,1740575,UNIQUE_CANDIDATE,,OPEN,,,NO_EXACT_NAME_SIZE_PEER
drive:file:1iEwVNNJu-GrAiSJ6imXex0Yp-5WidqaQ,1iEwVNNJu-GrAiSJ6imXex0Yp-5WidqaQ,Buddhism,Read-the-Mind.pdf,986024,UNIQUE_CANDIDATE,,OPEN,,,NO_EXACT_NAME_SIZE_PEER
drive:file:1kEhoE5KUTnt7y8ZwHqHIHiOtTp2y_Dsi,1kEhoE5KUTnt7y8ZwHqHIHiOtTp2y_Dsi,Buddhism,Beyond-No-Self-Nirmala.pdf,152274,UNIQUE_CANDIDATE,,OPEN,,,NO_EXACT_NAME_SIZE_PEER
drive:file:1IAud85BgGlKJ83lP5wx6P2ZUCU4U4iLy,1IAud85BgGlKJ83lP5wx6P2ZUCU4U4iLy,Buddhism,Dhammapada-Stories-by-Gambhiro-Bikkhu.pdf,2831428,UNIQUE_CANDIDATE,,OPEN,,,NO_EXACT_NAME_SIZE_PEER
drive:file:1yNkxTT3Youn7ZQ_L3FIPmiKjtK_RVlwe,1yNkxTT3Youn7ZQ_L3FIPmiKjtK_RVlwe,Buddhism,Vimalakirti-Nirdesa-Sutra.pdf,330757,UNIQUE_CANDIDATE,,OPEN,,,NO_EXACT_NAME_SIZE_PEER
drive:file:1RAuuJAwB5wNDu3FSHMTSTFiwaLEhpbBY,1RAuuJAwB5wNDu3FSHMTSTFiwaLEhpbBY,Buddhism,A-Tree-in-the-Forest-Ebook1.pdf,1495929,UNIQUE_CANDIDATE,,OPEN,,,NO_EXACT_NAME_SIZE_PEER
drive:file:1qO3Z-HksAVFa4M_8BbeincmhR1CkmO4s,1qO3Z-HksAVFa4M_8BbeincmhR1CkmO4s,Buddhism,The-Seekers-Glossary-of-Buddhism-A-Dictionary-Encyclopedia-of-Buddhism.pdf,4881080,UNIQUE_CANDIDATE,,OPEN,,,NO_EXACT_NAME_SIZE_PEER
drive:file:1d3ews2p-cAGcEadTyj6p8E_IdBBiRypU,1d3ews2p-cAGcEadTyj6p8E_IdBBiRypU,Buddhism,Dharma-Mind-Worldly-Mind.pdf,701060,UNIQUE_CANDIDATE,,OPEN,,,NO_EXACT_NAME_SIZE_PEER
drive:file:14QMjaIgGFMPINBTh69MBC66-ynxz-2Xz,14QMjaIgGFMPINBTh69MBC66-ynxz-2Xz,Buddhism,Guide-to-Vipassana.pdf,271241,UNIQUE_CANDIDATE,,OPEN,,,NO_EXACT_NAME_SIZE_PEER
drive:file:1sM0nKwSqxoA_iGHKsk80QaLOqx2pOgKO,1sM0nKwSqxoA_iGHKsk80QaLOqx2pOgKO,Buddhism,Mindfulness-in-plain-English.pdf,653118,UNIQUE_CANDIDATE,,OPEN,,,NO_EXACT_NAME_SIZE_PEER
drive:file:1hCkSSEtguq_ZjGmsyjHKk9O3ZVtyZ8In,1hCkSSEtguq_ZjGmsyjHKk9O3ZVtyZ8In,Buddhism,Vimalakirti-Nirdesa-Sutra1.pdf,330757,UNIQUE_CANDIDATE,,OPEN,,,NO_EXACT_NAME_SIZE_PEER
drive:file:1Zyz5JBS7D_LDQxZrDWHz7m4XT5-MvAZ1,1Zyz5JBS7D_LDQxZrDWHz7m4XT5-MvAZ1,Buddhism,The-Buddhist-Way.pdf,752068,UNIQUE_CANDIDATE,,OPEN,,,NO_EXACT_NAME_SIZE_PEER
drive:file:1WMC5uwiIS6hde8b0NE4wSibEh24Wzxmz,1WMC5uwiIS6hde8b0NE4wSibEh24Wzxmz,Buddhism,A-Guide-to-Japanese-Buddhism.pdf,3744131,UNIQUE_CANDIDATE,,OPEN,,,NO_EXACT_NAME_SIZE_PEER
drive:file:10EhMTevS8kh0kolOSUnjNbvMWrPe6ePG,10EhMTevS8kh0kolOSUnjNbvMWrPe6ePG,Buddhism,The-Future-is-Now-Krishnamurti.pdf,579355,UNIQUE_CANDIDATE,,OPEN,,,NO_EXACT_NAME_SIZE_PEER
drive:file:1-l4I7_PV10KKfPIDeS-zajmgDg2hg5zZ,1-l4I7_PV10KKfPIDeS-zajmgDg2hg5zZ,Buddhism,The-Religion-of-the-Samurai-free-ebook.pdf,934592,UNIQUE_CANDIDATE,,OPEN,,,NO_EXACT_NAME_SIZE_PEER
drive:file:1MM3l_NHkvlhfcSC5PJ3jgwXxbG8WqDhx,1MM3l_NHkvlhfcSC5PJ3jgwXxbG8WqDhx,Buddhism,Freeing-the-Heart-Dhamma-Teachings.pdf,581240,UNIQUE_CANDIDATE,,OPEN,,,NO_EXACT_NAME_SIZE_PEER
drive:file:1EIN5KDL8cEIK-ix-6ASoJftkOUZwPrpK,1EIN5KDL8cEIK-ix-6ASoJftkOUZwPrpK,Buddhism,Tantra-and-its-Misconceptions.pdf,198542,UNIQUE_CANDIDATE,,OPEN,,,NO_EXACT_NAME_SIZE_PEER
drive:file:1judekxkDVSDKndCc1e1hGPp8RO-psDgx,1judekxkDVSDKndCc1e1hGPp8RO-psDgx,Buddhism,Fundamentals-of-Chan-Meditation-Practice.pdf,624093,UNIQUE_CANDIDATE,,OPEN,,,NO_EXACT_NAME_SIZE_PEER
drive:file:1xOThWWxfST8IS1vzsfuggkzwHAgurm0z,1xOThWWxfST8IS1vzsfuggkzwHAgurm0z,Buddhism,The-book-on-the-taboo-against-knowing-who-you-are-by-Alan-Watts.pdf,385315,UNIQUE_CANDIDATE,,OPEN,,,NO_EXACT_NAME_SIZE_PEER
drive:file:1CCvl19q-ouuwKlPtvWTctCm3uOMKzDk2,1CCvl19q-ouuwKlPtvWTctCm3uOMKzDk2,Buddhism,Karma-Yoga-by-Swami-Vivekananda.pdf,247519,UNIQUE_CANDIDATE,,OPEN,,,NO_EXACT_NAME_SIZE_PEER
drive:file:1de4gLTefI03CqAi1BHWnW6abs8voy-SE,1de4gLTefI03CqAi1BHWnW6abs8voy-SE,Buddhism,Manual-of-Zen-Buddhism.pdf,858837,UNIQUE_CANDIDATE,,OPEN,,,NO_EXACT_NAME_SIZE_PEER
drive:file:1Nxi58aiItv9HnLyVnn2Lbr44FVv2qzVl,1Nxi58aiItv9HnLyVnn2Lbr44FVv2qzVl,Buddhism,The-Book-of-Five-Rings-by-Musashi-Miyamoto.pdf,271385,REVIEW_REQUIRED,DUP-7B38A1818EAC,OPEN,,,EXACT_NAME_SIZE_CANDIDATE_ONLY
drive:file:1VpUB0SllNW6WH13cJX-SwHcFN8LH5u3C,1VpUB0SllNW6WH13cJX-SwHcFN8LH5u3C,Buddhism,Pure-Land-Zen-Zen-Pure-land.pdf,812625,UNIQUE_CANDIDATE,,OPEN,,,NO_EXACT_NAME_SIZE_PEER
drive:file:1D_2YL6lzn8zkuGWCvK-PTVs20NYNEV0E,1D_2YL6lzn8zkuGWCvK-PTVs20NYNEV0E,Buddhism,The-Essential-Yoga-Sutras.pdf,525885,UNIQUE_CANDIDATE,,OPEN,,,NO_EXACT_NAME_SIZE_PEER
drive:file:1uEEb92zRkj3jYnvt04d4i8WAn2WT3PxD,1uEEb92zRkj3jYnvt04d4i8WAn2WT3PxD,Buddhism,A-Collection-Of-Studies-On-The-Tibetan-Bon-Tradition.pdf,812083,REVIEW_REQUIRED,DUP-5F2DA1FE6F46,OPEN,,,EXACT_NAME_SIZE_CANDIDATE_ONLY
drive:file:13bZBwy2u_e5fL33tAaklsierPLLgAUqc,13bZBwy2u_e5fL33tAaklsierPLLgAUqc,Buddhism,A-survey-of-the-Paths-of-Tibetan-Buddhism-by-Dalai-Lama.pdf,885497,UNIQUE_CANDIDATE,,OPEN,,,NO_EXACT_NAME_SIZE_PEER
drive:file:1pONbHF6jusVc72vyMic-bpi0-8T7aXyC,1pONbHF6jusVc72vyMic-bpi0-8T7aXyC,Buddhism,Guide-To-Advanced-Yoga-Techniques.pdf,1624345,UNIQUE_CANDIDATE,,OPEN,,,NO_EXACT_NAME_SIZE_PEER
drive:file:12sRtV2ofHJjES5NpiFIGXO7NT45y4i6g,12sRtV2ofHJjES5NpiFIGXO7NT45y4i6g,Buddhism,The-Tibetan-Book-of-the-Great-Liberation-Padma-Sambhava.pdf,1057617,UNIQUE_CANDIDATE,,OPEN,,,NO_EXACT_NAME_SIZE_PEER
drive:file:1WhQWJ0-l4xunQ_Hejj00F03LLs_YZgnq,1WhQWJ0-l4xunQ_Hejj00F03LLs_YZgnq,Buddhism,Commentary-on-Ngöndro-Practice-according-to-The-New-Treasure-of-Dudjom.pdf,912887,REVIEW_REQUIRED,DUP-E2A07F8C13B6,OPEN,,,EXACT_NAME_SIZE_CANDIDATE_ONLY
drive:file:1rOIWLLBgpP1AfLXSV5gZ6Dyw5jKR4mKV,1rOIWLLBgpP1AfLXSV5gZ6Dyw5jKR4mKV,Buddhism,Chod-teachings-Garchen-Rinpoche.pdf,291713,UNIQUE_CANDIDATE,,OPEN,,,NO_EXACT_NAME_SIZE_PEER
drive:file:1jwG2wt6Mdv8T-ciyk-rAhEyvzcrGpbr0,1jwG2wt6Mdv8T-ciyk-rAhEyvzcrGpbr0,Buddhism,The-Gates-of-Chan-Buddhism.pdf,440266,UNIQUE_CANDIDATE,,OPEN,,,NO_EXACT_NAME_SIZE_PEER
drive:file:1rD_STAMgHviCPqSsYN4eoHNrHZMq0Xo-,1rD_STAMgHviCPqSsYN4eoHNrHZMq0Xo-,Buddhism,The-Blazing-Lights-of-the-Sun-and-Moon.pdf,468826,UNIQUE_CANDIDATE,,OPEN,,,NO_EXACT_NAME_SIZE_PEER
drive:file:1UfwwkH7L19Yy6HXE-DH0VfDYni6b-lPv,1UfwwkH7L19Yy6HXE-DH0VfDYni6b-lPv,Buddhism,Kundalini-and-Yantra.pdf,5253779,REVIEW_REQUIRED,DUP-41465D270FC1,OPEN,,,EXACT_NAME_SIZE_CANDIDATE_ONLY
drive:file:1VDnEeevycxM15Bv8FHTjcERjcMaZwhrr,1VDnEeevycxM15Bv8FHTjcERjcMaZwhrr,Buddhism,Kadampa-Teachings-by-Lama-Zopa-Rinpoche.pdf,11102063,UNIQUE_CANDIDATE,,OPEN,,,NO_EXACT_NAME_SIZE_PEER
drive:file:1CVYtQSaN9p6_FrdcKvzRLIsPwG5_saqd,1CVYtQSaN9p6_FrdcKvzRLIsPwG5_saqd,Buddhism,Transforming-Problems-Into-the-Dharma-Path.pdf,823033,UNIQUE_CANDIDATE,,OPEN,,,NO_EXACT_NAME_SIZE_PEER
drive:file:1hCDxLPv4dlpIzgk7j7v8s8a-fx4X4NCf,1hCDxLPv4dlpIzgk7j7v8s8a-fx4X4NCf,Buddhism,Lamdre-Dawn-of-Enlightenment.pdf,2738970,UNIQUE_CANDIDATE,,OPEN,,,NO_EXACT_NAME_SIZE_PEER
drive:file:1yhx-l714QTiXXTCVzlB09L9V-tdL6n6z,1yhx-l714QTiXXTCVzlB09L9V-tdL6n6z,Buddhism,Empty-Cloud-The-Teachings-Of-Zen-Master-Xu-Yun.pdf,933681,UNIQUE_CANDIDATE,,OPEN,,,NO_EXACT_NAME_SIZE_PEER
drive:file:11FmvRR0iOOUgglrU6GuGPeL5fIfDRFYL,11FmvRR0iOOUgglrU6GuGPeL5fIfDRFYL,Buddhism,Freedom-Through-Understanding-by-Lama-Yeshe-and-Lama-Zopa-Rinpoche.pdf,8738500,UNIQUE_CANDIDATE,,OPEN,,,NO_EXACT_NAME_SIZE_PEER
drive:file:1foIepBjQOAb7nQkv0V9_Ckf4PydGWkDY,1foIepBjQOAb7nQkv0V9_Ckf4PydGWkDY,Buddhism,Practical-Vipassana-Exercises.pdf,185590,UNIQUE_CANDIDATE,,OPEN,,,NO_EXACT_NAME_SIZE_PEER
drive:file:1ld7UwOcoVy4_fUS89o5XsrehsmG_YPCl,1ld7UwOcoVy4_fUS89o5XsrehsmG_YPCl,Buddhism,The-Surangama-Sutra.pdf,2044413,UNIQUE_CANDIDATE,,OPEN,,,NO_EXACT_NAME_SIZE_PEER
drive:file:1KSWWbowY4XM7VLPF7RWlpdxKvcqv21ej,1KSWWbowY4XM7VLPF7RWlpdxKvcqv21ej,Buddhism,The-Doctrine-Of-Paticcasamuppada-By-U-Than-Daing.pdf,2673672,UNIQUE_CANDIDATE,,OPEN,,,NO_EXACT_NAME_SIZE_PEER
drive:file:10TUx-h1sQIt4-5D3F-18tkNLXCV4NZXg,10TUx-h1sQIt4-5D3F-18tkNLXCV4NZXg,Buddhism,Mahasi-Sayadaw-TheSatipatthanaVipassanaMeditation.pdf,4806551,UNIQUE_CANDIDATE,,OPEN,,,NO_EXACT_NAME_SIZE_PEER
drive:file:1T5yOLt6nkjYI4oLhU1xb7wfrRq0y-53f,1T5yOLt6nkjYI4oLhU1xb7wfrRq0y-53f,Buddhism,Realization-Of-The-Dhamma-by-Dr-U-Dhammapiya.pdf,3094493,UNIQUE_CANDIDATE,,OPEN,,,NO_EXACT_NAME_SIZE_PEER
drive:file:1RJDPs_akKsszcEJITJdr7NhlI-7QMld0,1RJDPs_akKsszcEJITJdr7NhlI-7QMld0,Buddhism,Zen-Culture-by-Thomas-Hoover.pdf,2419564,UNIQUE_CANDIDATE,,OPEN,,,NO_EXACT_NAME_SIZE_PEER
drive:file:1LiWTY6Xc1COb4BWIo7hkFF_31bwjS98O,1LiWTY6Xc1COb4BWIo7hkFF_31bwjS98O,Buddhism,Nibbana-In-Theravada-Perspective-by-Dr-U-Dhammapiya.pdf,2664327,UNIQUE_CANDIDATE,,OPEN,,,NO_EXACT_NAME_SIZE_PEER
drive:file:1qgp2qUSSLJirctC66giSuKD2_j3_gCEK,1qgp2qUSSLJirctC66giSuKD2_j3_gCEK,Buddhism,Teaching-And-Training-At-Pa-Auk-forest-Monestery.pdf,1648017,UNIQUE_CANDIDATE,,OPEN,,,NO_EXACT_NAME_SIZE_PEER
drive:file:16mntrdbK1VAtdmvXBl7KtKwQCoRLgIWt,16mntrdbK1VAtdmvXBl7KtKwQCoRLgIWt,Buddhism,Sixty-Songs-of-Milarepa.pdf,390872,REVIEW_REQUIRED,DUP-93CEB73872A2,OPEN,,,EXACT_NAME_SIZE_CANDIDATE_ONLY
drive:file:1h54D5IK49J74OeOC4WW0LPrGOPmh2qee,1h54D5IK49J74OeOC4WW0LPrGOPmh2qee,Buddhism,Buddhism-Handbook-1.pdf,6968081,UNIQUE_CANDIDATE,,OPEN,,,NO_EXACT_NAME_SIZE_PEER
drive:file:1Pvszd6WJ1blUEQ4pVLP5c-Cnw-yv7-OG,1Pvszd6WJ1blUEQ4pVLP5c-Cnw-yv7-OG,Buddhism,The-Zen-Experience-by-Thomas-Hoover.pdf,2740741,UNIQUE_CANDIDATE,,OPEN,,,NO_EXACT_NAME_SIZE_PEER
drive:file:13Le5nbA0K11zR_qKPefce5e-040RyoQ8,13Le5nbA0K11zR_qKPefce5e-040RyoQ8,Buddhism,BasicPaticcasaMuppada-Translated-by-UHlaMyint.pdf,2041508,UNIQUE_CANDIDATE,,OPEN,,,NO_EXACT_NAME_SIZE_PEER
drive:file:1j3epcxtOD5uMVdF873fnPIZa_T1cNCiR,1j3epcxtOD5uMVdF873fnPIZa_T1cNCiR,Buddhism,Anapanasati-Mindfulness-of-Breathing.pdf,1246369,UNIQUE_CANDIDATE,,OPEN,,,NO_EXACT_NAME_SIZE_PEER
drive:file:1YBw3tooR10xP2Adw6DNP06XHuOt0FFuz,1YBw3tooR10xP2Adw6DNP06XHuOt0FFuz,Buddhism,The-Wings-to-Awakening-An-Anthology-from-the-Pali-Canon.pdf,1833568,UNIQUE_CANDIDATE,,OPEN,,,NO_EXACT_NAME_SIZE_PEER
drive:file:1jddYTlbcO1sw5Q86-pC-FORmvIMGQ52g,1jddYTlbcO1sw5Q86-pC-FORmvIMGQ52g,Buddhism,How-To-Die-With-A-Smile.pdf,1164369,UNIQUE_CANDIDATE,,OPEN,,,NO_EXACT_NAME_SIZE_PEER
drive:file:1CuzM2IUagxx8u2htLauxr5TZ-hIBIxpk,1CuzM2IUagxx8u2htLauxr5TZ-hIBIxpk,Buddhism,Shobogenzo-complete.pdf,8882880,UNIQUE_CANDIDATE,,OPEN,,,NO_EXACT_NAME_SIZE_PEER
drive:file:1gE5LZTo2yNbecTGqTdg5iHJHMMASydoF,1gE5LZTo2yNbecTGqTdg5iHJHMMASydoF,Buddhism,Mirror-of-Wisdom.pdf,667209,UNIQUE_CANDIDATE,,OPEN,,,NO_EXACT_NAME_SIZE_PEER
drive:file:1AfFGEf1RYO65PRAA_RZCXwijWGevASAU,1AfFGEf1RYO65PRAA_RZCXwijWGevASAU,Buddhism,The-Diamond-Sutra.pdf,2766263,UNIQUE_CANDIDATE,,OPEN,,,NO_EXACT_NAME_SIZE_PEER
drive:file:1u0E-kNdv9Yz2TbcD40QOkK0NsqSIIJi0,1u0E-kNdv9Yz2TbcD40QOkK0NsqSIIJi0,Buddhism,The-Wisdom-of-Nagarjuna.pdf,1653542,UNIQUE_CANDIDATE,,OPEN,,,NO_EXACT_NAME_SIZE_PEER
drive:file:1y4tSO2pLVP9Y6KtS91jfIH69YNJG8Jh2,1y4tSO2pLVP9Y6KtS91jfIH69YNJG8Jh2,Buddhism,Heart-Diamond-and-Lankavatara-Sutras.pdf,626335,UNIQUE_CANDIDATE,,OPEN,,,NO_EXACT_NAME_SIZE_PEER
drive:file:11Zq7Us0C1T66jCx1e_lB8TOC8dnZYRKv,11Zq7Us0C1T66jCx1e_lB8TOC8dnZYRKv,Buddhism,Selections-form-the-Bonpo-Book-of-the-Dead.pdf,941317,UNIQUE_CANDIDATE,,OPEN,,,NO_EXACT_NAME_SIZE_PEER
drive:file:1qWjN9FOeyrMkWa-lMYmTe510mWCBWNuG,1qWjN9FOeyrMkWa-lMYmTe510mWCBWNuG,Buddhism,The-Manuals-of-Buddhism.pdf,12960454,UNIQUE_CANDIDATE,,OPEN,,,NO_EXACT_NAME_SIZE_PEER
drive:file:1Io4Dc6bQAvRzX7Tq56pDqN-qiHySAPvB,1Io4Dc6bQAvRzX7Tq56pDqN-qiHySAPvB,Buddhism,Meditation-On-Mind-And-Feeling.pdf,2546559,UNIQUE_CANDIDATE,,OPEN,,,NO_EXACT_NAME_SIZE_PEER
drive:file:1HktvKV0HmzJOjbPHa6pgDaaF5tegKm4k,1HktvKV0HmzJOjbPHa6pgDaaF5tegKm4k,Buddhism,Pure-Land-Buddhism-Dialogs-with-Ancient-Masters.pdf,2262051,UNIQUE_CANDIDATE,,OPEN,,,NO_EXACT_NAME_SIZE_PEER
drive:file:1AS0nZK8lXZCFZW039r8ZcgxmMO6xICVO,1AS0nZK8lXZCFZW039r8ZcgxmMO6xICVO,Buddhism,Transmission-and-Enlightenment-in-Chan-Zen-Buddhism.pdf,576592,UNIQUE_CANDIDATE,,OPEN,,,NO_EXACT_NAME_SIZE_PEER
drive:file:1TrTISTwAUqVSkdwQnpSmN6JJcOoMisql,1TrTISTwAUqVSkdwQnpSmN6JJcOoMisql,Buddhism,Engaging-in-Bodhisattva-Behavior-by-Shantideva.pdf,788775,UNIQUE_CANDIDATE,,OPEN,,,NO_EXACT_NAME_SIZE_PEER
drive:file:1bY0_HYE88wLM77oiHDLMZjtxRBl_Crj6,1bY0_HYE88wLM77oiHDLMZjtxRBl_Crj6,Buddhism,The-Real-Way-to-Awakening.pdf,544915,UNIQUE_CANDIDATE,,OPEN,,,NO_EXACT_NAME_SIZE_PEER
drive:file:19f8McAJRmNam4S_sCjFYQDsZa-b5_VGS,19f8McAJRmNam4S_sCjFYQDsZa-b5_VGS,Buddhism,The-Lankavatara-Sutra-A-Mahayana-Text.pdf,1159018,UNIQUE_CANDIDATE,,OPEN,,,NO_EXACT_NAME_SIZE_PEER
drive:file:1ndJMxmMobZhdvlA0G_ohssa7mJTzjoih,1ndJMxmMobZhdvlA0G_ohssa7mJTzjoih,Buddhism,In-the-Spirit-of-Chan-An-Introduction-to-Chan-Buddhism.pdf,116018,UNIQUE_CANDIDATE,,OPEN,,,NO_EXACT_NAME_SIZE_PEER
drive:file:1b2imTE-Zspl7eyI_hKlwhGULjMSM6sjT,1b2imTE-Zspl7eyI_hKlwhGULjMSM6sjT,Buddhism,The-Sutra-of-Recollecting-the-Three-Jewels.pdf,288919,REVIEW_REQUIRED,DUP-5DF5255F51A7,OPEN,,,EXACT_NAME_SIZE_CANDIDATE_ONLY
drive:file:1rMld8_8D0bsXQMka11G_YEAx0DpcW8MV,1rMld8_8D0bsXQMka11G_YEAx0DpcW8MV,Buddhism,The-Manuals-of-Ledi-Dipani.pdf,9955461,UNIQUE_CANDIDATE,,OPEN,,,NO_EXACT_NAME_SIZE_PEER
drive:file:14I8RScWxbroRpQUR0ty0rOkA9pS8134Y,14I8RScWxbroRpQUR0ty0rOkA9pS8134Y,Buddhism,The-Sweet-Dews-of-Chan-Zen.pdf,1628093,UNIQUE_CANDIDATE,,OPEN,,,NO_EXACT_NAME_SIZE_PEER
drive:file:1Wb_Ja-I2rmbtaWETKGg7SngX6krLJ7aO,1Wb_Ja-I2rmbtaWETKGg7SngX6krLJ7aO,Buddhism,The-Seven-Point-Instruction-for-Developing-the-Good-Heart.pdf,102612,UNIQUE_CANDIDATE,,OPEN,,,NO_EXACT_NAME_SIZE_PEER
drive:file:1LSSIjMWcaFA5iRe5f1qymehHcEn25Hmm,1LSSIjMWcaFA5iRe5f1qymehHcEn25Hmm,Buddhism,Bag-of-Bones-A-Miscellany-on-the-Body.pdf,551948,UNIQUE_CANDIDATE,,OPEN,,,NO_EXACT_NAME_SIZE_PEER
drive:file:1ieTwBN0WQbKI4ooMTzoR1HQFzAsHjq0W,1ieTwBN0WQbKI4ooMTzoR1HQFzAsHjq0W,Buddhism,Natures-Finer-Forces-The-Science-of-Breath-Rama-Prasad.pdf,391712,REVIEW_REQUIRED,DUP-739D81E4FA16,OPEN,,,EXACT_NAME_SIZE_CANDIDATE_ONLY
drive:file:1cvNaQlaIysdsjT2Bu2CrTRryiv8O9KLo,1cvNaQlaIysdsjT2Bu2CrTRryiv8O9KLo,Buddhism,Mae-Chee-Kaew-Her-Journey-to-Spiritual-Awakening-Enlightenment.pdf,2776582,REVIEW_REQUIRED,DUP-8791B37F7B44,OPEN,,,EXACT_NAME_SIZE_CANDIDATE_ONLY
drive:file:1fckxx7yHE08r1-GPZKB3kMsYXenqy65W,1fckxx7yHE08r1-GPZKB3kMsYXenqy65W,Buddhism,Secret-of-the-Golden-Flower.pdf,386367,REVIEW_REQUIRED,DUP-7287D8AD145D,OPEN,,,EXACT_NAME_SIZE_CANDIDATE_ONLY
drive:file:1S9sRwSL2tI3CgZUvK4QEF2AzW-OqW8Xl,1S9sRwSL2tI3CgZUvK4QEF2AzW-OqW8Xl,Buddhism,Amata-Dhamma-Six-Talks-on-Dhamma.pdf,656877,UNIQUE_CANDIDATE,,OPEN,,,NO_EXACT_NAME_SIZE_PEER
drive:file:1Ss2ifazkp6fpbboFF4rIIVnYbyDq2_qZ,1Ss2ifazkp6fpbboFF4rIIVnYbyDq2_qZ,Buddhism,How-to-Practice-the-Buddhadharma.pdf,1063927,UNIQUE_CANDIDATE,,OPEN,,,NO_EXACT_NAME_SIZE_PEER
drive:file:1hkgE-5DkyjRNlL3mf2xBaKo2cbGbsCk0,1hkgE-5DkyjRNlL3mf2xBaKo2cbGbsCk0,Buddhism,The-Janas.pdf,149293,UNIQUE_CANDIDATE,,OPEN,,,NO_EXACT_NAME_SIZE_PEER
drive:file:1sm6v9VQQMznefusOcFOJQK6z67CGbBih,1sm6v9VQQMznefusOcFOJQK6z67CGbBih,Buddhism,Teachings-From-Tibet-Guidance-from-great-Lamas.pdf,1439975,UNIQUE_CANDIDATE,,OPEN,,,NO_EXACT_NAME_SIZE_PEER
drive:file:1atAAvzJW_v04YQjpZibJQdOGOR4MedyI,1atAAvzJW_v04YQjpZibJQdOGOR4MedyI,Buddhism,The-Life-of-Buddha-Ebook.pdf,800154,REVIEW_REQUIRED,DUP-2D796B63ED1C,OPEN,,,EXACT_NAME_SIZE_CANDIDATE_ONLY
drive:file:1pA8NXXST77qDTZPloFs_dlzN5pmT1cLG,1pA8NXXST77qDTZPloFs_dlzN5pmT1cLG,Buddhism,Luang_Por_Liem-Walking_with_Awareness.pdf,3740354,UNIQUE_CANDIDATE,,OPEN,,,NO_EXACT_NAME_SIZE_PEER
drive:file:1sXdaty6rDLuu8oZerDLq43NpP627DqX8,1sXdaty6rDLuu8oZerDLq43NpP627DqX8,Buddhism,Nanavira_Thera-Clearing_the_Path.pdf,3613019,UNIQUE_CANDIDATE,,OPEN,,,NO_EXACT_NAME_SIZE_PEER
drive:file:1f6OzKdGIh7919Wpsp8jcwzImO8CpimBC,1f6OzKdGIh7919Wpsp8jcwzImO8CpimBC,Buddhism,Forest-Dhamma.pdf,902722,UNIQUE_CANDIDATE,,OPEN,,,NO_EXACT_NAME_SIZE_PEER
drive:file:1lGkj8MvxJQSGatwnTry4XVgmm12IP6UL,1lGkj8MvxJQSGatwnTry4XVgmm12IP6UL,Buddhism,Unexpected-Freedom-by-Ajahn-Munindo.pdf,4511100,UNIQUE_CANDIDATE,,OPEN,,,NO_EXACT_NAME_SIZE_PEER
drive:file:1o0mHG64VSHGfmtDbNHl9Dr4VUY5faNm2,1o0mHG64VSHGfmtDbNHl9Dr4VUY5faNm2,Buddhism,G.-Gurdjieffs-Institure-for-the-Harmonious-Development-of-Man.pdf,170302,REVIEW_REQUIRED,DUP-64C4B08AE08D,OPEN,,,EXACT_NAME_SIZE_CANDIDATE_ONLY
drive:file:1BkEUehFo9q0P4FdkY6ViB2NyqXNaJm5b,1BkEUehFo9q0P4FdkY6ViB2NyqXNaJm5b,Buddhism,The-Perfections-Leading-to-Enlightenment-by-Sujin-Boriharnwanaket.pdf,881760,UNIQUE_CANDIDATE,,OPEN,,,NO_EXACT_NAME_SIZE_PEER
drive:file:1bZW_iDC0TNesp50yCBJhV4bnszDoeXwy,1bZW_iDC0TNesp50yCBJhV4bnszDoeXwy,Buddhism,The-Seven-Stages-of-Purification-and-The-Insight-Knowledges.pdf,445089,UNIQUE_CANDIDATE,,OPEN,,,NO_EXACT_NAME_SIZE_PEER
drive:file:1fgx4UL1_hsZOUkUkE9tp1AiAtKayaGL6,1fgx4UL1_hsZOUkUkE9tp1AiAtKayaGL6,Buddhism,Zen-Master-Ejo-Absorption-in-the-Treasury-of-Light.pdf,41984,UNIQUE_CANDIDATE,,OPEN,,,NO_EXACT_NAME_SIZE_PEER
drive:file:1qBXctO-ZifAjqhRc_taJw8Xu3nS1ROxQ,1qBXctO-ZifAjqhRc_taJw8Xu3nS1ROxQ,Buddhism,Developing-Balanced-Sensitivity-Practical-Buddhism-Tibetan-Tantra.pdf,1624564,UNIQUE_CANDIDATE,,OPEN,,,NO_EXACT_NAME_SIZE_PEER
drive:file:111GMLCiToT3gPGEHHRho_FDKkODNTnJa,111GMLCiToT3gPGEHHRho_FDKkODNTnJa,Buddhism,Life-of-inner-Quality-by-Maha-Boowa.pdf,3684235,UNIQUE_CANDIDATE,,OPEN,,,NO_EXACT_NAME_SIZE_PEER
drive:file:1Yv1rsjuQ7bMoiifqe8gm8m5wFvaLGWDR,1Yv1rsjuQ7bMoiifqe8gm8m5wFvaLGWDR,Buddhism,How-things-Exist-Teachings-on-Emptiness-by-Lama-Zope-Rinpoche.pdf,729126,UNIQUE_CANDIDATE,,OPEN,,,NO_EXACT_NAME_SIZE_PEER
drive:file:1VWJ56PxHoOqOpIfmfOIqMf7ibdr1VxGP,1VWJ56PxHoOqOpIfmfOIqMf7ibdr1VxGP,Buddhism,Ajahn-Amaro-Ajahn-Passano-The-Island.pdf,2176948,UNIQUE_CANDIDATE,,OPEN,,,NO_EXACT_NAME_SIZE_PEER
drive:file:12g8Bp2W63LCrkvHH3pbJoAg6uDhVKQtN,12g8Bp2W63LCrkvHH3pbJoAg6uDhVKQtN,Buddhism,The-Requisities-of-Enlightenment.pdf,485103,UNIQUE_CANDIDATE,,OPEN,,,NO_EXACT_NAME_SIZE_PEER
drive:file:1T8FCCIeo3Jw8RAMwccSKjoooCI6fWy98,1T8FCCIeo3Jw8RAMwccSKjoooCI6fWy98,Buddhism,Strong-Roots.pdf,3960397,UNIQUE_CANDIDATE,,OPEN,,,NO_EXACT_NAME_SIZE_PEER
drive:file:1Bu7L3l7u_mJMtBmo0sn_8E9xU8iMskcT,1Bu7L3l7u_mJMtBmo0sn_8E9xU8iMskcT,Buddhism,Pressing-Out-Pure-Honey.pdf,1192366,UNIQUE_CANDIDATE,,OPEN,,,NO_EXACT_NAME_SIZE_PEER
drive:file:1caYKJ_qUVE242yUd8mHwENBgW24VM9Jn,1caYKJ_qUVE242yUd8mHwENBgW24VM9Jn,Buddhism,An-Unentangled-Knowing-Lessons-in-Training-the-Mind.pdf,502646,UNIQUE_CANDIDATE,,OPEN,,,NO_EXACT_NAME_SIZE_PEER
drive:file:1anBwqTtcsjCPsryeul7oA5TImzpwE81h,1anBwqTtcsjCPsryeul7oA5TImzpwE81h,Buddhism,Simply-This-Moment.pdf,1805816,UNIQUE_CANDIDATE,,OPEN,,,NO_EXACT_NAME_SIZE_PEER
drive:file:1VjsJxn7YgrEVz499qoA8L9ta_Yl99Ouv,1VjsJxn7YgrEVz499qoA8L9ta_Yl99Ouv,Buddhism,The-Mind-Like-Fire-Unbound.pdf,399210,UNIQUE_CANDIDATE,,OPEN,,,NO_EXACT_NAME_SIZE_PEER
drive:file:1g2-r7haXbHULnpBARQriWbgRVP8Y9kFA,1g2-r7haXbHULnpBARQriWbgRVP8Y9kFA,Buddhism,Itivuttaka.pdf,342092,UNIQUE_CANDIDATE,,OPEN,,,NO_EXACT_NAME_SIZE_PEER
drive:file:1qRc5QLqTc36uPjqYo_DBW_a-guXg-dpF,1qRc5QLqTc36uPjqYo_DBW_a-guXg-dpF,Buddhism,The-wishfulfilling-golden-sun-of-the-mahayana-thought-training.pdf,1999207,UNIQUE_CANDIDATE,,OPEN,,,NO_EXACT_NAME_SIZE_PEER
drive:file:1HrNsPSQEu_3RedI9SsLPGnVHVquqoLkn,1HrNsPSQEu_3RedI9SsLPGnVHVquqoLkn,Buddhism,Make-Your-Mind-an-Ocean.pdf,459338,UNIQUE_CANDIDATE,,OPEN,,,NO_EXACT_NAME_SIZE_PEER
drive:file:1TauG3vnJ_JhbSTs61ycbeIhOmut5xcRu,1TauG3vnJ_JhbSTs61ycbeIhOmut5xcRu,Buddhism,The-Yellow-Book.pdf,73643,UNIQUE_CANDIDATE,,OPEN,,,NO_EXACT_NAME_SIZE_PEER
drive:file:1BCzXqSItddasqYzaWyvb1lxSjzzK6r_O,1BCzXqSItddasqYzaWyvb1lxSjzzK6r_O,Buddhism,Virtue-and-Reality-by-Lama-Zopa-Rinpoche.pdf,4879831,UNIQUE_CANDIDATE,,OPEN,,,NO_EXACT_NAME_SIZE_PEER
drive:file:1rbSiVfy-2OwW8ryft_MUoNmvJzVB_Xna,1rbSiVfy-2OwW8ryft_MUoNmvJzVB_Xna,Buddhism,Guide-through-the-Abhidhamma-Pitaka.pdf,867063,UNIQUE_CANDIDATE,,OPEN,,,NO_EXACT_NAME_SIZE_PEER
drive:file:1zEoHfzPmGEraRfEpZZ2V_q25rElFE0gF,1zEoHfzPmGEraRfEpZZ2V_q25rElFE0gF,Buddhism,The-Direct-and-Unmistaken-Method.pdf,119808,UNIQUE_CANDIDATE,,OPEN,,,NO_EXACT_NAME_SIZE_PEER
drive:file:17llHebm-lOqUuOnw-Du0eMFXNx7slERv,17llHebm-lOqUuOnw-Du0eMFXNx7slERv,Buddhism,Wisdom-and-the-seventy-three-kinds-of-mundane-and-supramundane-knowledge.pdf,887490,UNIQUE_CANDIDATE,,OPEN,,,NO_EXACT_NAME_SIZE_PEER
drive:file:1BJcnL_SOjk8lllAV43LtIC6XHqJ5TITg,1BJcnL_SOjk8lllAV43LtIC6XHqJ5TITg,Buddhism,The-31-Planes-of-Existence.pdf,1756830,UNIQUE_CANDIDATE,,OPEN,,,NO_EXACT_NAME_SIZE_PEER
drive:file:1Solmwy-KyITnlxO0tPFvdWKLtyYSTUuB,1Solmwy-KyITnlxO0tPFvdWKLtyYSTUuB,Buddhism,Living-Nonduality.pdf,2126700,REVIEW_REQUIRED,DUP-2FE859FAFFF2,OPEN,,,EXACT_NAME_SIZE_CANDIDATE_ONLY
drive:file:1p1JWAKEVuanu4ft3fCbLY3Jf7l32w2mM,1p1JWAKEVuanu4ft3fCbLY3Jf7l32w2mM,Buddhism,Sotapattimagga-The-Path-of-the-Sotapanna.pdf,897171,UNIQUE_CANDIDATE,,OPEN,,,NO_EXACT_NAME_SIZE_PEER
drive:file:1QIGCXxUYCbvbdQb6J7iZ30U12Lf2unU-,1QIGCXxUYCbvbdQb6J7iZ30U12Lf2unU-,Buddhism,Map-of-the-Journey.pdf,1481713,UNIQUE_CANDIDATE,,OPEN,,,NO_EXACT_NAME_SIZE_PEER
drive:file:1UQW9wmINlkQt6MXWkK-BiP-NJoHexO5Z,1UQW9wmINlkQt6MXWkK-BiP-NJoHexO5Z,Buddhism,Universal-Love-The-Yoga-Method-of-Buddha-Maitreya-by-Lama-Yeshe.pdf,3785303,UNIQUE_CANDIDATE,,OPEN,,,NO_EXACT_NAME_SIZE_PEER
drive:file:1QI7xkN5-NHwPK5_NLgqHi4xXgLWPmov8,1QI7xkN5-NHwPK5_NLgqHi4xXgLWPmov8,Buddhism,Silavanta-Sutta.pdf,12664168,UNIQUE_CANDIDATE,,OPEN,,,NO_EXACT_NAME_SIZE_PEER
drive:file:1Pgjb8MdCaoG5jAGlysMSxlxmcwg9PjLB,1Pgjb8MdCaoG5jAGlysMSxlxmcwg9PjLB,Buddhism,Illuminting-the-Path-to-Enlightenment-by-Dalai-Lama.pdf,504069,UNIQUE_CANDIDATE,,OPEN,,,NO_EXACT_NAME_SIZE_PEER
drive:file:1HZG3FIMKrn9CBzqA4r3VKqUQgNKD0kbP,1HZG3FIMKrn9CBzqA4r3VKqUQgNKD0kbP,Buddhism,The-Practical-Way-To-Nibbana.pdf,7147173,UNIQUE_CANDIDATE,,OPEN,,,NO_EXACT_NAME_SIZE_PEER
drive:file:1XZrzUgdnyNIgSL02Iw95bh3KA7Fi6-K7,1XZrzUgdnyNIgSL02Iw95bh3KA7Fi6-K7,Buddhism,The-Path-of-Purification.pdf,2942599,UNIQUE_CANDIDATE,,OPEN,,,NO_EXACT_NAME_SIZE_PEER
drive:file:1cX0Q8-yYaUFuUgVcRdEH-bB8B_nfYjTP,1cX0Q8-yYaUFuUgVcRdEH-bB8B_nfYjTP,Buddhism,Fundamentals-of-Vipassana-Meditation.pdf,1421411,UNIQUE_CANDIDATE,,OPEN,,,NO_EXACT_NAME_SIZE_PEER
drive:file:1nq7q6yhS29foVahqv_CVmCZeNm4lzfgi,1nq7q6yhS29foVahqv_CVmCZeNm4lzfgi,Buddhism,A-Manual-of-the-Excellent-Man.pdf,904079,UNIQUE_CANDIDATE,,OPEN,,,NO_EXACT_NAME_SIZE_PEER
drive:file:1-Y4wPunodonYZqY0ZgEqIrDpg0qhKl3E,1-Y4wPunodonYZqY0ZgEqIrDpg0qhKl3E,Buddhism,On-the-Path-to-Freedom.pdf,2316221,UNIQUE_CANDIDATE,,OPEN,,,NO_EXACT_NAME_SIZE_PEER
drive:file:1O-wU1ZYMxsJnX6BarZgtb1b1bvqzGjjD,1O-wU1ZYMxsJnX6BarZgtb1b1bvqzGjjD,Buddhism,The-Meaning-of-Satipatthana.pdf,984315,UNIQUE_CANDIDATE,,OPEN,,,NO_EXACT_NAME_SIZE_PEER
drive:file:1hPnGYO23pc6e9bWxalrimtj1aYipRXqt,1hPnGYO23pc6e9bWxalrimtj1aYipRXqt,Buddhism,Contemplation-of-the-Mind.pdf,601290,UNIQUE_CANDIDATE,,OPEN,,,NO_EXACT_NAME_SIZE_PEER
drive:file:1q0qhiONg4KftJJ3sumLDEU32_Jd2Idlo,1q0qhiONg4KftJJ3sumLDEU32_Jd2Idlo,Buddhism,The-workings-of-kamma.pdf,2112534,UNIQUE_CANDIDATE,,OPEN,,,NO_EXACT_NAME_SIZE_PEER
drive:file:1AmaXyY9Q72UIWe152OLhu1Ggy7QFRTUx,1AmaXyY9Q72UIWe152OLhu1Ggy7QFRTUx,Buddhism,The-Practice-Which-Leads-To-Nibbana.pdf,1154109,UNIQUE_CANDIDATE,,OPEN,,,NO_EXACT_NAME_SIZE_PEER
drive:file:1yOHFjAMwOu1gDZ7s9UIZqJ8K5fNNItB4,1yOHFjAMwOu1gDZ7s9UIZqJ8K5fNNItB4,Buddhism,Forest-Path.pdf,1868290,UNIQUE_CANDIDATE,,OPEN,,,NO_EXACT_NAME_SIZE_PEER
drive:file:11vdKKHnutQvcQNqWkKUCfQzk8E91lxzw,11vdKKHnutQvcQNqWkKUCfQzk8E91lxzw,Buddhism,Everything-isTeaching-Us.pdf,5268383,UNIQUE_CANDIDATE,,OPEN,,,NO_EXACT_NAME_SIZE_PEER
drive:file:16eCT-aUWc7HUFkLvL7Jdv49QCeh7XJAE,16eCT-aUWc7HUFkLvL7Jdv49QCeh7XJAE,Buddhism,Pilgrim-Kamanita-by-Karl-Gjellerup.pdf,29716046,UNIQUE_CANDIDATE,,OPEN,,,NO_EXACT_NAME_SIZE_PEER
drive:file:15Joc9gaHQDZy9cdAxpig3i-xTWv23dOU,15Joc9gaHQDZy9cdAxpig3i-xTWv23dOU,Buddhism,How-To-Develop-Metta.pdf,5945747,UNIQUE_CANDIDATE,,OPEN,,,NO_EXACT_NAME_SIZE_PEER
drive:file:1G3_h6OfZhaDsfvRZvckZdvQ63hIgsY3W,1G3_h6OfZhaDsfvRZvckZdvQ63hIgsY3W,Buddhism,Simple-Teachings-on-Higher-Truths-by-Ajahn-Anan.pdf,421242,UNIQUE_CANDIDATE,,OPEN,,,NO_EXACT_NAME_SIZE_PEER
drive:file:1LqxlSV8tJ-U9gQ_klkQft0wYjlrRyR_g,1LqxlSV8tJ-U9gQ_klkQft0wYjlrRyR_g,Buddhism,The-Venerable-Phra-Acharn-Mun-Bhuridatta-Thera-meditation-master.pdf,1144454,REVIEW_REQUIRED,DUP-FE6C7B729C48,OPEN,,,EXACT_NAME_SIZE_CANDIDATE_ONLY
drive:file:10IPOrwAVLJkhtOQkQ8AhgnzqgeyY5ZTj,10IPOrwAVLJkhtOQkQ8AhgnzqgeyY5ZTj,Buddhism,Buddha-in-Blue-Jean.pdf,357568,UNIQUE_CANDIDATE,,OPEN,,,NO_EXACT_NAME_SIZE_PEER
drive:file:1whFdqd5bj7-0qb-0cyXdm2jv-i23CCHj,1whFdqd5bj7-0qb-0cyXdm2jv-i23CCHj,Buddhism,Rice-Eyes-Enlightenmet-in-Dogens-Kitchen.pdf,126987,UNIQUE_CANDIDATE,,OPEN,,,NO_EXACT_NAME_SIZE_PEER
drive:file:1NlYuNFLKHhYagPjQA1L_TXcvnS1iX-qZ,1NlYuNFLKHhYagPjQA1L_TXcvnS1iX-qZ,Buddhism,An-Analysis-of-the-Abhidhammatthasaogaha.pdf,8170748,UNIQUE_CANDIDATE,,OPEN,,,NO_EXACT_NAME_SIZE_PEER
drive:file:1gxUdFCId7yYUusBgYwpMJxQjTHxDO17r,1gxUdFCId7yYUusBgYwpMJxQjTHxDO17r,Buddhism,Hsin-Hsin-Ming.pdf,2955535,UNIQUE_CANDIDATE,,OPEN,,,NO_EXACT_NAME_SIZE_PEER
drive:file:1z2ZXQWHtrFstcuUrdZFvV-iyO_Ioh6Zf,1z2ZXQWHtrFstcuUrdZFvV-iyO_Ioh6Zf,Buddhism,No-Worries.pdf,963723,UNIQUE_CANDIDATE,,OPEN,,,NO_EXACT_NAME_SIZE_PEER
drive:file:1Tbogv_NCB4hahsw1L1FIScLwgb2MwOHl,1Tbogv_NCB4hahsw1L1FIScLwgb2MwOHl,Buddhism,Green-Dharma.pdf,1220981,UNIQUE_CANDIDATE,,OPEN,,,NO_EXACT_NAME_SIZE_PEER
drive:file:1UZTMFDQf0MD37vd5fR5W5dZKUM0oexA4,1UZTMFDQf0MD37vd5fR5W5dZKUM0oexA4,Buddhism,Sutra-on-the-Original-Vows-the-Attainment-of-Merits-of-Ksitigarbha-Bodhisatta.pdf,241431,UNIQUE_CANDIDATE,,OPEN,,,NO_EXACT_NAME_SIZE_PEER
drive:file:1EPbdRyQvD8nhzGGoXPz-TckhYgSwLy-E,1EPbdRyQvD8nhzGGoXPz-TckhYgSwLy-E,Buddhism,For-the-Stilling-of-Volcanoes.pdf,150591,UNIQUE_CANDIDATE,,OPEN,,,NO_EXACT_NAME_SIZE_PEER
drive:file:1Dc01cTstKHbNi_aXCgipG46MkDW0gc02,1Dc01cTstKHbNi_aXCgipG46MkDW0gc02,Buddhism,The-Life-and-Work-of-Buddhaghosa.pdf,9968586,UNIQUE_CANDIDATE,,OPEN,,,NO_EXACT_NAME_SIZE_PEER
drive:file:1pk_YwRXrXs8LZv1XEDl6Uh1YJ66I5mFa,1pk_YwRXrXs8LZv1XEDl6Uh1YJ66I5mFa,Buddhism,Daily-Purification-A-Short-Vajrasattva-Practice.pdf,415876,UNIQUE_CANDIDATE,,OPEN,,,NO_EXACT_NAME_SIZE_PEER
drive:file:1BmkrEjHfegXqS-FIIt4Pzm0UMNOFRHre,1BmkrEjHfegXqS-FIIt4Pzm0UMNOFRHre,Buddhism,Skill-in-Question-How-the-Buddha-Taught.pdf,2129530,UNIQUE_CANDIDATE,,OPEN,,,NO_EXACT_NAME_SIZE_PEER
drive:file:1yB894v8HqChMjzDB6nmCC17CjF8T3_ne,1yB894v8HqChMjzDB6nmCC17CjF8T3_ne,Buddhism,Shape-of-Suffering.pdf,789099,UNIQUE_CANDIDATE,,OPEN,,,NO_EXACT_NAME_SIZE_PEER
drive:file:1tCrVit2b8mVFtg9SVqV7wfqLCbN8e7uH,1tCrVit2b8mVFtg9SVqV7wfqLCbN8e7uH,Buddhism,selvesnotself.pdf,561068,UNIQUE_CANDIDATE,,OPEN,,,NO_EXACT_NAME_SIZE_PEER
drive:file:1EAN2_5pNDHxrvYNJELR_MOk6Undr8gYB,1EAN2_5pNDHxrvYNJELR_MOk6Undr8gYB,Buddhism,Patanjali-Yoga-Sutras-in-Lingo-The-Liberation-of-Spirit-in-Modern-Metaphors.pdf,384894,UNIQUE_CANDIDATE,,OPEN,,,NO_EXACT_NAME_SIZE_PEER
drive:file:1O62BTdxlqERN0wKi5SeZGpMOzFY00SgP,1O62BTdxlqERN0wKi5SeZGpMOzFY00SgP,Buddhism,Unravelling-the-Mysteries-of-Mind-and-Body-Through-Abhidhamma.pdf,647668,UNIQUE_CANDIDATE,,OPEN,,,NO_EXACT_NAME_SIZE_PEER
drive:file:13pITUk5FC94d1WO7WeoVI-zzSRg09Lsq,13pITUk5FC94d1WO7WeoVI-zzSRg09Lsq,Buddhism,download.html,161379,UNIQUE_CANDIDATE,,OPEN,,,NO_EXACT_NAME_SIZE_PEER
drive:file:1gNWW_j4vdNJSZQ_rBJyHHo3o-mIZbHzu,1gNWW_j4vdNJSZQ_rBJyHHo3o-mIZbHzu,Buddhism,The-Kindness-of-Others.pdf,456522,UNIQUE_CANDIDATE,,OPEN,,,NO_EXACT_NAME_SIZE_PEER
drive:file:1GpyDhtlnrnptK7vQsBjezRk2lrDsNggI,1GpyDhtlnrnptK7vQsBjezRk2lrDsNggI,Buddhism,The-Paradox-of-Becoming.pdf,631519,UNIQUE_CANDIDATE,,OPEN,,,NO_EXACT_NAME_SIZE_PEER
drive:file:1El_YauDouGsVEGsGUYrpeYDGOuzqd2_8,1El_YauDouGsVEGsGUYrpeYDGOuzqd2_8,Buddhism,The-Teachings-of-Ajan-Chah.pdf,3786840,UNIQUE_CANDIDATE,,OPEN,,,NO_EXACT_NAME_SIZE_PEER
drive:file:1F8O5hR2igJmfk-h4ULvy8zPjtlkwqjRF,1F8O5hR2igJmfk-h4ULvy8zPjtlkwqjRF,Buddhism,The-Debate-of-King-Milinda.pdf,667682,UNIQUE_CANDIDATE,,OPEN,,,NO_EXACT_NAME_SIZE_PEER
drive:file:1LawhieOUNZthHtgjBBEn4UV5MQJA1nWx,1LawhieOUNZthHtgjBBEn4UV5MQJA1nWx,Buddhism,Bushido-the-Soul-of-Japan-by-Nitobe-Inazo.pdf,378717,UNIQUE_CANDIDATE,,OPEN,,,NO_EXACT_NAME_SIZE_PEER
drive:file:1WFXnrBtsdet5RyiJsOYktxz4I1LH-pEL,1WFXnrBtsdet5RyiJsOYktxz4I1LH-pEL,Buddhism,Rain_on_the_Nile_web.pdf,4178714,UNIQUE_CANDIDATE,,OPEN,,,NO_EXACT_NAME_SIZE_PEER
drive:file:1w3zOjYQTZfKOEWuNgQX-ykoSbQWYWyEH,1w3zOjYQTZfKOEWuNgQX-ykoSbQWYWyEH,Buddhism,A-Long-Sadhana-of-Vajrayogini.pdf,1316655,UNIQUE_CANDIDATE,,OPEN,,,NO_EXACT_NAME_SIZE_PEER
drive:file:1H2aCl2wKK0YgwHTDZjuSMdaUvaXEIGcv,1H2aCl2wKK0YgwHTDZjuSMdaUvaXEIGcv,Buddhism,Illumination-of-the-Path-to-Freedom-by-the-First-Dalai-Lama.pdf,1089934,UNIQUE_CANDIDATE,,OPEN,,,NO_EXACT_NAME_SIZE_PEER
drive:file:1qAsmHKMRytpkWt_qnVpiVjJnSGDg29pi,1qAsmHKMRytpkWt_qnVpiVjJnSGDg29pi,Buddhism,Seeking-Buddho-by-Ajahn-Anan-Akincano.pdf,636194,UNIQUE_CANDIDATE,,OPEN,,,NO_EXACT_NAME_SIZE_PEER
drive:file:17r9T9z6opv981nNbQygNxtxgHTAghJKg,17r9T9z6opv981nNbQygNxtxgHTAghJKg,Buddhism,Taming-the-Monkey-Mind.pdf,866040,UNIQUE_CANDIDATE,,OPEN,,,NO_EXACT_NAME_SIZE_PEER
drive:file:1-R5ccuJ-hmK_sqZtzrR6g4NjbPkyPtGD,1-R5ccuJ-hmK_sqZtzrR6g4NjbPkyPtGD,Buddhism,Teachings-in-Chinese-Buddhism.pdf,694589,UNIQUE_CANDIDATE,,OPEN,,,NO_EXACT_NAME_SIZE_PEER
drive:file:1wUMaYZnAkXqnsto6T_A4hpZAETofMV7d,1wUMaYZnAkXqnsto6T_A4hpZAETofMV7d,Buddhism,The-Four-Noble-Truths-by-Mogok-Sayadaw.pdf,1605262,UNIQUE_CANDIDATE,,OPEN,,,NO_EXACT_NAME_SIZE_PEER
drive:file:1lvkj3VUdv1EScy5isiO4gotHWVHu-vW4,1lvkj3VUdv1EScy5isiO4gotHWVHu-vW4,Buddhism,Settling-Back-Into-the-Moment.pdf,4431263,UNIQUE_CANDIDATE,,OPEN,,,NO_EXACT_NAME_SIZE_PEER
drive:file:1bDEnj_RZpE5y4QduPbtnBWNOyNDKC7HV,1bDEnj_RZpE5y4QduPbtnBWNOyNDKC7HV,Buddhism,Admirable-Friendship.pdf,5761626,UNIQUE_CANDIDATE,,OPEN,,,NO_EXACT_NAME_SIZE_PEER
drive:file:1MteHYAa7W6lRw90NKgL7wUqZZtpY0SWE,1MteHYAa7W6lRw90NKgL7wUqZZtpY0SWE,Buddhism,Introduction-to-Buddhism-and-the-Practice-of-Zazen.pdf,686080,UNIQUE_CANDIDATE,,OPEN,,,NO_EXACT_NAME_SIZE_PEER
drive:file:16BMGnm79VYR0kMCTSCBb6GEG_qsEuko7,16BMGnm79VYR0kMCTSCBb6GEG_qsEuko7,Buddhism,Rugged-Interdependency.pdf,3807771,UNIQUE_CANDIDATE,,OPEN,,,NO_EXACT_NAME_SIZE_PEER
drive:file:1XaUmG86Svvoyup92F7udKohmRXnvRAuY,1XaUmG86Svvoyup92F7udKohmRXnvRAuY,Buddhism,A-Brief-Overview-of-the-Bardo.pdf,247753,UNIQUE_CANDIDATE,,OPEN,,,NO_EXACT_NAME_SIZE_PEER
drive:file:1ML1Xt_jiCxEL_acMObqkD84hjLHMjuWv,1ML1Xt_jiCxEL_acMObqkD84hjLHMjuWv,Buddhism,Awakening-Presence.pdf,4257756,UNIQUE_CANDIDATE,,OPEN,,,NO_EXACT_NAME_SIZE_PEER
drive:file:1oVVOzOCzK5_AiLuScmnAbNYBCjZ5PQ0H,1oVVOzOCzK5_AiLuScmnAbNYBCjZ5PQ0H,Buddhism,An-Introduction-to-Mahamudra-Meditation.pdf,407558,UNIQUE_CANDIDATE,,OPEN,,,NO_EXACT_NAME_SIZE_PEER
drive:file:1V3s8fVd4Hey4g_eungqr4_hygu1wFTn7,1V3s8fVd4Hey4g_eungqr4_hygu1wFTn7,Buddhism,The-Tibetan-Book-of-the-Dead.pdf,733755,UNIQUE_CANDIDATE,,OPEN,,,NO_EXACT_NAME_SIZE_PEER
drive:file:1aRn6ukIL8C7NqD_d0wlhK_PN95Q52aV0,1aRn6ukIL8C7NqD_d0wlhK_PN95Q52aV0,Buddhism,Straight-From-the-Heart.pdf,3962130,UNIQUE_CANDIDATE,,OPEN,,,NO_EXACT_NAME_SIZE_PEER
drive:file:13oTRMchUBgICfvVpmGbeZ2Vqg1rClKkS,13oTRMchUBgICfvVpmGbeZ2Vqg1rClKkS,Buddhism,Art-of-Attention.pdf,70329,UNIQUE_CANDIDATE,,OPEN,,,NO_EXACT_NAME_SIZE_PEER
drive:file:1fRcitvpJu2rHJIW0F1egVtFUag3PU7R7,1fRcitvpJu2rHJIW0F1egVtFUag3PU7R7,Buddhism,Into-the-Stream.pdf,300210,UNIQUE_CANDIDATE,,OPEN,,,NO_EXACT_NAME_SIZE_PEER
drive:file:12Tpi2LeG2MXu4j-9KQ7ehpm-v2I0zleJ,12Tpi2LeG2MXu4j-9KQ7ehpm-v2I0zleJ,Buddhism,The-Four-Mindfulnesses.pdf,937540,UNIQUE_CANDIDATE,,OPEN,,,NO_EXACT_NAME_SIZE_PEER
drive:file:1hQAvM6dcVRyeF-otoY1DUW7wW2GBMhbv,1hQAvM6dcVRyeF-otoY1DUW7wW2GBMhbv,Buddhism,Introduction-to-Insight-Meditation.pdf,107616,UNIQUE_CANDIDATE,,OPEN,,,NO_EXACT_NAME_SIZE_PEER
drive:file:13qBnKixq1vG_ly7Iwr5j42QcWqf1ytIG,13qBnKixq1vG_ly7Iwr5j42QcWqf1ytIG,Buddhism,Snow-in-the-Summer.pdf,371884,REVIEW_REQUIRED,DUP-DE25F84970D9,OPEN,,,EXACT_NAME_SIZE_CANDIDATE_ONLY
drive:file:1hUZItbbEtYSl_GFwusljFZB2UACv6Lbf,1hUZItbbEtYSl_GFwusljFZB2UACv6Lbf,Buddhism,Things-As-They-Are.pdf,1867435,UNIQUE_CANDIDATE,,OPEN,,,NO_EXACT_NAME_SIZE_PEER
drive:file:1VwTMSCpYgwUZenecE4TLGOC1korT3Kw8,1VwTMSCpYgwUZenecE4TLGOC1korT3Kw8,Buddhism,Exalted-Sublime-Golden-Light.pdf,379843,UNIQUE_CANDIDATE,,OPEN,,,NO_EXACT_NAME_SIZE_PEER
drive:file:1izVND0QGzuMdDqn63zY-n1pF9GIA5Gzx,1izVND0QGzuMdDqn63zY-n1pF9GIA5Gzx,Buddhism,Knowing-and-Seeing.pdf,1540833,UNIQUE_CANDIDATE,,OPEN,,,NO_EXACT_NAME_SIZE_PEER
drive:file:1g9rXiu7p0SZmmhQVG7rXOwzRWQv22akv,1g9rXiu7p0SZmmhQVG7rXOwzRWQv22akv,Buddhism,The-Anapanasati-Sutta.pdf,604384,UNIQUE_CANDIDATE,,OPEN,,,NO_EXACT_NAME_SIZE_PEER
drive:file:1vQROG-CB-tS1eJhmw7LXrTNU5JvOIpgl,1vQROG-CB-tS1eJhmw7LXrTNU5JvOIpgl,Buddhism,A-Mind-Revealed.pdf,248639,UNIQUE_CANDIDATE,,OPEN,,,NO_EXACT_NAME_SIZE_PEER
drive:file:1UrtHK3fLS6g7pCFZk1PIEDPIfnDifK9h,1UrtHK3fLS6g7pCFZk1PIEDPIfnDifK9h,Buddhism,the-Seven-Factors-of-Awakening.pdf,297272,UNIQUE_CANDIDATE,,OPEN,,,NO_EXACT_NAME_SIZE_PEER
drive:file:1NpRlNzfS40WaiP-_5wJp4tHryChMKMrf,1NpRlNzfS40WaiP-_5wJp4tHryChMKMrf,Buddhism,The-book-of-protection.pdf,376179,UNIQUE_CANDIDATE,,OPEN,,,NO_EXACT_NAME_SIZE_PEER
drive:file:1PA8QMV9dZTfDHY-E74b9k_0jMCwZwbiJ,1PA8QMV9dZTfDHY-E74b9k_0jMCwZwbiJ,Buddhism,Making-life-Meaningful.pdf,913812,UNIQUE_CANDIDATE,,OPEN,,,NO_EXACT_NAME_SIZE_PEER
drive:file:1NxSopOq9T6VSQpcpMu1JkC0JoB1jwlx9,1NxSopOq9T6VSQpcpMu1JkC0JoB1jwlx9,Buddhism,In-this-Life-Itself-Practical-Teachings-on-Insight-Meditation.pdf,327702,UNIQUE_CANDIDATE,,OPEN,,,NO_EXACT_NAME_SIZE_PEER
drive:file:11ELO7V-kVC5Q8mVi6k4oXyvxqfO-wVfs,11ELO7V-kVC5Q8mVi6k4oXyvxqfO-wVfs,Buddhism,Insight-Meditation.pdf,847539,UNIQUE_CANDIDATE,,OPEN,,,NO_EXACT_NAME_SIZE_PEER
drive:file:1ENnob61Pm1x6mqaJ-VLBCnUb1C38BcJV,1ENnob61Pm1x6mqaJ-VLBCnUb1C38BcJV,Buddhism,Making-sense-of-Tantra.pdf,245764,UNIQUE_CANDIDATE,,OPEN,,,NO_EXACT_NAME_SIZE_PEER
drive:file:1HgV4vrGuIM7HH9J8OQtnMm9NXh3iSBvN,1HgV4vrGuIM7HH9J8OQtnMm9NXh3iSBvN,Buddhism,A-Commentary-on-Attitude-Training-Like-the-Rays-of-the-Sun.pdf,298611,UNIQUE_CANDIDATE,,OPEN,,,NO_EXACT_NAME_SIZE_PEER
drive:file:1RZY-gogO90kC91HqnWEb9zRau-ROSSLQ,1RZY-gogO90kC91HqnWEb9zRau-ROSSLQ,Buddhism,Brahmavihara-Dhamma.pdf,1773523,UNIQUE_CANDIDATE,,OPEN,,,NO_EXACT_NAME_SIZE_PEER
drive:file:1SSTdxXYMn8PAXR7Gb1fxyckSkmoNah1H,1SSTdxXYMn8PAXR7Gb1fxyckSkmoNah1H,Buddhism,Inspiration-from-Enlightened-Nuns.pdf,833871,UNIQUE_CANDIDATE,,OPEN,,,NO_EXACT_NAME_SIZE_PEER
drive:file:18mvnyJHZKkPIEKmfTxGYxrbvywBM0L2A,18mvnyJHZKkPIEKmfTxGYxrbvywBM0L2A,Buddhism,The-Power-of-Mindfulness-Nyuanaponika.pdf,287393,UNIQUE_CANDIDATE,,OPEN,,,NO_EXACT_NAME_SIZE_PEER
drive:file:1FVJWeEr_uvcsdP2adWodYGGRKQq3miQO,1FVJWeEr_uvcsdP2adWodYGGRKQq3miQO,Buddhism,Transcendental-Dependent-Arising.pdf,332554,UNIQUE_CANDIDATE,,OPEN,,,NO_EXACT_NAME_SIZE_PEER
drive:file:1VFDx6I7MsmoZMG3w8ftlpIWyVuvbKVcp,1VFDx6I7MsmoZMG3w8ftlpIWyVuvbKVcp,Buddhism,Frames-of-Reference-by-Ajaan-Lee-Dhamadharo.pdf,121811,UNIQUE_CANDIDATE,,OPEN,,,NO_EXACT_NAME_SIZE_PEER
drive:file:1avN_phZWvyyBSgu8F5vxPC5sEJE13RX_,1avN_phZWvyyBSgu8F5vxPC5sEJE13RX_,Buddhism,A-Discourse-on-the-Sallekha-Sutta.pdf,1343925,UNIQUE_CANDIDATE,,OPEN,,,NO_EXACT_NAME_SIZE_PEER
drive:file:146PrlxGvOJZGdrUTz9oE2wezmX-4ZVq7,146PrlxGvOJZGdrUTz9oE2wezmX-4ZVq7,Buddhism,Maha-Satipatthana-Sutta.pdf,731090,UNIQUE_CANDIDATE,,OPEN,,,NO_EXACT_NAME_SIZE_PEER
drive:file:1m-QMHXSUR1N754GYAp_DXupHWPPw0qOO,1m-QMHXSUR1N754GYAp_DXupHWPPw0qOO,Buddhism,Awareness-Itself.pdf,286525,UNIQUE_CANDIDATE,,OPEN,,,NO_EXACT_NAME_SIZE_PEER
drive:file:1RO3quxnaW2ll9bBDve5uT-xDybBTn16N,1RO3quxnaW2ll9bBDve5uT-xDybBTn16N,Buddhism,Udana-Exclamations.pdf,673719,UNIQUE_CANDIDATE,,OPEN,,,NO_EXACT_NAME_SIZE_PEER
drive:file:1C0e6aWeklsNyCCsEnB9NjADpm9ClcZLK,1C0e6aWeklsNyCCsEnB9NjADpm9ClcZLK,Buddhism,Keeping-the-Breath-in-Mind-Lessons-in-Samadhi.pdf,153598,UNIQUE_CANDIDATE,,OPEN,,,NO_EXACT_NAME_SIZE_PEER
drive:file:1f23y616l9lDcYwlbYHtr0iAe06gWyS81,1f23y616l9lDcYwlbYHtr0iAe06gWyS81,Buddhism,A-Guide-to-Shamatha-Meditation.pdf,79872,UNIQUE_CANDIDATE,,OPEN,,,NO_EXACT_NAME_SIZE_PEER
drive:file:1DCeTqK3c6Nc70xXZuK3oTmOnNY_ROMeN,1DCeTqK3c6Nc70xXZuK3oTmOnNY_ROMeN,Buddhism,A-Precious-Garland-of-the-Supreme-Path.pdf,8877881,UNIQUE_CANDIDATE,,OPEN,,,NO_EXACT_NAME_SIZE_PEER
drive:file:1OCe12GpFHXddVqwAXdrrkNtT_3S5d6uH,1OCe12GpFHXddVqwAXdrrkNtT_3S5d6uH,Buddhism,Inner-Strength-and-Parting-Gifts.pdf,544609,UNIQUE_CANDIDATE,,OPEN,,,NO_EXACT_NAME_SIZE_PEER
drive:file:1zv2QdSpXih9FkSsrA2Kl9vM5hYTTe2t-,1zv2QdSpXih9FkSsrA2Kl9vM5hYTTe2t-,Buddhism,The-Twelve-Links.pdf,149504,UNIQUE_CANDIDATE,,OPEN,,,NO_EXACT_NAME_SIZE_PEER
drive:file:1tRpZ7-y8-zHZUDQfUpLAXkji_UkPqrho,1tRpZ7-y8-zHZUDQfUpLAXkji_UkPqrho,Buddhism,The-Four-Dharmas-of-Gampopa.pdf,124058,UNIQUE_CANDIDATE,,OPEN,,,NO_EXACT_NAME_SIZE_PEER
drive:file:1nGKCrGNeRhZOebroQXZ_f-peYOtHvltx,1nGKCrGNeRhZOebroQXZ_f-peYOtHvltx,Buddhism,A-Guide-to-Awareness.pdf,211175,UNIQUE_CANDIDATE,,OPEN,,,NO_EXACT_NAME_SIZE_PEER
drive:file:1iwsXACyg9mhx3m1KgBsUj9CO8uuzqB8W,1iwsXACyg9mhx3m1KgBsUj9CO8uuzqB8W,Buddhism,Language-Thought-and-Logical-Paradoxes.pdf,336498,UNIQUE_CANDIDATE,,OPEN,,,NO_EXACT_NAME_SIZE_PEER
drive:file:1vSfXn9NMqI06PsawIIk9k9Ke1PYBXK-S,1vSfXn9NMqI06PsawIIk9k9Ke1PYBXK-S,Buddhism,Towards-An-Inner-Peace.pdf,152188,UNIQUE_CANDIDATE,,OPEN,,,NO_EXACT_NAME_SIZE_PEER
drive:file:1-YyNFv1o-rUtd7_n0gtOfz15WSEaayu5,1-YyNFv1o-rUtd7_n0gtOfz15WSEaayu5,Buddhism,Wisdom-Develops-Samadhi.pdf,341250,UNIQUE_CANDIDATE,,OPEN,,,NO_EXACT_NAME_SIZE_PEER
drive:file:17kcibuvbk1VUeUqd9dXHcXsS_RxnLPht,17kcibuvbk1VUeUqd9dXHcXsS_RxnLPht,Buddhism,This-is-the-Path-By-Ajahn-Dtun.pdf,10418349,UNIQUE_CANDIDATE,,OPEN,,,NO_EXACT_NAME_SIZE_PEER
drive:file:1IscmXNp1a2qMBqFiQJvzPNWyrTsI_ivG,1IscmXNp1a2qMBqFiQJvzPNWyrTsI_ivG,Buddhism,The-Practice-of-the-Wild-by-Gary-Snyder.pdf,3213437,UNIQUE_CANDIDATE,,OPEN,,,NO_EXACT_NAME_SIZE_PEER
drive:file:1QxJmNhH0qhKfY09hcUJyzcZ_LHvQ6L1F,1QxJmNhH0qhKfY09hcUJyzcZ_LHvQ6L1F,Buddhism,Dhammacakkappavattana-Sutta.pdf,1741227,UNIQUE_CANDIDATE,,OPEN,,,NO_EXACT_NAME_SIZE_PEER
drive:file:1wBSOkBULpaYf6MI8XozoLn-03pWJ4CCb,1wBSOkBULpaYf6MI8XozoLn-03pWJ4CCb,Buddhism,A-Swift-Pair-of-Messengers.pdf,688580,UNIQUE_CANDIDATE,,OPEN,,,NO_EXACT_NAME_SIZE_PEER
drive:file:1qm7VEnRYoJYmirAYf_NtoSHP9P4HX276,1qm7VEnRYoJYmirAYf_NtoSHP9P4HX276,Buddhism,A-Honed-and-Heavy-Axe.pdf,400490,UNIQUE_CANDIDATE,,OPEN,,,NO_EXACT_NAME_SIZE_PEER
drive:file:16XoCpj8dv-z29FyOjYfyMyOTbC7Yd95s,16XoCpj8dv-z29FyOjYfyMyOTbC7Yd95s,Buddhism,Vision-of-the-Dhamma.pdf,2249643,UNIQUE_CANDIDATE,,OPEN,,,NO_EXACT_NAME_SIZE_PEER
drive:file:1fBdznqzrbLQI6DrBTstmnM4qtTYihpT3,1fBdznqzrbLQI6DrBTstmnM4qtTYihpT3,Buddhism,gail2012.pdf,559454,UNIQUE_CANDIDATE,,OPEN,,,NO_EXACT_NAME_SIZE_PEER
drive:file:1b4pxpoOEhtQATZ6P96Ugw_cSAYfeMq4c,1b4pxpoOEhtQATZ6P96Ugw_cSAYfeMq4c,Buddhism,Bodhisattva-Attitude.pdf,12188282,UNIQUE_CANDIDATE,,OPEN,,,NO_EXACT_NAME_SIZE_PEER
drive:file:1twa14cyhqZqFqd1jS9tW3c5xRHXO1czd,1twa14cyhqZqFqd1jS9tW3c5xRHXO1czd,Buddhism,The-Truth-of-Rebirth.pdf,228708,UNIQUE_CANDIDATE,,OPEN,,,NO_EXACT_NAME_SIZE_PEER
drive:file:1qnrO8eJeCpV-HYjL1MLO5yznnPNAMWiA,1qnrO8eJeCpV-HYjL1MLO5yznnPNAMWiA,Buddhism,Head-and-Heart-together.pdf,426627,UNIQUE_CANDIDATE,,OPEN,,,NO_EXACT_NAME_SIZE_PEER
drive:file:1jy2LPW3MaO_Aw9Vkuxsqnc6Cd_4HsupE,1jy2LPW3MaO_Aw9Vkuxsqnc6Cd_4HsupE,Buddhism,Whos-the-Boss.pdf,482836,UNIQUE_CANDIDATE,,OPEN,,,NO_EXACT_NAME_SIZE_PEER
drive:file:1ewb5IqEZyX-IQS4sgUPGsWjOajzYMlIr,1ewb5IqEZyX-IQS4sgUPGsWjOajzYMlIr,Buddhism,The-Complete-Book-of-Buddhas-Lists-Explained.pdf,2181854,UNIQUE_CANDIDATE,,OPEN,,,NO_EXACT_NAME_SIZE_PEER
drive:file:1qOzgdYxy_HK5qwPa7Hgt1Tyc22nVRVgN,1qOzgdYxy_HK5qwPa7Hgt1Tyc22nVRVgN,Buddhism,Reaching-the-Goodness-Within-by-Ajahn-Uthai.pdf,1601246,UNIQUE_CANDIDATE,,OPEN,,,NO_EXACT_NAME_SIZE_PEER
drive:file:1kcrKMmde3yFlL57KUKI0aMd7FN4u1Oqq,1kcrKMmde3yFlL57KUKI0aMd7FN4u1Oqq,Buddhism,Zen-A-Cognition-to-the-Mind-by-Pho-Nguyet.pdf,150433,UNIQUE_CANDIDATE,,OPEN,,,NO_EXACT_NAME_SIZE_PEER
drive:file:1l70fsx_U9WG5z9sJCPYoTV4Aki_5vCck,1l70fsx_U9WG5z9sJCPYoTV4Aki_5vCck,Buddhism,Ajaan-Khao-A-True-Spiritual-Warrior.pdf,4750326,REVIEW_REQUIRED,DUP-D65B55BAD2C4,OPEN,,,EXACT_NAME_SIZE_CANDIDATE_ONLY
drive:file:1L2AqjbIOIzUPPbmFaGeX6ZUgrWkknzUo,1L2AqjbIOIzUPPbmFaGeX6ZUgrWkknzUo,Buddhism,Broad-View-Boundless-Heart.pdf,1091634,UNIQUE_CANDIDATE,,OPEN,,,NO_EXACT_NAME_SIZE_PEER
drive:file:1wTfhprj_KsVqioAbMBC4nkuA2HrwPLD4,1wTfhprj_KsVqioAbMBC4nkuA2HrwPLD4,Buddhism,The-Life-of-Chokgyur-Lingpa.pdf,103082,UNIQUE_CANDIDATE,,OPEN,,,NO_EXACT_NAME_SIZE_PEER
drive:file:1dXeSmcNR6VITBSMpiSzp2WON-ggGJ5xe,1dXeSmcNR6VITBSMpiSzp2WON-ggGJ5xe,Buddhism,The-Manuals-of-Ledi-Dipanu.pdf,9955461,UNIQUE_CANDIDATE,,OPEN,,,NO_EXACT_NAME_SIZE_PEER
drive:file:1EFDMZPxAKT53Hs8CTJQe437YTcgPQy-Z,1EFDMZPxAKT53Hs8CTJQe437YTcgPQy-Z,Buddhism,Inner_Listening_-_Ajahn_Amaro.pdf,1277359,UNIQUE_CANDIDATE,,OPEN,,,NO_EXACT_NAME_SIZE_PEER
drive:file:17lxk9qE8LD9Dh1Plc8ONruYFT85AjPjR,17lxk9qE8LD9Dh1Plc8ONruYFT85AjPjR,Buddhism,Earliest-Discourses.pdf,584227,UNIQUE_CANDIDATE,,OPEN,,,NO_EXACT_NAME_SIZE_PEER
drive:file:1b7qZ1JspDkfjT2rRhfOaKTGRxATb_N-Z,1b7qZ1JspDkfjT2rRhfOaKTGRxATb_N-Z,Buddhism,Sunyata-The-typewritten-manuscripts.pdf,97867750,REVIEW_REQUIRED,DUP-0CEA685CC78B,OPEN,,,EXACT_NAME_SIZE_CANDIDATE_ONLY
drive:file:1lYh0rQH2APR7y4VRWJBgEbCAxRaxFAdw,1lYh0rQH2APR7y4VRWJBgEbCAxRaxFAdw,Buddhism,History-of-Mysticism.pdf,4346288,REVIEW_REQUIRED,DUP-C2D37615A2BA,OPEN,,,EXACT_NAME_SIZE_CANDIDATE_ONLY
drive:file:1iTPRE2Vm_E3LejYBdJcV6PZ5Vs798VB2,1iTPRE2Vm_E3LejYBdJcV6PZ5Vs798VB2,Buddhism,Cittanupassana-And-Vedananupassana.pdf,2047575,UNIQUE_CANDIDATE,,OPEN,,,NO_EXACT_NAME_SIZE_PEER
drive:file:1hDpvvLympainEAr7tKUPfdKcK2akr0uM,1hDpvvLympainEAr7tKUPfdKcK2akr0uM,Buddhism,Nectar-of-Sunyata.pdf,882538,REVIEW_REQUIRED,DUP-4779C0467953,OPEN,,,EXACT_NAME_SIZE_CANDIDATE_ONLY
drive:file:1jo1p3wOQWEEXAIR6ca8bKlIzFKBcGX5H,1jo1p3wOQWEEXAIR6ca8bKlIzFKBcGX5H,Buddhism,Who-Will-Feed-the-Mice-Ajahn-Amaro.pdf,529178,UNIQUE_CANDIDATE,,OPEN,,,NO_EXACT_NAME_SIZE_PEER
drive:file:1nrfiGL56JOEh36UsW89x9I6IyC4Ozr-r,1nrfiGL56JOEh36UsW89x9I6IyC4Ozr-r,Buddhism,Mindfulness-Precepts-Crashing-in-the-Same-Car-Ajahn-Jayasaro.pdf,360889,UNIQUE_CANDIDATE,,OPEN,,,NO_EXACT_NAME_SIZE_PEER
drive:file:1iyifg5HFsmCxoaKOC2ZT2r8wo1SUJZcx,1iyifg5HFsmCxoaKOC2ZT2r8wo1SUJZcx,Buddhism,A-Chanting-Guide.pdf,725792,UNIQUE_CANDIDATE,,OPEN,,,NO_EXACT_NAME_SIZE_PEER
drive:file:1q6T-d3EjpmBBF0rC11KM1oIeH2o8ZOFd,1q6T-d3EjpmBBF0rC11KM1oIeH2o8ZOFd,Buddhism,Science-Without-Bounds.pdf,1382235,UNIQUE_CANDIDATE,,OPEN,,,NO_EXACT_NAME_SIZE_PEER
drive:file:1V33As4qejliiITLqJsTjoQOGr2hMJWUX,1V33As4qejliiITLqJsTjoQOGr2hMJWUX,Buddhism,The-Quiet-Mind.pdf,1605335,REVIEW_REQUIRED,DUP-8A8AE1D032CC,OPEN,,,EXACT_NAME_SIZE_CANDIDATE_ONLY
drive:file:1yOL4mdUWB-MIyJ7q2W1RFAs7efjAW2oy,1yOL4mdUWB-MIyJ7q2W1RFAs7efjAW2oy,Buddhism,Great-Bliss-Tantric-Sex-and-the-Path-to-Inner-Awakening.pdf,4483885,UNIQUE_CANDIDATE,,OPEN,,,NO_EXACT_NAME_SIZE_PEER
drive:file:1G7a2p78sl77-OQa0ly1HR5ls0mQmcRRg,1G7a2p78sl77-OQa0ly1HR5ls0mQmcRRg,Buddhism,Along-the-Path.pdf,6405282,UNIQUE_CANDIDATE,,OPEN,,,NO_EXACT_NAME_SIZE_PEER
drive:file:1UwcRxcXC_AUoY8q-Dv0POHJWALJaoPMX,1UwcRxcXC_AUoY8q-Dv0POHJWALJaoPMX,Buddhism,Journey-into-Burmese-Silence.pdf,1556685,UNIQUE_CANDIDATE,,OPEN,,,NO_EXACT_NAME_SIZE_PEER
drive:file:1ARNHkTp23cs-Bi9Tx9jSI1e6Ds3scyyX,1ARNHkTp23cs-Bi9Tx9jSI1e6Ds3scyyX,Buddhism,The-Moon-Appears-When-the-Water-is-Still.pdf,2534144,UNIQUE_CANDIDATE,,OPEN,,,NO_EXACT_NAME_SIZE_PEER
drive:file:1gtxC_YlW5F6kSwyqFnlO38C-zL8wBFQO,1gtxC_YlW5F6kSwyqFnlO38C-zL8wBFQO,Buddhism,Karma-and-Chaos.pdf,2902802,UNIQUE_CANDIDATE,,OPEN,,,NO_EXACT_NAME_SIZE_PEER
drive:file:1BQXlUVZIDq9voVfgQfucdrj21RnJsVy4,1BQXlUVZIDq9voVfgQfucdrj21RnJsVy4,Buddhism,Burmese-Monks-Tales.pdf,3320154,UNIQUE_CANDIDATE,,OPEN,,,NO_EXACT_NAME_SIZE_PEER
drive:file:1bna8pnJrRIke6zj1_dfOLehcC6jLJ5sD,1bna8pnJrRIke6zj1_dfOLehcC6jLJ5sD,Buddhism,Comprehensive-Manual-of-Abhidhamma.pdf,2660946,UNIQUE_CANDIDATE,,OPEN,,,NO_EXACT_NAME_SIZE_PEER
drive:file:1Lju9yOV817-pShVICBXzxi_LRIm9DpOu,1Lju9yOV817-pShVICBXzxi_LRIm9DpOu,Buddhism,Art-of-Living.pdf,2861323,UNIQUE_CANDIDATE,,OPEN,,,NO_EXACT_NAME_SIZE_PEER
drive:file:1tabOrPT6yftzrvGuKoF_D7slI3S8Wpt8,1tabOrPT6yftzrvGuKoF_D7slI3S8Wpt8,Buddhism,Nanavira-Clearing-the-Path.pdf,3840516,UNIQUE_CANDIDATE,,OPEN,,,NO_EXACT_NAME_SIZE_PEER
drive:file:1i22U94SoRYeEeMQxhLIfNWT7e9TzzutB,1i22U94SoRYeEeMQxhLIfNWT7e9TzzutB,Buddhism,Kamma-and-the-end-of-Kamma-Ajahn-Sucitto.pdf,2618199,UNIQUE_CANDIDATE,,OPEN,,,NO_EXACT_NAME_SIZE_PEER
drive:file:1vTkvtfnhyDZYmOby4R58h6YGv0E8oF-R,1vTkvtfnhyDZYmOby4R58h6YGv0E8oF-R,Buddhism,Cultivating-Inner-Peace.pdf,1232639,UNIQUE_CANDIDATE,,OPEN,,,NO_EXACT_NAME_SIZE_PEER
drive:file:18y9ktA8hnFn97f_CAN26NhldbEyigQYN,18y9ktA8hnFn97f_CAN26NhldbEyigQYN,Buddhism,An-Ancient-Path.pdf,2520732,UNIQUE_CANDIDATE,,OPEN,,,NO_EXACT_NAME_SIZE_PEER
drive:file:1NZ0VjNWF0s2i4breCnArQbiAOd1oWStD,1NZ0VjNWF0s2i4breCnArQbiAOd1oWStD,Buddhism,The-Life-of-the-Buddha.pdf,800154,REVIEW_REQUIRED,DUP-9CDB7DC43E9B,OPEN,,,EXACT_NAME_SIZE_CANDIDATE_ONLY
drive:file:1EPPesqGcZ15BzfsRoO_aRUnElnF37ZRn,1EPPesqGcZ15BzfsRoO_aRUnElnF37ZRn,Buddhism,The-Great-Emancipation.pdf,1751748,UNIQUE_CANDIDATE,,OPEN,,,NO_EXACT_NAME_SIZE_PEER
drive:file:1GgZJCQo2l4p_ibfBrydo91Mupcbf-svr,1GgZJCQo2l4p_ibfBrydo91Mupcbf-svr,Buddhism,Advice-to-Rahula.pdf,328569,UNIQUE_CANDIDATE,,OPEN,,,NO_EXACT_NAME_SIZE_PEER
drive:file:1zgz3t-VN0fdwAUXuEVo8CDDlp_2aXFT0,1zgz3t-VN0fdwAUXuEVo8CDDlp_2aXFT0,Buddhism,The-Matrix-of-the-Abstract-Teaching.pdf,620736,UNIQUE_CANDIDATE,,OPEN,,,NO_EXACT_NAME_SIZE_PEER
drive:file:1IzSxbtG9m8lZaojzC3YO6Fva9_Hwpwld,1IzSxbtG9m8lZaojzC3YO6Fva9_Hwpwld,Buddhism,Analysis-of-the-Ways-of-Attending-to-Mindfulness.pdf,828974,UNIQUE_CANDIDATE,,OPEN,,,NO_EXACT_NAME_SIZE_PEER
drive:file:1oObrofHJTgM5LSiti7Okp2xtlNAJlZl8,1oObrofHJTgM5LSiti7Okp2xtlNAJlZl8,Buddhism,The-Discourse-About-Mindfulness-related-to-the-Body.pdf,337722,UNIQUE_CANDIDATE,,OPEN,,,NO_EXACT_NAME_SIZE_PEER
drive:file:1rqc6MHb7p2hmIjKqVj8VFdTpHfhe-ArK,1rqc6MHb7p2hmIjKqVj8VFdTpHfhe-ArK,Buddhism,The-Discourse-of-Girimananda.pdf,318710,UNIQUE_CANDIDATE,,OPEN,,,NO_EXACT_NAME_SIZE_PEER
drive:file:1Eh2E9I5Pm6WmFWWzI5UQ64fNp9JUr3c8,1Eh2E9I5Pm6WmFWWzI5UQ64fNp9JUr3c8,Buddhism,The-Karma-of-Questions.pdf,670416,UNIQUE_CANDIDATE,,OPEN,,,NO_EXACT_NAME_SIZE_PEER
drive:file:1LvoE86N1PTogJG0AxotiR4GvYsFNaNVC,1LvoE86N1PTogJG0AxotiR4GvYsFNaNVC,Buddhism,The-Discourse-concerning-Malunkyaputta.pdf,199801,UNIQUE_CANDIDATE,,OPEN,,,NO_EXACT_NAME_SIZE_PEER
drive:file:1jzctlpe-lNoAHGpiqVc3ay-yAx-c4b72,1jzctlpe-lNoAHGpiqVc3ay-yAx-c4b72,Buddhism,Mindfulness-while-Breathing.pdf,373792,UNIQUE_CANDIDATE,,OPEN,,,NO_EXACT_NAME_SIZE_PEER
drive:file:1hCBeIPt8YCNbAdl9BmXIcIeIETsdevvL,1hCBeIPt8YCNbAdl9BmXIcIeIETsdevvL,Buddhism,The-Long-Discourse-about-the-Ways-of-Attending-to-Mindfulness.pdf,763313,UNIQUE_CANDIDATE,,OPEN,,,NO_EXACT_NAME_SIZE_PEER
drive:file:1ClK_1syM_VlnCZYutm4MEFv7ckIcPyBc,1ClK_1syM_VlnCZYutm4MEFv7ckIcPyBc,Buddhism,With-each-and-every-breath.pdf,873614,UNIQUE_CANDIDATE,,OPEN,,,NO_EXACT_NAME_SIZE_PEER
drive:file:1n8bY0fp9Hv1dFSLHBu9eSFf-KCs2a7t6,1n8bY0fp9Hv1dFSLHBu9eSFf-KCs2a7t6,Buddhism,The-Basic-Method-of-Meditation.pdf,1060429,UNIQUE_CANDIDATE,,OPEN,,,NO_EXACT_NAME_SIZE_PEER
drive:file:1Mb1etKuO6FLNyhn8l_xEVDqrXMGwrzTN,1Mb1etKuO6FLNyhn8l_xEVDqrXMGwrzTN,Buddhism,Beyond-Coping.pdf,905141,UNIQUE_CANDIDATE,,OPEN,,,NO_EXACT_NAME_SIZE_PEER
drive:file:1wWFsr-hEzABZKrJgwEzFmPJSDlu3Pvxj,1wWFsr-hEzABZKrJgwEzFmPJSDlu3Pvxj,Buddhism,The-Heightened-Mind.pdf,1025809,UNIQUE_CANDIDATE,,OPEN,,,NO_EXACT_NAME_SIZE_PEER
drive:file:1cAPjUC32u4tMf3ifhg4N4XnzTCkaJy3l,1cAPjUC32u4tMf3ifhg4N4XnzTCkaJy3l,Buddhism,The-Sublime-Attitudes.pdf,677975,UNIQUE_CANDIDATE,,OPEN,,,NO_EXACT_NAME_SIZE_PEER
drive:file:1milqgwMBIRlVPfT-beBLHEBOqst4w8_J,1milqgwMBIRlVPfT-beBLHEBOqst4w8_J,Buddhism,Realizing-Change.pdf,4218131,UNIQUE_CANDIDATE,,OPEN,,,NO_EXACT_NAME_SIZE_PEER
drive:file:1xngXUznaEa9JQm9H_tk8cKvvqeud3ODW,1xngXUznaEa9JQm9H_tk8cKvvqeud3ODW,Buddhism,Food-for-Thought.pdf,264197,UNIQUE_CANDIDATE,,OPEN,,,NO_EXACT_NAME_SIZE_PEER
drive:file:1xvam02klgjIofQN6-B2DHZb3LG1SHbFi,1xvam02klgjIofQN6-B2DHZb3LG1SHbFi,Buddhism,Purity-of-Heart.pdf,777282,UNIQUE_CANDIDATE,,OPEN,,,NO_EXACT_NAME_SIZE_PEER
drive:file:1hb8PzzMYdR7x8_HHsiyY-GhjnNQtmoMx,1hb8PzzMYdR7x8_HHsiyY-GhjnNQtmoMx,Buddhism,Daily-Reflections.pdf,1880782,UNIQUE_CANDIDATE,,OPEN,,,NO_EXACT_NAME_SIZE_PEER
drive:file:11rzKsH-1QkfcAOB7d32P4ZblelFt8-xk,11rzKsH-1QkfcAOB7d32P4ZblelFt8-xk,Buddhism,Approaching-the-Dhamma.pdf,1863206,UNIQUE_CANDIDATE,,OPEN,,,NO_EXACT_NAME_SIZE_PEER
drive:file:1QbfTTJXopU498Hw6Ym6N48bHBiS-mODL,1QbfTTJXopU498Hw6Ym6N48bHBiS-mODL,Buddhism,Fistfull-of-Sand.pdf,626761,UNIQUE_CANDIDATE,,OPEN,,,NO_EXACT_NAME_SIZE_PEER
drive:file:1hixZxJglTVRusnZVRXVxRLv4csZ9MHWo,1hixZxJglTVRusnZVRXVxRLv4csZ9MHWo,Buddhism,The-Buddha-The-Social-Revolutionary-Potential-of-Buddhism.pdf,6342275,UNIQUE_CANDIDATE,,OPEN,,,NO_EXACT_NAME_SIZE_PEER
drive:file:1pZ8s5SwoDwpyOqL0Wci_fjV8irq8VSdp,1pZ8s5SwoDwpyOqL0Wci_fjV8irq8VSdp,Buddhism,Right-Mindfulness.pdf,1218131,UNIQUE_CANDIDATE,,OPEN,,,NO_EXACT_NAME_SIZE_PEER
drive:file:14OvclUlqFDLy7mLakOkAtHARxRGoMUng,14OvclUlqFDLy7mLakOkAtHARxRGoMUng,Buddhism,Stillness-of-Being.pdf,333544,UNIQUE_CANDIDATE,,OPEN,,,NO_EXACT_NAME_SIZE_PEER
drive:file:1hwo7k7xzUl62EnuSz01GR_4Ima7k8_TE,1hwo7k7xzUl62EnuSz01GR_4Ima7k8_TE,Buddhism,The-Skill-of-Release.pdf,290977,UNIQUE_CANDIDATE,,OPEN,,,NO_EXACT_NAME_SIZE_PEER
drive:file:1NP_4Udrp9fd5xqRVzqezmzhzEDnKX2tb,1NP_4Udrp9fd5xqRVzqezmzhzEDnKX2tb,Buddhism,Buddhist-Meditation-and-Depth-Psychology.pdf,785226,UNIQUE_CANDIDATE,,OPEN,,,NO_EXACT_NAME_SIZE_PEER
drive:file:1lyz3JU9r4pYa6MDDYXalVeLQHIQ68tB5,1lyz3JU9r4pYa6MDDYXalVeLQHIQ68tB5,Buddhism,No-Inner-Core.pdf,888367,UNIQUE_CANDIDATE,,OPEN,,,NO_EXACT_NAME_SIZE_PEER
drive:file:1y9w79S_F-kQGQRBxLmVbswGZgS5OdwDq,1y9w79S_F-kQGQRBxLmVbswGZgS5OdwDq,Buddhism,Sutta-Nipita-The-Way-Things-Really-Are.pdf,433581,UNIQUE_CANDIDATE,,OPEN,,,NO_EXACT_NAME_SIZE_PEER
drive:file:1Zkl1xnL2UP0KGnqg9zCJ_ut9WG7h7jgM,1Zkl1xnL2UP0KGnqg9zCJ_ut9WG7h7jgM,Buddhism,The-path-to-happiness.pdf,314635,UNIQUE_CANDIDATE,,OPEN,,,NO_EXACT_NAME_SIZE_PEER
drive:file:14m3El8xHH0Xi1F3Ko-s67CdI0h5sFGwJ,14m3El8xHH0Xi1F3Ko-s67CdI0h5sFGwJ,Buddhism,Asoka-and-the-Missions.pdf,854818,REVIEW_REQUIRED,DUP-C72F1092C9EE,OPEN,,,EXACT_NAME_SIZE_CANDIDATE_ONLY
drive:file:1916gCsl1N1WamT5nFv9jYSA14QphLVHR,1916gCsl1N1WamT5nFv9jYSA14QphLVHR,Buddhism,Parayanavagga-The-Way-to-the-Beyond.pdf,754087,UNIQUE_CANDIDATE,,OPEN,,,NO_EXACT_NAME_SIZE_PEER
drive:file:1uOBd12BIwV1T8duylVC3fCJdkkfsU0L1,1uOBd12BIwV1T8duylVC3fCJdkkfsU0L1,Buddhism,Its-Like-This.pdf,884780,UNIQUE_CANDIDATE,,OPEN,,,NO_EXACT_NAME_SIZE_PEER
drive:file:1sIrLOMrvctuRzGOu3POOU3Lga7UbMqDG,1sIrLOMrvctuRzGOu3POOU3Lga7UbMqDG,Buddhism,A-Dhammapada-for-Contemplation-Ajahn-Munindo.pdf,220037,UNIQUE_CANDIDATE,,OPEN,,,NO_EXACT_NAME_SIZE_PEER
drive:file:1dVE_UzzXElkWe90S2mMdKK7-QgPhViFf,1dVE_UzzXElkWe90S2mMdKK7-QgPhViFf,Buddhism,Atthakavagga.pdf,1019804,UNIQUE_CANDIDATE,,OPEN,,,NO_EXACT_NAME_SIZE_PEER
drive:file:1OzVsRO7QTWK4_-ZuyVTLnJJ8UvHrvLnS,1OzVsRO7QTWK4_-ZuyVTLnJJ8UvHrvLnS,Buddhism,Still-Flowing-Water.pdf,996973,UNIQUE_CANDIDATE,,OPEN,,,NO_EXACT_NAME_SIZE_PEER
drive:file:1uAWoldlvVxQBbneAwJkdODG_q8QlNnSZ,1uAWoldlvVxQBbneAwJkdODG_q8QlNnSZ,Buddhism,Zen-Mind-Beginners-Mind-by-Shunryu-Suzuki.pdf,487461,UNIQUE_CANDIDATE,,OPEN,,,NO_EXACT_NAME_SIZE_PEER
drive:file:1S0OIQ7HJ_mn_8qCcDYb4tm-BA7I8hPER,1S0OIQ7HJ_mn_8qCcDYb4tm-BA7I8hPER,Buddhism,Nalinikas-story.pdf,420331,REVIEW_REQUIRED,DUP-9ABB04E0617F,OPEN,,,EXACT_NAME_SIZE_CANDIDATE_ONLY
drive:file:1EKI3EhUg_apt8jfHvRXfCyGmqae538j7,1EKI3EhUg_apt8jfHvRXfCyGmqae538j7,Buddhism,Yin-Chih-Wen-The-Tract-of-the-Quiet-Way.pdf,1754916,UNIQUE_CANDIDATE,,OPEN,,,NO_EXACT_NAME_SIZE_PEER
drive:file:1-NJiTzRPjjltoP3dla5MsEGd4bpjHSvK,1-NJiTzRPjjltoP3dla5MsEGd4bpjHSvK,Buddhism,The-Buddha-Smiles.pdf,651943,UNIQUE_CANDIDATE,,OPEN,,,NO_EXACT_NAME_SIZE_PEER
drive:file:1e8srdv2NaRU56oEK9gSkqaN6V63Lki5j,1e8srdv2NaRU56oEK9gSkqaN6V63Lki5j,Buddhism,In-Simple-Terms.pdf,749633,UNIQUE_CANDIDATE,,OPEN,,,NO_EXACT_NAME_SIZE_PEER
drive:file:1kffKor43srTQeUPgICglFi0YBkYTA0wb,1kffKor43srTQeUPgICglFi0YBkYTA0wb,Buddhism,The-Clock-of-Vipassana-has-Struck.pdf,5531271,UNIQUE_CANDIDATE,,OPEN,,,NO_EXACT_NAME_SIZE_PEER
drive:file:1UyynWNC0uoIaSa7q7TV3acf0TGErNnLL,1UyynWNC0uoIaSa7q7TV3acf0TGErNnLL,Buddhism,Samadhi-in-Buddhism.pdf,349552,UNIQUE_CANDIDATE,,OPEN,,,NO_EXACT_NAME_SIZE_PEER
drive:file:1QgpFdEZzt3NOIXxNQtqhib-fyrHYkznE,1QgpFdEZzt3NOIXxNQtqhib-fyrHYkznE,Buddhism,The-four-books.pdf,43520079,UNIQUE_CANDIDATE,,OPEN,,,NO_EXACT_NAME_SIZE_PEER
drive:file:1KIFCHuKLmkh_Hs0Xs-eZ10_3ifwzxvAx,1KIFCHuKLmkh_Hs0Xs-eZ10_3ifwzxvAx,Buddhism,Studies-in-Japanese-Buddhism.pdf,16083033,UNIQUE_CANDIDATE,,OPEN,,,NO_EXACT_NAME_SIZE_PEER
drive:file:1xDvRSPgxk3A_Y_7XbUSyD9l13n5iIquR,1xDvRSPgxk3A_Y_7XbUSyD9l13n5iIquR,Buddhism,Joyful-Parents-Succesful-children.pdf,605827,UNIQUE_CANDIDATE,,OPEN,,,NO_EXACT_NAME_SIZE_PEER
drive:file:1lLp_W8DhdG210cVupSPeBiqjcOUrFPF1,1lLp_W8DhdG210cVupSPeBiqjcOUrFPF1,Buddhism,How-to-generate-Bodhicitta.pdf,1313319,UNIQUE_CANDIDATE,,OPEN,,,NO_EXACT_NAME_SIZE_PEER
drive:file:1KiLrRO5Adc2wImJ-lteU7vD8K2g4n1q5,1KiLrRO5Adc2wImJ-lteU7vD8K2g4n1q5,Buddhism,The-Book-of-the-Simple-Way.pdf,20809944,UNIQUE_CANDIDATE,,OPEN,,,NO_EXACT_NAME_SIZE_PEER
drive:file:1tvgYKrM0vIj847mO-Eq9MryEl8RZ0F1T,1tvgYKrM0vIj847mO-Eq9MryEl8RZ0F1T,Buddhism,Samatha-and-Vipassana-Meditation.pdf,1197822,UNIQUE_CANDIDATE,,OPEN,,,NO_EXACT_NAME_SIZE_PEER
drive:file:1N6-wJPRu-xhjv8CMnibYkR9NUrPNgWex,1N6-wJPRu-xhjv8CMnibYkR9NUrPNgWex,Buddhism,The-Inner-Life-and-the-Tao-Teh-King.pdf,4675346,UNIQUE_CANDIDATE,,OPEN,,,NO_EXACT_NAME_SIZE_PEER
drive:file:1Vy0QbAc37qDzYbhkMKPiQqeL3EpQn7mm,1Vy0QbAc37qDzYbhkMKPiQqeL3EpQn7mm,Buddhism,Praises-to-the-Twenty-one-Taras.pdf,4551660,UNIQUE_CANDIDATE,,OPEN,,,NO_EXACT_NAME_SIZE_PEER
drive:file:1FqK5Rn5YacHYdR5eBFTvNTLSQfGOyBkV,1FqK5Rn5YacHYdR5eBFTvNTLSQfGOyBkV,Buddhism,From-Buddha-to-be-to-Teacher.pdf,502005,UNIQUE_CANDIDATE,,OPEN,,,NO_EXACT_NAME_SIZE_PEER
drive:file:1tnKtqeXF9skrftLsrUZwWafD4U25Za0f,1tnKtqeXF9skrftLsrUZwWafD4U25Za0f,Buddhism,Noble-and-True.pdf,906257,UNIQUE_CANDIDATE,,OPEN,,,NO_EXACT_NAME_SIZE_PEER
drive:file:19ZgLXyJtdXtjDhY1ueD7-6wPoa00VqgQ,19ZgLXyJtdXtjDhY1ueD7-6wPoa00VqgQ,Buddhism,Gifts-He-Left-Behind.pdf,439420,UNIQUE_CANDIDATE,,OPEN,,,NO_EXACT_NAME_SIZE_PEER
drive:file:1X7Ol9awwQEAVBVRYApnNmNwoAc_lUnIh,1X7Ol9awwQEAVBVRYApnNmNwoAc_lUnIh,Buddhism,A-Heart-Released.pdf,328502,REVIEW_REQUIRED,DUP-35B92B5AF2FB,OPEN,,,EXACT_NAME_SIZE_CANDIDATE_ONLY
drive:file:138-Gu1uPoYyNM5BIotEJO3cfjr6LPwEI,138-Gu1uPoYyNM5BIotEJO3cfjr6LPwEI,Buddhism,Dhamma-Verses.pdf,3793984,UNIQUE_CANDIDATE,,OPEN,,,NO_EXACT_NAME_SIZE_PEER
drive:file:1Xev7ZMgc-u4xrwzM-X9XLmmLuj8xo4p2,1Xev7ZMgc-u4xrwzM-X9XLmmLuj8xo4p2,Buddhism,Starting-Out-Small.pdf,955923,UNIQUE_CANDIDATE,,OPEN,,,NO_EXACT_NAME_SIZE_PEER
drive:file:1CbUlwMbB33ayUhNlZ2L16Ib-mFe9Oe44,1CbUlwMbB33ayUhNlZ2L16Ib-mFe9Oe44,Buddhism,Samayasara-or-Nature-of-Self.pdf,19008648,UNIQUE_CANDIDATE,,OPEN,,,NO_EXACT_NAME_SIZE_PEER
drive:file:15M9E9oaUrxKQ7IpnY0eZOM-F1atfYozR,15M9E9oaUrxKQ7IpnY0eZOM-F1atfYozR,Buddhism,Kularnava-Tantra.pdf,413163,UNIQUE_CANDIDATE,,OPEN,,,NO_EXACT_NAME_SIZE_PEER
drive:file:1opFq7DUbXWY1AsRG7h1rz_QZBw8vYyeC,1opFq7DUbXWY1AsRG7h1rz_QZBw8vYyeC,Buddhism,Preksha-Dhyana-Perception-of-Psychic-Colours.pdf,1606530,REVIEW_REQUIRED,DUP-9E82CDDAEEB6,OPEN,,,EXACT_NAME_SIZE_CANDIDATE_ONLY
drive:file:1UUt2ZnKPPE3OnZlCg90j2is6UZN7653S,1UUt2ZnKPPE3OnZlCg90j2is6UZN7653S,Buddhism,Sanmati-Tarka.pdf,7528883,UNIQUE_CANDIDATE,,OPEN,,,NO_EXACT_NAME_SIZE_PEER
drive:file:1Jh9awM_eLUPP-ea5C2O9UIlyu1HKUkXE,1Jh9awM_eLUPP-ea5C2O9UIlyu1HKUkXE,Buddhism,Theory-of-Karman-in-Indian-Thought.pdf,15311984,UNIQUE_CANDIDATE,,OPEN,,,NO_EXACT_NAME_SIZE_PEER
drive:file:1A-3DExs9ypY3XTMxbdSOUziagWho4rgP,1A-3DExs9ypY3XTMxbdSOUziagWho4rgP,Buddhism,The-Zen-of-Love.pdf,2319504,UNIQUE_CANDIDATE,,OPEN,,,NO_EXACT_NAME_SIZE_PEER
drive:file:1wbN2RZh0wjjJUZMu3jjQkl_cn3oFbDrz,1wbN2RZh0wjjJUZMu3jjQkl_cn3oFbDrz,Buddhism,Buddhism-Of-Tibet-Or-Lamaism.pdf,47790302,UNIQUE_CANDIDATE,,OPEN,,,NO_EXACT_NAME_SIZE_PEER
drive:file:1_9JcxXLm8-fKuzfjfwC_U8C6kCHoXjzt,1_9JcxXLm8-fKuzfjfwC_U8C6kCHoXjzt,Buddhism,Transmutation-of-Personality-through-Preksha-Meditation.pdf,5343180,REVIEW_REQUIRED,DUP-064ADF1778E2,OPEN,,,EXACT_NAME_SIZE_CANDIDATE_ONLY
drive:file:1--UY0p9XKVU2DqzjPhDgBLICIIVoo8V0,1--UY0p9XKVU2DqzjPhDgBLICIIVoo8V0,Buddhism,Majjhima-Nikaya.pdf,35520225,UNIQUE_CANDIDATE,,OPEN,,,NO_EXACT_NAME_SIZE_PEER
drive:file:15LdtXUeplGCpHKL9MkSgiMLDvJ7TAM4E,15LdtXUeplGCpHKL9MkSgiMLDvJ7TAM4E,Buddhism,Ganadharavada.pdf,16932209,UNIQUE_CANDIDATE,,OPEN,,,NO_EXACT_NAME_SIZE_PEER
drive:file:17oA_ioCZUyoi9DhKUpzD1wnDHcW1QZi2,17oA_ioCZUyoi9DhKUpzD1wnDHcW1QZi2,Buddhism,Consciousness-Studies.pdf,15772174,REVIEW_REQUIRED,DUP-DFCE762CB6F4,OPEN,,,EXACT_NAME_SIZE_CANDIDATE_ONLY
drive:file:1SQhAL6vgfL-cTcv-yI0hgG7ueJjEUB09,1SQhAL6vgfL-cTcv-yI0hgG7ueJjEUB09,Buddhism,Abiding-in-the-Retreat.pdf,3804287,UNIQUE_CANDIDATE,,OPEN,,,NO_EXACT_NAME_SIZE_PEER
drive:file:1rG424gkFLuNjYzNsASZzHAGJpSGnhYnx,1rG424gkFLuNjYzNsASZzHAGJpSGnhYnx,Buddhism,The-Craft-of-the-Heart.pdf,1501212,UNIQUE_CANDIDATE,,OPEN,,,NO_EXACT_NAME_SIZE_PEER
drive:file:1sIb2Gs2feuG61vpJ2vjSSjCbh-C47pqZ,1sIb2Gs2feuG61vpJ2vjSSjCbh-C47pqZ,Buddhism,Buddhas-Teachings.pdf,362289,UNIQUE_CANDIDATE,,OPEN,,,NO_EXACT_NAME_SIZE_PEER
drive:file:111DnNKGtAkVgtnY7tG75PVKcBPuV1R5N,111DnNKGtAkVgtnY7tG75PVKcBPuV1R5N,Buddhism,Ye-Magick-Mirrour-of-Old-Japan.pdf,5117707,REVIEW_REQUIRED,DUP-3363467F56CB,OPEN,,,EXACT_NAME_SIZE_CANDIDATE_ONLY
drive:file:1LKE6F6zdAzVXfBIpRSOdHeEJNtPa8WqV,1LKE6F6zdAzVXfBIpRSOdHeEJNtPa8WqV,Buddhism,OnThePath180109.pdf,2201032,UNIQUE_CANDIDATE,,OPEN,,,NO_EXACT_NAME_SIZE_PEER
drive:file:1UgwknTkxBlvg24OrvvWWvomliDb4_zB8,1UgwknTkxBlvg24OrvvWWvomliDb4_zB8,Buddhism,The-Body.pdf,2834717,UNIQUE_CANDIDATE,,OPEN,,,NO_EXACT_NAME_SIZE_PEER
drive:file:11o11No4rOtieiO-eLOyoFf26gCwgv4zU,11o11No4rOtieiO-eLOyoFf26gCwgv4zU,Buddhism,Zen-in-the-Art-of-Archery.pdf,1406781,UNIQUE_CANDIDATE,,OPEN,,,NO_EXACT_NAME_SIZE_PEER
drive:file:12F8dz8uemKN39eDflBsG24eblQuOlW5F,12F8dz8uemKN39eDflBsG24eblQuOlW5F,Buddhism,Five-Faculties.pdf,2299074,UNIQUE_CANDIDATE,,OPEN,,,NO_EXACT_NAME_SIZE_PEER
drive:file:1mFe9Q_rDEwH9MqdjejDBPwNpe49T0LrQ,1mFe9Q_rDEwH9MqdjejDBPwNpe49T0LrQ,Buddhism,Unentangled-Knowing.pdf,2631815,REVIEW_REQUIRED,DUP-1CA0EA1618FF,OPEN,,,EXACT_NAME_SIZE_CANDIDATE_ONLY
drive:file:1Vl8RMjLEGb1sh9JcTRJHKV3aT4zmoQBh,1Vl8RMjLEGb1sh9JcTRJHKV3aT4zmoQBh,Buddhism,AwarenessItself180407.pdf,1086685,REVIEW_REQUIRED,DUP-CABAEFD7A16A,OPEN,,,EXACT_NAME_SIZE_CANDIDATE_ONLY
drive:file:1Src8s7kXRsqRnaut6PJo_j7fZ4bZ9VJD,1Src8s7kXRsqRnaut6PJo_j7fZ4bZ9VJD,Buddhism,In-the-Elephants-Footprint.pdf,1360991,UNIQUE_CANDIDATE,,OPEN,,,NO_EXACT_NAME_SIZE_PEER
drive:file:1MDXQM0Da3gPIllOqDCp_qdOFM7s3xTof,1MDXQM0Da3gPIllOqDCp_qdOFM7s3xTof,Buddhism,Come-And-See.pdf,1113042,REVIEW_REQUIRED,DUP-6102BB747A46,OPEN,,,EXACT_NAME_SIZE_CANDIDATE_ONLY
drive:file:10eu4n5jVKkIOLW3ogxYnKlICaKEsKaDQ,10eu4n5jVKkIOLW3ogxYnKlICaKEsKaDQ,Buddhism,Non-violence.pdf,1800043,UNIQUE_CANDIDATE,,OPEN,,,NO_EXACT_NAME_SIZE_PEER
drive:file:1Vjs4B3UufhoWkxGqCsasjR5VOYC8lt8C,1Vjs4B3UufhoWkxGqCsasjR5VOYC8lt8C,Buddhism,Jamme-Tulku-History.pdf,111432,UNIQUE_CANDIDATE,,OPEN,,,NO_EXACT_NAME_SIZE_PEER
drive:file:1OPBkqDDBBy8sICARKax0WgLkLxcaDG7A,1OPBkqDDBBy8sICARKax0WgLkLxcaDG7A,Buddhism,First-Things-First.pdf,1859421,UNIQUE_CANDIDATE,,OPEN,,,NO_EXACT_NAME_SIZE_PEER
drive:file:1qQOj_E9czNhgOkyBcQpxyz4cr4ZpJ_c8,1qQOj_E9czNhgOkyBcQpxyz4cr4ZpJ_c8,Buddhism,Buddhist-Scriptures-by-Edward-Conze.pdf,1188056,UNIQUE_CANDIDATE,,OPEN,,,NO_EXACT_NAME_SIZE_PEER
drive:file:1i0uUm-PIFn2umr557eEeJ_sLbl9HHlWl,1i0uUm-PIFn2umr557eEeJ_sLbl9HHlWl,Buddhism,The-Basic-Principles-Of-The-Fuchiyado-Meditation-TheSamurai-Blowgun-Martial-Art.pdf,3177755,UNIQUE_CANDIDATE,,OPEN,,,NO_EXACT_NAME_SIZE_PEER
drive:file:1Ze6JmvGGx4PD0TMG75xhN3WQ0H6b21eG,1Ze6JmvGGx4PD0TMG75xhN3WQ0H6b21eG,Buddhism,The-Eye-of-Discernment.pdf,9516922,UNIQUE_CANDIDATE,,OPEN,,,NO_EXACT_NAME_SIZE_PEER
drive:file:1jxou4A-UfxIgB6m_ArzcBht4w0ybiooD,1jxou4A-UfxIgB6m_ArzcBht4w0ybiooD,Buddhism,Consciousness-Enlarged.pdf,3792053,UNIQUE_CANDIDATE,,OPEN,,,NO_EXACT_NAME_SIZE_PEER
drive:file:1SSwkfz1-sO9U-Rij-XA38A5Ti-SZUKdV,1SSwkfz1-sO9U-Rij-XA38A5Ti-SZUKdV,Buddhism,Awakening-of-Faith.pdf,9947861,UNIQUE_CANDIDATE,,OPEN,,,NO_EXACT_NAME_SIZE_PEER
drive:file:1HgulOs70SYSIZzQnYZb-fVFXjvpMri14,1HgulOs70SYSIZzQnYZb-fVFXjvpMri14,Buddhism,An-Introduction-to-Mahayana-Buddhism.pdf,15547147,UNIQUE_CANDIDATE,,OPEN,,,NO_EXACT_NAME_SIZE_PEER
drive:file:1x0c-xdkguPl6eMnQLy77S08Zyd6Q3Caq,1x0c-xdkguPl6eMnQLy77S08Zyd6Q3Caq,Buddhism,Bodhinyana.pdf,10646963,UNIQUE_CANDIDATE,,OPEN,,,NO_EXACT_NAME_SIZE_PEER
drive:file:1wQiZBYJ6i50c1VT11i5uSkJJL0A-5_ff,1wQiZBYJ6i50c1VT11i5uSkJJL0A-5_ff,Buddhism,Max-Cafard-Zen-Anarchy.pdf,910215,REVIEW_REQUIRED,DUP-2A9EEA9CD388,OPEN,,,EXACT_NAME_SIZE_CANDIDATE_ONLY
drive:file:17UY0FI1cM5-p75BaRffpVED8s06vZs6p,17UY0FI1cM5-p75BaRffpVED8s06vZs6p,Buddhism,Noble-Warrior.pdf,6156634,UNIQUE_CANDIDATE,,OPEN,,,NO_EXACT_NAME_SIZE_PEER
drive:file:1oJsNrsUDc6tYANuwKacbeL1EnLzotDe8,1oJsNrsUDc6tYANuwKacbeL1EnLzotDe8,Buddhism,Buddhas-16-Prophecies.pdf,1422101,UNIQUE_CANDIDATE,,OPEN,,,NO_EXACT_NAME_SIZE_PEER
drive:file:1Cdt6UJNW3VTCZkV-y3ayIIL_zW3xJEdg,1Cdt6UJNW3VTCZkV-y3ayIIL_zW3xJEdg,Buddhism,Factors-for-Awakening.pdf,1408495,UNIQUE_CANDIDATE,,OPEN,,,NO_EXACT_NAME_SIZE_PEER
drive:file:1-V6RLDmE9pomWE65NZUD6ZTcJVXsfWTN,1-V6RLDmE9pomWE65NZUD6ZTcJVXsfWTN,Buddhism,Outlines-of-Mahayana-Buddhism.pdf,16925381,UNIQUE_CANDIDATE,,OPEN,,,NO_EXACT_NAME_SIZE_PEER
drive:file:1udRGk5OYHHtv_CWn_JMYnM2IXsl6icZl,1udRGk5OYHHtv_CWn_JMYnM2IXsl6icZl,Buddhism,[Tokubrasil] Crest Of The Wolf & Midare Karakuri MUSIC FILE.pdf,69721442,UNIQUE_CANDIDATE,,OPEN,,,NO_EXACT_NAME_SIZE_PEER
drive:file:1YyGUdEMWKs_iqnyVTNq9b2oKaSPjqLTw,1YyGUdEMWKs_iqnyVTNq9b2oKaSPjqLTw,Buddhism,The-Way-of-Zen-in-Vietnam.pdf,2453010,UNIQUE_CANDIDATE,,OPEN,,,NO_EXACT_NAME_SIZE_PEER
drive:file:1fxo9HqIEsJ8HtzBzjmrVqvFsasaEm8pk,1fxo9HqIEsJ8HtzBzjmrVqvFsasaEm8pk,Buddhism,The-Analysis-of-Deeds.pdf,2171171,UNIQUE_CANDIDATE,,OPEN,,,NO_EXACT_NAME_SIZE_PEER
drive:file:1e2HfhG8FxuHsirr-GmvxRRr7z2Yr9MCY,1e2HfhG8FxuHsirr-GmvxRRr7z2Yr9MCY,Buddhism,The-Dishonest.pdf,910128,UNIQUE_CANDIDATE,,OPEN,,,NO_EXACT_NAME_SIZE_PEER
drive:file:1jtmNIK4dzZEdppSTtiMRKSNPz4-WkHlY,1jtmNIK4dzZEdppSTtiMRKSNPz4-WkHlY,Buddhism,"Sexuality, Magic and Politics in Tibetan Buddhism.pdf",3967371,UNIQUE_CANDIDATE,,OPEN,,,NO_EXACT_NAME_SIZE_PEER
drive:file:1MEqszjqvYaHU2w3bm13OI-sBFio5ZXnY,1MEqszjqvYaHU2w3bm13OI-sBFio5ZXnY,Buddhism,The Fundamentals of Meditation Practice.pdf,624093,REVIEW_REQUIRED,DUP-34B468CC9C01,OPEN,,,EXACT_NAME_SIZE_CANDIDATE_ONLY
drive:file:1_WRtmCPWXkb4nNAh1WiY3C3H_jj0LUA2,1_WRtmCPWXkb4nNAh1WiY3C3H_jj0LUA2,Buddhism/Modern Buddhism – the Path of Compassion and Wisdom,Modern-Buddhism-Volume-III.pdf,2536123,UNIQUE_CANDIDATE,,OPEN,,,NO_EXACT_NAME_SIZE_PEER
drive:file:1Fi4DifEtR8HTDcrQT2ZOYeuvq_vIbJNL,1Fi4DifEtR8HTDcrQT2ZOYeuvq_vIbJNL,Buddhism/Modern Buddhism – the Path of Compassion and Wisdom,Modern-Buddhism-Volume-II.pdf,2149601,UNIQUE_CANDIDATE,,OPEN,,,NO_EXACT_NAME_SIZE_PEER
drive:file:1-875ao8WXqBnb9YOtUc0s7iDrpeeutWd,1-875ao8WXqBnb9YOtUc0s7iDrpeeutWd,Buddhism/Modern Buddhism – the Path of Compassion and Wisdom,Modern-Buddhism-Volume-I.pdf,2123347,UNIQUE_CANDIDATE,,OPEN,,,NO_EXACT_NAME_SIZE_PEER
drive:file:108wcv7dB4TtNH-3ODq68Wnn6a2SiiKgE,108wcv7dB4TtNH-3ODq68Wnn6a2SiiKgE,Buddhism/Buddhist Suttas A-Z,Buddhist-Sutra-Collection-VY.pdf,699672,UNIQUE_CANDIDATE,,OPEN,,,NO_EXACT_NAME_SIZE_PEER
drive:file:1OxXH1wmEgGm7I81MW1tfl2qJD1qymg8x,1OxXH1wmEgGm7I81MW1tfl2qJD1qymg8x,Buddhism/Buddhist Suttas A-Z,Buddhist-Sutra-Collection-TU.pdf,681014,UNIQUE_CANDIDATE,,OPEN,,,NO_EXACT_NAME_SIZE_PEER
drive:file:1eejoNtYMtlc1If3j7c2DfFWl8yiiQfng,1eejoNtYMtlc1If3j7c2DfFWl8yiiQfng,Buddhism/Buddhist Suttas A-Z,Buddhist-Sutra-Collection-S.pdf,899516,UNIQUE_CANDIDATE,,OPEN,,,NO_EXACT_NAME_SIZE_PEER
drive:file:1jOCNmn75IoESCmRvZucfa7Tke3CYOsfe,1jOCNmn75IoESCmRvZucfa7Tke3CYOsfe,Buddhism/Buddhist Suttas A-Z,Buddhist-Sutra-Collection-RS.pdf,766417,UNIQUE_CANDIDATE,,OPEN,,,NO_EXACT_NAME_SIZE_PEER
drive:file:1HkXkkv1nUvWacaeBcB6jKlePygPOd1x7,1HkXkkv1nUvWacaeBcB6jKlePygPOd1x7,Buddhism/Buddhist Suttas A-Z,Buddhist-Sutra-Collection-NOP.pdf,575991,UNIQUE_CANDIDATE,,OPEN,,,NO_EXACT_NAME_SIZE_PEER
drive:file:14Dh1UZcxuLw0_q-k61EbZ5Evgz37IlGL,14Dh1UZcxuLw0_q-k61EbZ5Evgz37IlGL,Buddhism/Buddhist Suttas A-Z,Buddhist-Sutra-Collection-M2.pdf,652003,UNIQUE_CANDIDATE,,OPEN,,,NO_EXACT_NAME_SIZE_PEER
drive:file:1IniiWYu29dcKNfAS_7znBOcyKZgIMtqd,1IniiWYu29dcKNfAS_7znBOcyKZgIMtqd,Buddhism/Buddhist Suttas A-Z,Buddhist-Sutra-Collection-M1.pdf,622827,UNIQUE_CANDIDATE,,OPEN,,,NO_EXACT_NAME_SIZE_PEER
drive:file:1IkO3Ts2_Msal1vEVyE6d8xyqgvjFVXT9,1IkO3Ts2_Msal1vEVyE6d8xyqgvjFVXT9,Buddhism/Buddhist Suttas A-Z,Buddhist-Sutra-Collection-L.pdf,619602,UNIQUE_CANDIDATE,,OPEN,,,NO_EXACT_NAME_SIZE_PEER
drive:file:1FSDuJFCISvIIPsd_ZPJskMcV1Ox3pEq4,1FSDuJFCISvIIPsd_ZPJskMcV1Ox3pEq4,Buddhism/Buddhist Suttas A-Z,Buddhist-Sutra-Collection-HIJK.pdf,745599,UNIQUE_CANDIDATE,,OPEN,,,NO_EXACT_NAME_SIZE_PEER
drive:file:1xmRrfXK2_6f_v0diREFoSVE94KYn3yMC,1xmRrfXK2_6f_v0diREFoSVE94KYn3yMC,Buddhism/Buddhist Suttas A-Z,Buddhist-Sutra-Collection-EFG.pdf,875350,UNIQUE_CANDIDATE,,OPEN,,,NO_EXACT_NAME_SIZE_PEER
drive:file:1M2SCME9iJsycEVmVwvfTlHMQRmSAvxf_,1M2SCME9iJsycEVmVwvfTlHMQRmSAvxf_,Buddhism/Buddhist Suttas A-Z,Buddhist-Sutra-Collection-D.pdf,721375,UNIQUE_CANDIDATE,,OPEN,,,NO_EXACT_NAME_SIZE_PEER
drive:file:1eR33MFggj_ekD_5uYdTLl_NoBc8vYnlr,1eR33MFggj_ekD_5uYdTLl_NoBc8vYnlr,Buddhism/Buddhist Suttas A-Z,Buddhist-Sutra-Collection-C.pdf,541142,UNIQUE_CANDIDATE,,OPEN,,,NO_EXACT_NAME_SIZE_PEER
drive:file:1Alls_ENJfS9AY6nskw4eMeIwi8Z9QoDT,1Alls_ENJfS9AY6nskw4eMeIwi8Z9QoDT,Buddhism/Buddhist Suttas A-Z,Buddhist-Sutra-Collection-B.pdf,762240,UNIQUE_CANDIDATE,,OPEN,,,NO_EXACT_NAME_SIZE_PEER
drive:file:1qamZ5rST0_mSS-NLLCyuZC508opXi6Bk,1qamZ5rST0_mSS-NLLCyuZC508opXi6Bk,Buddhism/Buddhist Suttas A-Z,Buddhist-Sutra-Collection-A2.pdf,810968,UNIQUE_CANDIDATE,,OPEN,,,NO_EXACT_NAME_SIZE_PEER
drive:file:1gGndeLNNEmiYnmTkSAnt-YQriWY0qreP,1gGndeLNNEmiYnmTkSAnt-YQriWY0qreP,Buddhism/Buddhist Suttas A-Z,Buddhist-Sutra-Collection-A1.pdf,877476,UNIQUE_CANDIDATE,,OPEN,,,NO_EXACT_NAME_SIZE_PEER
drive:file:14OONOCbNQpnfBt8S--s9uINilDQNUcMk,14OONOCbNQpnfBt8S--s9uINilDQNUcMk,Buddhism/Rude Awakenings and Great Patient One by Ajahn Sucitto and Nick Scott,Great-Patient-One.pdf,3827621,UNIQUE_CANDIDATE,,OPEN,,,NO_EXACT_NAME_SIZE_PEER
drive:file:1fn1FlXM8fRCn5IXrVBf9WGxb00P4z0el,1fn1FlXM8fRCn5IXrVBf9WGxb00P4z0el,Buddhism/Rude Awakenings and Great Patient One by Ajahn Sucitto and Nick Scott,Rude-Awakenings.pdf,2513742,UNIQUE_CANDIDATE,,OPEN,,,NO_EXACT_NAME_SIZE_PEER
drive:file:1PyINDUfZ8Sd7_ag7aaNxmJBV4E76tYk6,1PyINDUfZ8Sd7_ag7aaNxmJBV4E76tYk6,Buddhism/Teaching From The Vajrasattva Retreat,Teaching-From-The-Vajrasattva-Retreat-Lama-Zopa-4.pdf,708012,UNIQUE_CANDIDATE,,OPEN,,,NO_EXACT_NAME_SIZE_PEER
drive:file:19ACOuuXtzLXf3R_HAJRzdgmDVCobh4p5,19ACOuuXtzLXf3R_HAJRzdgmDVCobh4p5,Buddhism/Teaching From The Vajrasattva Retreat,Teaching-From-The-Vajrasattva-Retreat-Lama-Zopa-3.pdf,663254,UNIQUE_CANDIDATE,,OPEN,,,NO_EXACT_NAME_SIZE_PEER
drive:file:1IwKIC72RanpbLX7Mu_uhM3alt4fIlQxV,1IwKIC72RanpbLX7Mu_uhM3alt4fIlQxV,Buddhism/Teaching From The Vajrasattva Retreat,Teaching-From-The-Vajrasattva-Retreat-Lama-Zopa-2.pdf,659210,UNIQUE_CANDIDATE,,OPEN,,,NO_EXACT_NAME_SIZE_PEER
drive:file:1vkxhV1SLzz7TNJn3XOgHKGw_SrHBEB2O,1vkxhV1SLzz7TNJn3XOgHKGw_SrHBEB2O,Buddhism/Teaching From The Vajrasattva Retreat,Teaching-From-The-Vajrasattva-Retreat-Lama-Zopa-1.pdf,683708,UNIQUE_CANDIDATE,,OPEN,,,NO_EXACT_NAME_SIZE_PEER
drive:file:14ty7SWM_wOejRH0VSRTzsZlVBOMZnBV0,14ty7SWM_wOejRH0VSRTzsZlVBOMZnBV0,Buddhism/The Zen of Advaita,The-Zen-of-Advaita-Part-II.pdf,12173092,UNIQUE_CANDIDATE,,OPEN,,,NO_EXACT_NAME_SIZE_PEER
drive:file:1xENyyiKnTqzQtHhMBCjbE6MWq2JjFxxZ,1xENyyiKnTqzQtHhMBCjbE6MWq2JjFxxZ,Buddhism/The Zen of Advaita,The-Zen-of-Advaita.pdf,2517460,UNIQUE_CANDIDATE,,OPEN,,,NO_EXACT_NAME_SIZE_PEER
drive:file:1lFWA-9nkL_k__IhEdEXepilNsx1oT9Vi,1lFWA-9nkL_k__IhEdEXepilNsx1oT9Vi,Buddhism/Bardo Teachings – Zhi-Kro and Ngöndro Practice,Commentary-on-Ngöndro-Practice-according-to-The-New-Treasure-of-Dudjom.pdf,912887,REVIEW_REQUIRED,DUP-E2A07F8C13B6,OPEN,,,EXACT_NAME_SIZE_CANDIDATE_ONLY
drive:file:1wkjKRvHvVCgA3uDhiSflcqd5b-nn-dCK,1wkjKRvHvVCgA3uDhiSflcqd5b-nn-dCK,Buddhism/Bardo Teachings – Zhi-Kro and Ngöndro Practice,A-Modern-Commentary-on-Karma-Lingpas-Zhi-Kro-Teachings-on-the-peaceful-and-wrathfull-deities.pdf,283866,UNIQUE_CANDIDATE,,OPEN,,,NO_EXACT_NAME_SIZE_PEER
drive:file:1Su6KYJ9fH3GwS3tOmzYZimfOOLC9qh4a,1Su6KYJ9fH3GwS3tOmzYZimfOOLC9qh4a,Buddhism/Songs of Milarepa,Songs-of-Milarepa-Authentic-Expression.pdf,342848,UNIQUE_CANDIDATE,,OPEN,,,NO_EXACT_NAME_SIZE_PEER
drive:file:1bnPBgDnRMcjqxYeSWMd4aS4raq4gB_Hp,1bnPBgDnRMcjqxYeSWMd4aS4raq4gB_Hp,Buddhism/Songs of Milarepa,Songs-of-Milarepa-Geshe-In-Drin.pdf,303467,UNIQUE_CANDIDATE,,OPEN,,,NO_EXACT_NAME_SIZE_PEER
drive:file:1QBW2No8GN9BnB4bhAzCBaLkI501Lr2tS,1QBW2No8GN9BnB4bhAzCBaLkI501Lr2tS,Buddhism/Ramayana,Ramayana-VOL-4-Uttara-Kanda.pdf,8412965,UNIQUE_CANDIDATE,,OPEN,,,NO_EXACT_NAME_SIZE_PEER
drive:file:1h2N5UNMnL0vnItiHYQ7l56KBBStreKF_,1h2N5UNMnL0vnItiHYQ7l56KBBStreKF_,Buddhism/Ramayana,Ramayana-VOL-3-Yuddha-Kanda.pdf,12193463,UNIQUE_CANDIDATE,,OPEN,,,NO_EXACT_NAME_SIZE_PEER
drive:file:1D7ZBf8bbqJtIAtHuVTAhjI3rDBHDPBqw,1D7ZBf8bbqJtIAtHuVTAhjI3rDBHDPBqw,Buddhism/Ramayana,Ramayana-VOL-2-Aranya-Kishkindha-Sundara-Kanda.pdf,16621273,UNIQUE_CANDIDATE,,OPEN,,,NO_EXACT_NAME_SIZE_PEER
drive:file:18A9PU8mj4b7CUaMiaf-nfws9MWupdZqW,18A9PU8mj4b7CUaMiaf-nfws9MWupdZqW,Buddhism/Ramayana,Ramayana-VOL-1-Bala-Ayodhya-Kanda.pdf,12718166,UNIQUE_CANDIDATE,,OPEN,,,NO_EXACT_NAME_SIZE_PEER
drive:file:1ar6FVRSbm5ZYlrCFs2DVY0pF3fdnW_nH,1ar6FVRSbm5ZYlrCFs2DVY0pF3fdnW_nH,Buddhism/The Buddhist Monastic Code,The-Buddhist-Monastic-Code-II.pdf,2888091,UNIQUE_CANDIDATE,,OPEN,,,NO_EXACT_NAME_SIZE_PEER
drive:file:1au_IyFWznRwQSmWX5r0O7BGHk9ufl0B2,1au_IyFWznRwQSmWX5r0O7BGHk9ufl0B2,Buddhism/The Buddhist Monastic Code,The-Buddhist-Monastic-Code-I.pdf,6105733,UNIQUE_CANDIDATE,,OPEN,,,NO_EXACT_NAME_SIZE_PEER
drive:file:1DC8IXP-ZoZ-JUT2TQzZzYBjr97_YgssP,1DC8IXP-ZoZ-JUT2TQzZzYBjr97_YgssP,Buddhism/The Complete Works of Sister Nivedita VOL I-V,The-Complete-Works-of-Sister-Nivedita-Vol-5.pdf,11859499,UNIQUE_CANDIDATE,,OPEN,,,NO_EXACT_NAME_SIZE_PEER
drive:file:1_FiSarwqRKyRqbc2kLLgBZTZ0TS5iOxJ,1_FiSarwqRKyRqbc2kLLgBZTZ0TS5iOxJ,Buddhism/The Complete Works of Sister Nivedita VOL I-V,The-Complete-Works-of-Sister-Nivedita-Vol-2.pdf,14336107,UNIQUE_CANDIDATE,,OPEN,,,NO_EXACT_NAME_SIZE_PEER
drive:file:1mwGm8_EJbsYiaUavwb6izR6860ItdszC,1mwGm8_EJbsYiaUavwb6izR6860ItdszC,Buddhism/The Complete Works of Sister Nivedita VOL I-V,The-Complete-Works-of-Sister-Nivedita-Vol-4.pdf,14126374,UNIQUE_CANDIDATE,,OPEN,,,NO_EXACT_NAME_SIZE_PEER
drive:file:1XHDKaV3WaHzWXaXu8zmFd_YFPm8KV27m,1XHDKaV3WaHzWXaXu8zmFd_YFPm8KV27m,Buddhism/The Complete Works of Sister Nivedita VOL I-V,The-Complete-Works-of-Sister-Nivedita-Vol-1.pdf,14996270,UNIQUE_CANDIDATE,,OPEN,,,NO_EXACT_NAME_SIZE_PEER
drive:file:1BizJkrj2Q28j8uFjNXgDwZ6VGl3KbrvY,1BizJkrj2Q28j8uFjNXgDwZ6VGl3KbrvY,Buddhism/The Complete Works of Sister Nivedita VOL I-V,The Fundamentals of Meditation Practice.pdf,624093,REVIEW_REQUIRED,DUP-34B468CC9C01,OPEN,,,EXACT_NAME_SIZE_CANDIDATE_ONLY
drive:file:1phrVTClVdhiep6omsiAG9Rd5QkTGcpWa,1phrVTClVdhiep6omsiAG9Rd5QkTGcpWa,Buddhism/Meditations VOL I-V,Meditations5.pdf,1071629,UNIQUE_CANDIDATE,,OPEN,,,NO_EXACT_NAME_SIZE_PEER
drive:file:1wv4KKtUdaMpZwAGuDL2gBBRh4qxOo4y2,1wv4KKtUdaMpZwAGuDL2gBBRh4qxOo4y2,Buddhism/Meditations VOL I-V,Meditations4.pdf,1016108,UNIQUE_CANDIDATE,,OPEN,,,NO_EXACT_NAME_SIZE_PEER
drive:file:1OjH3I2D9exTjUwgeh9KsKcDJqMMsu4sE,1OjH3I2D9exTjUwgeh9KsKcDJqMMsu4sE,Buddhism/Meditations VOL I-V,Meditations3.pdf,1171513,UNIQUE_CANDIDATE,,OPEN,,,NO_EXACT_NAME_SIZE_PEER
drive:file:1eJa_Sr6bdnbtiTCKL-FjxZPmaFoGbb1i,1eJa_Sr6bdnbtiTCKL-FjxZPmaFoGbb1i,Buddhism/Meditations VOL I-V,Meditations2.pdf,1212176,UNIQUE_CANDIDATE,,OPEN,,,NO_EXACT_NAME_SIZE_PEER
drive:file:1dHLmUhXbxzubkpz8yyNsc4jPWUDIF-JA,1dHLmUhXbxzubkpz8yyNsc4jPWUDIF-JA,Buddhism/Meditations VOL I-V,Meditations1.pdf,1048113,UNIQUE_CANDIDATE,,OPEN,,,NO_EXACT_NAME_SIZE_PEER
drive:file:149977AH226c4hkfHHHNhuxzULeprE12s,149977AH226c4hkfHHHNhuxzULeprE12s,Buddhism/Buddhist Legends,Buddhist-Legends-2.pdf,5053133,UNIQUE_CANDIDATE,,OPEN,,,NO_EXACT_NAME_SIZE_PEER
drive:file:1-K0qVFJpWza3Nc3SKqdnGFlhZRQiUavp,1-K0qVFJpWza3Nc3SKqdnGFlhZRQiUavp,Buddhism/Buddhist Legends,Buddhist-Legends-3.pdf,4771192,UNIQUE_CANDIDATE,,OPEN,,,NO_EXACT_NAME_SIZE_PEER
drive:file:1yDTHSNrrXapvZA-3BFpWMcuR-BK-oJ6H,1yDTHSNrrXapvZA-3BFpWMcuR-BK-oJ6H,Buddhism/Buddhist Legends,Buddhist-Legends-1.pdf,3743107,UNIQUE_CANDIDATE,,OPEN,,,NO_EXACT_NAME_SIZE_PEER
drive:file:1B_xpwao7rl-VkvSyAYHorDT7gCt_SSEq,1B_xpwao7rl-VkvSyAYHorDT7gCt_SSEq,Buddhism/Seeing The Way,Seeing-the-Way-Vol-II.pdf,1037514,UNIQUE_CANDIDATE,,OPEN,,,NO_EXACT_NAME_SIZE_PEER
drive:file:16OmJU_BYzy29HSQabDwPh_53jW8lAD2Q,16OmJU_BYzy29HSQabDwPh_53jW8lAD2Q,Buddhism/Seeing The Way,Seeing-the-Way-Vol-I.pdf,616434,UNIQUE_CANDIDATE,,OPEN,,,NO_EXACT_NAME_SIZE_PEER
drive:file:14IdF-3BMn2KAF-HLUMKjuEvJnzK80003,14IdF-3BMn2KAF-HLUMKjuEvJnzK80003,Buddhism/Handful of Leaves VOL I – IV,Handful-of-leaves-IV.pdf,2184169,UNIQUE_CANDIDATE,,OPEN,,,NO_EXACT_NAME_SIZE_PEER
drive:file:1NxDE1bj4jV6xFFKx2ELiBFvA_1A3Izy2,1NxDE1bj4jV6xFFKx2ELiBFvA_1A3Izy2,Buddhism/Handful of Leaves VOL I – IV,Handful-of-leaves-3.pdf,23540928,UNIQUE_CANDIDATE,,OPEN,,,NO_EXACT_NAME_SIZE_PEER
drive:file:1X81LikRVvyLD6N-WUSbsH7vntRq19c66,1X81LikRVvyLD6N-WUSbsH7vntRq19c66,Buddhism/Handful of Leaves VOL I – IV,Handful-of-leaves-II.pdf,2420044,UNIQUE_CANDIDATE,,OPEN,,,NO_EXACT_NAME_SIZE_PEER
drive:file:1kSMHsIa2K6B08AOu7iOe87ecT93NFvDL,1kSMHsIa2K6B08AOu7iOe87ecT93NFvDL,Buddhism/Handful of Leaves VOL I – IV,Handful-of-leaves-1.pdf,1056411,UNIQUE_CANDIDATE,,OPEN,,,NO_EXACT_NAME_SIZE_PEER
drive:file:1a2YNPrhgRtHZgGUksWTSlLzEEx96AkIE,1a2YNPrhgRtHZgGUksWTSlLzEEx96AkIE,Buddhism/Books by Luang Ta Maha Boowa,Dangerous-Things-That-Ruin-The-Heart.pdf,296071,UNIQUE_CANDIDATE,,OPEN,,,NO_EXACT_NAME_SIZE_PEER
drive:file:18dTDO27t6Xcis8byKQFWsrDJf2fivXgk,18dTDO27t6Xcis8byKQFWsrDJf2fivXgk,Buddhism/Books by Luang Ta Maha Boowa,Dhamma-Comes-From-The-Heart.pdf,293626,UNIQUE_CANDIDATE,,OPEN,,,NO_EXACT_NAME_SIZE_PEER
drive:file:1puoA_ZHJq9bqaoG5wyTL35ietT9qU_kz,1puoA_ZHJq9bqaoG5wyTL35ietT9qU_kz,Buddhism/Books by Luang Ta Maha Boowa,Dont-Desert-the-Core-Principles-of-Dhamma-Vinaya.pdf,267311,UNIQUE_CANDIDATE,,OPEN,,,NO_EXACT_NAME_SIZE_PEER
drive:file:1hBSedgD3qA8rep3AXR4auD1aLtkauvyX,1hBSedgD3qA8rep3AXR4auD1aLtkauvyX,Buddhism/Books by Luang Ta Maha Boowa,The-Kilesa-Dont-Arise-In-Those-Who-Have-Sati.pdf,242646,UNIQUE_CANDIDATE,,OPEN,,,NO_EXACT_NAME_SIZE_PEER
drive:file:1qngaB3h7D1ySQjyKT28iOshCf3KWka8z,1qngaB3h7D1ySQjyKT28iOshCf3KWka8z,Buddhism/Books by Luang Ta Maha Boowa,Stillness-of-Samadhi.pdf,354569,UNIQUE_CANDIDATE,,OPEN,,,NO_EXACT_NAME_SIZE_PEER
drive:file:10iKmeweWZv6k31FJzh-kg-rZTjEhDA2x,10iKmeweWZv6k31FJzh-kg-rZTjEhDA2x,Buddhism/Books by Luang Ta Maha Boowa,No-One-Can-Replace-the-Citta.pdf,223391,UNIQUE_CANDIDATE,,OPEN,,,NO_EXACT_NAME_SIZE_PEER
drive:file:1-OAqdmKruUhTaeepCw6Z6x_RQdDNx9lC,1-OAqdmKruUhTaeepCw6Z6x_RQdDNx9lC,Buddhism/Books by Luang Ta Maha Boowa,Establishing-The-Fundamentals.pdf,238001,UNIQUE_CANDIDATE,,OPEN,,,NO_EXACT_NAME_SIZE_PEER
drive:file:1wIsas7cMqDZxBTrHXs0HTWnDGXPsHn3a,1wIsas7cMqDZxBTrHXs0HTWnDGXPsHn3a,Buddhism/Books by Luang Ta Maha Boowa,All-the-Heaps-of-Suffering-Add-Up-To-Kama-Kilesa.pdf,267127,UNIQUE_CANDIDATE,,OPEN,,,NO_EXACT_NAME_SIZE_PEER
drive:file:1XmhFejQKhqVUaD6Y_k0HvNOyBhZ3Bi7H,1XmhFejQKhqVUaD6Y_k0HvNOyBhZ3Bi7H,Buddhism/The Great Chronicle Of Buddhas,MinGunSayadawGyi-TGC-V6P2.pdf,88067744,UNIQUE_CANDIDATE,,OPEN,,,NO_EXACT_NAME_SIZE_PEER
drive:file:1wAhRuwJQ_iFWBka-88-LkMtq4qOJNHvy,1wAhRuwJQ_iFWBka-88-LkMtq4qOJNHvy,Buddhism/The Great Chronicle Of Buddhas,MinGunSayadawGyi-TGC-V6P1.pdf,91952175,UNIQUE_CANDIDATE,,OPEN,,,NO_EXACT_NAME_SIZE_PEER
drive:file:1OQiMSR4-egOHiTzS4hcTgx09ZbwAPLJs,1OQiMSR4-egOHiTzS4hcTgx09ZbwAPLJs,Buddhism/The Great Chronicle Of Buddhas,MinGunSayadawGyi-TGC-V5.pdf,111424037,UNIQUE_CANDIDATE,,OPEN,,,NO_EXACT_NAME_SIZE_PEER
drive:file:1NFFW9k3xBEubWrGEtaQ61vq9nX5FmYo0,1NFFW9k3xBEubWrGEtaQ61vq9nX5FmYo0,Buddhism/The Great Chronicle Of Buddhas,MinGunSayadawGyi-TGC-V3.pdf,109385438,UNIQUE_CANDIDATE,,OPEN,,,NO_EXACT_NAME_SIZE_PEER
drive:file:1gqPxbX5OcmXcKELEB0pOdIxvcyaFqXry,1gqPxbX5OcmXcKELEB0pOdIxvcyaFqXry,Buddhism/The Great Chronicle Of Buddhas,MinGunSayadawGyi-TGC-V4.pdf,109027898,UNIQUE_CANDIDATE,,OPEN,,,NO_EXACT_NAME_SIZE_PEER
drive:file:1B620gJLsqlwt9M7nNl5nVnXmdXvIypXt,1B620gJLsqlwt9M7nNl5nVnXmdXvIypXt,Buddhism/The Great Chronicle Of Buddhas,MinGunSayadawGyi-TGC-V1P1.pdf,98414101,UNIQUE_CANDIDATE,,OPEN,,,NO_EXACT_NAME_SIZE_PEER
drive:file:1ptF62KXONAQRrciSdf4wSLw2ZPtn8fUD,1ptF62KXONAQRrciSdf4wSLw2ZPtn8fUD,Buddhism/The Great Chronicle Of Buddhas,MinGunSayadawGyi-TGC-V1P2.pdf,94058486,UNIQUE_CANDIDATE,,OPEN,,,NO_EXACT_NAME_SIZE_PEER
drive:file:1VcEQPjVAdrGIWj404t3cHYFoXJVOxSHW,1VcEQPjVAdrGIWj404t3cHYFoXJVOxSHW,Buddhism/The Great Chronicle Of Buddhas,MinGunSayadawGyi-TGC-V2P1.pdf,75795203,UNIQUE_CANDIDATE,,OPEN,,,NO_EXACT_NAME_SIZE_PEER
drive:file:1c2XwqFR2bE-i8UU9y9KkVgm3MvvvToAM,1c2XwqFR2bE-i8UU9y9KkVgm3MvvvToAM,Buddhism/The Great Chronicle Of Buddhas,MinGunSayadawGyi-TGC-V2P2.pdf,30350269,UNIQUE_CANDIDATE,,OPEN,,,NO_EXACT_NAME_SIZE_PEER
drive:file:12LvLPSHUsIQwXWUKFx9ActWPoMkcGE6C,12LvLPSHUsIQwXWUKFx9ActWPoMkcGE6C,Biographies,Copernicus-And-His-World.pdf,21312948,UNIQUE_CANDIDATE,,OPEN,,,NO_EXACT_NAME_SIZE_PEER
drive:file:13RylUgulnDIa5xv6qeh8ab4wtpKlUSGB,13RylUgulnDIa5xv6qeh8ab4wtpKlUSGB,Biographies,Jamyang-Khyentse-Wangpo-the-Great-1820-92.pdf,112930,REVIEW_REQUIRED,DUP-92311C59626E,OPEN,,,EXACT_NAME_SIZE_CANDIDATE_ONLY
drive:file:1n8e0RqKgsr-eW6hGFRSAwd4ut3Y9lliJ,1n8e0RqKgsr-eW6hGFRSAwd4ut3Y9lliJ,Biographies,Jiddu-Krishnamurtis-Notebook.pdf,698955,UNIQUE_CANDIDATE,,OPEN,,,NO_EXACT_NAME_SIZE_PEER
drive:file:1iEdXE-mDWkOkGf63YZ3yazgGmTnq9Vlr,1iEdXE-mDWkOkGf63YZ3yazgGmTnq9Vlr,Biographies,Wind-in-the-forest-by-Venerable-Sujiva.pdf,3335808,UNIQUE_CANDIDATE,,OPEN,,,NO_EXACT_NAME_SIZE_PEER
drive:file:1a2r_CUgXhmd0-57QpNUzIkvQdWaAXjRe,1a2r_CUgXhmd0-57QpNUzIkvQdWaAXjRe,Biographies,Madame-Guyon-Autobiography.pdf,359654,REVIEW_REQUIRED,DUP-381F1F73FCE8,OPEN,,,EXACT_NAME_SIZE_CANDIDATE_ONLY
drive:file:1_dVtcD8ETH8NvUwZ2Thll7dJwrFXdsAL,1_dVtcD8ETH8NvUwZ2Thll7dJwrFXdsAL,Biographies,St-Paul-the-Traveler-Roman-Citizen.pdf,1243170,REVIEW_REQUIRED,DUP-05622D665D68,OPEN,,,EXACT_NAME_SIZE_CANDIDATE_ONLY
drive:file:1YIpD7ra-bPM2FUzomaLbdy8K5sSCoO1t,1YIpD7ra-bPM2FUzomaLbdy8K5sSCoO1t,Biographies,The-Red-Book-Jung.pdf,3431583,UNIQUE_CANDIDATE,,OPEN,,,NO_EXACT_NAME_SIZE_PEER
drive:file:1UpX2Lr43CwAlstEY5ZHIxXwwPL1lxrTY,1UpX2Lr43CwAlstEY5ZHIxXwwPL1lxrTY,Biographies,Osho-Rajneesh-Tears-of-the-Mystic-Rose.pdf,4484832,UNIQUE_CANDIDATE,,OPEN,,,NO_EXACT_NAME_SIZE_PEER
drive:file:1mcJ-1KbPmBt-b_0NjL9Y26fE-V7d8A8H,1mcJ-1KbPmBt-b_0NjL9Y26fE-V7d8A8H,Biographies,Life-of-Saint-Francis-of-Assisi-by-Paul-Sabatier.pdf,1041741,REVIEW_REQUIRED,DUP-8E273E1F6994,OPEN,,,EXACT_NAME_SIZE_CANDIDATE_ONLY
drive:file:1g4eLzgX1TDf97f_1Xx-jOZmTGuUdJJtn,1g4eLzgX1TDf97f_1Xx-jOZmTGuUdJJtn,Biographies,wisdom-of-the-sadhu.html,94594,UNIQUE_CANDIDATE,,OPEN,,,NO_EXACT_NAME_SIZE_PEER
drive:file:1LWTb42yfcCZ-cHhbMh2i_QZfawvwudcm,1LWTb42yfcCZ-cHhbMh2i_QZfawvwudcm,Biographies,Sri-Aurobindo-Record-Of-Yoga.pdf,4841380,UNIQUE_CANDIDATE,,OPEN,,,NO_EXACT_NAME_SIZE_PEER
drive:file:1qpz73jTbmE6VAbI2pbmX_02tTcy4R2Aw,1qpz73jTbmE6VAbI2pbmX_02tTcy4R2Aw,Biographies,Letters-from-Russia.pdf,770055,UNIQUE_CANDIDATE,,OPEN,,,NO_EXACT_NAME_SIZE_PEER
drive:file:1xH-_AN29djFOet8vfFvQJnbLrcc5S3Uv,1xH-_AN29djFOet8vfFvQJnbLrcc5S3Uv,Biographies,Sixty-Songs-of-Milarepa.pdf,390872,REVIEW_REQUIRED,DUP-93CEB73872A2,OPEN,,,EXACT_NAME_SIZE_CANDIDATE_ONLY
drive:file:1vh9Z2kATiEZTsphSKcblIamA5fgbUnHI,1vh9Z2kATiEZTsphSKcblIamA5fgbUnHI,Biographies,The-Mogok-Sayadaw.pdf,1273196,UNIQUE_CANDIDATE,,OPEN,,,NO_EXACT_NAME_SIZE_PEER
drive:file:1IUx1B612YPV3I9I6CfRj3g9YhpAZ0Atz,1IUx1B612YPV3I9I6CfRj3g9YhpAZ0Atz,Biographies,A-Spiritual-Biography-Acariya-Mun.pdf,4855420,UNIQUE_CANDIDATE,,OPEN,,,NO_EXACT_NAME_SIZE_PEER
drive:file:1e-ITux9A9Bg1sGDaNiFX6KNEThe9kRmc,1e-ITux9A9Bg1sGDaNiFX6KNEThe9kRmc,Biographies,The-Life-of-Saint-Francis-of-Assisi.pdf,559489,UNIQUE_CANDIDATE,,OPEN,,,NO_EXACT_NAME_SIZE_PEER
drive:file:17OqrVGaxsjAUdMX_biieD4FyLMNYPYFS,17OqrVGaxsjAUdMX_biieD4FyLMNYPYFS,Biographies,The-Complete-Pythagoras.pdf,942461,REVIEW_REQUIRED,DUP-BCC255AA69B8,OPEN,,,EXACT_NAME_SIZE_CANDIDATE_ONLY
drive:file:18Gjo_XAIYa--dh_aeiqK85IdGE9KZSJb,18Gjo_XAIYa--dh_aeiqK85IdGE9KZSJb,Biographies,Mae-Chee-Kaew-Her-Journey-to-Spiritual-Awakening-Enlightenment.pdf,2776582,REVIEW_REQUIRED,DUP-8791B37F7B44,OPEN,,,EXACT_NAME_SIZE_CANDIDATE_ONLY
drive:file:16486bmR-27yOxfNsMYojh2mU3hOA7V-w,16486bmR-27yOxfNsMYojh2mU3hOA7V-w,Biographies,A-Journey-Through-Georgia-C-E-Bechhofer-Roberts.pdf,70613,UNIQUE_CANDIDATE,,OPEN,,,NO_EXACT_NAME_SIZE_PEER
drive:file:15e_fqAWWTQSIcQwvrt54LY7vDUTRYrvB,15e_fqAWWTQSIcQwvrt54LY7vDUTRYrvB,Biographies,The-Autobiography-Of-Han-Shan.pdf,433958,UNIQUE_CANDIDATE,,OPEN,,,NO_EXACT_NAME_SIZE_PEER
drive:file:1j_xFqWQGqfI6PJQSGyMHDaUcLaJDONt8,1j_xFqWQGqfI6PJQSGyMHDaUcLaJDONt8,Biographies,The-Life-of-Buddha-Ebook.pdf,800154,REVIEW_REQUIRED,DUP-2D796B63ED1C,OPEN,,,EXACT_NAME_SIZE_CANDIDATE_ONLY
drive:file:1Kp4WPLTOpsZvlx0NzJr0Qka7DRL8MYOv,1Kp4WPLTOpsZvlx0NzJr0Qka7DRL8MYOv,Biographies,Nathan-Gill-Clarity.pdf,39145,UNIQUE_CANDIDATE,,OPEN,,,NO_EXACT_NAME_SIZE_PEER
drive:file:1EvOcJiTc2uHGOqKF5zL-r1ji2sh_KPUb,1EvOcJiTc2uHGOqKF5zL-r1ji2sh_KPUb,Biographies,U.G.-Krishnamurti-Mind-is-a-myth.pdf,562186,UNIQUE_CANDIDATE,,OPEN,,,NO_EXACT_NAME_SIZE_PEER
drive:file:132mgf1RBtnEjGKLK8FX11cPuvjOH3n87,132mgf1RBtnEjGKLK8FX11cPuvjOH3n87,Biographies,Sri-Aurobindo-VOL-36-Autobiographical-Notes-and-Other-Writings-of-Historical-Interest.pdf,2143386,REVIEW_REQUIRED,DUP-D4A45974DCCD,OPEN,,,EXACT_NAME_SIZE_CANDIDATE_ONLY
drive:file:1zLEoN7gycGCvlKd0oy2DrbPkznxk801d,1zLEoN7gycGCvlKd0oy2DrbPkznxk801d,Biographies,The-Venerable-Phra-Acharn-Mun-Bhuridatta-Thera-meditation-master.pdf,1144454,REVIEW_REQUIRED,DUP-FE6C7B729C48,OPEN,,,EXACT_NAME_SIZE_CANDIDATE_ONLY
drive:file:1tGWc25lQE52rGBFjxxCbJ7rkqrZhV_9C,1tGWc25lQE52rGBFjxxCbJ7rkqrZhV_9C,Biographies,White-Brother-by-Michael-Juste.pdf,620536,UNIQUE_CANDIDATE,,OPEN,,,NO_EXACT_NAME_SIZE_PEER
drive:file:1Xi6rWOs7GFWfCx-VpGq29p6I4mvNL18S,1Xi6rWOs7GFWfCx-VpGq29p6I4mvNL18S,Biographies,Kundalini-the-evolutionary-energy-in-man-by-Gopi-Krishna.pdf,411767,UNIQUE_CANDIDATE,,OPEN,,,NO_EXACT_NAME_SIZE_PEER
drive:file:1t5ryFVKzD6BdeRXEANCQHYBG6VqvHbgF,1t5ryFVKzD6BdeRXEANCQHYBG6VqvHbgF,Biographies,Snow-in-the-Summer.pdf,371884,REVIEW_REQUIRED,DUP-DE25F84970D9,OPEN,,,EXACT_NAME_SIZE_CANDIDATE_ONLY
drive:file:1N_5JTC5oc29LTBJCm4IKl8xbaSARXI9E,1N_5JTC5oc29LTBJCm4IKl8xbaSARXI9E,Biographies,Ajaan-Khao-A-True-Spiritual-Warrior.pdf,4750326,REVIEW_REQUIRED,DUP-D65B55BAD2C4,OPEN,,,EXACT_NAME_SIZE_CANDIDATE_ONLY
drive:file:17zXZyz_fa9A-9cjDY_HeNOVf3T-bAO2n,17zXZyz_fa9A-9cjDY_HeNOVf3T-bAO2n,Biographies,Jnaneshvar-The-Life-and-Works-of-the-Celebrated-Thirteenth-Century-Indian-Mystic-Poet.pdf,1538950,UNIQUE_CANDIDATE,,OPEN,,,NO_EXACT_NAME_SIZE_PEER
drive:file:1GMKWvlEaAFhBHpz5HgtzT37yiRP9vOeB,1GMKWvlEaAFhBHpz5HgtzT37yiRP9vOeB,Biographies,Sunyata-The-typewritten-manuscripts.pdf,97867750,REVIEW_REQUIRED,DUP-0CEA685CC78B,OPEN,,,EXACT_NAME_SIZE_CANDIDATE_ONLY
drive:file:1gLgOLoNwULPYRlga_KE2GOWEd9sZT0f8,1gLgOLoNwULPYRlga_KE2GOWEd9sZT0f8,Biographies,Nectar-of-Sunyata.pdf,882538,REVIEW_REQUIRED,DUP-4779C0467953,OPEN,,,EXACT_NAME_SIZE_CANDIDATE_ONLY
drive:file:199kpKLQ2o9l-MPXTqJcKy9nwEV-jTg2S,199kpKLQ2o9l-MPXTqJcKy9nwEV-jTg2S,Biographies,Sigmund-Freud-The-Complete-Works.pdf,11187482,UNIQUE_CANDIDATE,,OPEN,,,NO_EXACT_NAME_SIZE_PEER
drive:file:1MeoIu3Gbaon2Hol88aXb3TdDTY-z9Or0,1MeoIu3Gbaon2Hol88aXb3TdDTY-z9Or0,Biographies,The-Quiet-Mind.pdf,1605335,REVIEW_REQUIRED,DUP-8A8AE1D032CC,OPEN,,,EXACT_NAME_SIZE_CANDIDATE_ONLY
drive:file:16I695jcuEgTGKk3vD5IP_aGbEk7xzBz2,16I695jcuEgTGKk3vD5IP_aGbEk7xzBz2,Biographies,That-Compassionate-Touch-of-Ma-Anandamayee.pdf,317394,UNIQUE_CANDIDATE,,OPEN,,,NO_EXACT_NAME_SIZE_PEER
drive:file:1cous-YvCzLFKf06aL12nszi-0SyaZwhq,1cous-YvCzLFKf06aL12nszi-0SyaZwhq,Biographies,Life-And-Teachings-Of-Tukaram.pdf,8989256,UNIQUE_CANDIDATE,,OPEN,,,NO_EXACT_NAME_SIZE_PEER
drive:file:1Y_OkHqeayhx3dYqN2axjtdjik2f2MWtV,1Y_OkHqeayhx3dYqN2axjtdjik2f2MWtV,Biographies,The-Life-of-the-Buddha.pdf,800154,REVIEW_REQUIRED,DUP-9CDB7DC43E9B,OPEN,,,EXACT_NAME_SIZE_CANDIDATE_ONLY
drive:file:16nmDbVxEzSTBcF5qZGfWu-PIzpks8j5Q,16nmDbVxEzSTBcF5qZGfWu-PIzpks8j5Q,Biographies,Stories-of-Indian-Saints-Volume-I-II.pdf,21794305,UNIQUE_CANDIDATE,,OPEN,,,NO_EXACT_NAME_SIZE_PEER
drive:file:1ox_omnZrVqP8rJpWelw1i58du8ls37ZB,1ox_omnZrVqP8rJpWelw1i58du8ls37ZB,Biographies,Asoka-and-the-Missions.pdf,854818,REVIEW_REQUIRED,DUP-C72F1092C9EE,OPEN,,,EXACT_NAME_SIZE_CANDIDATE_ONLY
drive:file:1Skrn1EpFWCs5_KaM8XzVRmGyCL1uAW8D,1Skrn1EpFWCs5_KaM8XzVRmGyCL1uAW8D,Biographies,A-Heart-Released.pdf,328502,REVIEW_REQUIRED,DUP-35B92B5AF2FB,OPEN,,,EXACT_NAME_SIZE_CANDIDATE_ONLY
drive:file:117lFwgGppYIiFP-kJLhTZ2a1MsVD3Jw0,117lFwgGppYIiFP-kJLhTZ2a1MsVD3Jw0,Biographies,Shri-Gita-Rasa-Ratnakar.pdf,5321168,UNIQUE_CANDIDATE,,OPEN,,,NO_EXACT_NAME_SIZE_PEER
drive:file:1gvg-Da7aT3RvQzre-fE7vQ4dhNvWhYq3,1gvg-Da7aT3RvQzre-fE7vQ4dhNvWhYq3,Biographies,The-Case-of-P.-D.-Ouspensky.pdf,759519,UNIQUE_CANDIDATE,,OPEN,,,NO_EXACT_NAME_SIZE_PEER
drive:file:1Kn2amiYGVV73ONjT4P5t_Z5SQgIOCGY0,1Kn2amiYGVV73ONjT4P5t_Z5SQgIOCGY0,Biographies,History-of-Greek-Philosophy-II.pdf,22462890,REVIEW_REQUIRED,DUP-F9234DDA0FF7,OPEN,,,EXACT_NAME_SIZE_CANDIDATE_ONLY
drive:file:1qDccEi95xL9vH_q5YSwynXgFlf2RFszB,1qDccEi95xL9vH_q5YSwynXgFlf2RFszB,Biographies,History-of-Greek-Philosophy-I.pdf,22211496,REVIEW_REQUIRED,DUP-3D1AA3243EE4,OPEN,,,EXACT_NAME_SIZE_CANDIDATE_ONLY
drive:file:1wv0caXW8v1C52RKump-92yA85KNw4TH0,1wv0caXW8v1C52RKump-92yA85KNw4TH0,Biographies,Rabindranath-Tagore-Poet-And-Dramatist.pdf,7635958,UNIQUE_CANDIDATE,,OPEN,,,NO_EXACT_NAME_SIZE_PEER
drive:file:1IkCLd1F1lOtjDD1PxdGVIzBa7uwYIZW7,1IkCLd1F1lOtjDD1PxdGVIzBa7uwYIZW7,Biographies,The-Complete-works-of-Nostradamus.pdf,1074445,REVIEW_REQUIRED,DUP-4290E4300A1C,OPEN,,,EXACT_NAME_SIZE_CANDIDATE_ONLY
drive:file:10U71-sFMabas-uQWood3_FlZjncOt_2y,10U71-sFMabas-uQWood3_FlZjncOt_2y,Biographies,Selected-Works-Of-Dr-Ambedkar.pdf,52340381,UNIQUE_CANDIDATE,,OPEN,,,NO_EXACT_NAME_SIZE_PEER
drive:file:1DyCEeO4uAXJRAk_XyHnW5YkcyqjgbIhk,1DyCEeO4uAXJRAk_XyHnW5YkcyqjgbIhk,Biographies,Tearing-The-Veil-That-Blindfolds.pdf,1717349,UNIQUE_CANDIDATE,,OPEN,,,NO_EXACT_NAME_SIZE_PEER
drive:file:1XFe3kH2ZYIqITsegS6b9C1PjLSnfhXai,1XFe3kH2ZYIqITsegS6b9C1PjLSnfhXai,Biographies,Unentangled-Knowing.pdf,2631815,REVIEW_REQUIRED,DUP-1CA0EA1618FF,OPEN,,,EXACT_NAME_SIZE_CANDIDATE_ONLY
drive:file:1OLk06UQ283xAHXKe7g3G9zylbteagHlo,1OLk06UQ283xAHXKe7g3G9zylbteagHlo,Biographies,AwarenessItself180407.pdf,1086685,REVIEW_REQUIRED,DUP-CABAEFD7A16A,OPEN,,,EXACT_NAME_SIZE_CANDIDATE_ONLY
drive:file:1og7jnnhpNr0i7hr_BR11mXYDOzsROe4Y,1og7jnnhpNr0i7hr_BR11mXYDOzsROe4Y,Biographies,Come-And-See.pdf,1113042,REVIEW_REQUIRED,DUP-6102BB747A46,OPEN,,,EXACT_NAME_SIZE_CANDIDATE_ONLY
drive:file:1XFWnbUDum51oDfxvPwkusX4tC6oln0Gz,1XFWnbUDum51oDfxvPwkusX4tC6oln0Gz,Biographies,[Tokubrasil] Crest Of The Wolf & Midare Karakuri MUSIC FILE.pdf,21312948,UNIQUE_CANDIDATE,,OPEN,,,NO_EXACT_NAME_SIZE_PEER
drive:file:1M_oIzFbyxYs9ymfbDzA7dWc0G91cUnSv,1M_oIzFbyxYs9ymfbDzA7dWc0G91cUnSv,Biographies,mans-search-for-meaning.pdf,323804,UNIQUE_CANDIDATE,,OPEN,,,NO_EXACT_NAME_SIZE_PEER
drive:file:1Vj9GnaJx1gVb5U84r4VGEva9elmGfu6l,1Vj9GnaJx1gVb5U84r4VGEva9elmGfu6l,Biographies/The Philosophical Works of David Hume VOL I-IV,The-Philisophical-Works-of-David-Hume-Vol-IV.pdf,23936376,UNIQUE_CANDIDATE,,OPEN,,,NO_EXACT_NAME_SIZE_PEER
drive:file:1WG7ccA_nrq6cl0HaeDAUxljEy1wahYAo,1WG7ccA_nrq6cl0HaeDAUxljEy1wahYAo,Biographies/The Philosophical Works of David Hume VOL I-IV,The-Philisophical-Works-of-David-Hume-Vol-III.pdf,22957498,UNIQUE_CANDIDATE,,OPEN,,,NO_EXACT_NAME_SIZE_PEER
drive:file:1F_KsU3wGfXjWrUtxR3zjBKErNcvUUT2x,1F_KsU3wGfXjWrUtxR3zjBKErNcvUUT2x,Biographies/The Philosophical Works of David Hume VOL I-IV,The-Philisophical-Works-of-David-Hume-Vol-II.pdf,22326801,UNIQUE_CANDIDATE,,OPEN,,,NO_EXACT_NAME_SIZE_PEER
drive:file:17IL9dIjzz4COTfqoQusF86gcUNxvj22J,17IL9dIjzz4COTfqoQusF86gcUNxvj22J,Biographies/The Philosophical Works of David Hume VOL I-IV,The-Philisophical-Works-of-David-Hume-Vol-I.pdf,18373471,UNIQUE_CANDIDATE,,OPEN,,,NO_EXACT_NAME_SIZE_PEER
drive:file:1i4zrc0mVz5IO8J64WG55xTU2mNP2881U,1i4zrc0mVz5IO8J64WG55xTU2mNP2881U,Biographies/The most complete collection of the books by Hermann Hesse,Thoughts-on-the-Idiot-by-Dostoevsky-By-Hermann-Hesse.pdf,674427,UNIQUE_CANDIDATE,,OPEN,,,NO_EXACT_NAME_SIZE_PEER
drive:file:1_7jxBPAf-qQdFd_f0DVZahQdySrvo-Hg,1_7jxBPAf-qQdFd_f0DVZahQdySrvo-Hg,Biographies/The most complete collection of the books by Hermann Hesse,The-Prodigy-By-Hermann-Hesse.pdf,6498689,UNIQUE_CANDIDATE,,OPEN,,,NO_EXACT_NAME_SIZE_PEER
drive:file:1GdQ6pmIg91DtYKWvzi5s1UqnvI9EjkCX,1GdQ6pmIg91DtYKWvzi5s1UqnvI9EjkCX,Biographies/The most complete collection of the books by Hermann Hesse,The-Journey-By-Hermann-Hesse.pdf,21198707,UNIQUE_CANDIDATE,,OPEN,,,NO_EXACT_NAME_SIZE_PEER
drive:file:1Ev7GFE0lvnaAEKKBMC4vDziYhIQii6VZ,1Ev7GFE0lvnaAEKKBMC4vDziYhIQii6VZ,Biographies/The most complete collection of the books by Hermann Hesse,The-Glassbead-Game-By-Hermann-Hesse.pdf,3384430,UNIQUE_CANDIDATE,,OPEN,,,NO_EXACT_NAME_SIZE_PEER
drive:file:1LzadoBmh6R6Xhu4YYtUyDl9pcgaBSpt3,1LzadoBmh6R6Xhu4YYtUyDl9pcgaBSpt3,Biographies/The most complete collection of the books by Hermann Hesse,Steppenwolf-By-Hermann-Hesse.pdf,1129650,UNIQUE_CANDIDATE,,OPEN,,,NO_EXACT_NAME_SIZE_PEER
drive:file:17BAIqE4VVzXVcsoOFrvQrEYDNSm_kN1z,17BAIqE4VVzXVcsoOFrvQrEYDNSm_kN1z,Biographies/The most complete collection of the books by Hermann Hesse,Poems-By-Hermann-Hesse.pdf,683566,UNIQUE_CANDIDATE,,OPEN,,,NO_EXACT_NAME_SIZE_PEER
drive:file:1qsf1sjMpY08W8sjnb7m0iLT3-PPtdVBo,1qsf1sjMpY08W8sjnb7m0iLT3-PPtdVBo,Biographies/The most complete collection of the books by Hermann Hesse,Gertrude-By-Hermann-Hesse.pdf,6329066,UNIQUE_CANDIDATE,,OPEN,,,NO_EXACT_NAME_SIZE_PEER
drive:file:11ns7M0sMBi39DzxK2u36S6Q6EUj1h6_M,11ns7M0sMBi39DzxK2u36S6Q6EUj1h6_M,Biographies/The most complete collection of the books by Hermann Hesse,Demian-By-Hermann-Hesse.pdf,5683449,UNIQUE_CANDIDATE,,OPEN,,,NO_EXACT_NAME_SIZE_PEER
drive:file:1m2qjUzKhZEtYWkByCfRGVRsQZm3TqSnt,1m2qjUzKhZEtYWkByCfRGVRsQZm3TqSnt,Biographies/The spiritual writings of Wassily Kandinsky,The-Art-of-Spiritual-Harmony.pdf,35222709,UNIQUE_CANDIDATE,,OPEN,,,NO_EXACT_NAME_SIZE_PEER
drive:file:1hBuVw6L0xPwtnURMiS2hcjzybGebNduA,1hBuVw6L0xPwtnURMiS2hcjzybGebNduA,Biographies/The spiritual writings of Wassily Kandinsky,Sounds-by-Kandinsky-Wassily.pdf,15219524,UNIQUE_CANDIDATE,,OPEN,,,NO_EXACT_NAME_SIZE_PEER
drive:file:13OEJG0SOxDUDEcpNtlYWVylUfwGxNCQl,13OEJG0SOxDUDEcpNtlYWVylUfwGxNCQl,Biographies/The spiritual writings of Wassily Kandinsky,Kandinsky-Russian-and-Bauhaus-Years.pdf,17065042,UNIQUE_CANDIDATE,,OPEN,,,NO_EXACT_NAME_SIZE_PEER
drive:file:16m5idRiDPaCcHRpnI7e-rPYE96RIP0RJ,16m5idRiDPaCcHRpnI7e-rPYE96RIP0RJ,Biographies/The spiritual writings of Wassily Kandinsky,Point-and-Line-to-Plane-by-Kandinsky.pdf,9217661,UNIQUE_CANDIDATE,,OPEN,,,NO_EXACT_NAME_SIZE_PEER
drive:file:1KHXjTiDrdZv1mrgzj5bO6TVq79_UTFZ3,1KHXjTiDrdZv1mrgzj5bO6TVq79_UTFZ3,Biographies/The spiritual writings of Wassily Kandinsky,On-the-Spiritual-in-Art-Kandinsky.pdf,8103991,UNIQUE_CANDIDATE,,OPEN,,,NO_EXACT_NAME_SIZE_PEER
drive:file:1WBtPx7bhpKGLUJBrvH9t8eOcwSjLbs0_,1WBtPx7bhpKGLUJBrvH9t8eOcwSjLbs0_,Biographies/The complete works of Friedrich Nietzsche in English as PDF,The-complete-works-of-Friedrich-Nietzsche-VOL-I.pdf,9864981,UNIQUE_CANDIDATE,,OPEN,,,NO_EXACT_NAME_SIZE_PEER
drive:file:1Hd07gGkDbL4X0fRYXyOVtTWUqjeqjtND,1Hd07gGkDbL4X0fRYXyOVtTWUqjeqjtND,Biographies/The complete works of Friedrich Nietzsche in English as PDF,The-complete-works-of-Friedrich-Nietzsche-VOL-II.pdf,4113623,UNIQUE_CANDIDATE,,OPEN,,,NO_EXACT_NAME_SIZE_PEER
drive:file:1JlXNrW4EVn9d8VkQAmhC1SVwWatkO_US,1JlXNrW4EVn9d8VkQAmhC1SVwWatkO_US,Biographies/The complete works of Friedrich Nietzsche in English as PDF,The-complete-works-of-Friedrich-Nietzsche-VOL-III.pdf,12679911,UNIQUE_CANDIDATE,,OPEN,,,NO_EXACT_NAME_SIZE_PEER
drive:file:1IZW2WsGi9M9aV6EwMIMhMZYbHVTmDXio,1IZW2WsGi9M9aV6EwMIMhMZYbHVTmDXio,Biographies/The complete works of Friedrich Nietzsche in English as PDF,The-complete-works-of-Friedrich-Nietzsche-VOL-IV.pdf,5058361,UNIQUE_CANDIDATE,,OPEN,,,NO_EXACT_NAME_SIZE_PEER
drive:file:14mEWHIgxQW5gfEwO2fe58YNOLi2F2oto,14mEWHIgxQW5gfEwO2fe58YNOLi2F2oto,Biographies/The complete works of Friedrich Nietzsche in English as PDF,The-complete-works-of-Friedrich-Nietzsche-VOL-V.pdf,11888891,UNIQUE_CANDIDATE,,OPEN,,,NO_EXACT_NAME_SIZE_PEER
drive:file:1sPOzSQOKYzRiQe1GOqxgfDDfhX2SLGc0,1sPOzSQOKYzRiQe1GOqxgfDDfhX2SLGc0,Biographies/The complete works of Friedrich Nietzsche in English as PDF,The-complete-works-of-Friedrich-Nietzsche-VOL-VI.pdf,14818750,UNIQUE_CANDIDATE,,OPEN,,,NO_EXACT_NAME_SIZE_PEER
drive:file:1cz_N8ePcBc7sRwvCrVg9c0E_5oXcpFK0,1cz_N8ePcBc7sRwvCrVg9c0E_5oXcpFK0,Biographies/The complete works of Friedrich Nietzsche in English as PDF,The-complete-works-of-Friedrich-Nietzsche-VOL-VII.pdf,19138993,UNIQUE_CANDIDATE,,OPEN,,,NO_EXACT_NAME_SIZE_PEER
drive:file:1vV1SAhoq3g80fkk8B6gmoDXaVE0GnX5k,1vV1SAhoq3g80fkk8B6gmoDXaVE0GnX5k,Biographies/The complete works of Friedrich Nietzsche in English as PDF,The-complete-works-of-Friedrich-Nietzsche-VOL-VIII.pdf,4317871,UNIQUE_CANDIDATE,,OPEN,,,NO_EXACT_NAME_SIZE_PEER
drive:file:1SvAENb7p-9D3pF8lofI6D9c0UibMydDo,1SvAENb7p-9D3pF8lofI6D9c0UibMydDo,Biographies/The complete works of Friedrich Nietzsche in English as PDF,The-complete-works-of-Friedrich-Nietzsche-VOL-IX.pdf,7737999,UNIQUE_CANDIDATE,,OPEN,,,NO_EXACT_NAME_SIZE_PEER
drive:file:1z1P0HZL4lsgJoDjXRjp-bxdSBNtS2bYA,1z1P0HZL4lsgJoDjXRjp-bxdSBNtS2bYA,Biographies/The complete works of Friedrich Nietzsche in English as PDF,The-complete-works-of-Friedrich-Nietzsche-VOL-X.pdf,14221372,UNIQUE_CANDIDATE,,OPEN,,,NO_EXACT_NAME_SIZE_PEER
drive:file:1vyWBe1fkBlQHtek89-JpBe1YWZ1i9dBf,1vyWBe1fkBlQHtek89-JpBe1YWZ1i9dBf,Biographies/The complete works of Friedrich Nietzsche in English as PDF,The-complete-works-of-Friedrich-Nietzsche-VOL-XI.pdf,24396235,UNIQUE_CANDIDATE,,OPEN,,,NO_EXACT_NAME_SIZE_PEER
drive:file:1-4ERU0NyqmGvUzDwJPRkZ71XgLoQ2tkO,1-4ERU0NyqmGvUzDwJPRkZ71XgLoQ2tkO,Biographies/The complete works of Friedrich Nietzsche in English as PDF,The-complete-works-of-Friedrich-Nietzsche-VOL-XII.pdf,20543840,UNIQUE_CANDIDATE,,OPEN,,,NO_EXACT_NAME_SIZE_PEER
drive:file:1gbZk_A72Uww7ZIFIx84m-mcPT0E6VPJW,1gbZk_A72Uww7ZIFIx84m-mcPT0E6VPJW,Biographies/The complete works of Friedrich Nietzsche in English as PDF,The-complete-works-of-Friedrich-Nietzsche-VOL-XIII.pdf,5590622,UNIQUE_CANDIDATE,,OPEN,,,NO_EXACT_NAME_SIZE_PEER
drive:file:1qXK9TbjxSKCZkuP5GAypxQZEgujY6Sa-,1qXK9TbjxSKCZkuP5GAypxQZEgujY6Sa-,Biographies/The complete works of Friedrich Nietzsche in English as PDF,The-complete-works-of-Friedrich-Nietzsche-VOL-XIV.pdf,15365435,UNIQUE_CANDIDATE,,OPEN,,,NO_EXACT_NAME_SIZE_PEER
drive:file:1O9ulQAO0z2d0mq3ICKVc9eFr4TWrZilc,1O9ulQAO0z2d0mq3ICKVc9eFr4TWrZilc,Biographies/The complete works of Friedrich Nietzsche in English as PDF,The-complete-works-of-Friedrich-Nietzsche-VOL-XV.pdf,26884278,UNIQUE_CANDIDATE,,OPEN,,,NO_EXACT_NAME_SIZE_PEER
drive:file:1Qkp4c_zx0YS-rOmfeLoNsmO_SOG2Enea,1Qkp4c_zx0YS-rOmfeLoNsmO_SOG2Enea,Biographies/The complete works of Friedrich Nietzsche in English as PDF,The-complete-works-of-Friedrich-Nietzsche-VOL-XVI.pdf,1600078,UNIQUE_CANDIDATE,,OPEN,,,NO_EXACT_NAME_SIZE_PEER
drive:file:16Hh0_oUv3L6OkqUleoDymjBt_sdDPLsE,16Hh0_oUv3L6OkqUleoDymjBt_sdDPLsE,Biographies/The complete works of Friedrich Nietzsche in English as PDF,The-complete-works-of-Friedrich-Nietzsche-VOL-XVII.pdf,11771533,UNIQUE_CANDIDATE,,OPEN,,,NO_EXACT_NAME_SIZE_PEER
drive:file:1ZxFRCuzHy-omhKmOId5NWIgWKRugDULY,1ZxFRCuzHy-omhKmOId5NWIgWKRugDULY,Biographies/The complete works of Friedrich Nietzsche in English as PDF,The-complete-works-of-Friedrich-Nietzsche-VOL-XVIII.pdf,32346567,UNIQUE_CANDIDATE,,OPEN,,,NO_EXACT_NAME_SIZE_PEER
drive:file:15givUT-rk3mAOX-Cw3EqcGkq1ExFIm7V,15givUT-rk3mAOX-Cw3EqcGkq1ExFIm7V,Bizzare,Voynich-Manuscript.pdf,56746185,REVIEW_REQUIRED,DUP-3907E4F0FFEC,OPEN,,,EXACT_NAME_SIZE_CANDIDATE_ONLY
drive:file:1oP1nvQPTcq04Abg_lOtwqO1v-MAVitO7,1oP1nvQPTcq04Abg_lOtwqO1v-MAVitO7,Bizzare,CodexSeraphinianus.pdf,22231220,REVIEW_REQUIRED,DUP-FEA0728E3375,OPEN,,,EXACT_NAME_SIZE_CANDIDATE_ONLY
drive:file:1Nd6PkPRLa8awq4-oYjkWiWZVj-Gz1KHi,1Nd6PkPRLa8awq4-oYjkWiWZVj-Gz1KHi,Bizzare,The-Bitter-Book-Of-Anger-by-Manflesh.pdf,853601,UNIQUE_CANDIDATE,,OPEN,,,NO_EXACT_NAME_SIZE_PEER
drive:file:1R4IOwdwj2iWVMP06u6aEcpVpDR0lm_mg,1R4IOwdwj2iWVMP06u6aEcpVpDR0lm_mg,Bizzare,Gadsby-by-Ernest-Vincent-Wright.pdf,435813,UNIQUE_CANDIDATE,,OPEN,,,NO_EXACT_NAME_SIZE_PEER
drive:file:1WsAWR3pwicCBUa-P-ltU0KZdumULjPWU,1WsAWR3pwicCBUa-P-ltU0KZdumULjPWU,Bizzare,The-Illuminated-Sketchbook-of-Stephan-Scriber.pdf,9821348,REVIEW_REQUIRED,DUP-A083AF4129F3,OPEN,,,EXACT_NAME_SIZE_CANDIDATE_ONLY
drive:file:1xYWE03GhsM3DKIsshDgfbfW9cmJ7M7RA,1xYWE03GhsM3DKIsshDgfbfW9cmJ7M7RA,Bizzare,The-Urantia-Papers.pdf,13701872,UNIQUE_CANDIDATE,,OPEN,,,NO_EXACT_NAME_SIZE_PEER
drive:file:1FFFRsa8VxODKh9f7XmfkLsLUSW-OB6gz,1FFFRsa8VxODKh9f7XmfkLsLUSW-OB6gz,Bizzare,Bizarre-Bazaar.pdf,95422,UNIQUE_CANDIDATE,,OPEN,,,NO_EXACT_NAME_SIZE_PEER
drive:file:1fsm6ed6JD7GtU21vpn3uwaWLMtIwb4S3,1fsm6ed6JD7GtU21vpn3uwaWLMtIwb4S3,Bizzare,Bizarre-Fables.pdf,5177895,UNIQUE_CANDIDATE,,OPEN,,,NO_EXACT_NAME_SIZE_PEER
drive:file:17A4C6c1yYXxWH09-qo1zxZ4lofWzda6Z,17A4C6c1yYXxWH09-qo1zxZ4lofWzda6Z,Bizzare,Mind-Games.pdf,416448,UNIQUE_CANDIDATE,,OPEN,,,NO_EXACT_NAME_SIZE_PEER
drive:file:1mPotpNxY-vLMntSx0EynRCMnUZ5qhm4w,1mPotpNxY-vLMntSx0EynRCMnUZ5qhm4w,Bizzare,Des-Jaegers-Schiessfibel.pdf,4426683,UNIQUE_CANDIDATE,,OPEN,,,NO_EXACT_NAME_SIZE_PEER
drive:file:1iZFV4eSnX7MyED9j0DOnjgypSh8vbJR_,1iZFV4eSnX7MyED9j0DOnjgypSh8vbJR_,Bizzare,Altmann.pdf,21921888,UNIQUE_CANDIDATE,,OPEN,,,NO_EXACT_NAME_SIZE_PEER
drive:file:17VH7fP2j2ehkJEDYJun5uCyLTdCcQAtS,17VH7fP2j2ehkJEDYJun5uCyLTdCcQAtS,Bizzare,On-the-Writings-of-the-Insane.pdf,2630751,UNIQUE_CANDIDATE,,OPEN,,,NO_EXACT_NAME_SIZE_PEER
drive:file:1_BcGGN1AcxAgu6DiadAYpEdkCAdfS8Lm,1_BcGGN1AcxAgu6DiadAYpEdkCAdfS8Lm,Bizzare,Rohonc-Codex.pdf,4879089,REVIEW_REQUIRED,DUP-0EA612D594E0,OPEN,,,EXACT_NAME_SIZE_CANDIDATE_ONLY
drive:file:1HP7T9r0S5c30AjNkcHszDeN_xUvacAps,1HP7T9r0S5c30AjNkcHszDeN_xUvacAps,Bizzare,The-Book-of-Soyga.pdf,6216806,REVIEW_REQUIRED,DUP-D15287F401C4,OPEN,,,EXACT_NAME_SIZE_CANDIDATE_ONLY
drive:file:1Ik5G2diYRiDg0ztXAJnrkiBsvRgkpoqr,1Ik5G2diYRiDg0ztXAJnrkiBsvRgkpoqr,Bizzare,How-to-Hide-Anything.pdf,3849956,UNIQUE_CANDIDATE,,OPEN,,,NO_EXACT_NAME_SIZE_PEER
drive:file:1007IaTxiWI2pv8pYzkdipgSEFnyV36j3,1007IaTxiWI2pv8pYzkdipgSEFnyV36j3,Bizzare,Ye-Magick-Mirrour-of-Old-Japan.pdf,5117707,REVIEW_REQUIRED,DUP-3363467F56CB,OPEN,,,EXACT_NAME_SIZE_CANDIDATE_ONLY
drive:file:1i_iTZM-bCDIb_8nMq3kHo274I5xCmOHI,1i_iTZM-bCDIb_8nMq3kHo274I5xCmOHI,Bizzare,The-Solar-Anus.pdf,1791687,UNIQUE_CANDIDATE,,OPEN,,,NO_EXACT_NAME_SIZE_PEER
drive:file:15U5glDuCAMAylsB6wJEUpx8kKv6htgsU,15U5glDuCAMAylsB6wJEUpx8kKv6htgsU,Bizzare,Mind-Games-1.pdf,1504217,UNIQUE_CANDIDATE,,OPEN,,,NO_EXACT_NAME_SIZE_PEER
drive:file:1WAJWHFEzYoUtVkC-GXYj5hMpkeqcF2Nw,1WAJWHFEzYoUtVkC-GXYj5hMpkeqcF2Nw,Bizzare,Rattlesnake-Recipes.pdf,2946839,UNIQUE_CANDIDATE,,OPEN,,,NO_EXACT_NAME_SIZE_PEER
drive:file:1-Td5rIAGjNBR_yovY-PVpTyY_tsQ4E_t,1-Td5rIAGjNBR_yovY-PVpTyY_tsQ4E_t,Bizzare,Geometrical-Pshychology-or-the-Science-of-Representation.pdf,8759315,UNIQUE_CANDIDATE,,OPEN,,,NO_EXACT_NAME_SIZE_PEER
drive:file:1jP93e3Dm5HHYvvOOoWyrhcBOHIYWqkcJ,1jP93e3Dm5HHYvvOOoWyrhcBOHIYWqkcJ,Bizzare/Mushrooms Russia and History,MUSHROOMS-RUSSIA-AND-HISTORY-Volume-2.pdf,8413439,REVIEW_REQUIRED,DUP-1324BF1E164E,OPEN,,,EXACT_NAME_SIZE_CANDIDATE_ONLY
drive:file:1wryzypxAid90MsJIGC7ZPkibAzjnG4z5,1wryzypxAid90MsJIGC7ZPkibAzjnG4z5,Bizzare/Mushrooms Russia and History,MUSHROOMS-RUSSIA-AND-HISTORY-Volume-1.pdf,7535919,REVIEW_REQUIRED,DUP-711677C91B10,OPEN,,,EXACT_NAME_SIZE_CANDIDATE_ONLY
drive:file:1Y7Z7W7CByaGdxUOUqcV0IO4F78vhB9I9,1Y7Z7W7CByaGdxUOUqcV0IO4F78vhB9I9,Bizzare/Necronomicon and the complete works of H. P. Lovecraft,The_Complete_Works_of_H.P._Lovecraft.pdf,13437841,REVIEW_REQUIRED,DUP-C9085BAD8FB8,OPEN,,,EXACT_NAME_SIZE_CANDIDATE_ONLY
drive:file:1pkznwZywtpodR9R5LHmdAf38HZhQGI2P,1pkznwZywtpodR9R5LHmdAf38HZhQGI2P,Bizzare/Necronomicon and the complete works of H. P. Lovecraft,The-John-Dee-Necronomicon.pdf,3972904,REVIEW_REQUIRED,DUP-511AA54AED5C,OPEN,,,EXACT_NAME_SIZE_CANDIDATE_ONLY
drive:file:1PQcz-TUjmvG1xcJJw8sNkriLl7630ca2,1PQcz-TUjmvG1xcJJw8sNkriLl7630ca2,Bizzare/Necronomicon and the complete works of H. P. Lovecraft,The-Simon-Necronomicon.pdf,4494276,REVIEW_REQUIRED,DUP-89F0076010B3,OPEN,,,EXACT_NAME_SIZE_CANDIDATE_ONLY
drive:file:1bI1at4rGmhvbaf0xTQX8OvRW4EwKOEth,1bI1at4rGmhvbaf0xTQX8OvRW4EwKOEth,Bizzare/Necronomicon and the complete works of H. P. Lovecraft,The-Necronomicon-Spellbook.pdf,265676,REVIEW_REQUIRED,DUP-EC86CB099C6F,OPEN,,,EXACT_NAME_SIZE_CANDIDATE_ONLY
drive:file:1xe9loElgSJnqHch-RTlwvEPuIEFk34Tr,1xe9loElgSJnqHch-RTlwvEPuIEFk34Tr,Bizzare/Necronomicon and the complete works of H. P. Lovecraft,Al-Azif-Necronomicon.pdf,1466752,REVIEW_REQUIRED,DUP-9A80D24C065E,OPEN,,,EXACT_NAME_SIZE_CANDIDATE_ONLY
drive:file:1mLr6YyX_2v0ktb_52Mt1G7cT-OSCLhj7,1mLr6YyX_2v0ktb_52Mt1G7cT-OSCLhj7,PDF,Middle_Pillar.pdf,54864631,UNIQUE_CANDIDATE,,OPEN,,,NO_EXACT_NAME_SIZE_PEER
drive:file:1ConmEfwFT4SSp1b8Gu8Qq0_zZCveW0CC,1ConmEfwFT4SSp1b8Gu8Qq0_zZCveW0CC,PDF,Grant_-_Outside_the_Circles_of_Time.pdf,37267807,UNIQUE_CANDIDATE,,OPEN,,,NO_EXACT_NAME_SIZE_PEER
drive:file:1LbUGHEcIhLQsH8nItbkluAdw13iERgCG,1LbUGHEcIhLQsH8nItbkluAdw13iERgCG,PDF,Kenneth_Grant__Cults_of_the_Shadow.pdf,36646912,UNIQUE_CANDIDATE,,OPEN,,,NO_EXACT_NAME_SIZE_PEER
drive:file:1xdgAFF_pkGdYixVZNjLY9eLPX0ULNIZT,1xdgAFF_pkGdYixVZNjLY9eLPX0ULNIZT,PDF,Apophis.pdf,1575042,UNIQUE_CANDIDATE,,OPEN,,,NO_EXACT_NAME_SIZE_PEER
drive:file:1K6RqKaMxFV2-GzI7rEjqaE2jYWfFqnCb,1K6RqKaMxFV2-GzI7rEjqaE2jYWfFqnCb,PDF,joscelyn-godwin - the-hermetic-brotherhood-of-luxor.pdf,29780226,UNIQUE_CANDIDATE,,OPEN,,,NO_EXACT_NAME_SIZE_PEER
drive:file:1QIsJUP0EcqJvEBquJXGa3SjTLe2AgkkA,1QIsJUP0EcqJvEBquJXGa3SjTLe2AgkkA,PDF,AO_Spare_Zoetic_Grimoire_of_Zos.pdf,327310,UNIQUE_CANDIDATE,,OPEN,,,NO_EXACT_NAME_SIZE_PEER
drive:file:1N-TZGWw4iMsPrtIEaQzF1FJq0N-WqKXN,1N-TZGWw4iMsPrtIEaQzF1FJq0N-WqKXN,PDF,0052.-Grant-A.O.S.-and-the-Zos-Kia-Cultus.pdf,200555,UNIQUE_CANDIDATE,,OPEN,,,NO_EXACT_NAME_SIZE_PEER
drive:file:1LWKK3yoa5DXGP7whd68PBMkvzMHOMvgY,1LWKK3yoa5DXGP7whd68PBMkvzMHOMvgY,PDF,Jan-Fries-Seidways-.pdf,11188853,UNIQUE_CANDIDATE,,OPEN,,,NO_EXACT_NAME_SIZE_PEER
drive:file:15LjxZqKyRB7G-_FLLmVm2UjgGYFuy8nU,15LjxZqKyRB7G-_FLLmVm2UjgGYFuy8nU,PDF,Undoing_Yourself_-_Christopher_S._Hyatt.pdf,11588375,UNIQUE_CANDIDATE,,OPEN,,,NO_EXACT_NAME_SIZE_PEER
drive:file:1RkZh4CKkRpg7uAyq97HWqc1TlItcjEAp,1RkZh4CKkRpg7uAyq97HWqc1TlItcjEAp,PDF,Hyatt-Willis-Psychopaths-Bible.pdf,365951,UNIQUE_CANDIDATE,,OPEN,,,NO_EXACT_NAME_SIZE_PEER
drive:file:11odIpuDe17BeZ22YRXZpoPtRlqvXugAI,11odIpuDe17BeZ22YRXZpoPtRlqvXugAI,PDF,Kaos-Kabbalah.pdf,47324,UNIQUE_CANDIDATE,,OPEN,,,NO_EXACT_NAME_SIZE_PEER
drive:file:1lEdoLhVpisjes4wKkppCzPiSf7oa6-nP,1lEdoLhVpisjes4wKkppCzPiSf7oa6-nP,PDF,libermmm.pdf,103054,UNIQUE_CANDIDATE,,OPEN,,,NO_EXACT_NAME_SIZE_PEER
drive:file:1OVYNZ1jAH3LFfdF7k20vITqRI4I60CJH,1OVYNZ1jAH3LFfdF7k20vITqRI4I60CJH,PDF,logomachy.pdf,521537,UNIQUE_CANDIDATE,,OPEN,,,NO_EXACT_NAME_SIZE_PEER
drive:file:1XyUq2K4vnkanCovouMbt9mf_O_-9q81V,1XyUq2K4vnkanCovouMbt9mf_O_-9q81V,PDF,Ashcroft-Nowicki-Dolores-Primeros-Pasos-en-el-Ritual.pdf,515349,UNIQUE_CANDIDATE,,OPEN,,,NO_EXACT_NAME_SIZE_PEER
drive:file:1U2L_YXNtPRCW4gT7RTqDtoHNfBsqPPqV,1U2L_YXNtPRCW4gT7RTqDtoHNfBsqPPqV,PDF,04-Prometheus-Rising.pdf,4149731,UNIQUE_CANDIDATE,,OPEN,,,NO_EXACT_NAME_SIZE_PEER
drive:file:15f2CUmxnvE_3kXn_KfZS1LxRxvH_hbbZ,15f2CUmxnvE_3kXn_KfZS1LxRxvH_hbbZ,PDF,Zalewski-Pat-Inner-Order-Teachings-of-the-Golden-Dawn.pdf,8884199,UNIQUE_CANDIDATE,,OPEN,,,NO_EXACT_NAME_SIZE_PEER
drive:file:1UqlEe1UcfOBFqbsCUC8a8lLjBXDt7jEH,1UqlEe1UcfOBFqbsCUC8a8lLjBXDt7jEH,PDF,Wescott-William-Wynn-Sepher-Yetzirah.pdf,0,TECHNICAL_EXCLUSION,,CLOSED,,,ZERO_BYTE
drive:file:1CK6fR_WJ7ZsrKC_06J3SJVi6cb1d42WI,1CK6fR_WJ7ZsrKC_06J3SJVi6cb1d42WI,PDF,morals_and_dogma_by_albert_pike.pdf,3367476,UNIQUE_CANDIDATE,,OPEN,,,NO_EXACT_NAME_SIZE_PEER
drive:file:1Bx_3u7MZaPuUiJXUBMJ2vwzCYbCJKXWw,1Bx_3u7MZaPuUiJXUBMJ2vwzCYbCJKXWw,PDF,Natures_Finer_Forces___The_Science_of_Breath_by_Rama_Prasad.pdf,844232,UNIQUE_CANDIDATE,,OPEN,,,NO_EXACT_NAME_SIZE_PEER
drive:file:1Fh047AzQynVWIzyMX_si3Qlxb2Wk0BdA,1Fh047AzQynVWIzyMX_si3Qlxb2Wk0BdA,PDF,Natures_Finer_Forces_by_Rama_Prasad.pdf,391712,UNIQUE_CANDIDATE,,OPEN,,,NO_EXACT_NAME_SIZE_PEER
drive:file:1VjxVAoFNpabOdrTAactgpaCvuHlA_b7b,1VjxVAoFNpabOdrTAactgpaCvuHlA_b7b,PDF,The Atlantis Encyclopedia.pdf,4043991,REVIEW_REQUIRED,DUP-D39DB6A220C6,OPEN,,,EXACT_NAME_SIZE_CANDIDATE_ONLY
drive:file:1d3RG5hAgO_UIb2RK83vJSyTA3dEJmSQU,1d3RG5hAgO_UIb2RK83vJSyTA3dEJmSQU,PDF,C Hammond - Light from the Spirit World.pdf,0,TECHNICAL_EXCLUSION,,CLOSED,,,ZERO_BYTE
drive:file:1z26XHN-vNVoXODQ_7vqZO1ElqiyTOkpK,1z26XHN-vNVoXODQ_7vqZO1ElqiyTOkpK,PDF,Bush's New World Order - The Meaning Behind the Words.pdf,0,TECHNICAL_EXCLUSION,,CLOSED,,,ZERO_BYTE
drive:file:1rFMzKMT3ZDcnyTR1QVqacLGoUzUCMiWn,1rFMzKMT3ZDcnyTR1QVqacLGoUzUCMiWn,PDF,Blossom And The Fruit.pdf,975964,UNIQUE_CANDIDATE,,OPEN,,,NO_EXACT_NAME_SIZE_PEER
drive:file:1so_HvqVLxZGzDLU9OTba8rm-SDnK7RGb,1so_HvqVLxZGzDLU9OTba8rm-SDnK7RGb,PDF,Black Raven.pdf,156003,UNIQUE_CANDIDATE,,OPEN,,,NO_EXACT_NAME_SIZE_PEER
drive:file:1HadYi1YM0E9JClrf2IBe_mndQGI_vQ7-,1HadYi1YM0E9JClrf2IBe_mndQGI_vQ7-,PDF,Black Runa.pdf,2157738,UNIQUE_CANDIDATE,,OPEN,,,NO_EXACT_NAME_SIZE_PEER
drive:file:18K9XB3v_y3ZCXeoGoEM_1LJXp6q3YA20,18K9XB3v_y3ZCXeoGoEM_1LJXp6q3YA20,PDF,Biographia Antiqua.pdf,166552,UNIQUE_CANDIDATE,,OPEN,,,NO_EXACT_NAME_SIZE_PEER
drive:file:1MAYNuOoMJnHceGW4xWJ9d7S4kSMQ0asy,1MAYNuOoMJnHceGW4xWJ9d7S4kSMQ0asy,PDF,Atlantis Encyclopedia.pdf,4044588,UNIQUE_CANDIDATE,,OPEN,,,NO_EXACT_NAME_SIZE_PEER
drive:file:1Fpe-Ul0ee7ZaOGPQ2H-Edg5SXnjC643_,1Fpe-Ul0ee7ZaOGPQ2H-Edg5SXnjC643_,PDF,Balaam Star Prophecy.pdf,49841,UNIQUE_CANDIDATE,,OPEN,,,NO_EXACT_NAME_SIZE_PEER
drive:file:1aJaDs9EAOvWKQ2i7QewzgvGh65bYzjJM,1aJaDs9EAOvWKQ2i7QewzgvGh65bYzjJM,PDF,Art And Science Of Personal Magnetism.pdf,368311,UNIQUE_CANDIDATE,,OPEN,,,NO_EXACT_NAME_SIZE_PEER
drive:file:1DIJ7xIUDFHmOAP8UuvQBYjBjGGrYtPJ0,1DIJ7xIUDFHmOAP8UuvQBYjBjGGrYtPJ0,PDF,Ars Notoria - The Notary Art Of Solomon.pdf,903419,UNIQUE_CANDIDATE,,OPEN,,,NO_EXACT_NAME_SIZE_PEER
drive:file:1g9A0h3JBD6qucP_TqfztrAb9TqSkHOAH,1g9A0h3JBD6qucP_TqfztrAb9TqSkHOAH,PDF,Anti Gravity and the World Grid.David-Hatcher-Childress.1987.257 pages.pdf,15417189,UNIQUE_CANDIDATE,,OPEN,,,NO_EXACT_NAME_SIZE_PEER
drive:file:1-Tf6aJ4wrshwKcvhdoPRADHDho2t21gi,1-Tf6aJ4wrshwKcvhdoPRADHDho2t21gi,PDF,Apikorsus.pdf,64157,UNIQUE_CANDIDATE,,OPEN,,,NO_EXACT_NAME_SIZE_PEER
drive:file:1zOrDL3FzCnBYGRv4gpfq5mcsCwsA4P6C,1zOrDL3FzCnBYGRv4gpfq5mcsCwsA4P6C,PDF,Anton LaVey - Satanic Bible.pdf,350430,UNIQUE_CANDIDATE,,OPEN,,,NO_EXACT_NAME_SIZE_PEER
drive:file:1T3w9-umVSeZxm_m-7Jr-lFWum-9ZVt4V,1T3w9-umVSeZxm_m-7Jr-lFWum-9ZVt4V,PDF,An Introduction to Modern Cosmology .pdf,8254817,UNIQUE_CANDIDATE,,OPEN,,,NO_EXACT_NAME_SIZE_PEER
drive:file:1fdaNK1-3895eBfugL2ji_wtRM6fHnPao,1fdaNK1-3895eBfugL2ji_wtRM6fHnPao,PDF,Anonymous - The Mystical Qabala.pdf,717148,UNIQUE_CANDIDATE,,OPEN,,,NO_EXACT_NAME_SIZE_PEER
drive:file:1dZ70ZFLHk1LUlJ6ZuUCI6icSOPRmCFTa,1dZ70ZFLHk1LUlJ6ZuUCI6icSOPRmCFTa,PDF,Anonymous - Etheric Vision and What It Reveals.pdf,124143,UNIQUE_CANDIDATE,,OPEN,,,NO_EXACT_NAME_SIZE_PEER
drive:file:1hp7Rl5XE4mRS2NozqrjvEjuXX7n3qMTk,1hp7Rl5XE4mRS2NozqrjvEjuXX7n3qMTk,PDF,Anonymous - Chaldean Oracles.pdf,97318,UNIQUE_CANDIDATE,,OPEN,,,NO_EXACT_NAME_SIZE_PEER
drive:file:1B3ez3X8QdUul1ltNsBYn8sWHa_Y-gSGj,1B3ez3X8QdUul1ltNsBYn8sWHa_Y-gSGj,PDF,Andrew Jackson Davis - Death and the After- Life.pdf,551915,UNIQUE_CANDIDATE,,OPEN,,,NO_EXACT_NAME_SIZE_PEER
drive:file:1yAGuVAIeIeDHuP836Ax3Z2_DoSe_Z7j9,1yAGuVAIeIeDHuP836Ax3Z2_DoSe_Z7j9,PDF,Ancient-Atomic Knowledge.Gerhard Mehle.pdf,767228,UNIQUE_CANDIDATE,,OPEN,,,NO_EXACT_NAME_SIZE_PEER
drive:file:1V42TcLdTuo8cbY4TR9tVwOSlrGWiRJQS,1V42TcLdTuo8cbY4TR9tVwOSlrGWiRJQS,PDF,Ancient-Atomic-Warfare.pdf,106593,UNIQUE_CANDIDATE,,OPEN,,,NO_EXACT_NAME_SIZE_PEER
drive:file:1o6TiT0s0Ntk8UizRKqtBIsVyJzYGTjcA,1o6TiT0s0Ntk8UizRKqtBIsVyJzYGTjcA,PDF,Anathema Of Zos.pdf,28283,UNIQUE_CANDIDATE,,OPEN,,,NO_EXACT_NAME_SIZE_PEER
drive:file:1jR9kLmedwLa9RhSaP4tncZJA_Y9bPrWt,1jR9kLmedwLa9RhSaP4tncZJA_Y9bPrWt,PDF,aibi.pdf,64275,UNIQUE_CANDIDATE,,OPEN,,,NO_EXACT_NAME_SIZE_PEER
drive:file:1WkQS2Jj_geHTXsyx-VrGqTCa_l8kzwXl,1WkQS2Jj_geHTXsyx-VrGqTCa_l8kzwXl,PDF,ADMIRAL RICHARD E. BYRD AND THE HOLLOW EARTH THEORY PART TWO.pdf,52822,UNIQUE_CANDIDATE,,OPEN,,,NO_EXACT_NAME_SIZE_PEER
drive:file:1d3MAbhQ3CRQuiiAjkwZTTkbVgoGqeBbj,1d3MAbhQ3CRQuiiAjkwZTTkbVgoGqeBbj,PDF,ADMIRAL RICHARD E. BYRD AND THE HOLLOW EARTH THEORY PART ONE.pdf,58645,UNIQUE_CANDIDATE,,OPEN,,,NO_EXACT_NAME_SIZE_PEER
drive:file:1TLp596Y3396pAkQ09xP97w9Vnbgsu23_,1TLp596Y3396pAkQ09xP97w9Vnbgsu23_,PDF,Michael Harner - Way of the Shaman.pdf,3276401,UNIQUE_CANDIDATE,,OPEN,,,NO_EXACT_NAME_SIZE_PEER
drive:file:1mEyYqv_D3G_xTTps2COMqLTnZ-Za0OCd,1mEyYqv_D3G_xTTps2COMqLTnZ-Za0OCd,PDF,"Regardie, Israel - The Tree Of Life.pdf",10883494,UNIQUE_CANDIDATE,,OPEN,,,NO_EXACT_NAME_SIZE_PEER
drive:file:1oWU4SDQe5Qnk8aZRW_GGCpKm47jaHuRR,1oWU4SDQe5Qnk8aZRW_GGCpKm47jaHuRR,PDF,ThomasVaughan-Aula_lucis-House of Light.pdf,5481328,UNIQUE_CANDIDATE,,OPEN,,,NO_EXACT_NAME_SIZE_PEER
drive:file:1nmqGbInicmwAopEZe07tVNFzKpRI_7Xy,1nmqGbInicmwAopEZe07tVNFzKpRI_7Xy,PDF,Zivorad Mihajlovic Slavinski - Transcendence.pdf,1526350,UNIQUE_CANDIDATE,,OPEN,,,NO_EXACT_NAME_SIZE_PEER
drive:file:131jV8TC_NObhahXnptcaYsRCozI3jrbW,131jV8TC_NObhahXnptcaYsRCozI3jrbW,PDF,Zivorad Mihajlovic Slavinski - The Invisible Influences.pdf,913817,UNIQUE_CANDIDATE,,OPEN,,,NO_EXACT_NAME_SIZE_PEER
drive:file:1W3ZwcpLE_oASsm0-5LtxauylZnSVY4mF,1W3ZwcpLE_oASsm0-5LtxauylZnSVY4mF,PDF,Franz_Hartmann_-_Secret_Symbols_of_the_Rosicrucians.pdf,510388,UNIQUE_CANDIDATE,,OPEN,,,NO_EXACT_NAME_SIZE_PEER
drive:file:1OXk32JYV9G2PfDkVZwONlphsJk5vkA9k,1OXk32JYV9G2PfDkVZwONlphsJk5vkA9k,PDF,Michael Talbot - The Holographic Universe.pdf,2811094,UNIQUE_CANDIDATE,,OPEN,,,NO_EXACT_NAME_SIZE_PEER
drive:file:16eR1UlJmDK9Gn1ceK2s9TJ4z6yYQ755C,16eR1UlJmDK9Gn1ceK2s9TJ4z6yYQ755C,PDF,Peter Carroll - Liber Null.pdf,455071,UNIQUE_CANDIDATE,,OPEN,,,NO_EXACT_NAME_SIZE_PEER
drive:file:13QpsuPs2T1JxlsNe4Vp1UoCzBO2avTkN,13QpsuPs2T1JxlsNe4Vp1UoCzBO2avTkN,PDF,A Borgia - Life in the World Unseen.pdf,775111,UNIQUE_CANDIDATE,,OPEN,,,NO_EXACT_NAME_SIZE_PEER
drive:file:1S2y8XRBGig17j_UlHbv_nTv_lGMncVtn,1S2y8XRBGig17j_UlHbv_nTv_lGMncVtn,PDF,A cavity in the centre of the Earth.pdf,1029110,UNIQUE_CANDIDATE,,OPEN,,,NO_EXACT_NAME_SIZE_PEER
drive:file:1RZKWzbJdh71gXaAL4vfN_A3oTp5eWOMr,1RZKWzbJdh71gXaAL4vfN_A3oTp5eWOMr,PDF,Advanced Guide to Enochian Magick.pdf,4557102,UNIQUE_CANDIDATE,,OPEN,,,NO_EXACT_NAME_SIZE_PEER
drive:file:1IKZRKotFt7_PeTqMuh-F6fyFapDYvV6Z,1IKZRKotFt7_PeTqMuh-F6fyFapDYvV6Z,PDF,Advanced Sigil Magick.pdf,116867,UNIQUE_CANDIDATE,,OPEN,,,NO_EXACT_NAME_SIZE_PEER
drive:file:1h61Bs5RjULyJ6RLEkZfvBaKTdKjNcyu7,1h61Bs5RjULyJ6RLEkZfvBaKTdKjNcyu7,PDF,Al Azif - The Necronomicon.pdf,419542,UNIQUE_CANDIDATE,,OPEN,,,NO_EXACT_NAME_SIZE_PEER
drive:file:19XqwARj7100KoMDwXexoaDGDTaVqaejO,19XqwARj7100KoMDwXexoaDGDTaVqaejO,PDF,Alexandrian Book of Shadows.pdf,758105,REVIEW_REQUIRED,DUP-DFC0307ED3B2,OPEN,,,EXACT_NAME_SIZE_CANDIDATE_ONLY
drive:file:12CHUWXoBWX4WTGFmhlpKw-UgBRKpGeqQ,12CHUWXoBWX4WTGFmhlpKw-UgBRKpGeqQ,PDF,Alex Collier.Defending Sacred Ground.pdf,957364,UNIQUE_CANDIDATE,,OPEN,,,NO_EXACT_NAME_SIZE_PEER
drive:file:11i8wMWj63FLPBCblCNBo00rqjASR447B,11i8wMWj63FLPBCblCNBo00rqjASR447B,PDF,Ali - Invincible Spells of the Afghan Mullah Sensees.pdf,1454543,REVIEW_REQUIRED,DUP-8AE9EFF3EC83,OPEN,,,EXACT_NAME_SIZE_CANDIDATE_ONLY
drive:file:1a7hTws3zOP2MYMLp6fvE-1dPRzPe2bK7,1a7hTws3zOP2MYMLp6fvE-1dPRzPe2bK7,PDF,All Around The Zodiac.pdf,5343581,UNIQUE_CANDIDATE,,OPEN,,,NO_EXACT_NAME_SIZE_PEER
drive:file:12qNTp9_9YPr1vek14wLVaUdNtBUph4wx,12qNTp9_9YPr1vek14wLVaUdNtBUph4wx,PDF,Alice Bailey - Telepathy and the Etheric Vehicle.pdf,551230,UNIQUE_CANDIDATE,,OPEN,,,NO_EXACT_NAME_SIZE_PEER
drive:file:1CmQykEnzVQVBYUvgcP2ooHfgOkytbIEG,1CmQykEnzVQVBYUvgcP2ooHfgOkytbIEG,PDF,Amazing Secrets Of The Yogi.pdf,846847,UNIQUE_CANDIDATE,,OPEN,,,NO_EXACT_NAME_SIZE_PEER
drive:file:1nldSwOYWtk0hZc_R56CgmFt4oG5cqAxi,1nldSwOYWtk0hZc_R56CgmFt4oG5cqAxi,PDF,Ambrose Bierce - The Devil's Dictionary.pdf,1662753,UNIQUE_CANDIDATE,,OPEN,,,NO_EXACT_NAME_SIZE_PEER
drive:file:1bANXjL-pfkKHDbsdGfrJ_tK78fgW9MnE,1bANXjL-pfkKHDbsdGfrJ_tK78fgW9MnE,PDF,AMOOKOS_Training_Manual___Tantric_Magick__by_Sri_Lokanath.pdf,1244714,UNIQUE_CANDIDATE,,OPEN,,,NO_EXACT_NAME_SIZE_PEER
drive:file:1E0QjoCQYOfxRYnT4XjeFQEBJzCwWrCrY,1E0QjoCQYOfxRYnT4XjeFQEBJzCwWrCrY,PDF,A NEW WORLD ORDER.pdf,2541024,UNIQUE_CANDIDATE,,OPEN,,,NO_EXACT_NAME_SIZE_PEER
drive:file:1VUxIpMikxN7I2Ue-k4u_qqt0btXvbE06,1VUxIpMikxN7I2Ue-k4u_qqt0btXvbE06,PDF,Antero Alli - Angel Tech A Modern Shaman's Guide To Reality Selection.pdf,11300491,UNIQUE_CANDIDATE,,OPEN,,,NO_EXACT_NAME_SIZE_PEER
drive:file:1VrxwsutDKwcVxWpZWvcPWdVKLau4Ta6O,1VrxwsutDKwcVxWpZWvcPWdVKLau4Ta6O,PDF,Antoine Joseph Pernety - The Great Art.pdf,1999461,UNIQUE_CANDIDATE,,OPEN,,,NO_EXACT_NAME_SIZE_PEER
drive:file:1kEPxWn71V80f12LF4nsFaWLT-5ARr7VI,1kEPxWn71V80f12LF4nsFaWLT-5ARr7VI,PDF,Arbatel Of Magic Or The Spiritual Wisdom Of The Ancients.pdf,358025,UNIQUE_CANDIDATE,,OPEN,,,NO_EXACT_NAME_SIZE_PEER
drive:file:1mJ4xyvnW7t_ZnndX_JVUr2kpN3FI87Jc,1mJ4xyvnW7t_ZnndX_JVUr2kpN3FI87Jc,PDF,Arthur Conan Doyle - The History of Spiritualism I.pdf,690671,REVIEW_REQUIRED,DUP-2A6DEDCB99FA,OPEN,,,EXACT_NAME_SIZE_CANDIDATE_ONLY
drive:file:1I_8xcPtZ3z-dxYv31A9LIHzZ1Y_5yxvu,1I_8xcPtZ3z-dxYv31A9LIHzZ1Y_5yxvu,PDF,"Ascher, Kate - The Works; Anatomy of a City.pdf",6852608,UNIQUE_CANDIDATE,,OPEN,,,NO_EXACT_NAME_SIZE_PEER
drive:file:1nxPC5pCYWxv1iAjWhXufWqU27xn1G38f,1nxPC5pCYWxv1iAjWhXufWqU27xn1G38f,PDF,"The Green Witch - Your Complete Guide to the Natural Magic of Herbs, Flowers, Essential Oils, and More.pdf",2167151,UNIQUE_CANDIDATE,,OPEN,,,NO_EXACT_NAME_SIZE_PEER
drive:file:1Ip0Hz8LthuEUkY6cASj9qU7O2rqza3xh,1Ip0Hz8LthuEUkY6cASj9qU7O2rqza3xh,PDF,A.E. Waite - Hidden Church Of The Holy Graal.pdf,3654123,UNIQUE_CANDIDATE,,OPEN,,,NO_EXACT_NAME_SIZE_PEER
drive:file:1_8Ruyl3JyIcZFtllQWzURLfZywushE_v,1_8Ruyl3JyIcZFtllQWzURLfZywushE_v,PDF,Zecharia Sitchin - The Lost Book Of Enki - Memories _ Prophecies Of An Extraterrestrial God.pdf,989149,UNIQUE_CANDIDATE,,OPEN,,,NO_EXACT_NAME_SIZE_PEER
drive:file:1uXoziWt57FpdmJaoACwks0RV7XV5DuNp,1uXoziWt57FpdmJaoACwks0RV7XV5DuNp,PDF,Zecharia Sitchin - Genesis Revisited - Is Modern Science Catching Up With Ancient Knowledge (1990).pdf,2579144,UNIQUE_CANDIDATE,,OPEN,,,NO_EXACT_NAME_SIZE_PEER
drive:file:1D8qGh01AKHRWLdCBwLUQfXegJwjLVUYh,1D8qGh01AKHRWLdCBwLUQfXegJwjLVUYh,PDF,pdf-cb892ef28ff98d3b840dcdbbe06023.pdf,7182,UNIQUE_CANDIDATE,,OPEN,,,NO_EXACT_NAME_SIZE_PEER
drive:file:1L1SIslRL7gS5ZZBP_PFuNXrmPka49427,1L1SIslRL7gS5ZZBP_PFuNXrmPka49427,PDF,A-Beginner-Guide-To-Modes.pdf,53792,UNIQUE_CANDIDATE,,OPEN,,,NO_EXACT_NAME_SIZE_PEER
drive:file:1ZDZWKub7BjoGlcTOKp4R__KnVIzKC-2N,1ZDZWKub7BjoGlcTOKp4R__KnVIzKC-2N,PDF/Steiner,Rudolf_Steiner_A_Road_to_Self_Knowledge.pdf,136036,UNIQUE_CANDIDATE,,OPEN,,,NO_EXACT_NAME_SIZE_PEER
drive:file:1jB8tJeA4TJURL6ypc9qr4SocPHWKVjbi,1jB8tJeA4TJURL6ypc9qr4SocPHWKVjbi,PDF/Steiner,Rudolf_Steiner_-_The_Story_of_My_Life.pdf,673933,UNIQUE_CANDIDATE,,OPEN,,,NO_EXACT_NAME_SIZE_PEER
drive:file:1seYd4tTMSr-Hh-IHfNcgwD9dAe5Pu5z2,1seYd4tTMSr-Hh-IHfNcgwD9dAe5Pu5z2,PDF/Steiner,Rudolf_Steiner_-_The_Philosophy_of_Spritual_Activity.pdf,394220,UNIQUE_CANDIDATE,,OPEN,,,NO_EXACT_NAME_SIZE_PEER
drive:file:13H47-zermeX6660yYXdL6VVpu0nJ05CX,13H47-zermeX6660yYXdL6VVpu0nJ05CX,PDF/Steiner,Rudolf_Steiner_-_Lucifer_Ahriman_Asuras.pdf,451032,UNIQUE_CANDIDATE,,OPEN,,,NO_EXACT_NAME_SIZE_PEER
drive:file:1XdqOXKt8EUslKvI2jRxaX0mdml7oLF6p,1XdqOXKt8EUslKvI2jRxaX0mdml7oLF6p,PDF/Steiner,Rudolf_Steiner_-_Knowledge_of_the_Higher_Worlds.pdf,436315,UNIQUE_CANDIDATE,,OPEN,,,NO_EXACT_NAME_SIZE_PEER
drive:file:1N0gE7z_NAWvmpzw3G4okU9Z-e_StTu2U,1N0gE7z_NAWvmpzw3G4okU9Z-e_StTu2U,PDF/Steiner,Rudolf_Steiner_-_Cosmology_Religion_and_Philosophy.pdf,141420,UNIQUE_CANDIDATE,,OPEN,,,NO_EXACT_NAME_SIZE_PEER
drive:file:1wpVd-PjJNVuposYwoRalnAAtAdhjINhE,1wpVd-PjJNVuposYwoRalnAAtAdhjINhE,PDF/Steiner,Rudolf_Steiner_-_Cosmic_Memory.pdf,374723,UNIQUE_CANDIDATE,,OPEN,,,NO_EXACT_NAME_SIZE_PEER
drive:file:1vJ6GLjXoV8lieb_mD_T3iqK4xOEqcJg7,1vJ6GLjXoV8lieb_mD_T3iqK4xOEqcJg7,PDF/Steiner,Rudolf_Steiner_-_An_Outline_of_Occult_Science.pdf,630367,UNIQUE_CANDIDATE,,OPEN,,,NO_EXACT_NAME_SIZE_PEER
drive:file:1j_Nd8wR3ZtlZGc10wyrQIX2zqsVYO3Lo,1j_Nd8wR3ZtlZGc10wyrQIX2zqsVYO3Lo,PDF/Steiner,Rudolf_Sreiner_-_Egyptian_Myths_and_Mysteries.pdf,322552,UNIQUE_CANDIDATE,,OPEN,,,NO_EXACT_NAME_SIZE_PEER
drive:file:1hoX-50WibjpHMHBiAllsxZs6bzCdrnnQ,1hoX-50WibjpHMHBiAllsxZs6bzCdrnnQ,PDF/Manly P.Hall,Manly P. Hall - The Secret Teachings of All Ages.pdf,5643561,UNIQUE_CANDIDATE,,OPEN,,,NO_EXACT_NAME_SIZE_PEER
drive:file:1ESJhAQL3iAgjprBS-2O2rPJQ91FlaGYY,1ESJhAQL3iAgjprBS-2O2rPJQ91FlaGYY,PDF/Manly P.Hall,Swami Panchadasi - Genuine Mediumship.pdf,649296,UNIQUE_CANDIDATE,,OPEN,,,NO_EXACT_NAME_SIZE_PEER
drive:file:1sS3trpc8yTvi7GF0FwGsAnj9DZOGzxH0,1sS3trpc8yTvi7GF0FwGsAnj9DZOGzxH0,PDF/Manly P.Hall,Manly P. Hall - REINCARNATION The Cycle of Necessity.pdf,566152,UNIQUE_CANDIDATE,,OPEN,,,NO_EXACT_NAME_SIZE_PEER
drive:file:1zWYzdzvtJKFRAKakgLa3P09tA2EbJqih,1zWYzdzvtJKFRAKakgLa3P09tA2EbJqih,PDF/Manly P.Hall,manly palmer hall box 18 ms 102 v 19.pdf,983860,UNIQUE_CANDIDATE,,OPEN,,,NO_EXACT_NAME_SIZE_PEER
drive:file:1rKrB7AcmAB8ilBn4_vgnzHVMwHjhfVSW,1rKrB7AcmAB8ilBn4_vgnzHVMwHjhfVSW,PDF/Manly P.Hall,manly palmer hall box 18 ms 102 v 06.pdf,30965990,UNIQUE_CANDIDATE,,OPEN,,,NO_EXACT_NAME_SIZE_PEER
drive:file:1bfLapo0IDmIJRJ7ppsaC3goPVUejRY3J,1bfLapo0IDmIJRJ7ppsaC3goPVUejRY3J,PDF/Manly P.Hall,manly palmer hall box 18 ms 102 v 08.pdf,20755859,UNIQUE_CANDIDATE,,OPEN,,,NO_EXACT_NAME_SIZE_PEER
drive:file:1WEe0OM4br_dKju29hJRM7ivVdRhz50ua,1WEe0OM4br_dKju29hJRM7ivVdRhz50ua,PDF/Manly P.Hall,manly palmer hall box 18 ms 102 v 09.pdf,15527846,UNIQUE_CANDIDATE,,OPEN,,,NO_EXACT_NAME_SIZE_PEER
drive:file:1Fge30uenrcQP3ASsUbav6h9SKDamDd0G,1Fge30uenrcQP3ASsUbav6h9SKDamDd0G,PDF/Manly P.Hall,manly palmer hall box 18 ms 102 v 04.pdf,19441394,UNIQUE_CANDIDATE,,OPEN,,,NO_EXACT_NAME_SIZE_PEER
drive:file:1xsCLxUf5fky631dGGmdyeNJ7qoX3G9C3,1xsCLxUf5fky631dGGmdyeNJ7qoX3G9C3,PDF/Manly P.Hall,manly palmer hall box 18 ms 102 v 03.pdf,15703107,UNIQUE_CANDIDATE,,OPEN,,,NO_EXACT_NAME_SIZE_PEER
drive:file:1RhXoW9UFsqdLK6a_uePRIL9XawJpMcu-,1RhXoW9UFsqdLK6a_uePRIL9XawJpMcu-,PDF/Manly P.Hall,manly palmer hall box 18 ms 102 v 05.pdf,21107978,UNIQUE_CANDIDATE,,OPEN,,,NO_EXACT_NAME_SIZE_PEER
drive:file:1hNmEWeU6IuA4CLE-UTfBkxhErjrJTQzo,1hNmEWeU6IuA4CLE-UTfBkxhErjrJTQzo,PDF/Manly P.Hall,manly palmer hall box 11.pdf,23715217,UNIQUE_CANDIDATE,,OPEN,,,NO_EXACT_NAME_SIZE_PEER
drive:file:1HAiRGkO-2JFeq-yO_3BunKDdIZN1czBP,1HAiRGkO-2JFeq-yO_3BunKDdIZN1czBP,PDF/Manly P.Hall,manly palmer hall box 18 ms 102 v 01.pdf,10721878,UNIQUE_CANDIDATE,,OPEN,,,NO_EXACT_NAME_SIZE_PEER
drive:file:1WLc2Cuihdy5uT0B1V62EUXRiqkSu5eBj,1WLc2Cuihdy5uT0B1V62EUXRiqkSu5eBj,PDF/Manly P.Hall,manly palmer hall box 15.pdf,4745294,UNIQUE_CANDIDATE,,OPEN,,,NO_EXACT_NAME_SIZE_PEER
drive:file:1G45nTSnlLs8xMb1AiVP_AFVqm0CSvocd,1G45nTSnlLs8xMb1AiVP_AFVqm0CSvocd,PDF/Manly P.Hall,manly palmer hall box 17.pdf,1611764,UNIQUE_CANDIDATE,,OPEN,,,NO_EXACT_NAME_SIZE_PEER
drive:file:14ljAMaSY1o5R2rMM9L7vEElyC8ej-szR,14ljAMaSY1o5R2rMM9L7vEElyC8ej-szR,PDF/Manly P.Hall,manly palmer hall box 10.pdf,7376262,UNIQUE_CANDIDATE,,OPEN,,,NO_EXACT_NAME_SIZE_PEER
drive:file:1TbkXSMI1WWYoT98iaZ7ZpEF7mJHva4Qi,1TbkXSMI1WWYoT98iaZ7ZpEF7mJHva4Qi,PDF/Manly P.Hall,manly palmer hall box 14.pdf,595511,UNIQUE_CANDIDATE,,OPEN,,,NO_EXACT_NAME_SIZE_PEER
drive:file:1QF-M5E5htQz0pJ7ygk3JXuIR6fTWZ6u5,1QF-M5E5htQz0pJ7ygk3JXuIR6fTWZ6u5,PDF/Manly P.Hall,manly palmer hall box 06.pdf,10318170,UNIQUE_CANDIDATE,,OPEN,,,NO_EXACT_NAME_SIZE_PEER
drive:file:1PnoAH8K67RabsmkjqhEAWvQsx5X_lAWY,1PnoAH8K67RabsmkjqhEAWvQsx5X_lAWY,PDF/Manly P.Hall,manly palmer hall box 07.pdf,3462252,UNIQUE_CANDIDATE,,OPEN,,,NO_EXACT_NAME_SIZE_PEER
drive:file:1wSMHF-a7ZT4gGrNwna29ltcOuaktCGGv,1wSMHF-a7ZT4gGrNwna29ltcOuaktCGGv,PDF/Manly P.Hall,manly palmer hall box 01.pdf,20745193,UNIQUE_CANDIDATE,,OPEN,,,NO_EXACT_NAME_SIZE_PEER
drive:file:1_KBIJmnGXjMsG8CwY5R7ZEZm4BbVHs7l,1_KBIJmnGXjMsG8CwY5R7ZEZm4BbVHs7l,PDF/Manly P.Hall,manly palmer hall box 04 ms 019 v 05.pdf,11105663,UNIQUE_CANDIDATE,,OPEN,,,NO_EXACT_NAME_SIZE_PEER
drive:file:1BsLqY1LweDyZ2wu0cDadRr09gDF37htN,1BsLqY1LweDyZ2wu0cDadRr09gDF37htN,PDF/Manly P.Hall,manly palmer hall box 03.pdf,9761661,UNIQUE_CANDIDATE,,OPEN,,,NO_EXACT_NAME_SIZE_PEER
drive:file:1AfIlwWspOeBSbTgzsnWbFodV8OYA1BYr,1AfIlwWspOeBSbTgzsnWbFodV8OYA1BYr,PDF/Manly P.Hall,manly palmer hall box 04 ms 019 v 03.pdf,10292888,UNIQUE_CANDIDATE,,OPEN,,,NO_EXACT_NAME_SIZE_PEER
drive:file:1ulKTcVddvsYUhdtUFkQ6hSepzSXb0Mdq,1ulKTcVddvsYUhdtUFkQ6hSepzSXb0Mdq,PDF/Manly P.Hall,manly palmer hall box 05.pdf,1707276,UNIQUE_CANDIDATE,,OPEN,,,NO_EXACT_NAME_SIZE_PEER
drive:file:1D0PZG-KNfV3jwvcBFXLX98ABsh-yatUe,1D0PZG-KNfV3jwvcBFXLX98ABsh-yatUe,PDF/Manly P.Hall,manly palmer hall box 04 ms 019 v 01.pdf,10112689,UNIQUE_CANDIDATE,,OPEN,,,NO_EXACT_NAME_SIZE_PEER
drive:file:11pmKNIgzRdjsSo2ahHqKKtyWGoYYdVQ3,11pmKNIgzRdjsSo2ahHqKKtyWGoYYdVQ3,PDF/Manly P.Hall,manly palmer hall box 04 ms 019 v 02.pdf,7909095,UNIQUE_CANDIDATE,,OPEN,,,NO_EXACT_NAME_SIZE_PEER
drive:file:1boC1ezwKxus54PyA4m3Q9FCyIDfPaOHu,1boC1ezwKxus54PyA4m3Q9FCyIDfPaOHu,PDF/Manly P.Hall,manly palmer hall box 04 ms 019 v 04.pdf,7504628,UNIQUE_CANDIDATE,,OPEN,,,NO_EXACT_NAME_SIZE_PEER
drive:file:1EZap-8s2nMdwtsIBiOdu3UIubOt7mmQM,1EZap-8s2nMdwtsIBiOdu3UIubOt7mmQM,PDF/Manly P.Hall,Inventory of the Manly Palmer Hall Collection of Alchemical Manuscripts 1500-1825.pdf,121344,UNIQUE_CANDIDATE,,OPEN,,,NO_EXACT_NAME_SIZE_PEER
drive:file:13hjgAmTj8TNOhVwNR93w8_aVreaP-26A,13hjgAmTj8TNOhVwNR93w8_aVreaP-26A,PDF/Author Avalon,The_Serpent_Power__The_Secrets_of_Tantric_and_Shaktic_Yoga.pdf,32160211,UNIQUE_CANDIDATE,,OPEN,,,NO_EXACT_NAME_SIZE_PEER
drive:file:1iZF4vPXYCv1fVtpcIPh68C1dHbNJ_bUZ,1iZF4vPXYCv1fVtpcIPh68C1dHbNJ_bUZ,PDF/Author Avalon,Shakti_and_Shakta-By_Arthur_Avalon.pdf,1482824,UNIQUE_CANDIDATE,,OPEN,,,NO_EXACT_NAME_SIZE_PEER
drive:file:13gocp36YGuoiq7uw8ywJLAo4HVdst8Sz,13gocp36YGuoiq7uw8ywJLAo4HVdst8Sz,PDF/Author Avalon,The_Garland_of_Letters-_By_Arthur_Avalon.pdf,1987251,UNIQUE_CANDIDATE,,OPEN,,,NO_EXACT_NAME_SIZE_PEER
drive:file:1dhgJP7ULdNNlxpt8S3MXHGPo8X0uBykR,1dhgJP7ULdNNlxpt8S3MXHGPo8X0uBykR,PDF/Author Avalon,The_World_as_Power__By_Sir_John_Woodroffe.pdf,303308,UNIQUE_CANDIDATE,,OPEN,,,NO_EXACT_NAME_SIZE_PEER
drive:file:13GwvMqBg2jQc_LPV8Gi8hXb5PzFbdrmk,13GwvMqBg2jQc_LPV8Gi8hXb5PzFbdrmk,PDF/Author Avalon,Mahanirvana_Tantra__Tantra_of_the_Great_Liberation_.pdf,581205,UNIQUE_CANDIDATE,,OPEN,,,NO_EXACT_NAME_SIZE_PEER
drive:file:1B1Yw8BS2aJac_sXF9s1DwQQ4utezTT47,1B1Yw8BS2aJac_sXF9s1DwQQ4utezTT47,PDF/Author Avalon,Introduction_to_Tantra_Sastra_By_Sir_John_Woodroffe.pdf,727680,UNIQUE_CANDIDATE,,OPEN,,,NO_EXACT_NAME_SIZE_PEER
drive:file:1GXsxxbAwW01PPEajEdr5Fqbp8ifHPefD,1GXsxxbAwW01PPEajEdr5Fqbp8ifHPefD,PDF/Aleister Crowley,.DS_Store,6148,TECHNICAL_EXCLUSION,DUP-01F2B2A55085,CLOSED,,,DS_STORE
drive:file:10UDo_Vl6QMshf_dhBbcO4-9bUAxCT5-F,10UDo_Vl6QMshf_dhBbcO4-9bUAxCT5-F,PDF/Aleister Crowley,Book-4-Part-II-Magick.pdf,1070662,UNIQUE_CANDIDATE,,OPEN,,,NO_EXACT_NAME_SIZE_PEER
drive:file:1cqRIlJgNPzF93w05__5UXzFnMFYQ8Ijp,1cqRIlJgNPzF93w05__5UXzFnMFYQ8Ijp,PDF/Aleister Crowley,Book-4-Part-IV-The-Law.pdf,40820,UNIQUE_CANDIDATE,,OPEN,,,NO_EXACT_NAME_SIZE_PEER
drive:file:1pF1kEfNjEy-FpJdjc31HPqTeG2ycI6Hv,1pF1kEfNjEy-FpJdjc31HPqTeG2ycI6Hv,PDF/Aleister Crowley,Book-4-Part-I-Mysticism.pdf,195059,UNIQUE_CANDIDATE,,OPEN,,,NO_EXACT_NAME_SIZE_PEER
drive:file:1Vd8fzOFCcOMZSIbwkqIKmyF3Tm5lKnWQ,1Vd8fzOFCcOMZSIbwkqIKmyF3Tm5lKnWQ,PDF/Aleister Crowley,Konx_Om_Pax.pdf,413102,UNIQUE_CANDIDATE,,OPEN,,,NO_EXACT_NAME_SIZE_PEER
drive:file:1RomiZAKvC7crQ8gMIVX5In7_a5x6-4ok,1RomiZAKvC7crQ8gMIVX5In7_a5x6-4ok,PDF/Aleister Crowley,Aleister Crowley - The Necronomicon.pdf,662559,UNIQUE_CANDIDATE,,OPEN,,,NO_EXACT_NAME_SIZE_PEER
drive:file:1t_KDn4YPM1Xx_i1Rc8rIIjIToBsYcILP,1t_KDn4YPM1Xx_i1Rc8rIIjIToBsYcILP,PDF/Aleister Crowley,Aleister Crowley- The Book of Lies.pdf,255072,UNIQUE_CANDIDATE,,OPEN,,,NO_EXACT_NAME_SIZE_PEER
drive:file:1Y688Yc6ksnZvdtX3ulbeOQq3lVZcgFgC,1Y688Yc6ksnZvdtX3ulbeOQq3lVZcgFgC,PDF/Aleister Crowley,Aleister Crowley - Meditation.pdf,501443,UNIQUE_CANDIDATE,,OPEN,,,NO_EXACT_NAME_SIZE_PEER
drive:file:1cx5BhWlPKBgCLK2I19urfalhEAgmIW-A,1cx5BhWlPKBgCLK2I19urfalhEAgmIW-A,PDF/Aleister Crowley,Aleister Crowley - Magic Without Tears.pdf,660051,UNIQUE_CANDIDATE,,OPEN,,,NO_EXACT_NAME_SIZE_PEER
drive:file:1Jkip0uxlKmyDSXvZWgL9yXcFpuQ3uDOB,1Jkip0uxlKmyDSXvZWgL9yXcFpuQ3uDOB,PDF/Aleister Crowley,Aleister Crowley - Magick in Theory & Practice.pdf,1043856,UNIQUE_CANDIDATE,,OPEN,,,NO_EXACT_NAME_SIZE_PEER
drive:file:1J9Efl0FKdILxDchMKZ01C12pRmDBZpXQ,1J9Efl0FKdILxDchMKZ01C12pRmDBZpXQ,PDF/Aleister Crowley,Aleister Crowley - Eight Lectures On Yoga.pdf,226824,UNIQUE_CANDIDATE,,OPEN,,,NO_EXACT_NAME_SIZE_PEER
drive:file:1j-rWuRtuwA2S7Xo6WjsxYxGwIohyg71M,1j-rWuRtuwA2S7Xo6WjsxYxGwIohyg71M,PDF/Alice A. Bailey,The_Externalization_of_the_Hierarchy.pdf,5339106,UNIQUE_CANDIDATE,,OPEN,,,NO_EXACT_NAME_SIZE_PEER
drive:file:1PoGAy0FCJNA89heNApOALjEh_bMyeJLt,1PoGAy0FCJNA89heNApOALjEh_bMyeJLt,PDF/Alice A. Bailey,Education_in_the_New_Age.pdf,1182351,UNIQUE_CANDIDATE,,OPEN,,,NO_EXACT_NAME_SIZE_PEER
drive:file:15Zn6qvooYPovGH839PnfhBGbzLTLXF1o,15Zn6qvooYPovGH839PnfhBGbzLTLXF1o,PDF/Alice A. Bailey,The_Unfinished-autobiography.pdf,2281013,UNIQUE_CANDIDATE,,OPEN,,,NO_EXACT_NAME_SIZE_PEER
drive:file:1leSid2a3r6LEyMW9-pymgLexqLVkIj5z,1leSid2a3r6LEyMW9-pymgLexqLVkIj5z,PDF/Alice A. Bailey,Glamour__A_World_Problem.pdf,1466580,UNIQUE_CANDIDATE,,OPEN,,,NO_EXACT_NAME_SIZE_PEER
drive:file:1QRaaEh7xuj-6K-XKImeKC_xWNcSOKQjz,1QRaaEh7xuj-6K-XKImeKC_xWNcSOKQjz,PDF/Alice A. Bailey,the_Destiny_of_Nations.pdf,1065490,UNIQUE_CANDIDATE,,OPEN,,,NO_EXACT_NAME_SIZE_PEER
drive:file:1IseyFjM14-1pscJ-Uj-in5eIwHxPUwBh,1IseyFjM14-1pscJ-Uj-in5eIwHxPUwBh,PDF/Alice A. Bailey,Discipleship_in_the_New_Age_Vol-2.pdf,5905957,UNIQUE_CANDIDATE,,OPEN,,,NO_EXACT_NAME_SIZE_PEER
drive:file:18Y2dHavr9snjZ0KMmFkiNoBQFH9hQO-i,18Y2dHavr9snjZ0KMmFkiNoBQFH9hQO-i,PDF/Alice A. Bailey,The_Reappearance_of_Christ__DT_Edit_.pdf,797550,UNIQUE_CANDIDATE,,OPEN,,,NO_EXACT_NAME_SIZE_PEER
drive:file:1uMh6FtA_1cSXxmZSsqESu3ne64pW5ALV,1uMh6FtA_1cSXxmZSsqESu3ne64pW5ALV,PDF/Alice A. Bailey,Discipleship_in_the_New_Age_Vol-1.pdf,6321419,UNIQUE_CANDIDATE,,OPEN,,,NO_EXACT_NAME_SIZE_PEER
drive:file:1WEG1kIPjXUFOJWFLQ28aLZkjSrNJKEcL,1WEG1kIPjXUFOJWFLQ28aLZkjSrNJKEcL,PDF/Alice A. Bailey,Problems_of_Humanity.pdf,1280859,UNIQUE_CANDIDATE,,OPEN,,,NO_EXACT_NAME_SIZE_PEER
drive:file:1CCkehlNk3CNwd1Ns-xeQ99QUz2pJx9c0,1CCkehlNk3CNwd1Ns-xeQ99QUz2pJx9c0,PDF/Alice A. Bailey,09-From_Bethlehem_to_Calvary.pdf,2172421,UNIQUE_CANDIDATE,,OPEN,,,NO_EXACT_NAME_SIZE_PEER
drive:file:16iVImo5IKWT-1AL7Ao4L7skqlpZ95FJW,16iVImo5IKWT-1AL7Ao4L7skqlpZ95FJW,PDF/Alice A. Bailey,.DS_Store,6148,TECHNICAL_EXCLUSION,DUP-01F2B2A55085,CLOSED,,,DS_STORE
drive:file:1nRolrE0ximN32KVA7RPfP1atNE3np5II,1nRolrE0ximN32KVA7RPfP1atNE3np5II,PDF/Alice A. Bailey,04-Treatise_on_Cosmic_Fire.pdf,8902892,UNIQUE_CANDIDATE,,OPEN,,,NO_EXACT_NAME_SIZE_PEER
drive:file:1bJLi4rXAyRYY6L-R05VL9I0_Mm5ohjnQ,1bJLi4rXAyRYY6L-R05VL9I0_Mm5ohjnQ,PDF/Alice A. Bailey,Rays_and_Initiations_a_Treatise_on_the_Seven_Rays_Vol-5.pdf,5894201,UNIQUE_CANDIDATE,,OPEN,,,NO_EXACT_NAME_SIZE_PEER
drive:file:1YDYjx_fxhkcBa56sJgwJ2WZbkiiNk5LP,1YDYjx_fxhkcBa56sJgwJ2WZbkiiNk5LP,PDF/Alice A. Bailey,Discipleship-in-the-new-Age-Vol-2.pdf,5905957,UNIQUE_CANDIDATE,,OPEN,,,NO_EXACT_NAME_SIZE_PEER
drive:file:1l8VWcjxnL9k766iP1_4BZXVf9bu8t1Sw,1l8VWcjxnL9k766iP1_4BZXVf9bu8t1Sw,PDF/Alice A. Bailey,Discipleship-in-the-new-Age-Vol-1.pdf,6321419,UNIQUE_CANDIDATE,,OPEN,,,NO_EXACT_NAME_SIZE_PEER
drive:file:1Xe3Fq0MpbRxxaAVHDIdSeU2FC9NUv6qn,1Xe3Fq0MpbRxxaAVHDIdSeU2FC9NUv6qn,PDF/Alice A. Bailey,Esoteric-Healing-a-Treatise-on-the-Seven-Rays-Vol-4.pdf,4752962,UNIQUE_CANDIDATE,,OPEN,,,NO_EXACT_NAME_SIZE_PEER
drive:file:17DV3PeDdwZPaATbIAXffW5nZoa9Dxu_u,17DV3PeDdwZPaATbIAXffW5nZoa9Dxu_u,PDF/Alice A. Bailey,Esoteric-Astrology-a-Treatise-on-the-Seven-Rays-Vol-3.pdf,4411789,UNIQUE_CANDIDATE,,OPEN,,,NO_EXACT_NAME_SIZE_PEER
drive:file:1AsFqh-TUrgx41GjgWqt787t6_YR7THou,1AsFqh-TUrgx41GjgWqt787t6_YR7THou,PDF/Alice A. Bailey,Esoteric-Psychology-a-Treatise-on-the-Seven-Rays-Vol-2.pdf,5034723,UNIQUE_CANDIDATE,,OPEN,,,NO_EXACT_NAME_SIZE_PEER
drive:file:1fe3O_BXKU7ylEClRe2lN04RfGN3ebfNI,1fe3O_BXKU7ylEClRe2lN04RfGN3ebfNI,PDF/Alice A. Bailey,Letters_on_Occult_Meditation_-_Alice_Bailey.pdf,1185564,UNIQUE_CANDIDATE,,OPEN,,,NO_EXACT_NAME_SIZE_PEER
drive:file:1g9QUeMMbO3Wo08_VPMhsmms_gnR6a0yJ,1g9QUeMMbO3Wo08_VPMhsmms_gnR6a0yJ,PDF/Alice A. Bailey,Esoteric-Psychology-a-Treatise-on-the-Seven-Rays-Vol-1.pdf,2973719,UNIQUE_CANDIDATE,,OPEN,,,NO_EXACT_NAME_SIZE_PEER
drive:file:15Un-TigTMJRSse4R8SZcZDxzbt3R0I2A,15Un-TigTMJRSse4R8SZcZDxzbt3R0I2A,PDF/Alice A. Bailey,A-Treatise-on-White-Magic.pdf,4117456,UNIQUE_CANDIDATE,,OPEN,,,NO_EXACT_NAME_SIZE_PEER
drive:file:1PTY1wtO0wD-RE4qT0lFDgqUe8x-aWXHO,1PTY1wtO0wD-RE4qT0lFDgqUe8x-aWXHO,PDF/Alice A. Bailey,From-Intellect-to-Intuition.pdf,1457645,UNIQUE_CANDIDATE,,OPEN,,,NO_EXACT_NAME_SIZE_PEER
drive:file:1bsT9tpsVuz_7UcCcak1BwuBFf5epISfZ,1bsT9tpsVuz_7UcCcak1BwuBFf5epISfZ,PDF/Alice A. Bailey,The-Soul-and-its-mechanism.pdf,937322,UNIQUE_CANDIDATE,,OPEN,,,NO_EXACT_NAME_SIZE_PEER
drive:file:1ivx5f7o1z0LfhngXEaEEJAfpqFDEpA0c,1ivx5f7o1z0LfhngXEaEEJAfpqFDEpA0c,PDF/Alice A. Bailey,Initiation_Human_and_Solar_Alice_Bailey.pdf,752673,UNIQUE_CANDIDATE,,OPEN,,,NO_EXACT_NAME_SIZE_PEER
drive:file:1uBIkIqLNXrfEB8oyPyZo6R6LVWLKugN8,1uBIkIqLNXrfEB8oyPyZo6R6LVWLKugN8,PDF/Alice A. Bailey,Telepathy_and_the_Etheric_Vehicle.pdf,551230,UNIQUE_CANDIDATE,,OPEN,,,NO_EXACT_NAME_SIZE_PEER
drive:file:1G47NUhNpBsEObdWnpWBEit0jOF2812ey,1G47NUhNpBsEObdWnpWBEit0jOF2812ey,PDF/Alice A. Bailey,Light_of_the_Soul_-_Alice_Bailey.pdf,1236084,UNIQUE_CANDIDATE,,OPEN,,,NO_EXACT_NAME_SIZE_PEER
drive:file:1W6_h6v_-TgoLoFFqaTh-JJfqxRAwholv,1W6_h6v_-TgoLoFFqaTh-JJfqxRAwholv,PDF/Alice A. Bailey,The_consciousness_of_the_atom.pdf,516116,UNIQUE_CANDIDATE,,OPEN,,,NO_EXACT_NAME_SIZE_PEER
drive:file:1NUc_dz1EjnNamvm7vIv-_atDU6gu_HR_,1NUc_dz1EjnNamvm7vIv-_atDU6gu_HR_,PDF/Daniel A.Schulke,D. A. Schulke - Ars Philtron.pdf,80878565,UNIQUE_CANDIDATE,,OPEN,,,NO_EXACT_NAME_SIZE_PEER
drive:file:1R8wrBUHrOoFzUccq3iUNkDVIxq1e9SkI,1R8wrBUHrOoFzUccq3iUNkDVIxq1e9SkI,PDF/Daniel A.Schulke,Schulke - Viridarium Umbris.pdf,21802501,UNIQUE_CANDIDATE,,OPEN,,,NO_EXACT_NAME_SIZE_PEER
drive:file:1zNQBJdgmnEH3YczNC_rHngq78a2CcVIG,1zNQBJdgmnEH3YczNC_rHngq78a2CcVIG,PDF/Andrew Chumbley,Qutub-Andrew_Chumbley.pdf,2270676,UNIQUE_CANDIDATE,,OPEN,,,NO_EXACT_NAME_SIZE_PEER
drive:file:1z89gZTfecY1godBIC0n5SvI0PmjDeEgH,1z89gZTfecY1godBIC0n5SvI0PmjDeEgH,PDF/Andrew Chumbley,Chumbley - Azoetia.pdf,12395005,UNIQUE_CANDIDATE,,OPEN,,,NO_EXACT_NAME_SIZE_PEER
drive:file:11Fqf-I38_zbnGrDWjSdMhH6n9se0K67L,11Fqf-I38_zbnGrDWjSdMhH6n9se0K67L,PDF/Andrew Chumbley,The Golden Chain and the Lonely Road.pdf,72905,UNIQUE_CANDIDATE,,OPEN,,,NO_EXACT_NAME_SIZE_PEER
drive:file:1l7Gahz0Uw1iJ3T1jjJDvlFp_qz5RpKDx,1l7Gahz0Uw1iJ3T1jjJDvlFp_qz5RpKDx,PDF/Andrew Chumbley,Andrew_Chumbley-One_Grimoire_of_the_Golden-Toad.pdf,5835142,UNIQUE_CANDIDATE,,OPEN,,,NO_EXACT_NAME_SIZE_PEER
drive:file:1Z-yy04swRvUfnEtdY3C3RVSr26QImldQ,1Z-yy04swRvUfnEtdY3C3RVSr26QImldQ,PDF/Mabel Collins,Through_the_Gates_of_Gold_-By_Mabel_Collin_1887.pdf,1948198,UNIQUE_CANDIDATE,,OPEN,,,NO_EXACT_NAME_SIZE_PEER
drive:file:1oVXfmF_IJ7I8GG-BCVBpNTaHfQcaNgOE,1oVXfmF_IJ7I8GG-BCVBpNTaHfQcaNgOE,PDF/Mabel Collins,The_Blossom_and_the_Fruit_-_By_Mabel_Collins.pdf,232026,UNIQUE_CANDIDATE,,OPEN,,,NO_EXACT_NAME_SIZE_PEER
drive:file:1XZtUhfI2qIO4RHJ5z8E-bzmLwTguwjFH,1XZtUhfI2qIO4RHJ5z8E-bzmLwTguwjFH,PDF/Mabel Collins,Idyll_of_the_White_Lotus_-_By_Mabel_Collins.pdf,487730,UNIQUE_CANDIDATE,,OPEN,,,NO_EXACT_NAME_SIZE_PEER
drive:file:1jbbqF_JDhbnlRaFcix4GuYHok2dpjX7I,1jbbqF_JDhbnlRaFcix4GuYHok2dpjX7I,PDF/Mabel Collins,Light_on_the_Path_By_Mabel_Collins.pdf,497719,UNIQUE_CANDIDATE,,OPEN,,,NO_EXACT_NAME_SIZE_PEER
drive:file:18qzPNtAmYuORtfneRQp_902-P3qSFWsE,18qzPNtAmYuORtfneRQp_902-P3qSFWsE,PDF/Mabel Collins,LOTP.pdf,151548,UNIQUE_CANDIDATE,,OPEN,,,NO_EXACT_NAME_SIZE_PEER
drive:file:1UHJ2xJVKa0Xj6D75olDR269IzEaCgmav,1UHJ2xJVKa0Xj6D75olDR269IzEaCgmav,PDF/F Bardon,Rawn Clark - A Bardon Companion - 2010.pdf,2561225,UNIQUE_CANDIDATE,,OPEN,,,NO_EXACT_NAME_SIZE_PEER
drive:file:1Wbw-dBuyAeFAvCnmKZ1MOtHSsaQdtXu0,1Wbw-dBuyAeFAvCnmKZ1MOtHSsaQdtXu0,PDF/F Bardon,Rawn Clark - A Bardon Companion - 2002.pdf,1093344,UNIQUE_CANDIDATE,,OPEN,,,NO_EXACT_NAME_SIZE_PEER
drive:file:1FvASO9zILmNnYbqaT8LrrWoJz9Cvpb3k,1FvASO9zILmNnYbqaT8LrrWoJz9Cvpb3k,PDF/F Bardon,Franz Bardon - The Universal Master Key.pdf,4045940,UNIQUE_CANDIDATE,,OPEN,,,NO_EXACT_NAME_SIZE_PEER
drive:file:1MmwEd5sFVxNV8o6_D14krAjNEPpdkipn,1MmwEd5sFVxNV8o6_D14krAjNEPpdkipn,PDF/F Bardon,Franz Bardon - Practice of Magical Evocation.pdf,5058666,UNIQUE_CANDIDATE,,OPEN,,,NO_EXACT_NAME_SIZE_PEER
drive:file:1DdNJmCvVY_J0iRk0qs0KRJA93cM1EIJT,1DdNJmCvVY_J0iRk0qs0KRJA93cM1EIJT,PDF/F Bardon,Franz Bardon - The Golden Book of Wisdom.pdf,45965,UNIQUE_CANDIDATE,,OPEN,,,NO_EXACT_NAME_SIZE_PEER
drive:file:1whzeSyq59EyMgwVWOLD8OiPXk7ztsU7C,1whzeSyq59EyMgwVWOLD8OiPXk7ztsU7C,PDF/F Bardon,Franz Bardon - Original Frabato.pdf,452821,UNIQUE_CANDIDATE,,OPEN,,,NO_EXACT_NAME_SIZE_PEER
drive:file:1c5te28sitUEGfHnClx8WusCnRkqSXBxg,1c5te28sitUEGfHnClx8WusCnRkqSXBxg,PDF/F Bardon,Franz Bardon - Key to the True Quabbalah.pdf,657049,UNIQUE_CANDIDATE,,OPEN,,,NO_EXACT_NAME_SIZE_PEER
drive:file:14wH-nMqEOX5HJSg-F3cFNTb3mK-qN01Z,14wH-nMqEOX5HJSg-F3cFNTb3mK-qN01Z,PDF/F Bardon,Franz Bardon - Initiation Into Hermetics - 2001.pdf,1852415,UNIQUE_CANDIDATE,,OPEN,,,NO_EXACT_NAME_SIZE_PEER
drive:file:1R6iZQoOyYDpCiZ5Xk-G2ont8-yGhEhB_,1R6iZQoOyYDpCiZ5Xk-G2ont8-yGhEhB_,PDF/F Bardon,Franz Bardon - Initiation Into Hermetics - 1987.pdf,1264481,UNIQUE_CANDIDATE,,OPEN,,,NO_EXACT_NAME_SIZE_PEER
drive:file:1T9V_F5xCt98roZifaD_xbnudfC6Bo9-z,1T9V_F5xCt98roZifaD_xbnudfC6Bo9-z,PDF/F Bardon,Franz Bardon - Initiation Into Hermetics - 1987 (170 pages).pdf,513786,UNIQUE_CANDIDATE,,OPEN,,,NO_EXACT_NAME_SIZE_PEER
drive:file:1AhbUCdxUCN_5VjusWgVxheU8mPEyx3ya,1AhbUCdxUCN_5VjusWgVxheU8mPEyx3ya,PDF/F Bardon,04 Golden Book of Wisdom - F Bardon.pdf,45965,UNIQUE_CANDIDATE,,OPEN,,,NO_EXACT_NAME_SIZE_PEER
drive:file:15LluvLt7D3qvTWAZVDQmLgBPU7wQ2PsF,15LluvLt7D3qvTWAZVDQmLgBPU7wQ2PsF,PDF/F Bardon,03 Practice of Magical Evocation - Franz Bardon.pdf,4999370,UNIQUE_CANDIDATE,,OPEN,,,NO_EXACT_NAME_SIZE_PEER
drive:file:1SKwmG9OuY7z3rZNWwu9oy2jhwN_K-FAB,1SKwmG9OuY7z3rZNWwu9oy2jhwN_K-FAB,PDF/F Bardon,02 The Key To The True Qabbalah - Franz Bardon.pdf,692462,UNIQUE_CANDIDATE,,OPEN,,,NO_EXACT_NAME_SIZE_PEER
drive:file:1BcPJ11xblgw7Yo6UYgkEmyzW1AKSfqgD,1BcPJ11xblgw7Yo6UYgkEmyzW1AKSfqgD,PDF/F Bardon,01 Initiation into Hermetics - F Bardon.pdf,565328,UNIQUE_CANDIDATE,,OPEN,,,NO_EXACT_NAME_SIZE_PEER
drive:file:1Z-gXfWuSF78symp-cmULdo4iYntJL2KV,1Z-gXfWuSF78symp-cmULdo4iYntJL2KV,PDF/Montalk,.DS_Store,6148,TECHNICAL_EXCLUSION,DUP-01F2B2A55085,CLOSED,,,DS_STORE
drive:file:1hb_26NOAajAB2blhaVPAnfkdYVPgTEus,1hb_26NOAajAB2blhaVPAnfkdYVPgTEus,PDF/Montalk,Carissa Conti - Chasing Phantoms - 2013.pdf,1903635,UNIQUE_CANDIDATE,,OPEN,,,NO_EXACT_NAME_SIZE_PEER
drive:file:1G3rP9E-I4gbVeGy_xLhRlxEfcP7RjGkm,1G3rP9E-I4gbVeGy_xLhRlxEfcP7RjGkm,PDF/Montalk,HumanSimulacra.pdf,388939,UNIQUE_CANDIDATE,,OPEN,,,NO_EXACT_NAME_SIZE_PEER
drive:file:1Ykkm7oN4ERroQkiZ-RioARtZ-JDkvBzY,1Ykkm7oN4ERroQkiZ-RioARtZ-JDkvBzY,PDF/Montalk,Montalk - Reality Creation Redux.pdf,64126,UNIQUE_CANDIDATE,,OPEN,,,NO_EXACT_NAME_SIZE_PEER
drive:file:1IkCkPRxTfq-AYQ4to4p3TUbNGh8bnI3h,1IkCkPRxTfq-AYQ4to4p3TUbNGh8bnI3h,PDF/Montalk,Montalk - Realm Dynamics - v0.2.pdf,85013,UNIQUE_CANDIDATE,,OPEN,,,NO_EXACT_NAME_SIZE_PEER
drive:file:1oiCbARfADejdqne9cTYxCnByeMbY7iyw,1oiCbARfADejdqne9cTYxCnByeMbY7iyw,PDF/Montalk,Montalk - Synchronicity and Reality Manipulation.pdf,84735,UNIQUE_CANDIDATE,,OPEN,,,NO_EXACT_NAME_SIZE_PEER
drive:file:1CwJDu0j3XlY1CRi6K0sqh2IZGquO6msS,1CwJDu0j3XlY1CRi6K0sqh2IZGquO6msS,PDF/Doyle,Obxd22Windows.pdf,332288,UNIQUE_CANDIDATE,,OPEN,,,NO_EXACT_NAME_SIZE_PEER
drive:file:1ORxOntcsf9hm1ZcGFlSKxMuEWv7iQcFL,1ORxOntcsf9hm1ZcGFlSKxMuEWv7iQcFL,PDF/Doyle,Arthur Conan Doyle - The New Revelation & Vital Message.pdf,429772,UNIQUE_CANDIDATE,,OPEN,,,NO_EXACT_NAME_SIZE_PEER
drive:file:1NQP8RdAudvWdGs6_KW8eRfeRcGuYqDXC,1NQP8RdAudvWdGs6_KW8eRfeRcGuYqDXC,PDF/Doyle,Arthur Conan Doyle - The History of Spiritualism II.pdf,609529,UNIQUE_CANDIDATE,,OPEN,,,NO_EXACT_NAME_SIZE_PEER
drive:file:1NIz5qjc_SgjxZeveUiBml4BnzE1xqYf9,1NIz5qjc_SgjxZeveUiBml4BnzE1xqYf9,PDF/Doyle,Arthur Conan Doyle - The History of Spiritualism I.pdf,690671,REVIEW_REQUIRED,DUP-2A6DEDCB99FA,OPEN,,,EXACT_NAME_SIZE_CANDIDATE_ONLY
drive:file:1oHSUrLDL3Xdsgj7S4m_Iw3R3TGgAVB2X,1oHSUrLDL3Xdsgj7S4m_Iw3R3TGgAVB2X,PDF/Doyle,Arthur Conan Doyle - Pheneas Speaks.pdf,410580,UNIQUE_CANDIDATE,,OPEN,,,NO_EXACT_NAME_SIZE_PEER
drive:file:1fN0Y1hwFiytGwviZ9JgfT_MF4JGDktXk,1fN0Y1hwFiytGwviZ9JgfT_MF4JGDktXk,PDF/Bookz,Book of Thoth.pdf,0,TECHNICAL_EXCLUSION,,CLOSED,,,ZERO_BYTE
drive:file:1Ca0rk2g25sfrh362Y4phmeyv0LoI4znG,1Ca0rk2g25sfrh362Y4phmeyv0LoI4znG,PDF/Bookz,Book Of The Subgenius.pdf,0,TECHNICAL_EXCLUSION,,CLOSED,,,ZERO_BYTE
drive:file:1ZVClrv3bjBsI-Z9eGOYlDasjpDLeVuql,1ZVClrv3bjBsI-Z9eGOYlDasjpDLeVuql,PDF/Bookz,Book of Knowledge - The Keys of Enoch.pdf,13135872,UNIQUE_CANDIDATE,,OPEN,,,NO_EXACT_NAME_SIZE_PEER
drive:file:1nJ_87kdyXq-ErnPhZUfE3hxjtSY176h1,1nJ_87kdyXq-ErnPhZUfE3hxjtSY176h1,PDF/Bookz,Book Of The Secrets Of Enoch.pdf,0,TECHNICAL_EXCLUSION,,CLOSED,,,ZERO_BYTE
drive:file:1V8WH6CLp8J3_DMgh0W-DnlKgxbBHKe26,1V8WH6CLp8J3_DMgh0W-DnlKgxbBHKe26,PDF/Bookz,Book Of Satyrs.pdf,0,TECHNICAL_EXCLUSION,,CLOSED,,,ZERO_BYTE
drive:file:1NMyH4kGNrNEMmD28NhJzvH_Diof3aLHJ,1NMyH4kGNrNEMmD28NhJzvH_Diof3aLHJ,PDF/Bookz,Book Of Jasher.pdf,1048651,UNIQUE_CANDIDATE,,OPEN,,,NO_EXACT_NAME_SIZE_PEER
drive:file:16LN2OWGO-mSqnU2E4AIc10bxpUz3IJ3V,16LN2OWGO-mSqnU2E4AIc10bxpUz3IJ3V,PDF/Bookz,Book Of Giants.pdf,112338,UNIQUE_CANDIDATE,,OPEN,,,NO_EXACT_NAME_SIZE_PEER
drive:file:12j9rioDB7eqFyrg-K2KRCuAufsU3cj6H,12j9rioDB7eqFyrg-K2KRCuAufsU3cj6H,PDF/Bookz,Book Of Enoch.pdf,653905,UNIQUE_CANDIDATE,,OPEN,,,NO_EXACT_NAME_SIZE_PEER
drive:file:1FAOGy_uX_r7FcgkjRJWh3ROQIKAIsRYI,1FAOGy_uX_r7FcgkjRJWh3ROQIKAIsRYI,PDF/Bookz,Book of Ceremonial Magick.pdf,4784091,UNIQUE_CANDIDATE,,OPEN,,,NO_EXACT_NAME_SIZE_PEER
drive:file:1w0sI8I1lDuAXxzgcH5Ww7Mtx49fZioFD,1w0sI8I1lDuAXxzgcH5Ww7Mtx49fZioFD,PDF/Bookz,Book Of Adam And Eve.pdf,370947,UNIQUE_CANDIDATE,,OPEN,,,NO_EXACT_NAME_SIZE_PEER
drive:file:1oi1SdJDZ_TxmpujGkHZrfKqUhyzF5zPU,1oi1SdJDZ_TxmpujGkHZrfKqUhyzF5zPU,PDF/Bookz,Boof Of Seniors.pdf,522091,UNIQUE_CANDIDATE,,OPEN,,,NO_EXACT_NAME_SIZE_PEER
drive:file:1A1p18jlCAFc5zwKB35HtV6lK6A4sT3yf,1A1p18jlCAFc5zwKB35HtV6lK6A4sT3yf,PDF/Bookz,Alexandrian Book of Shadows.pdf,758105,REVIEW_REQUIRED,DUP-DFC0307ED3B2,OPEN,,,EXACT_NAME_SIZE_CANDIDATE_ONLY
drive:file:1eQg8M1G6KvZj4FMlMRPrDzz6AeeheJMC,1eQg8M1G6KvZj4FMlMRPrDzz6AeeheJMC,PDF/Bookz,6th and 7th Book of Moses.pdf,2953998,UNIQUE_CANDIDATE,,OPEN,,,NO_EXACT_NAME_SIZE_PEER
drive:file:13v3SiOE7FcABtJlTfkMtKPadINk-zW6N,13v3SiOE7FcABtJlTfkMtKPadINk-zW6N,PDF/Bookz,8th Book of Moses.pdf,310752,UNIQUE_CANDIDATE,,OPEN,,,NO_EXACT_NAME_SIZE_PEER
drive:file:1-G8SvfusAVbqV7i1z6X9kEd3p4VEQe_c,1-G8SvfusAVbqV7i1z6X9kEd3p4VEQe_c,PDF/Author Avalon/Reference Material,Hinduism_s_Online_Lexicon_-_A-Z_Dictionary.doc,822784,UNIQUE_CANDIDATE,,OPEN,,,NO_EXACT_NAME_SIZE_PEER
drive:file:1E7PBn1T9DBmp5VmQmFrqqVp0ImYvAbml,1E7PBn1T9DBmp5VmQmFrqqVp0ImYvAbml,PDF/Montalk/Not Important,moon.pdf,611651,UNIQUE_CANDIDATE,,OPEN,,,NO_EXACT_NAME_SIZE_PEER
drive:file:1HLm-DJVVRw_PBXrJE7SCV7ygTcnxCXDm,1HLm-DJVVRw_PBXrJE7SCV7ygTcnxCXDm,PDF/Montalk/Not Important,mtrxflwchrt.pdf,727179,UNIQUE_CANDIDATE,,OPEN,,,NO_EXACT_NAME_SIZE_PEER
drive:file:16CNmY-tfRjTJaFPuBrVhPou7DuZr16mS,16CNmY-tfRjTJaFPuBrVhPou7DuZr16mS,PDF/Montalk/Not Important,opsources.pdf,699971,UNIQUE_CANDIDATE,,OPEN,,,NO_EXACT_NAME_SIZE_PEER
drive:file:17GsZZxZCugDUveZjKk5Ip6MPYNHCF19u,17GsZZxZCugDUveZjKk5Ip6MPYNHCF19u,PDF/Montalk/Not Important,OrfeoAngelucci-SecretOfTheSaucers.pdf,682902,UNIQUE_CANDIDATE,,OPEN,,,NO_EXACT_NAME_SIZE_PEER
drive:file:1solCsbw0erBJQsbhEcTASieEz3SFb-Xh,1solCsbw0erBJQsbhEcTASieEz3SFb-Xh,PDF/Montalk/Not Important,SST.pdf,66276,UNIQUE_CANDIDATE,,OPEN,,,NO_EXACT_NAME_SIZE_PEER
drive:file:1ZXmJ1VyqIkqcb-jcYQcy83lCi_rWXT2U,1ZXmJ1VyqIkqcb-jcYQcy83lCi_rWXT2U,PDF/Montalk/Not Important,timelateral.pdf,121313,UNIQUE_CANDIDATE,,OPEN,,,NO_EXACT_NAME_SIZE_PEER
drive:file:1l-pAlWYziKdE9AJ2MITAykktQbl7XCWA,1l-pAlWYziKdE9AJ2MITAykktQbl7XCWA,PDF/Montalk/Not Important,twin.pdf,280317,UNIQUE_CANDIDATE,,OPEN,,,NO_EXACT_NAME_SIZE_PEER
drive:file:1Afvq8oKF-5RG73H7IQ_OH96CuL7fQnjL,1Afvq8oKF-5RG73H7IQ_OH96CuL7fQnjL,PDF/Montalk/Not Important,WorkingForThePuppetPeople.pdf,211795,UNIQUE_CANDIDATE,,OPEN,,,NO_EXACT_NAME_SIZE_PEER
