wikipedia_title,akasha_source,akasha_title,matched_concept_families,semantic_score,author,topics,licence_status,reuse_decision,provenance_status,source_type,record_id,url
Karma,Google Drive,The-Truth-of-Rebirth.pdf,reincarnation|buddhist_continuity,8,blackswanreprise,Buddhism & Eastern Philosophy,unknown,INDEX_ONLY,metadata_only,article,1twa14cyhqZqFqd1jS9tW3c5xRHXO1czd,https://drive.google.com/file/d/1twa14cyhqZqFqd1jS9tW3c5xRHXO1czd/view?usp=drivesdk
Rebirth (Buddhism),Google Drive,The-Truth-of-Rebirth.pdf,reincarnation|buddhist_continuity,8,blackswanreprise,Buddhism & Eastern Philosophy,unknown,INDEX_ONLY,metadata_only,article,1twa14cyhqZqFqd1jS9tW3c5xRHXO1czd,https://drive.google.com/file/d/1twa14cyhqZqFqd1jS9tW3c5xRHXO1czd/view?usp=drivesdk
Reincarnation,Google Drive,The-Truth-of-Rebirth.pdf,reincarnation|buddhist_continuity,8,blackswanreprise,Buddhism & Eastern Philosophy,unknown,INDEX_ONLY,metadata_only,article,1twa14cyhqZqFqd1jS9tW3c5xRHXO1czd,https://drive.google.com/file/d/1twa14cyhqZqFqd1jS9tW3c5xRHXO1czd/view?usp=drivesdk
Saṃsāra,Google Drive,The-Truth-of-Rebirth.pdf,reincarnation|buddhist_continuity,8,blackswanreprise,Buddhism & Eastern Philosophy,unknown,INDEX_ONLY,metadata_only,article,1twa14cyhqZqFqd1jS9tW3c5xRHXO1czd,https://drive.google.com/file/d/1twa14cyhqZqFqd1jS9tW3c5xRHXO1czd/view?usp=drivesdk
Karma,Google Drive,A-Modern-Commentary-on-Karma-Lingpas-Zhi-Kro-Teachings-on-the-peaceful-and-wrathfull-deities.pdf,karma|buddhist_continuity,4,blackswanreprise,Buddhism & Eastern Philosophy,unknown,INDEX_ONLY,metadata_only,article,1wkjKRvHvVCgA3uDhiSflcqd5b-nn-dCK,https://drive.google.com/file/d/1wkjKRvHvVCgA3uDhiSflcqd5b-nn-dCK/view?usp=drivesdk
Karma,Google Drive,Buddhist Legends,buddhist_continuity,4,blackswanreprise,Buddhism & Eastern Philosophy; Mythology & Folklore,unknown,INDEX_ONLY,metadata_only,unknown,167o_MJPk1uI3wqqySNI3CrFQRRKtie0j,https://drive.google.com/drive/folders/167o_MJPk1uI3wqqySNI3CrFQRRKtie0j
Karma,Google Drive,Buddhist Suttas A-Z,buddhist_continuity,4,blackswanreprise,Buddhism & Eastern Philosophy,unknown,INDEX_ONLY,metadata_only,unknown,1aSYN2HQz5WEUL-YOcV9wpnnAgCMAnzlZ,https://drive.google.com/drive/folders/1aSYN2HQz5WEUL-YOcV9wpnnAgCMAnzlZ
Karma,Google Drive,Buddhist-Legends-1.pdf,buddhist_continuity,4,blackswanreprise,Buddhism & Eastern Philosophy; Mythology & Folklore,unknown,INDEX_ONLY,metadata_only,article,1yDTHSNrrXapvZA-3BFpWMcuR-BK-oJ6H,https://drive.google.com/file/d/1yDTHSNrrXapvZA-3BFpWMcuR-BK-oJ6H/view?usp=drivesdk
Karma,Google Drive,Buddhist-Legends-2.pdf,buddhist_continuity,4,blackswanreprise,Buddhism & Eastern Philosophy; Mythology & Folklore,unknown,INDEX_ONLY,metadata_only,article,149977AH226c4hkfHHHNhuxzULeprE12s,https://drive.google.com/file/d/149977AH226c4hkfHHHNhuxzULeprE12s/view?usp=drivesdk
Karma,Google Drive,Buddhist-Legends-3.pdf,buddhist_continuity,4,blackswanreprise,Buddhism & Eastern Philosophy; Mythology & Folklore,unknown,INDEX_ONLY,metadata_only,article,1-K0qVFJpWza3Nc3SKqdnGFlhZRQiUavp,https://drive.google.com/file/d/1-K0qVFJpWza3Nc3SKqdnGFlhZRQiUavp/view?usp=drivesdk
Karma,Google Drive,Buddhist-Meditation-and-Depth-Psychology.pdf,buddhist_continuity,4,blackswanreprise,Buddhism & Eastern Philosophy; Consciousness & Mind,unknown,INDEX_ONLY,metadata_only,article,1NP_4Udrp9fd5xqRVzqezmzhzEDnKX2tb,https://drive.google.com/file/d/1NP_4Udrp9fd5xqRVzqezmzhzEDnKX2tb/view?usp=drivesdk
Karma,Google Drive,Buddhist-Scriptures-by-Edward-Conze.pdf,buddhist_continuity,4,blackswanreprise,Buddhism & Eastern Philosophy,unknown,INDEX_ONLY,metadata_only,article,1qQOj_E9czNhgOkyBcQpxyz4cr4ZpJ_c8,https://drive.google.com/file/d/1qQOj_E9czNhgOkyBcQpxyz4cr4ZpJ_c8/view?usp=drivesdk
Karma,Google Drive,Buddhist-Sutra-Collection-A1.pdf,buddhist_continuity,4,blackswanreprise,Buddhism & Eastern Philosophy,unknown,INDEX_ONLY,metadata_only,article,1gGndeLNNEmiYnmTkSAnt-YQriWY0qreP,https://drive.google.com/file/d/1gGndeLNNEmiYnmTkSAnt-YQriWY0qreP/view?usp=drivesdk
Karma,Google Drive,Buddhist-Sutra-Collection-A2.pdf,buddhist_continuity,4,blackswanreprise,Buddhism & Eastern Philosophy,unknown,INDEX_ONLY,metadata_only,article,1qamZ5rST0_mSS-NLLCyuZC508opXi6Bk,https://drive.google.com/file/d/1qamZ5rST0_mSS-NLLCyuZC508opXi6Bk/view?usp=drivesdk
Karma,Google Drive,Buddhist-Sutra-Collection-B.pdf,buddhist_continuity,4,blackswanreprise,Buddhism & Eastern Philosophy,unknown,INDEX_ONLY,metadata_only,article,1Alls_ENJfS9AY6nskw4eMeIwi8Z9QoDT,https://drive.google.com/file/d/1Alls_ENJfS9AY6nskw4eMeIwi8Z9QoDT/view?usp=drivesdk
Karma,Google Drive,Buddhist-Sutra-Collection-C.pdf,buddhist_continuity,4,blackswanreprise,Buddhism & Eastern Philosophy,unknown,INDEX_ONLY,metadata_only,article,1eR33MFggj_ekD_5uYdTLl_NoBc8vYnlr,https://drive.google.com/file/d/1eR33MFggj_ekD_5uYdTLl_NoBc8vYnlr/view?usp=drivesdk
Karma,Google Drive,Buddhist-Sutra-Collection-D.pdf,buddhist_continuity,4,blackswanreprise,Buddhism & Eastern Philosophy,unknown,INDEX_ONLY,metadata_only,article,1M2SCME9iJsycEVmVwvfTlHMQRmSAvxf_,https://drive.google.com/file/d/1M2SCME9iJsycEVmVwvfTlHMQRmSAvxf_/view?usp=drivesdk
Karma,Google Drive,Buddhist-Sutra-Collection-EFG.pdf,buddhist_continuity,4,blackswanreprise,Buddhism & Eastern Philosophy,unknown,INDEX_ONLY,metadata_only,article,1xmRrfXK2_6f_v0diREFoSVE94KYn3yMC,https://drive.google.com/file/d/1xmRrfXK2_6f_v0diREFoSVE94KYn3yMC/view?usp=drivesdk
Karma,Google Drive,Buddhist-Sutra-Collection-HIJK.pdf,buddhist_continuity,4,blackswanreprise,Buddhism & Eastern Philosophy,unknown,INDEX_ONLY,metadata_only,article,1FSDuJFCISvIIPsd_ZPJskMcV1Ox3pEq4,https://drive.google.com/file/d/1FSDuJFCISvIIPsd_ZPJskMcV1Ox3pEq4/view?usp=drivesdk
Karma,Google Drive,Buddhist-Sutra-Collection-L.pdf,buddhist_continuity,4,blackswanreprise,Buddhism & Eastern Philosophy,unknown,INDEX_ONLY,metadata_only,article,1IkO3Ts2_Msal1vEVyE6d8xyqgvjFVXT9,https://drive.google.com/file/d/1IkO3Ts2_Msal1vEVyE6d8xyqgvjFVXT9/view?usp=drivesdk
Karma,Google Drive,Buddhist-Sutra-Collection-M1.pdf,buddhist_continuity,4,blackswanreprise,Buddhism & Eastern Philosophy,unknown,INDEX_ONLY,metadata_only,article,1IniiWYu29dcKNfAS_7znBOcyKZgIMtqd,https://drive.google.com/file/d/1IniiWYu29dcKNfAS_7znBOcyKZgIMtqd/view?usp=drivesdk
Karma,Google Drive,Buddhist-Sutra-Collection-M2.pdf,buddhist_continuity,4,blackswanreprise,Buddhism & Eastern Philosophy,unknown,INDEX_ONLY,metadata_only,article,14Dh1UZcxuLw0_q-k61EbZ5Evgz37IlGL,https://drive.google.com/file/d/14Dh1UZcxuLw0_q-k61EbZ5Evgz37IlGL/view?usp=drivesdk
Karma,Google Drive,Buddhist-Sutra-Collection-NOP.pdf,buddhist_continuity,4,blackswanreprise,Buddhism & Eastern Philosophy,unknown,INDEX_ONLY,metadata_only,article,1HkXkkv1nUvWacaeBcB6jKlePygPOd1x7,https://drive.google.com/file/d/1HkXkkv1nUvWacaeBcB6jKlePygPOd1x7/view?usp=drivesdk
Karma,Google Drive,Buddhist-Sutra-Collection-RS.pdf,buddhist_continuity,4,blackswanreprise,Buddhism & Eastern Philosophy,unknown,INDEX_ONLY,metadata_only,article,1jOCNmn75IoESCmRvZucfa7Tke3CYOsfe,https://drive.google.com/file/d/1jOCNmn75IoESCmRvZucfa7Tke3CYOsfe/view?usp=drivesdk
Karma,Google Drive,Buddhist-Sutra-Collection-S.pdf,buddhist_continuity,4,blackswanreprise,Buddhism & Eastern Philosophy,unknown,INDEX_ONLY,metadata_only,article,1eejoNtYMtlc1If3j7c2DfFWl8yiiQfng,https://drive.google.com/file/d/1eejoNtYMtlc1If3j7c2DfFWl8yiiQfng/view?usp=drivesdk
Karma,Google Drive,Buddhist-Sutra-Collection-TU.pdf,buddhist_continuity,4,blackswanreprise,Buddhism & Eastern Philosophy,unknown,INDEX_ONLY,metadata_only,article,1OxXH1wmEgGm7I81MW1tfl2qJD1qymg8x,https://drive.google.com/file/d/1OxXH1wmEgGm7I81MW1tfl2qJD1qymg8x/view?usp=drivesdk
Karma,Google Drive,Buddhist-Sutra-Collection-VY.pdf,buddhist_continuity,4,blackswanreprise,Buddhism & Eastern Philosophy,unknown,INDEX_ONLY,metadata_only,article,108wcv7dB4TtNH-3ODq68Wnn6a2SiiKgE,https://drive.google.com/file/d/108wcv7dB4TtNH-3ODq68Wnn6a2SiiKgE/view?usp=drivesdk
Karma,Google Drive,Essential-Themes-of-Buddhist-Lectures.pdf,buddhist_continuity,4,blackswanreprise,Buddhism & Eastern Philosophy,unknown,INDEX_ONLY,metadata_only,article,17b7ulhLjMGirqBaSq_CwVsM7kX5dsrLc,https://drive.google.com/file/d/17b7ulhLjMGirqBaSq_CwVsM7kX5dsrLc/view?usp=drivesdk
Karma,Google Drive,Karma-Yoga-by-Swami-Vivekananda.pdf,karma|buddhist_continuity,4,blackswanreprise,"Buddhism & Eastern Philosophy; Hinduism, Yoga & Tantra",unknown,INDEX_ONLY,metadata_only,article,1CCvl19q-ouuwKlPtvWTctCm3uOMKzDk2,https://drive.google.com/file/d/1CCvl19q-ouuwKlPtvWTctCm3uOMKzDk2/view?usp=drivesdk
Karma,Google Drive,Karma-and-Chaos.pdf,karma|buddhist_continuity,4,blackswanreprise,Buddhism & Eastern Philosophy,unknown,INDEX_ONLY,metadata_only,article,1gtxC_YlW5F6kSwyqFnlO38C-zL8wBFQO,https://drive.google.com/file/d/1gtxC_YlW5F6kSwyqFnlO38C-zL8wBFQO/view?usp=drivesdk
Karma,Google Drive,Manly P. Hall - REINCARNATION The Cycle of Necessity.pdf,reincarnation,4,blackswanreprise,Manly P. Hall Collection,unknown,INDEX_ONLY,metadata_only,article,1sS3trpc8yTvi7GF0FwGsAnj9DZOGzxH0,https://drive.google.com/file/d/1sS3trpc8yTvi7GF0FwGsAnj9DZOGzxH0/view?usp=drivesdk
Karma,Google Drive,Tantric-Texts-Series-07-Shri-Chakrasambhara-Buddhist-Tantra-Arthur-Avalon-1919.pdf,buddhist_continuity,4,blackswanreprise,"Buddhism & Eastern Philosophy; Hinduism, Yoga & Tantra; Ancient Civilisations; Arthur Avalon Collection",unknown,INDEX_ONLY,metadata_only,article,1xe3rwgVnL5sJqpecS254urWU_KJaddLO,https://drive.google.com/file/d/1xe3rwgVnL5sJqpecS254urWU_KJaddLO/view?usp=drivesdk
Karma,Google Drive,The Buddhist Monastic Code,buddhist_continuity,4,blackswanreprise,Buddhism & Eastern Philosophy,unknown,INDEX_ONLY,metadata_only,unknown,13K7eQvLdT39aB1KpZsjaQFbSyDsNRkXM,https://drive.google.com/drive/folders/13K7eQvLdT39aB1KpZsjaQFbSyDsNRkXM
Karma,Google Drive,The-Buddhist-Monastic-Code-I.pdf,buddhist_continuity,4,blackswanreprise,Buddhism & Eastern Philosophy,unknown,INDEX_ONLY,metadata_only,article,1au_IyFWznRwQSmWX5r0O7BGHk9ufl0B2,https://drive.google.com/file/d/1au_IyFWznRwQSmWX5r0O7BGHk9ufl0B2/view?usp=drivesdk
Karma,Google Drive,The-Buddhist-Monastic-Code-II.pdf,buddhist_continuity,4,blackswanreprise,Buddhism & Eastern Philosophy,unknown,INDEX_ONLY,metadata_only,article,1ar6FVRSbm5ZYlrCFs2DVY0pF3fdnW_nH,https://drive.google.com/file/d/1ar6FVRSbm5ZYlrCFs2DVY0pF3fdnW_nH/view?usp=drivesdk
Karma,Google Drive,The-Buddhist-Way.pdf,buddhist_continuity,4,blackswanreprise,Buddhism & Eastern Philosophy,unknown,INDEX_ONLY,metadata_only,article,1Zyz5JBS7D_LDQxZrDWHz7m4XT5-MvAZ1,https://drive.google.com/file/d/1Zyz5JBS7D_LDQxZrDWHz7m4XT5-MvAZ1/view?usp=drivesdk
Karma,Google Drive,The-Concise-Buddhist-Monastic-Code.pdf,buddhist_continuity,4,blackswanreprise,Buddhism & Eastern Philosophy; Consciousness & Mind,unknown,INDEX_ONLY,metadata_only,article,10dEjuK5STet7csMiuBOW8Tb3HDzeCjZx,https://drive.google.com/file/d/10dEjuK5STet7csMiuBOW8Tb3HDzeCjZx/view?usp=drivesdk
Karma,Google Drive,The-Karma-of-Questions.pdf,karma|buddhist_continuity,4,blackswanreprise,Buddhism & Eastern Philosophy,unknown,INDEX_ONLY,metadata_only,article,1Eh2E9I5Pm6WmFWWzI5UQ64fNp9JUr3c8,https://drive.google.com/file/d/1Eh2E9I5Pm6WmFWWzI5UQ64fNp9JUr3c8/view?usp=drivesdk
Karma,Google Drive,Theory-of-Karman-in-Indian-Thought.pdf,karma|buddhist_continuity,4,blackswanreprise,Buddhism & Eastern Philosophy,unknown,INDEX_ONLY,metadata_only,article,1Jh9awM_eLUPP-ea5C2O9UIlyu1HKUkXE,https://drive.google.com/file/d/1Jh9awM_eLUPP-ea5C2O9UIlyu1HKUkXE/view?usp=drivesdk
Rebirth (Buddhism),Google Drive,A-Modern-Commentary-on-Karma-Lingpas-Zhi-Kro-Teachings-on-the-peaceful-and-wrathfull-deities.pdf,karma|buddhist_continuity,4,blackswanreprise,Buddhism & Eastern Philosophy,unknown,INDEX_ONLY,metadata_only,article,1wkjKRvHvVCgA3uDhiSflcqd5b-nn-dCK,https://drive.google.com/file/d/1wkjKRvHvVCgA3uDhiSflcqd5b-nn-dCK/view?usp=drivesdk
Rebirth (Buddhism),Google Drive,Buddhist Legends,buddhist_continuity,4,blackswanreprise,Buddhism & Eastern Philosophy; Mythology & Folklore,unknown,INDEX_ONLY,metadata_only,unknown,167o_MJPk1uI3wqqySNI3CrFQRRKtie0j,https://drive.google.com/drive/folders/167o_MJPk1uI3wqqySNI3CrFQRRKtie0j
Rebirth (Buddhism),Google Drive,Buddhist Suttas A-Z,buddhist_continuity,4,blackswanreprise,Buddhism & Eastern Philosophy,unknown,INDEX_ONLY,metadata_only,unknown,1aSYN2HQz5WEUL-YOcV9wpnnAgCMAnzlZ,https://drive.google.com/drive/folders/1aSYN2HQz5WEUL-YOcV9wpnnAgCMAnzlZ
Rebirth (Buddhism),Google Drive,Buddhist-Legends-1.pdf,buddhist_continuity,4,blackswanreprise,Buddhism & Eastern Philosophy; Mythology & Folklore,unknown,INDEX_ONLY,metadata_only,article,1yDTHSNrrXapvZA-3BFpWMcuR-BK-oJ6H,https://drive.google.com/file/d/1yDTHSNrrXapvZA-3BFpWMcuR-BK-oJ6H/view?usp=drivesdk
Rebirth (Buddhism),Google Drive,Buddhist-Legends-2.pdf,buddhist_continuity,4,blackswanreprise,Buddhism & Eastern Philosophy; Mythology & Folklore,unknown,INDEX_ONLY,metadata_only,article,149977AH226c4hkfHHHNhuxzULeprE12s,https://drive.google.com/file/d/149977AH226c4hkfHHHNhuxzULeprE12s/view?usp=drivesdk
Rebirth (Buddhism),Google Drive,Buddhist-Legends-3.pdf,buddhist_continuity,4,blackswanreprise,Buddhism & Eastern Philosophy; Mythology & Folklore,unknown,INDEX_ONLY,metadata_only,article,1-K0qVFJpWza3Nc3SKqdnGFlhZRQiUavp,https://drive.google.com/file/d/1-K0qVFJpWza3Nc3SKqdnGFlhZRQiUavp/view?usp=drivesdk
Rebirth (Buddhism),Google Drive,Buddhist-Meditation-and-Depth-Psychology.pdf,buddhist_continuity,4,blackswanreprise,Buddhism & Eastern Philosophy; Consciousness & Mind,unknown,INDEX_ONLY,metadata_only,article,1NP_4Udrp9fd5xqRVzqezmzhzEDnKX2tb,https://drive.google.com/file/d/1NP_4Udrp9fd5xqRVzqezmzhzEDnKX2tb/view?usp=drivesdk
Rebirth (Buddhism),Google Drive,Buddhist-Scriptures-by-Edward-Conze.pdf,buddhist_continuity,4,blackswanreprise,Buddhism & Eastern Philosophy,unknown,INDEX_ONLY,metadata_only,article,1qQOj_E9czNhgOkyBcQpxyz4cr4ZpJ_c8,https://drive.google.com/file/d/1qQOj_E9czNhgOkyBcQpxyz4cr4ZpJ_c8/view?usp=drivesdk
Rebirth (Buddhism),Google Drive,Buddhist-Sutra-Collection-A1.pdf,buddhist_continuity,4,blackswanreprise,Buddhism & Eastern Philosophy,unknown,INDEX_ONLY,metadata_only,article,1gGndeLNNEmiYnmTkSAnt-YQriWY0qreP,https://drive.google.com/file/d/1gGndeLNNEmiYnmTkSAnt-YQriWY0qreP/view?usp=drivesdk
Rebirth (Buddhism),Google Drive,Buddhist-Sutra-Collection-A2.pdf,buddhist_continuity,4,blackswanreprise,Buddhism & Eastern Philosophy,unknown,INDEX_ONLY,metadata_only,article,1qamZ5rST0_mSS-NLLCyuZC508opXi6Bk,https://drive.google.com/file/d/1qamZ5rST0_mSS-NLLCyuZC508opXi6Bk/view?usp=drivesdk
Rebirth (Buddhism),Google Drive,Buddhist-Sutra-Collection-B.pdf,buddhist_continuity,4,blackswanreprise,Buddhism & Eastern Philosophy,unknown,INDEX_ONLY,metadata_only,article,1Alls_ENJfS9AY6nskw4eMeIwi8Z9QoDT,https://drive.google.com/file/d/1Alls_ENJfS9AY6nskw4eMeIwi8Z9QoDT/view?usp=drivesdk
Rebirth (Buddhism),Google Drive,Buddhist-Sutra-Collection-C.pdf,buddhist_continuity,4,blackswanreprise,Buddhism & Eastern Philosophy,unknown,INDEX_ONLY,metadata_only,article,1eR33MFggj_ekD_5uYdTLl_NoBc8vYnlr,https://drive.google.com/file/d/1eR33MFggj_ekD_5uYdTLl_NoBc8vYnlr/view?usp=drivesdk
Rebirth (Buddhism),Google Drive,Buddhist-Sutra-Collection-D.pdf,buddhist_continuity,4,blackswanreprise,Buddhism & Eastern Philosophy,unknown,INDEX_ONLY,metadata_only,article,1M2SCME9iJsycEVmVwvfTlHMQRmSAvxf_,https://drive.google.com/file/d/1M2SCME9iJsycEVmVwvfTlHMQRmSAvxf_/view?usp=drivesdk
Rebirth (Buddhism),Google Drive,Buddhist-Sutra-Collection-EFG.pdf,buddhist_continuity,4,blackswanreprise,Buddhism & Eastern Philosophy,unknown,INDEX_ONLY,metadata_only,article,1xmRrfXK2_6f_v0diREFoSVE94KYn3yMC,https://drive.google.com/file/d/1xmRrfXK2_6f_v0diREFoSVE94KYn3yMC/view?usp=drivesdk
Rebirth (Buddhism),Google Drive,Buddhist-Sutra-Collection-HIJK.pdf,buddhist_continuity,4,blackswanreprise,Buddhism & Eastern Philosophy,unknown,INDEX_ONLY,metadata_only,article,1FSDuJFCISvIIPsd_ZPJskMcV1Ox3pEq4,https://drive.google.com/file/d/1FSDuJFCISvIIPsd_ZPJskMcV1Ox3pEq4/view?usp=drivesdk
Rebirth (Buddhism),Google Drive,Buddhist-Sutra-Collection-L.pdf,buddhist_continuity,4,blackswanreprise,Buddhism & Eastern Philosophy,unknown,INDEX_ONLY,metadata_only,article,1IkO3Ts2_Msal1vEVyE6d8xyqgvjFVXT9,https://drive.google.com/file/d/1IkO3Ts2_Msal1vEVyE6d8xyqgvjFVXT9/view?usp=drivesdk
Rebirth (Buddhism),Google Drive,Buddhist-Sutra-Collection-M1.pdf,buddhist_continuity,4,blackswanreprise,Buddhism & Eastern Philosophy,unknown,INDEX_ONLY,metadata_only,article,1IniiWYu29dcKNfAS_7znBOcyKZgIMtqd,https://drive.google.com/file/d/1IniiWYu29dcKNfAS_7znBOcyKZgIMtqd/view?usp=drivesdk
Rebirth (Buddhism),Google Drive,Buddhist-Sutra-Collection-M2.pdf,buddhist_continuity,4,blackswanreprise,Buddhism & Eastern Philosophy,unknown,INDEX_ONLY,metadata_only,article,14Dh1UZcxuLw0_q-k61EbZ5Evgz37IlGL,https://drive.google.com/file/d/14Dh1UZcxuLw0_q-k61EbZ5Evgz37IlGL/view?usp=drivesdk
Rebirth (Buddhism),Google Drive,Buddhist-Sutra-Collection-NOP.pdf,buddhist_continuity,4,blackswanreprise,Buddhism & Eastern Philosophy,unknown,INDEX_ONLY,metadata_only,article,1HkXkkv1nUvWacaeBcB6jKlePygPOd1x7,https://drive.google.com/file/d/1HkXkkv1nUvWacaeBcB6jKlePygPOd1x7/view?usp=drivesdk
Rebirth (Buddhism),Google Drive,Buddhist-Sutra-Collection-RS.pdf,buddhist_continuity,4,blackswanreprise,Buddhism & Eastern Philosophy,unknown,INDEX_ONLY,metadata_only,article,1jOCNmn75IoESCmRvZucfa7Tke3CYOsfe,https://drive.google.com/file/d/1jOCNmn75IoESCmRvZucfa7Tke3CYOsfe/view?usp=drivesdk
Rebirth (Buddhism),Google Drive,Buddhist-Sutra-Collection-S.pdf,buddhist_continuity,4,blackswanreprise,Buddhism & Eastern Philosophy,unknown,INDEX_ONLY,metadata_only,article,1eejoNtYMtlc1If3j7c2DfFWl8yiiQfng,https://drive.google.com/file/d/1eejoNtYMtlc1If3j7c2DfFWl8yiiQfng/view?usp=drivesdk
Rebirth (Buddhism),Google Drive,Buddhist-Sutra-Collection-TU.pdf,buddhist_continuity,4,blackswanreprise,Buddhism & Eastern Philosophy,unknown,INDEX_ONLY,metadata_only,article,1OxXH1wmEgGm7I81MW1tfl2qJD1qymg8x,https://drive.google.com/file/d/1OxXH1wmEgGm7I81MW1tfl2qJD1qymg8x/view?usp=drivesdk
Rebirth (Buddhism),Google Drive,Buddhist-Sutra-Collection-VY.pdf,buddhist_continuity,4,blackswanreprise,Buddhism & Eastern Philosophy,unknown,INDEX_ONLY,metadata_only,article,108wcv7dB4TtNH-3ODq68Wnn6a2SiiKgE,https://drive.google.com/file/d/108wcv7dB4TtNH-3ODq68Wnn6a2SiiKgE/view?usp=drivesdk
Rebirth (Buddhism),Google Drive,Essential-Themes-of-Buddhist-Lectures.pdf,buddhist_continuity,4,blackswanreprise,Buddhism & Eastern Philosophy,unknown,INDEX_ONLY,metadata_only,article,17b7ulhLjMGirqBaSq_CwVsM7kX5dsrLc,https://drive.google.com/file/d/17b7ulhLjMGirqBaSq_CwVsM7kX5dsrLc/view?usp=drivesdk
Rebirth (Buddhism),Google Drive,Karma-Yoga-by-Swami-Vivekananda.pdf,karma|buddhist_continuity,4,blackswanreprise,"Buddhism & Eastern Philosophy; Hinduism, Yoga & Tantra",unknown,INDEX_ONLY,metadata_only,article,1CCvl19q-ouuwKlPtvWTctCm3uOMKzDk2,https://drive.google.com/file/d/1CCvl19q-ouuwKlPtvWTctCm3uOMKzDk2/view?usp=drivesdk
Rebirth (Buddhism),Google Drive,Karma-and-Chaos.pdf,karma|buddhist_continuity,4,blackswanreprise,Buddhism & Eastern Philosophy,unknown,INDEX_ONLY,metadata_only,article,1gtxC_YlW5F6kSwyqFnlO38C-zL8wBFQO,https://drive.google.com/file/d/1gtxC_YlW5F6kSwyqFnlO38C-zL8wBFQO/view?usp=drivesdk
Rebirth (Buddhism),Google Drive,Manly P. Hall - REINCARNATION The Cycle of Necessity.pdf,reincarnation,4,blackswanreprise,Manly P. Hall Collection,unknown,INDEX_ONLY,metadata_only,article,1sS3trpc8yTvi7GF0FwGsAnj9DZOGzxH0,https://drive.google.com/file/d/1sS3trpc8yTvi7GF0FwGsAnj9DZOGzxH0/view?usp=drivesdk
Rebirth (Buddhism),Google Drive,Tantric-Texts-Series-07-Shri-Chakrasambhara-Buddhist-Tantra-Arthur-Avalon-1919.pdf,buddhist_continuity,4,blackswanreprise,"Buddhism & Eastern Philosophy; Hinduism, Yoga & Tantra; Ancient Civilisations; Arthur Avalon Collection",unknown,INDEX_ONLY,metadata_only,article,1xe3rwgVnL5sJqpecS254urWU_KJaddLO,https://drive.google.com/file/d/1xe3rwgVnL5sJqpecS254urWU_KJaddLO/view?usp=drivesdk
Rebirth (Buddhism),Google Drive,The Buddhist Monastic Code,buddhist_continuity,4,blackswanreprise,Buddhism & Eastern Philosophy,unknown,INDEX_ONLY,metadata_only,unknown,13K7eQvLdT39aB1KpZsjaQFbSyDsNRkXM,https://drive.google.com/drive/folders/13K7eQvLdT39aB1KpZsjaQFbSyDsNRkXM
Rebirth (Buddhism),Google Drive,The-Buddhist-Monastic-Code-I.pdf,buddhist_continuity,4,blackswanreprise,Buddhism & Eastern Philosophy,unknown,INDEX_ONLY,metadata_only,article,1au_IyFWznRwQSmWX5r0O7BGHk9ufl0B2,https://drive.google.com/file/d/1au_IyFWznRwQSmWX5r0O7BGHk9ufl0B2/view?usp=drivesdk
Rebirth (Buddhism),Google Drive,The-Buddhist-Monastic-Code-II.pdf,buddhist_continuity,4,blackswanreprise,Buddhism & Eastern Philosophy,unknown,INDEX_ONLY,metadata_only,article,1ar6FVRSbm5ZYlrCFs2DVY0pF3fdnW_nH,https://drive.google.com/file/d/1ar6FVRSbm5ZYlrCFs2DVY0pF3fdnW_nH/view?usp=drivesdk
Rebirth (Buddhism),Google Drive,The-Buddhist-Way.pdf,buddhist_continuity,4,blackswanreprise,Buddhism & Eastern Philosophy,unknown,INDEX_ONLY,metadata_only,article,1Zyz5JBS7D_LDQxZrDWHz7m4XT5-MvAZ1,https://drive.google.com/file/d/1Zyz5JBS7D_LDQxZrDWHz7m4XT5-MvAZ1/view?usp=drivesdk
Rebirth (Buddhism),Google Drive,The-Concise-Buddhist-Monastic-Code.pdf,buddhist_continuity,4,blackswanreprise,Buddhism & Eastern Philosophy; Consciousness & Mind,unknown,INDEX_ONLY,metadata_only,article,10dEjuK5STet7csMiuBOW8Tb3HDzeCjZx,https://drive.google.com/file/d/10dEjuK5STet7csMiuBOW8Tb3HDzeCjZx/view?usp=drivesdk
Rebirth (Buddhism),Google Drive,The-Karma-of-Questions.pdf,karma|buddhist_continuity,4,blackswanreprise,Buddhism & Eastern Philosophy,unknown,INDEX_ONLY,metadata_only,article,1Eh2E9I5Pm6WmFWWzI5UQ64fNp9JUr3c8,https://drive.google.com/file/d/1Eh2E9I5Pm6WmFWWzI5UQ64fNp9JUr3c8/view?usp=drivesdk
Rebirth (Buddhism),Google Drive,Theory-of-Karman-in-Indian-Thought.pdf,karma|buddhist_continuity,4,blackswanreprise,Buddhism & Eastern Philosophy,unknown,INDEX_ONLY,metadata_only,article,1Jh9awM_eLUPP-ea5C2O9UIlyu1HKUkXE,https://drive.google.com/file/d/1Jh9awM_eLUPP-ea5C2O9UIlyu1HKUkXE/view?usp=drivesdk
Reincarnation,Google Drive,Buddhist Legends,buddhist_continuity,4,blackswanreprise,Buddhism & Eastern Philosophy; Mythology & Folklore,unknown,INDEX_ONLY,metadata_only,unknown,167o_MJPk1uI3wqqySNI3CrFQRRKtie0j,https://drive.google.com/drive/folders/167o_MJPk1uI3wqqySNI3CrFQRRKtie0j
Reincarnation,Google Drive,Buddhist Suttas A-Z,buddhist_continuity,4,blackswanreprise,Buddhism & Eastern Philosophy,unknown,INDEX_ONLY,metadata_only,unknown,1aSYN2HQz5WEUL-YOcV9wpnnAgCMAnzlZ,https://drive.google.com/drive/folders/1aSYN2HQz5WEUL-YOcV9wpnnAgCMAnzlZ
Reincarnation,Google Drive,Buddhist-Legends-1.pdf,buddhist_continuity,4,blackswanreprise,Buddhism & Eastern Philosophy; Mythology & Folklore,unknown,INDEX_ONLY,metadata_only,article,1yDTHSNrrXapvZA-3BFpWMcuR-BK-oJ6H,https://drive.google.com/file/d/1yDTHSNrrXapvZA-3BFpWMcuR-BK-oJ6H/view?usp=drivesdk
Reincarnation,Google Drive,Buddhist-Legends-2.pdf,buddhist_continuity,4,blackswanreprise,Buddhism & Eastern Philosophy; Mythology & Folklore,unknown,INDEX_ONLY,metadata_only,article,149977AH226c4hkfHHHNhuxzULeprE12s,https://drive.google.com/file/d/149977AH226c4hkfHHHNhuxzULeprE12s/view?usp=drivesdk
Reincarnation,Google Drive,Buddhist-Legends-3.pdf,buddhist_continuity,4,blackswanreprise,Buddhism & Eastern Philosophy; Mythology & Folklore,unknown,INDEX_ONLY,metadata_only,article,1-K0qVFJpWza3Nc3SKqdnGFlhZRQiUavp,https://drive.google.com/file/d/1-K0qVFJpWza3Nc3SKqdnGFlhZRQiUavp/view?usp=drivesdk
Reincarnation,Google Drive,Buddhist-Meditation-and-Depth-Psychology.pdf,buddhist_continuity,4,blackswanreprise,Buddhism & Eastern Philosophy; Consciousness & Mind,unknown,INDEX_ONLY,metadata_only,article,1NP_4Udrp9fd5xqRVzqezmzhzEDnKX2tb,https://drive.google.com/file/d/1NP_4Udrp9fd5xqRVzqezmzhzEDnKX2tb/view?usp=drivesdk
Reincarnation,Google Drive,Buddhist-Scriptures-by-Edward-Conze.pdf,buddhist_continuity,4,blackswanreprise,Buddhism & Eastern Philosophy,unknown,INDEX_ONLY,metadata_only,article,1qQOj_E9czNhgOkyBcQpxyz4cr4ZpJ_c8,https://drive.google.com/file/d/1qQOj_E9czNhgOkyBcQpxyz4cr4ZpJ_c8/view?usp=drivesdk
Reincarnation,Google Drive,Buddhist-Sutra-Collection-A1.pdf,buddhist_continuity,4,blackswanreprise,Buddhism & Eastern Philosophy,unknown,INDEX_ONLY,metadata_only,article,1gGndeLNNEmiYnmTkSAnt-YQriWY0qreP,https://drive.google.com/file/d/1gGndeLNNEmiYnmTkSAnt-YQriWY0qreP/view?usp=drivesdk
Reincarnation,Google Drive,Buddhist-Sutra-Collection-A2.pdf,buddhist_continuity,4,blackswanreprise,Buddhism & Eastern Philosophy,unknown,INDEX_ONLY,metadata_only,article,1qamZ5rST0_mSS-NLLCyuZC508opXi6Bk,https://drive.google.com/file/d/1qamZ5rST0_mSS-NLLCyuZC508opXi6Bk/view?usp=drivesdk
Reincarnation,Google Drive,Buddhist-Sutra-Collection-B.pdf,buddhist_continuity,4,blackswanreprise,Buddhism & Eastern Philosophy,unknown,INDEX_ONLY,metadata_only,article,1Alls_ENJfS9AY6nskw4eMeIwi8Z9QoDT,https://drive.google.com/file/d/1Alls_ENJfS9AY6nskw4eMeIwi8Z9QoDT/view?usp=drivesdk
Reincarnation,Google Drive,Buddhist-Sutra-Collection-C.pdf,buddhist_continuity,4,blackswanreprise,Buddhism & Eastern Philosophy,unknown,INDEX_ONLY,metadata_only,article,1eR33MFggj_ekD_5uYdTLl_NoBc8vYnlr,https://drive.google.com/file/d/1eR33MFggj_ekD_5uYdTLl_NoBc8vYnlr/view?usp=drivesdk
Reincarnation,Google Drive,Buddhist-Sutra-Collection-D.pdf,buddhist_continuity,4,blackswanreprise,Buddhism & Eastern Philosophy,unknown,INDEX_ONLY,metadata_only,article,1M2SCME9iJsycEVmVwvfTlHMQRmSAvxf_,https://drive.google.com/file/d/1M2SCME9iJsycEVmVwvfTlHMQRmSAvxf_/view?usp=drivesdk
Reincarnation,Google Drive,Buddhist-Sutra-Collection-EFG.pdf,buddhist_continuity,4,blackswanreprise,Buddhism & Eastern Philosophy,unknown,INDEX_ONLY,metadata_only,article,1xmRrfXK2_6f_v0diREFoSVE94KYn3yMC,https://drive.google.com/file/d/1xmRrfXK2_6f_v0diREFoSVE94KYn3yMC/view?usp=drivesdk
Reincarnation,Google Drive,Buddhist-Sutra-Collection-HIJK.pdf,buddhist_continuity,4,blackswanreprise,Buddhism & Eastern Philosophy,unknown,INDEX_ONLY,metadata_only,article,1FSDuJFCISvIIPsd_ZPJskMcV1Ox3pEq4,https://drive.google.com/file/d/1FSDuJFCISvIIPsd_ZPJskMcV1Ox3pEq4/view?usp=drivesdk
Reincarnation,Google Drive,Buddhist-Sutra-Collection-L.pdf,buddhist_continuity,4,blackswanreprise,Buddhism & Eastern Philosophy,unknown,INDEX_ONLY,metadata_only,article,1IkO3Ts2_Msal1vEVyE6d8xyqgvjFVXT9,https://drive.google.com/file/d/1IkO3Ts2_Msal1vEVyE6d8xyqgvjFVXT9/view?usp=drivesdk
Reincarnation,Google Drive,Buddhist-Sutra-Collection-M1.pdf,buddhist_continuity,4,blackswanreprise,Buddhism & Eastern Philosophy,unknown,INDEX_ONLY,metadata_only,article,1IniiWYu29dcKNfAS_7znBOcyKZgIMtqd,https://drive.google.com/file/d/1IniiWYu29dcKNfAS_7znBOcyKZgIMtqd/view?usp=drivesdk
Reincarnation,Google Drive,Buddhist-Sutra-Collection-M2.pdf,buddhist_continuity,4,blackswanreprise,Buddhism & Eastern Philosophy,unknown,INDEX_ONLY,metadata_only,article,14Dh1UZcxuLw0_q-k61EbZ5Evgz37IlGL,https://drive.google.com/file/d/14Dh1UZcxuLw0_q-k61EbZ5Evgz37IlGL/view?usp=drivesdk
Reincarnation,Google Drive,Buddhist-Sutra-Collection-NOP.pdf,buddhist_continuity,4,blackswanreprise,Buddhism & Eastern Philosophy,unknown,INDEX_ONLY,metadata_only,article,1HkXkkv1nUvWacaeBcB6jKlePygPOd1x7,https://drive.google.com/file/d/1HkXkkv1nUvWacaeBcB6jKlePygPOd1x7/view?usp=drivesdk
Reincarnation,Google Drive,Buddhist-Sutra-Collection-RS.pdf,buddhist_continuity,4,blackswanreprise,Buddhism & Eastern Philosophy,unknown,INDEX_ONLY,metadata_only,article,1jOCNmn75IoESCmRvZucfa7Tke3CYOsfe,https://drive.google.com/file/d/1jOCNmn75IoESCmRvZucfa7Tke3CYOsfe/view?usp=drivesdk
Reincarnation,Google Drive,Buddhist-Sutra-Collection-S.pdf,buddhist_continuity,4,blackswanreprise,Buddhism & Eastern Philosophy,unknown,INDEX_ONLY,metadata_only,article,1eejoNtYMtlc1If3j7c2DfFWl8yiiQfng,https://drive.google.com/file/d/1eejoNtYMtlc1If3j7c2DfFWl8yiiQfng/view?usp=drivesdk
Reincarnation,Google Drive,Buddhist-Sutra-Collection-TU.pdf,buddhist_continuity,4,blackswanreprise,Buddhism & Eastern Philosophy,unknown,INDEX_ONLY,metadata_only,article,1OxXH1wmEgGm7I81MW1tfl2qJD1qymg8x,https://drive.google.com/file/d/1OxXH1wmEgGm7I81MW1tfl2qJD1qymg8x/view?usp=drivesdk
Reincarnation,Google Drive,Buddhist-Sutra-Collection-VY.pdf,buddhist_continuity,4,blackswanreprise,Buddhism & Eastern Philosophy,unknown,INDEX_ONLY,metadata_only,article,108wcv7dB4TtNH-3ODq68Wnn6a2SiiKgE,https://drive.google.com/file/d/108wcv7dB4TtNH-3ODq68Wnn6a2SiiKgE/view?usp=drivesdk
Reincarnation,Google Drive,Essential-Themes-of-Buddhist-Lectures.pdf,buddhist_continuity,4,blackswanreprise,Buddhism & Eastern Philosophy,unknown,INDEX_ONLY,metadata_only,article,17b7ulhLjMGirqBaSq_CwVsM7kX5dsrLc,https://drive.google.com/file/d/17b7ulhLjMGirqBaSq_CwVsM7kX5dsrLc/view?usp=drivesdk
Reincarnation,Google Drive,Manly P. Hall - REINCARNATION The Cycle of Necessity.pdf,reincarnation,4,blackswanreprise,Manly P. Hall Collection,unknown,INDEX_ONLY,metadata_only,article,1sS3trpc8yTvi7GF0FwGsAnj9DZOGzxH0,https://drive.google.com/file/d/1sS3trpc8yTvi7GF0FwGsAnj9DZOGzxH0/view?usp=drivesdk
Reincarnation,Google Drive,Tantric-Texts-Series-07-Shri-Chakrasambhara-Buddhist-Tantra-Arthur-Avalon-1919.pdf,buddhist_continuity,4,blackswanreprise,"Buddhism & Eastern Philosophy; Hinduism, Yoga & Tantra; Ancient Civilisations; Arthur Avalon Collection",unknown,INDEX_ONLY,metadata_only,article,1xe3rwgVnL5sJqpecS254urWU_KJaddLO,https://drive.google.com/file/d/1xe3rwgVnL5sJqpecS254urWU_KJaddLO/view?usp=drivesdk
Reincarnation,Google Drive,The Buddhist Monastic Code,buddhist_continuity,4,blackswanreprise,Buddhism & Eastern Philosophy,unknown,INDEX_ONLY,metadata_only,unknown,13K7eQvLdT39aB1KpZsjaQFbSyDsNRkXM,https://drive.google.com/drive/folders/13K7eQvLdT39aB1KpZsjaQFbSyDsNRkXM
Reincarnation,Google Drive,The-Buddhist-Monastic-Code-I.pdf,buddhist_continuity,4,blackswanreprise,Buddhism & Eastern Philosophy,unknown,INDEX_ONLY,metadata_only,article,1au_IyFWznRwQSmWX5r0O7BGHk9ufl0B2,https://drive.google.com/file/d/1au_IyFWznRwQSmWX5r0O7BGHk9ufl0B2/view?usp=drivesdk
Reincarnation,Google Drive,The-Buddhist-Monastic-Code-II.pdf,buddhist_continuity,4,blackswanreprise,Buddhism & Eastern Philosophy,unknown,INDEX_ONLY,metadata_only,article,1ar6FVRSbm5ZYlrCFs2DVY0pF3fdnW_nH,https://drive.google.com/file/d/1ar6FVRSbm5ZYlrCFs2DVY0pF3fdnW_nH/view?usp=drivesdk
Reincarnation,Google Drive,The-Buddhist-Way.pdf,buddhist_continuity,4,blackswanreprise,Buddhism & Eastern Philosophy,unknown,INDEX_ONLY,metadata_only,article,1Zyz5JBS7D_LDQxZrDWHz7m4XT5-MvAZ1,https://drive.google.com/file/d/1Zyz5JBS7D_LDQxZrDWHz7m4XT5-MvAZ1/view?usp=drivesdk
Reincarnation,Google Drive,The-Concise-Buddhist-Monastic-Code.pdf,buddhist_continuity,4,blackswanreprise,Buddhism & Eastern Philosophy; Consciousness & Mind,unknown,INDEX_ONLY,metadata_only,article,10dEjuK5STet7csMiuBOW8Tb3HDzeCjZx,https://drive.google.com/file/d/10dEjuK5STet7csMiuBOW8Tb3HDzeCjZx/view?usp=drivesdk
Saṃsāra,Google Drive,A-Modern-Commentary-on-Karma-Lingpas-Zhi-Kro-Teachings-on-the-peaceful-and-wrathfull-deities.pdf,karma|buddhist_continuity,4,blackswanreprise,Buddhism & Eastern Philosophy,unknown,INDEX_ONLY,metadata_only,article,1wkjKRvHvVCgA3uDhiSflcqd5b-nn-dCK,https://drive.google.com/file/d/1wkjKRvHvVCgA3uDhiSflcqd5b-nn-dCK/view?usp=drivesdk
Saṃsāra,Google Drive,Buddhist Legends,buddhist_continuity,4,blackswanreprise,Buddhism & Eastern Philosophy; Mythology & Folklore,unknown,INDEX_ONLY,metadata_only,unknown,167o_MJPk1uI3wqqySNI3CrFQRRKtie0j,https://drive.google.com/drive/folders/167o_MJPk1uI3wqqySNI3CrFQRRKtie0j
Saṃsāra,Google Drive,Buddhist Suttas A-Z,buddhist_continuity,4,blackswanreprise,Buddhism & Eastern Philosophy,unknown,INDEX_ONLY,metadata_only,unknown,1aSYN2HQz5WEUL-YOcV9wpnnAgCMAnzlZ,https://drive.google.com/drive/folders/1aSYN2HQz5WEUL-YOcV9wpnnAgCMAnzlZ
Saṃsāra,Google Drive,Buddhist-Legends-1.pdf,buddhist_continuity,4,blackswanreprise,Buddhism & Eastern Philosophy; Mythology & Folklore,unknown,INDEX_ONLY,metadata_only,article,1yDTHSNrrXapvZA-3BFpWMcuR-BK-oJ6H,https://drive.google.com/file/d/1yDTHSNrrXapvZA-3BFpWMcuR-BK-oJ6H/view?usp=drivesdk
Saṃsāra,Google Drive,Buddhist-Legends-2.pdf,buddhist_continuity,4,blackswanreprise,Buddhism & Eastern Philosophy; Mythology & Folklore,unknown,INDEX_ONLY,metadata_only,article,149977AH226c4hkfHHHNhuxzULeprE12s,https://drive.google.com/file/d/149977AH226c4hkfHHHNhuxzULeprE12s/view?usp=drivesdk
Saṃsāra,Google Drive,Buddhist-Legends-3.pdf,buddhist_continuity,4,blackswanreprise,Buddhism & Eastern Philosophy; Mythology & Folklore,unknown,INDEX_ONLY,metadata_only,article,1-K0qVFJpWza3Nc3SKqdnGFlhZRQiUavp,https://drive.google.com/file/d/1-K0qVFJpWza3Nc3SKqdnGFlhZRQiUavp/view?usp=drivesdk
Saṃsāra,Google Drive,Buddhist-Meditation-and-Depth-Psychology.pdf,buddhist_continuity,4,blackswanreprise,Buddhism & Eastern Philosophy; Consciousness & Mind,unknown,INDEX_ONLY,metadata_only,article,1NP_4Udrp9fd5xqRVzqezmzhzEDnKX2tb,https://drive.google.com/file/d/1NP_4Udrp9fd5xqRVzqezmzhzEDnKX2tb/view?usp=drivesdk
Saṃsāra,Google Drive,Buddhist-Scriptures-by-Edward-Conze.pdf,buddhist_continuity,4,blackswanreprise,Buddhism & Eastern Philosophy,unknown,INDEX_ONLY,metadata_only,article,1qQOj_E9czNhgOkyBcQpxyz4cr4ZpJ_c8,https://drive.google.com/file/d/1qQOj_E9czNhgOkyBcQpxyz4cr4ZpJ_c8/view?usp=drivesdk
Saṃsāra,Google Drive,Buddhist-Sutra-Collection-A1.pdf,buddhist_continuity,4,blackswanreprise,Buddhism & Eastern Philosophy,unknown,INDEX_ONLY,metadata_only,article,1gGndeLNNEmiYnmTkSAnt-YQriWY0qreP,https://drive.google.com/file/d/1gGndeLNNEmiYnmTkSAnt-YQriWY0qreP/view?usp=drivesdk
Saṃsāra,Google Drive,Buddhist-Sutra-Collection-A2.pdf,buddhist_continuity,4,blackswanreprise,Buddhism & Eastern Philosophy,unknown,INDEX_ONLY,metadata_only,article,1qamZ5rST0_mSS-NLLCyuZC508opXi6Bk,https://drive.google.com/file/d/1qamZ5rST0_mSS-NLLCyuZC508opXi6Bk/view?usp=drivesdk
Saṃsāra,Google Drive,Buddhist-Sutra-Collection-B.pdf,buddhist_continuity,4,blackswanreprise,Buddhism & Eastern Philosophy,unknown,INDEX_ONLY,metadata_only,article,1Alls_ENJfS9AY6nskw4eMeIwi8Z9QoDT,https://drive.google.com/file/d/1Alls_ENJfS9AY6nskw4eMeIwi8Z9QoDT/view?usp=drivesdk
Saṃsāra,Google Drive,Buddhist-Sutra-Collection-C.pdf,buddhist_continuity,4,blackswanreprise,Buddhism & Eastern Philosophy,unknown,INDEX_ONLY,metadata_only,article,1eR33MFggj_ekD_5uYdTLl_NoBc8vYnlr,https://drive.google.com/file/d/1eR33MFggj_ekD_5uYdTLl_NoBc8vYnlr/view?usp=drivesdk
Saṃsāra,Google Drive,Buddhist-Sutra-Collection-D.pdf,buddhist_continuity,4,blackswanreprise,Buddhism & Eastern Philosophy,unknown,INDEX_ONLY,metadata_only,article,1M2SCME9iJsycEVmVwvfTlHMQRmSAvxf_,https://drive.google.com/file/d/1M2SCME9iJsycEVmVwvfTlHMQRmSAvxf_/view?usp=drivesdk
Saṃsāra,Google Drive,Buddhist-Sutra-Collection-EFG.pdf,buddhist_continuity,4,blackswanreprise,Buddhism & Eastern Philosophy,unknown,INDEX_ONLY,metadata_only,article,1xmRrfXK2_6f_v0diREFoSVE94KYn3yMC,https://drive.google.com/file/d/1xmRrfXK2_6f_v0diREFoSVE94KYn3yMC/view?usp=drivesdk
Saṃsāra,Google Drive,Buddhist-Sutra-Collection-HIJK.pdf,buddhist_continuity,4,blackswanreprise,Buddhism & Eastern Philosophy,unknown,INDEX_ONLY,metadata_only,article,1FSDuJFCISvIIPsd_ZPJskMcV1Ox3pEq4,https://drive.google.com/file/d/1FSDuJFCISvIIPsd_ZPJskMcV1Ox3pEq4/view?usp=drivesdk
Saṃsāra,Google Drive,Buddhist-Sutra-Collection-L.pdf,buddhist_continuity,4,blackswanreprise,Buddhism & Eastern Philosophy,unknown,INDEX_ONLY,metadata_only,article,1IkO3Ts2_Msal1vEVyE6d8xyqgvjFVXT9,https://drive.google.com/file/d/1IkO3Ts2_Msal1vEVyE6d8xyqgvjFVXT9/view?usp=drivesdk
Saṃsāra,Google Drive,Buddhist-Sutra-Collection-M1.pdf,buddhist_continuity,4,blackswanreprise,Buddhism & Eastern Philosophy,unknown,INDEX_ONLY,metadata_only,article,1IniiWYu29dcKNfAS_7znBOcyKZgIMtqd,https://drive.google.com/file/d/1IniiWYu29dcKNfAS_7znBOcyKZgIMtqd/view?usp=drivesdk
Saṃsāra,Google Drive,Buddhist-Sutra-Collection-M2.pdf,buddhist_continuity,4,blackswanreprise,Buddhism & Eastern Philosophy,unknown,INDEX_ONLY,metadata_only,article,14Dh1UZcxuLw0_q-k61EbZ5Evgz37IlGL,https://drive.google.com/file/d/14Dh1UZcxuLw0_q-k61EbZ5Evgz37IlGL/view?usp=drivesdk
Saṃsāra,Google Drive,Buddhist-Sutra-Collection-NOP.pdf,buddhist_continuity,4,blackswanreprise,Buddhism & Eastern Philosophy,unknown,INDEX_ONLY,metadata_only,article,1HkXkkv1nUvWacaeBcB6jKlePygPOd1x7,https://drive.google.com/file/d/1HkXkkv1nUvWacaeBcB6jKlePygPOd1x7/view?usp=drivesdk
Saṃsāra,Google Drive,Buddhist-Sutra-Collection-RS.pdf,buddhist_continuity,4,blackswanreprise,Buddhism & Eastern Philosophy,unknown,INDEX_ONLY,metadata_only,article,1jOCNmn75IoESCmRvZucfa7Tke3CYOsfe,https://drive.google.com/file/d/1jOCNmn75IoESCmRvZucfa7Tke3CYOsfe/view?usp=drivesdk
Saṃsāra,Google Drive,Buddhist-Sutra-Collection-S.pdf,buddhist_continuity,4,blackswanreprise,Buddhism & Eastern Philosophy,unknown,INDEX_ONLY,metadata_only,article,1eejoNtYMtlc1If3j7c2DfFWl8yiiQfng,https://drive.google.com/file/d/1eejoNtYMtlc1If3j7c2DfFWl8yiiQfng/view?usp=drivesdk
Saṃsāra,Google Drive,Buddhist-Sutra-Collection-TU.pdf,buddhist_continuity,4,blackswanreprise,Buddhism & Eastern Philosophy,unknown,INDEX_ONLY,metadata_only,article,1OxXH1wmEgGm7I81MW1tfl2qJD1qymg8x,https://drive.google.com/file/d/1OxXH1wmEgGm7I81MW1tfl2qJD1qymg8x/view?usp=drivesdk
Saṃsāra,Google Drive,Buddhist-Sutra-Collection-VY.pdf,buddhist_continuity,4,blackswanreprise,Buddhism & Eastern Philosophy,unknown,INDEX_ONLY,metadata_only,article,108wcv7dB4TtNH-3ODq68Wnn6a2SiiKgE,https://drive.google.com/file/d/108wcv7dB4TtNH-3ODq68Wnn6a2SiiKgE/view?usp=drivesdk
Saṃsāra,Google Drive,Essential-Themes-of-Buddhist-Lectures.pdf,buddhist_continuity,4,blackswanreprise,Buddhism & Eastern Philosophy,unknown,INDEX_ONLY,metadata_only,article,17b7ulhLjMGirqBaSq_CwVsM7kX5dsrLc,https://drive.google.com/file/d/17b7ulhLjMGirqBaSq_CwVsM7kX5dsrLc/view?usp=drivesdk
Saṃsāra,Google Drive,Karma-Yoga-by-Swami-Vivekananda.pdf,karma|buddhist_continuity,4,blackswanreprise,"Buddhism & Eastern Philosophy; Hinduism, Yoga & Tantra",unknown,INDEX_ONLY,metadata_only,article,1CCvl19q-ouuwKlPtvWTctCm3uOMKzDk2,https://drive.google.com/file/d/1CCvl19q-ouuwKlPtvWTctCm3uOMKzDk2/view?usp=drivesdk
Saṃsāra,Google Drive,Karma-and-Chaos.pdf,karma|buddhist_continuity,4,blackswanreprise,Buddhism & Eastern Philosophy,unknown,INDEX_ONLY,metadata_only,article,1gtxC_YlW5F6kSwyqFnlO38C-zL8wBFQO,https://drive.google.com/file/d/1gtxC_YlW5F6kSwyqFnlO38C-zL8wBFQO/view?usp=drivesdk
Saṃsāra,Google Drive,Manly P. Hall - REINCARNATION The Cycle of Necessity.pdf,reincarnation,4,blackswanreprise,Manly P. Hall Collection,unknown,INDEX_ONLY,metadata_only,article,1sS3trpc8yTvi7GF0FwGsAnj9DZOGzxH0,https://drive.google.com/file/d/1sS3trpc8yTvi7GF0FwGsAnj9DZOGzxH0/view?usp=drivesdk
Saṃsāra,Google Drive,Tantric-Texts-Series-07-Shri-Chakrasambhara-Buddhist-Tantra-Arthur-Avalon-1919.pdf,buddhist_continuity,4,blackswanreprise,"Buddhism & Eastern Philosophy; Hinduism, Yoga & Tantra; Ancient Civilisations; Arthur Avalon Collection",unknown,INDEX_ONLY,metadata_only,article,1xe3rwgVnL5sJqpecS254urWU_KJaddLO,https://drive.google.com/file/d/1xe3rwgVnL5sJqpecS254urWU_KJaddLO/view?usp=drivesdk
Saṃsāra,Google Drive,The Buddhist Monastic Code,buddhist_continuity,4,blackswanreprise,Buddhism & Eastern Philosophy,unknown,INDEX_ONLY,metadata_only,unknown,13K7eQvLdT39aB1KpZsjaQFbSyDsNRkXM,https://drive.google.com/drive/folders/13K7eQvLdT39aB1KpZsjaQFbSyDsNRkXM
Saṃsāra,Google Drive,The-Buddhist-Monastic-Code-I.pdf,buddhist_continuity,4,blackswanreprise,Buddhism & Eastern Philosophy,unknown,INDEX_ONLY,metadata_only,article,1au_IyFWznRwQSmWX5r0O7BGHk9ufl0B2,https://drive.google.com/file/d/1au_IyFWznRwQSmWX5r0O7BGHk9ufl0B2/view?usp=drivesdk
Saṃsāra,Google Drive,The-Buddhist-Monastic-Code-II.pdf,buddhist_continuity,4,blackswanreprise,Buddhism & Eastern Philosophy,unknown,INDEX_ONLY,metadata_only,article,1ar6FVRSbm5ZYlrCFs2DVY0pF3fdnW_nH,https://drive.google.com/file/d/1ar6FVRSbm5ZYlrCFs2DVY0pF3fdnW_nH/view?usp=drivesdk
Saṃsāra,Google Drive,The-Buddhist-Way.pdf,buddhist_continuity,4,blackswanreprise,Buddhism & Eastern Philosophy,unknown,INDEX_ONLY,metadata_only,article,1Zyz5JBS7D_LDQxZrDWHz7m4XT5-MvAZ1,https://drive.google.com/file/d/1Zyz5JBS7D_LDQxZrDWHz7m4XT5-MvAZ1/view?usp=drivesdk
Saṃsāra,Google Drive,The-Concise-Buddhist-Monastic-Code.pdf,buddhist_continuity,4,blackswanreprise,Buddhism & Eastern Philosophy; Consciousness & Mind,unknown,INDEX_ONLY,metadata_only,article,10dEjuK5STet7csMiuBOW8Tb3HDzeCjZx,https://drive.google.com/file/d/10dEjuK5STet7csMiuBOW8Tb3HDzeCjZx/view?usp=drivesdk
Saṃsāra,Google Drive,The-Karma-of-Questions.pdf,karma|buddhist_continuity,4,blackswanreprise,Buddhism & Eastern Philosophy,unknown,INDEX_ONLY,metadata_only,article,1Eh2E9I5Pm6WmFWWzI5UQ64fNp9JUr3c8,https://drive.google.com/file/d/1Eh2E9I5Pm6WmFWWzI5UQ64fNp9JUr3c8/view?usp=drivesdk
Saṃsāra,Google Drive,Theory-of-Karman-in-Indian-Thought.pdf,karma|buddhist_continuity,4,blackswanreprise,Buddhism & Eastern Philosophy,unknown,INDEX_ONLY,metadata_only,article,1Jh9awM_eLUPP-ea5C2O9UIlyu1HKUkXE,https://drive.google.com/file/d/1Jh9awM_eLUPP-ea5C2O9UIlyu1HKUkXE/view?usp=drivesdk
Twenty Cases Suggestive of Reincarnation,Google Drive,Manly P. Hall - REINCARNATION The Cycle of Necessity.pdf,reincarnation,4,blackswanreprise,Manly P. Hall Collection,unknown,INDEX_ONLY,metadata_only,article,1sS3trpc8yTvi7GF0FwGsAnj9DZOGzxH0,https://drive.google.com/file/d/1sS3trpc8yTvi7GF0FwGsAnj9DZOGzxH0/view?usp=drivesdk
Twenty Cases Suggestive of Reincarnation,Google Drive,The-Truth-of-Rebirth.pdf,reincarnation,4,blackswanreprise,Buddhism & Eastern Philosophy,unknown,INDEX_ONLY,metadata_only,article,1twa14cyhqZqFqd1jS9tW3c5xRHXO1czd,https://drive.google.com/file/d/1twa14cyhqZqFqd1jS9tW3c5xRHXO1czd/view?usp=drivesdk
Karma,Google Drive,04.SacredBooksEast.VarOrSch.v4.Muller.Zor_.Darmesteter.ZendAvesta.p1.2nd.1880.1895..pdf,buddhist_continuity,2,blackswanreprise,Buddhism & Eastern Philosophy; Mysticism & Spirituality; Ancient Civilisations,unknown,INDEX_ONLY,metadata_only,article,1GmkINy2VjMKvm06Fq7Xvlxp-xBHSL5HQ,https://drive.google.com/file/d/1GmkINy2VjMKvm06Fq7Xvlxp-xBHSL5HQ/view?usp=drivesdk
Karma,Google Drive,23.SacredBooksEast.VarOrSch.v23.Muller.Zor_.Darmesteter.ZendAvesta.p2.SirYastsNya.Oxf_.1883..pdf,buddhist_continuity,2,blackswanreprise,Buddhism & Eastern Philosophy; Mysticism & Spirituality; Ancient Civilisations,unknown,INDEX_ONLY,metadata_only,article,1o961f0HWrIV4GlTq6_imJspOg0xYhMYG,https://drive.google.com/file/d/1o961f0HWrIV4GlTq6_imJspOg0xYhMYG/view?usp=drivesdk
Karma,Google Drive,31.SacredBooksEast.VarOrSch.v31.Muller.Zor_.Mills_.ZendAvesta.p3.YasVisAfriGahs.MiscFrag.Oxf_.1887..pdf,buddhist_continuity,2,blackswanreprise,Buddhism & Eastern Philosophy; Mysticism & Spirituality; Ancient Civilisations,unknown,INDEX_ONLY,metadata_only,article,1wGLyh-c2Prhw5c94PDyw0TqKii6eO-X1,https://drive.google.com/file/d/1wGLyh-c2Prhw5c94PDyw0TqKii6eO-X1/view?usp=drivesdk
Karma,Google Drive,A-Brief-Overview-of-the-Bardo.pdf,buddhist_continuity,2,blackswanreprise,Buddhism & Eastern Philosophy,unknown,INDEX_ONLY,metadata_only,article,1XaUmG86Svvoyup92F7udKohmRXnvRAuY,https://drive.google.com/file/d/1XaUmG86Svvoyup92F7udKohmRXnvRAuY/view?usp=drivesdk
Karma,Google Drive,A-Chanting-Guide.pdf,buddhist_continuity,2,blackswanreprise,Buddhism & Eastern Philosophy,unknown,INDEX_ONLY,metadata_only,article,1iyifg5HFsmCxoaKOC2ZT2r8wo1SUJZcx,https://drive.google.com/file/d/1iyifg5HFsmCxoaKOC2ZT2r8wo1SUJZcx/view?usp=drivesdk
Karma,Google Drive,A-Collection-Of-Studies-On-The-Tibetan-Bon-Tradition.pdf,buddhist_continuity,2,blackswanreprise,Buddhism & Eastern Philosophy,unknown,INDEX_ONLY,metadata_only,article,1uEEb92zRkj3jYnvt04d4i8WAn2WT3PxD,https://drive.google.com/file/d/1uEEb92zRkj3jYnvt04d4i8WAn2WT3PxD/view?usp=drivesdk
Karma,Google Drive,A-Commentary-on-Attitude-Training-Like-the-Rays-of-the-Sun.pdf,buddhist_continuity,2,blackswanreprise,Buddhism & Eastern Philosophy,unknown,INDEX_ONLY,metadata_only,article,1HgV4vrGuIM7HH9J8OQtnMm9NXh3iSBvN,https://drive.google.com/file/d/1HgV4vrGuIM7HH9J8OQtnMm9NXh3iSBvN/view?usp=drivesdk
Karma,Google Drive,A-Dhammapada-for-Contemplation-Ajahn-Munindo.pdf,buddhist_continuity,2,blackswanreprise,Buddhism & Eastern Philosophy,unknown,INDEX_ONLY,metadata_only,article,1sIrLOMrvctuRzGOu3POOU3Lga7UbMqDG,https://drive.google.com/file/d/1sIrLOMrvctuRzGOu3POOU3Lga7UbMqDG/view?usp=drivesdk
Karma,Google Drive,A-Discourse-on-the-Sallekha-Sutta.pdf,buddhist_continuity,2,blackswanreprise,Buddhism & Eastern Philosophy,unknown,INDEX_ONLY,metadata_only,article,1avN_phZWvyyBSgu8F5vxPC5sEJE13RX_,https://drive.google.com/file/d/1avN_phZWvyyBSgu8F5vxPC5sEJE13RX_/view?usp=drivesdk
Karma,Google Drive,A-Guide-to-Awareness.pdf,buddhist_continuity,2,blackswanreprise,Buddhism & Eastern Philosophy; Consciousness & Mind,unknown,INDEX_ONLY,metadata_only,article,1nGKCrGNeRhZOebroQXZ_f-peYOtHvltx,https://drive.google.com/file/d/1nGKCrGNeRhZOebroQXZ_f-peYOtHvltx/view?usp=drivesdk
Karma,Google Drive,A-Guide-to-Japanese-Buddhism.pdf,buddhist_continuity,2,blackswanreprise,Buddhism & Eastern Philosophy,unknown,INDEX_ONLY,metadata_only,article,1WMC5uwiIS6hde8b0NE4wSibEh24Wzxmz,https://drive.google.com/file/d/1WMC5uwiIS6hde8b0NE4wSibEh24Wzxmz/view?usp=drivesdk
Karma,Google Drive,A-Guide-to-Shamatha-Meditation.pdf,buddhist_continuity,2,blackswanreprise,Buddhism & Eastern Philosophy,unknown,INDEX_ONLY,metadata_only,article,1f23y616l9lDcYwlbYHtr0iAe06gWyS81,https://drive.google.com/file/d/1f23y616l9lDcYwlbYHtr0iAe06gWyS81/view?usp=drivesdk
Karma,Google Drive,A-Heart-Released.pdf,buddhist_continuity,2,blackswanreprise,Buddhism & Eastern Philosophy,unknown,INDEX_ONLY,metadata_only,article,1X7Ol9awwQEAVBVRYApnNmNwoAc_lUnIh,https://drive.google.com/file/d/1X7Ol9awwQEAVBVRYApnNmNwoAc_lUnIh/view?usp=drivesdk
Karma,Google Drive,A-Honed-and-Heavy-Axe.pdf,buddhist_continuity,2,blackswanreprise,Buddhism & Eastern Philosophy,unknown,INDEX_ONLY,metadata_only,article,1qm7VEnRYoJYmirAYf_NtoSHP9P4HX276,https://drive.google.com/file/d/1qm7VEnRYoJYmirAYf_NtoSHP9P4HX276/view?usp=drivesdk
Karma,Google Drive,A-Long-Sadhana-of-Vajrayogini.pdf,buddhist_continuity,2,blackswanreprise,"Buddhism & Eastern Philosophy; Hinduism, Yoga & Tantra",unknown,INDEX_ONLY,metadata_only,article,1w3zOjYQTZfKOEWuNgQX-ykoSbQWYWyEH,https://drive.google.com/file/d/1w3zOjYQTZfKOEWuNgQX-ykoSbQWYWyEH/view?usp=drivesdk
Karma,Google Drive,A-Manual-of-the-Excellent-Man.pdf,buddhist_continuity,2,blackswanreprise,Buddhism & Eastern Philosophy,unknown,INDEX_ONLY,metadata_only,article,1nq7q6yhS29foVahqv_CVmCZeNm4lzfgi,https://drive.google.com/file/d/1nq7q6yhS29foVahqv_CVmCZeNm4lzfgi/view?usp=drivesdk
Karma,Google Drive,A-Mind-Revealed.pdf,buddhist_continuity,2,blackswanreprise,Buddhism & Eastern Philosophy; Consciousness & Mind,unknown,INDEX_ONLY,metadata_only,article,1vQROG-CB-tS1eJhmw7LXrTNU5JvOIpgl,https://drive.google.com/file/d/1vQROG-CB-tS1eJhmw7LXrTNU5JvOIpgl/view?usp=drivesdk
Karma,Google Drive,A-Precious-Garland-of-the-Supreme-Path.pdf,buddhist_continuity,2,blackswanreprise,Buddhism & Eastern Philosophy,unknown,INDEX_ONLY,metadata_only,article,1DCeTqK3c6Nc70xXZuK3oTmOnNY_ROMeN,https://drive.google.com/file/d/1DCeTqK3c6Nc70xXZuK3oTmOnNY_ROMeN/view?usp=drivesdk
Karma,Google Drive,A-Swift-Pair-of-Messengers.pdf,buddhist_continuity,2,blackswanreprise,Buddhism & Eastern Philosophy,unknown,INDEX_ONLY,metadata_only,article,1wBSOkBULpaYf6MI8XozoLn-03pWJ4CCb,https://drive.google.com/file/d/1wBSOkBULpaYf6MI8XozoLn-03pWJ4CCb/view?usp=drivesdk
Karma,Google Drive,A-Tree-in-the-Forest-Ebook1.pdf,buddhist_continuity,2,blackswanreprise,Buddhism & Eastern Philosophy,unknown,INDEX_ONLY,metadata_only,article,1RAuuJAwB5wNDu3FSHMTSTFiwaLEhpbBY,https://drive.google.com/file/d/1RAuuJAwB5wNDu3FSHMTSTFiwaLEhpbBY/view?usp=drivesdk
Karma,Google Drive,A-survey-of-the-Paths-of-Tibetan-Buddhism-by-Dalai-Lama.pdf,buddhist_continuity,2,blackswanreprise,Buddhism & Eastern Philosophy,unknown,INDEX_ONLY,metadata_only,article,13bZBwy2u_e5fL33tAaklsierPLLgAUqc,https://drive.google.com/file/d/13bZBwy2u_e5fL33tAaklsierPLLgAUqc/view?usp=drivesdk
Karma,Google Drive,Abiding-in-the-Retreat.pdf,buddhist_continuity,2,blackswanreprise,Buddhism & Eastern Philosophy,unknown,INDEX_ONLY,metadata_only,article,1SQhAL6vgfL-cTcv-yI0hgG7ueJjEUB09,https://drive.google.com/file/d/1SQhAL6vgfL-cTcv-yI0hgG7ueJjEUB09/view?usp=drivesdk
Karma,Google Drive,Admirable-Friendship.pdf,buddhist_continuity,2,blackswanreprise,Buddhism & Eastern Philosophy,unknown,INDEX_ONLY,metadata_only,article,1bDEnj_RZpE5y4QduPbtnBWNOyNDKC7HV,https://drive.google.com/file/d/1bDEnj_RZpE5y4QduPbtnBWNOyNDKC7HV/view?usp=drivesdk
Karma,Google Drive,Advice-to-Rahula.pdf,buddhist_continuity,2,blackswanreprise,Buddhism & Eastern Philosophy,unknown,INDEX_ONLY,metadata_only,article,1GgZJCQo2l4p_ibfBrydo91Mupcbf-svr,https://drive.google.com/file/d/1GgZJCQo2l4p_ibfBrydo91Mupcbf-svr/view?usp=drivesdk
Karma,Google Drive,Ajaan-Khao-A-True-Spiritual-Warrior.pdf,buddhist_continuity,2,blackswanreprise,Buddhism & Eastern Philosophy; Mysticism & Spirituality,unknown,INDEX_ONLY,metadata_only,article,1l70fsx_U9WG5z9sJCPYoTV4Aki_5vCck,https://drive.google.com/file/d/1l70fsx_U9WG5z9sJCPYoTV4Aki_5vCck/view?usp=drivesdk
Karma,Google Drive,Ajahn-Amaro-Ajahn-Passano-The-Island.pdf,buddhist_continuity,2,blackswanreprise,Buddhism & Eastern Philosophy,unknown,INDEX_ONLY,metadata_only,article,1VWJ56PxHoOqOpIfmfOIqMf7ibdr1VxGP,https://drive.google.com/file/d/1VWJ56PxHoOqOpIfmfOIqMf7ibdr1VxGP/view?usp=drivesdk
Karma,Google Drive,All-the-Heaps-of-Suffering-Add-Up-To-Kama-Kilesa.pdf,buddhist_continuity,2,blackswanreprise,Buddhism & Eastern Philosophy,unknown,INDEX_ONLY,metadata_only,article,1wIsas7cMqDZxBTrHXs0HTWnDGXPsHn3a,https://drive.google.com/file/d/1wIsas7cMqDZxBTrHXs0HTWnDGXPsHn3a/view?usp=drivesdk
Karma,Google Drive,Along-the-Path.pdf,buddhist_continuity,2,blackswanreprise,Buddhism & Eastern Philosophy,unknown,INDEX_ONLY,metadata_only,article,1G7a2p78sl77-OQa0ly1HR5ls0mQmcRRg,https://drive.google.com/file/d/1G7a2p78sl77-OQa0ly1HR5ls0mQmcRRg/view?usp=drivesdk
Karma,Google Drive,Amata-Dhamma-Six-Talks-on-Dhamma.pdf,buddhist_continuity,2,blackswanreprise,Buddhism & Eastern Philosophy,unknown,INDEX_ONLY,metadata_only,article,1S9sRwSL2tI3CgZUvK4QEF2AzW-OqW8Xl,https://drive.google.com/file/d/1S9sRwSL2tI3CgZUvK4QEF2AzW-OqW8Xl/view?usp=drivesdk
Karma,Google Drive,An-Analysis-of-the-Abhidhammatthasaogaha.pdf,buddhist_continuity,2,blackswanreprise,Buddhism & Eastern Philosophy,unknown,INDEX_ONLY,metadata_only,article,1NlYuNFLKHhYagPjQA1L_TXcvnS1iX-qZ,https://drive.google.com/file/d/1NlYuNFLKHhYagPjQA1L_TXcvnS1iX-qZ/view?usp=drivesdk
Karma,Google Drive,An-Ancient-Path.pdf,buddhist_continuity,2,blackswanreprise,Buddhism & Eastern Philosophy; Ancient Civilisations,unknown,INDEX_ONLY,metadata_only,article,18y9ktA8hnFn97f_CAN26NhldbEyigQYN,https://drive.google.com/file/d/18y9ktA8hnFn97f_CAN26NhldbEyigQYN/view?usp=drivesdk
Karma,Google Drive,An-Introduction-to-Mahamudra-Meditation.pdf,buddhist_continuity,2,blackswanreprise,Buddhism & Eastern Philosophy,unknown,INDEX_ONLY,metadata_only,article,1oVVOzOCzK5_AiLuScmnAbNYBCjZ5PQ0H,https://drive.google.com/file/d/1oVVOzOCzK5_AiLuScmnAbNYBCjZ5PQ0H/view?usp=drivesdk
Karma,Google Drive,An-Introduction-to-Mahayana-Buddhism.pdf,buddhist_continuity,2,blackswanreprise,Buddhism & Eastern Philosophy,unknown,INDEX_ONLY,metadata_only,article,1HgulOs70SYSIZzQnYZb-fVFXjvpMri14,https://drive.google.com/file/d/1HgulOs70SYSIZzQnYZb-fVFXjvpMri14/view?usp=drivesdk
Karma,Google Drive,An-Unentangled-Knowing-Lessons-in-Training-the-Mind.pdf,buddhist_continuity,2,blackswanreprise,Buddhism & Eastern Philosophy; Consciousness & Mind,unknown,INDEX_ONLY,metadata_only,article,1caYKJ_qUVE242yUd8mHwENBgW24VM9Jn,https://drive.google.com/file/d/1caYKJ_qUVE242yUd8mHwENBgW24VM9Jn/view?usp=drivesdk
Karma,Google Drive,Analysis-of-the-Ways-of-Attending-to-Mindfulness.pdf,buddhist_continuity,2,blackswanreprise,Buddhism & Eastern Philosophy; Consciousness & Mind,unknown,INDEX_ONLY,metadata_only,article,1IzSxbtG9m8lZaojzC3YO6Fva9_Hwpwld,https://drive.google.com/file/d/1IzSxbtG9m8lZaojzC3YO6Fva9_Hwpwld/view?usp=drivesdk
Karma,Google Drive,Anapanasati-Mindfulness-of-Breathing.pdf,buddhist_continuity,2,blackswanreprise,Buddhism & Eastern Philosophy; Consciousness & Mind,unknown,INDEX_ONLY,metadata_only,article,1j3epcxtOD5uMVdF873fnPIZa_T1cNCiR,https://drive.google.com/file/d/1j3epcxtOD5uMVdF873fnPIZa_T1cNCiR/view?usp=drivesdk
Karma,Google Drive,Approaching-the-Dhamma.pdf,buddhist_continuity,2,blackswanreprise,Buddhism & Eastern Philosophy,unknown,INDEX_ONLY,metadata_only,article,11rzKsH-1QkfcAOB7d32P4ZblelFt8-xk,https://drive.google.com/file/d/11rzKsH-1QkfcAOB7d32P4ZblelFt8-xk/view?usp=drivesdk
Karma,Google Drive,Art-of-Attention.pdf,buddhist_continuity,2,blackswanreprise,Buddhism & Eastern Philosophy,unknown,INDEX_ONLY,metadata_only,article,13oTRMchUBgICfvVpmGbeZ2Vqg1rClKkS,https://drive.google.com/file/d/13oTRMchUBgICfvVpmGbeZ2Vqg1rClKkS/view?usp=drivesdk
Karma,Google Drive,Art-of-Living.pdf,buddhist_continuity,2,blackswanreprise,Buddhism & Eastern Philosophy,unknown,INDEX_ONLY,metadata_only,article,1Lju9yOV817-pShVICBXzxi_LRIm9DpOu,https://drive.google.com/file/d/1Lju9yOV817-pShVICBXzxi_LRIm9DpOu/view?usp=drivesdk
Karma,Google Drive,Asoka-and-the-Missions.pdf,buddhist_continuity,2,blackswanreprise,Buddhism & Eastern Philosophy,unknown,INDEX_ONLY,metadata_only,article,14m3El8xHH0Xi1F3Ko-s67CdI0h5sFGwJ,https://drive.google.com/file/d/14m3El8xHH0Xi1F3Ko-s67CdI0h5sFGwJ/view?usp=drivesdk
Karma,Google Drive,Atthakavagga.pdf,buddhist_continuity,2,blackswanreprise,Buddhism & Eastern Philosophy,unknown,INDEX_ONLY,metadata_only,article,1dVE_UzzXElkWe90S2mMdKK7-QgPhViFf,https://drive.google.com/file/d/1dVE_UzzXElkWe90S2mMdKK7-QgPhViFf/view?usp=drivesdk
Karma,Google Drive,Awakening-Presence.pdf,buddhist_continuity,2,blackswanreprise,Buddhism & Eastern Philosophy; Mysticism & Spirituality,unknown,INDEX_ONLY,metadata_only,article,1ML1Xt_jiCxEL_acMObqkD84hjLHMjuWv,https://drive.google.com/file/d/1ML1Xt_jiCxEL_acMObqkD84hjLHMjuWv/view?usp=drivesdk
Karma,Google Drive,Awakening-of-Faith.pdf,buddhist_continuity,2,blackswanreprise,Buddhism & Eastern Philosophy; Mysticism & Spirituality,unknown,INDEX_ONLY,metadata_only,article,1SSwkfz1-sO9U-Rij-XA38A5Ti-SZUKdV,https://drive.google.com/file/d/1SSwkfz1-sO9U-Rij-XA38A5Ti-SZUKdV/view?usp=drivesdk
Karma,Google Drive,Awareness-Itself.pdf,buddhist_continuity,2,blackswanreprise,Buddhism & Eastern Philosophy; Consciousness & Mind,unknown,INDEX_ONLY,metadata_only,article,1m-QMHXSUR1N754GYAp_DXupHWPPw0qOO,https://drive.google.com/file/d/1m-QMHXSUR1N754GYAp_DXupHWPPw0qOO/view?usp=drivesdk
Karma,Google Drive,AwarenessItself180407.pdf,buddhist_continuity,2,blackswanreprise,Buddhism & Eastern Philosophy; Consciousness & Mind,unknown,INDEX_ONLY,metadata_only,article,1Vl8RMjLEGb1sh9JcTRJHKV3aT4zmoQBh,https://drive.google.com/file/d/1Vl8RMjLEGb1sh9JcTRJHKV3aT4zmoQBh/view?usp=drivesdk
Karma,Google Drive,Bag-of-Bones-A-Miscellany-on-the-Body.pdf,buddhist_continuity,2,blackswanreprise,Buddhism & Eastern Philosophy,unknown,INDEX_ONLY,metadata_only,article,1LSSIjMWcaFA5iRe5f1qymehHcEn25Hmm,https://drive.google.com/file/d/1LSSIjMWcaFA5iRe5f1qymehHcEn25Hmm/view?usp=drivesdk
Karma,Google Drive,Bardo Teachings – Zhi-Kro and Ngöndro Practice,buddhist_continuity,2,blackswanreprise,Buddhism & Eastern Philosophy,unknown,INDEX_ONLY,metadata_only,unknown,1H9TEiVLI5Us6r01aAU92vc_7Vo5LnKhE,https://drive.google.com/drive/folders/1H9TEiVLI5Us6r01aAU92vc_7Vo5LnKhE
Karma,Google Drive,BasicPaticcasaMuppada-Translated-by-UHlaMyint.pdf,buddhist_continuity,2,blackswanreprise,Buddhism & Eastern Philosophy,unknown,INDEX_ONLY,metadata_only,article,13Le5nbA0K11zR_qKPefce5e-040RyoQ8,https://drive.google.com/file/d/13Le5nbA0K11zR_qKPefce5e-040RyoQ8/view?usp=drivesdk
Karma,Google Drive,Beyond-Coping.pdf,buddhist_continuity,2,blackswanreprise,Buddhism & Eastern Philosophy,unknown,INDEX_ONLY,metadata_only,article,1Mb1etKuO6FLNyhn8l_xEVDqrXMGwrzTN,https://drive.google.com/file/d/1Mb1etKuO6FLNyhn8l_xEVDqrXMGwrzTN/view?usp=drivesdk
Karma,Google Drive,Beyond-No-Self-Nirmala.pdf,buddhist_continuity,2,blackswanreprise,Buddhism & Eastern Philosophy,unknown,INDEX_ONLY,metadata_only,article,1kEhoE5KUTnt7y8ZwHqHIHiOtTp2y_Dsi,https://drive.google.com/file/d/1kEhoE5KUTnt7y8ZwHqHIHiOtTp2y_Dsi/view?usp=drivesdk
Karma,Google Drive,Bodhinyana.pdf,buddhist_continuity,2,blackswanreprise,Buddhism & Eastern Philosophy,unknown,INDEX_ONLY,metadata_only,article,1x0c-xdkguPl6eMnQLy77S08Zyd6Q3Caq,https://drive.google.com/file/d/1x0c-xdkguPl6eMnQLy77S08Zyd6Q3Caq/view?usp=drivesdk
Karma,Google Drive,Bodhisattva-Attitude.pdf,buddhist_continuity,2,blackswanreprise,Buddhism & Eastern Philosophy,unknown,INDEX_ONLY,metadata_only,article,1b4pxpoOEhtQATZ6P96Ugw_cSAYfeMq4c,https://drive.google.com/file/d/1b4pxpoOEhtQATZ6P96Ugw_cSAYfeMq4c/view?usp=drivesdk
Karma,Google Drive,Books by Luang Ta Maha Boowa,buddhist_continuity,2,blackswanreprise,Buddhism & Eastern Philosophy,unknown,INDEX_ONLY,metadata_only,book,1Je0jMguxsAX0Nys0TbEPii38EU9omy19,https://drive.google.com/drive/folders/1Je0jMguxsAX0Nys0TbEPii38EU9omy19
Karma,Google Drive,Brahmavihara-Dhamma.pdf,buddhist_continuity,2,blackswanreprise,Buddhism & Eastern Philosophy,unknown,INDEX_ONLY,metadata_only,article,1RZY-gogO90kC91HqnWEb9zRau-ROSSLQ,https://drive.google.com/file/d/1RZY-gogO90kC91HqnWEb9zRau-ROSSLQ/view?usp=drivesdk
Karma,Google Drive,Broad-View-Boundless-Heart.pdf,buddhist_continuity,2,blackswanreprise,Buddhism & Eastern Philosophy,unknown,INDEX_ONLY,metadata_only,article,1L2AqjbIOIzUPPbmFaGeX6ZUgrWkknzUo,https://drive.google.com/file/d/1L2AqjbIOIzUPPbmFaGeX6ZUgrWkknzUo/view?usp=drivesdk
Karma,Google Drive,Buddha-in-Blue-Jean.pdf,buddhist_continuity,2,blackswanreprise,Buddhism & Eastern Philosophy,unknown,INDEX_ONLY,metadata_only,article,10IPOrwAVLJkhtOQkQ8AhgnzqgeyY5ZTj,https://drive.google.com/file/d/10IPOrwAVLJkhtOQkQ8AhgnzqgeyY5ZTj/view?usp=drivesdk
Karma,Google Drive,Buddhadasa-Buddhas-Doctrine-Of-Anatta.pdf,buddhist_continuity,2,blackswanreprise,Buddhism & Eastern Philosophy,unknown,INDEX_ONLY,metadata_only,article,195Qc6wQGAi1wt4TpqtE7gejV2q-YSPYc,https://drive.google.com/file/d/195Qc6wQGAi1wt4TpqtE7gejV2q-YSPYc/view?usp=drivesdk
Karma,Google Drive,Buddhas-16-Prophecies.pdf,buddhist_continuity,2,blackswanreprise,Buddhism & Eastern Philosophy,unknown,INDEX_ONLY,metadata_only,article,1oJsNrsUDc6tYANuwKacbeL1EnLzotDe8,https://drive.google.com/file/d/1oJsNrsUDc6tYANuwKacbeL1EnLzotDe8/view?usp=drivesdk
Karma,Google Drive,Buddhas-Teachings.pdf,buddhist_continuity,2,blackswanreprise,Buddhism & Eastern Philosophy,unknown,INDEX_ONLY,metadata_only,article,1sIb2Gs2feuG61vpJ2vjSSjCbh-C47pqZ,https://drive.google.com/file/d/1sIb2Gs2feuG61vpJ2vjSSjCbh-C47pqZ/view?usp=drivesdk
Karma,Google Drive,Buddhism,buddhist_continuity,2,blackswanreprise,Buddhism & Eastern Philosophy,unknown,INDEX_ONLY,metadata_only,unknown,1zRRev6kDn7I4i23uk5btY6y2RwUBJGvr,https://drive.google.com/drive/folders/1zRRev6kDn7I4i23uk5btY6y2RwUBJGvr
Karma,Google Drive,Buddhism-Handbook-1.pdf,buddhist_continuity,2,blackswanreprise,Buddhism & Eastern Philosophy,unknown,INDEX_ONLY,metadata_only,article,1h54D5IK49J74OeOC4WW0LPrGOPmh2qee,https://drive.google.com/file/d/1h54D5IK49J74OeOC4WW0LPrGOPmh2qee/view?usp=drivesdk
Karma,Google Drive,Buddhism-Of-Tibet-Or-Lamaism.pdf,buddhist_continuity,2,blackswanreprise,Buddhism & Eastern Philosophy,unknown,INDEX_ONLY,metadata_only,article,1wbN2RZh0wjjJUZMu3jjQkl_cn3oFbDrz,https://drive.google.com/file/d/1wbN2RZh0wjjJUZMu3jjQkl_cn3oFbDrz/view?usp=drivesdk
Karma,Google Drive,Buddhism-The-Noble-Eightfold-Path-to-End-Suffering.pdf,buddhist_continuity,2,blackswanreprise,Buddhism & Eastern Philosophy,unknown,INDEX_ONLY,metadata_only,article,1mjfRuGjlAfScikmJ3HrF64L4f435LtAM,https://drive.google.com/file/d/1mjfRuGjlAfScikmJ3HrF64L4f435LtAM/view?usp=drivesdk
Karma,Google Drive,Burmese-Monks-Tales.pdf,buddhist_continuity,2,blackswanreprise,Buddhism & Eastern Philosophy,unknown,INDEX_ONLY,metadata_only,article,1BQXlUVZIDq9voVfgQfucdrj21RnJsVy4,https://drive.google.com/file/d/1BQXlUVZIDq9voVfgQfucdrj21RnJsVy4/view?usp=drivesdk
Karma,Google Drive,Bushido-the-Soul-of-Japan-by-Nitobe-Inazo.pdf,buddhist_continuity,2,blackswanreprise,Buddhism & Eastern Philosophy,unknown,INDEX_ONLY,metadata_only,article,1LawhieOUNZthHtgjBBEn4UV5MQJA1nWx,https://drive.google.com/file/d/1LawhieOUNZthHtgjBBEn4UV5MQJA1nWx/view?usp=drivesdk
Karma,Google Drive,Chod-teachings-Garchen-Rinpoche.pdf,buddhist_continuity,2,blackswanreprise,Buddhism & Eastern Philosophy,unknown,INDEX_ONLY,metadata_only,article,1rOIWLLBgpP1AfLXSV5gZ6Dyw5jKR4mKV,https://drive.google.com/file/d/1rOIWLLBgpP1AfLXSV5gZ6Dyw5jKR4mKV/view?usp=drivesdk
Karma,Google Drive,Cittanupassana-And-Vedananupassana.pdf,buddhist_continuity,2,blackswanreprise,"Buddhism & Eastern Philosophy; Hinduism, Yoga & Tantra",unknown,INDEX_ONLY,metadata_only,article,1iTPRE2Vm_E3LejYBdJcV6PZ5Vs798VB2,https://drive.google.com/file/d/1iTPRE2Vm_E3LejYBdJcV6PZ5Vs798VB2/view?usp=drivesdk
Karma,Google Drive,Come-And-See.pdf,buddhist_continuity,2,blackswanreprise,Buddhism & Eastern Philosophy,unknown,INDEX_ONLY,metadata_only,article,1MDXQM0Da3gPIllOqDCp_qdOFM7s3xTof,https://drive.google.com/file/d/1MDXQM0Da3gPIllOqDCp_qdOFM7s3xTof/view?usp=drivesdk
Karma,Google Drive,Commentary-on-Ngöndro-Practice-according-to-The-New-Treasure-of-Dudjom.pdf,buddhist_continuity,2,blackswanreprise,Buddhism & Eastern Philosophy,unknown,INDEX_ONLY,metadata_only,article,1lFWA-9nkL_k__IhEdEXepilNsx1oT9Vi,https://drive.google.com/file/d/1lFWA-9nkL_k__IhEdEXepilNsx1oT9Vi/view?usp=drivesdk
Karma,Google Drive,Commentary-on-Ngöndro-Practice-according-to-The-New-Treasure-of-Dudjom.pdf,buddhist_continuity,2,blackswanreprise,Buddhism & Eastern Philosophy,unknown,INDEX_ONLY,metadata_only,article,1WhQWJ0-l4xunQ_Hejj00F03LLs_YZgnq,https://drive.google.com/file/d/1WhQWJ0-l4xunQ_Hejj00F03LLs_YZgnq/view?usp=drivesdk
Karma,Google Drive,Comprehensive-Manual-of-Abhidhamma.pdf,buddhist_continuity,2,blackswanreprise,Buddhism & Eastern Philosophy,unknown,INDEX_ONLY,metadata_only,article,1bna8pnJrRIke6zj1_dfOLehcC6jLJ5sD,https://drive.google.com/file/d/1bna8pnJrRIke6zj1_dfOLehcC6jLJ5sD/view?usp=drivesdk
Karma,Google Drive,Consciousness-Enlarged.pdf,buddhist_continuity,2,blackswanreprise,Buddhism & Eastern Philosophy; Consciousness & Mind,unknown,INDEX_ONLY,metadata_only,article,1jxou4A-UfxIgB6m_ArzcBht4w0ybiooD,https://drive.google.com/file/d/1jxou4A-UfxIgB6m_ArzcBht4w0ybiooD/view?usp=drivesdk
Karma,Google Drive,Consciousness-Studies.pdf,buddhist_continuity,2,blackswanreprise,Buddhism & Eastern Philosophy; Consciousness & Mind,unknown,INDEX_ONLY,metadata_only,article,17oA_ioCZUyoi9DhKUpzD1wnDHcW1QZi2,https://drive.google.com/file/d/17oA_ioCZUyoi9DhKUpzD1wnDHcW1QZi2/view?usp=drivesdk
Karma,Google Drive,Contemplation-of-the-Mind.pdf,buddhist_continuity,2,blackswanreprise,Buddhism & Eastern Philosophy; Consciousness & Mind,unknown,INDEX_ONLY,metadata_only,article,1hPnGYO23pc6e9bWxalrimtj1aYipRXqt,https://drive.google.com/file/d/1hPnGYO23pc6e9bWxalrimtj1aYipRXqt/view?usp=drivesdk
Karma,Google Drive,Cultivating-Inner-Peace.pdf,buddhist_continuity,2,blackswanreprise,Buddhism & Eastern Philosophy,unknown,INDEX_ONLY,metadata_only,article,1vTkvtfnhyDZYmOby4R58h6YGv0E8oF-R,https://drive.google.com/file/d/1vTkvtfnhyDZYmOby4R58h6YGv0E8oF-R/view?usp=drivesdk
Karma,Google Drive,Daily-Purification-A-Short-Vajrasattva-Practice.pdf,buddhist_continuity,2,blackswanreprise,Buddhism & Eastern Philosophy,unknown,INDEX_ONLY,metadata_only,article,1pk_YwRXrXs8LZv1XEDl6Uh1YJ66I5mFa,https://drive.google.com/file/d/1pk_YwRXrXs8LZv1XEDl6Uh1YJ66I5mFa/view?usp=drivesdk
Karma,Google Drive,Daily-Reflections.pdf,buddhist_continuity,2,blackswanreprise,Buddhism & Eastern Philosophy,unknown,INDEX_ONLY,metadata_only,article,1hb8PzzMYdR7x8_HHsiyY-GhjnNQtmoMx,https://drive.google.com/file/d/1hb8PzzMYdR7x8_HHsiyY-GhjnNQtmoMx/view?usp=drivesdk
Karma,Google Drive,Dangerous-Things-That-Ruin-The-Heart.pdf,buddhist_continuity,2,blackswanreprise,Buddhism & Eastern Philosophy,unknown,INDEX_ONLY,metadata_only,article,1a2YNPrhgRtHZgGUksWTSlLzEEx96AkIE,https://drive.google.com/file/d/1a2YNPrhgRtHZgGUksWTSlLzEEx96AkIE/view?usp=drivesdk
Karma,Google Drive,Developing-Balanced-Sensitivity-Practical-Buddhism-Tibetan-Tantra.pdf,buddhist_continuity,2,blackswanreprise,"Buddhism & Eastern Philosophy; Hinduism, Yoga & Tantra",unknown,INDEX_ONLY,metadata_only,article,1qBXctO-ZifAjqhRc_taJw8Xu3nS1ROxQ,https://drive.google.com/file/d/1qBXctO-ZifAjqhRc_taJw8Xu3nS1ROxQ/view?usp=drivesdk
Karma,Google Drive,Dhamma-Comes-From-The-Heart.pdf,buddhist_continuity,2,blackswanreprise,Buddhism & Eastern Philosophy,unknown,INDEX_ONLY,metadata_only,article,18dTDO27t6Xcis8byKQFWsrDJf2fivXgk,https://drive.google.com/file/d/18dTDO27t6Xcis8byKQFWsrDJf2fivXgk/view?usp=drivesdk
Karma,Google Drive,Dhamma-Verses.pdf,buddhist_continuity,2,blackswanreprise,Buddhism & Eastern Philosophy,unknown,INDEX_ONLY,metadata_only,article,138-Gu1uPoYyNM5BIotEJO3cfjr6LPwEI,https://drive.google.com/file/d/138-Gu1uPoYyNM5BIotEJO3cfjr6LPwEI/view?usp=drivesdk
Karma,Google Drive,Dhammacakkappavattana-Sutta.pdf,buddhist_continuity,2,blackswanreprise,Buddhism & Eastern Philosophy,unknown,INDEX_ONLY,metadata_only,article,1QxJmNhH0qhKfY09hcUJyzcZ_LHvQ6L1F,https://drive.google.com/file/d/1QxJmNhH0qhKfY09hcUJyzcZ_LHvQ6L1F/view?usp=drivesdk
Karma,Google Drive,Dhammapada-Stories-by-Gambhiro-Bikkhu.pdf,buddhist_continuity,2,blackswanreprise,Buddhism & Eastern Philosophy,unknown,INDEX_ONLY,metadata_only,article,1IAud85BgGlKJ83lP5wx6P2ZUCU4U4iLy,https://drive.google.com/file/d/1IAud85BgGlKJ83lP5wx6P2ZUCU4U4iLy/view?usp=drivesdk
Karma,Google Drive,Dharma-Mind-Worldly-Mind.pdf,buddhist_continuity,2,blackswanreprise,Buddhism & Eastern Philosophy; Consciousness & Mind,unknown,INDEX_ONLY,metadata_only,article,1d3ews2p-cAGcEadTyj6p8E_IdBBiRypU,https://drive.google.com/file/d/1d3ews2p-cAGcEadTyj6p8E_IdBBiRypU/view?usp=drivesdk
Karma,Google Drive,Dont-Desert-the-Core-Principles-of-Dhamma-Vinaya.pdf,buddhist_continuity,2,blackswanreprise,Buddhism & Eastern Philosophy,unknown,INDEX_ONLY,metadata_only,article,1puoA_ZHJq9bqaoG5wyTL35ietT9qU_kz,https://drive.google.com/file/d/1puoA_ZHJq9bqaoG5wyTL35ietT9qU_kz/view?usp=drivesdk
Karma,Google Drive,Earliest-Discourses.pdf,buddhist_continuity,2,blackswanreprise,Buddhism & Eastern Philosophy,unknown,INDEX_ONLY,metadata_only,article,17lxk9qE8LD9Dh1Plc8ONruYFT85AjPjR,https://drive.google.com/file/d/17lxk9qE8LD9Dh1Plc8ONruYFT85AjPjR/view?usp=drivesdk
Karma,Google Drive,Empty-Cloud-The-Teachings-Of-Zen-Master-Xu-Yun.pdf,buddhist_continuity,2,blackswanreprise,Buddhism & Eastern Philosophy,unknown,INDEX_ONLY,metadata_only,article,1yhx-l714QTiXXTCVzlB09L9V-tdL6n6z,https://drive.google.com/file/d/1yhx-l714QTiXXTCVzlB09L9V-tdL6n6z/view?usp=drivesdk
Karma,Google Drive,Engaging-in-Bodhisattva-Behavior-by-Shantideva.pdf,buddhist_continuity,2,blackswanreprise,Buddhism & Eastern Philosophy,unknown,INDEX_ONLY,metadata_only,article,1TrTISTwAUqVSkdwQnpSmN6JJcOoMisql,https://drive.google.com/file/d/1TrTISTwAUqVSkdwQnpSmN6JJcOoMisql/view?usp=drivesdk
Karma,Google Drive,Establishing-The-Fundamentals.pdf,buddhist_continuity,2,blackswanreprise,Buddhism & Eastern Philosophy,unknown,INDEX_ONLY,metadata_only,article,1-OAqdmKruUhTaeepCw6Z6x_RQdDNx9lC,https://drive.google.com/file/d/1-OAqdmKruUhTaeepCw6Z6x_RQdDNx9lC/view?usp=drivesdk
Karma,Google Drive,Everything-isTeaching-Us.pdf,buddhist_continuity,2,blackswanreprise,Buddhism & Eastern Philosophy,unknown,INDEX_ONLY,metadata_only,article,11vdKKHnutQvcQNqWkKUCfQzk8E91lxzw,https://drive.google.com/file/d/11vdKKHnutQvcQNqWkKUCfQzk8E91lxzw/view?usp=drivesdk
Karma,Google Drive,Exalted-Sublime-Golden-Light.pdf,buddhist_continuity,2,blackswanreprise,Buddhism & Eastern Philosophy,unknown,INDEX_ONLY,metadata_only,article,1VwTMSCpYgwUZenecE4TLGOC1korT3Kw8,https://drive.google.com/file/d/1VwTMSCpYgwUZenecE4TLGOC1korT3Kw8/view?usp=drivesdk
Karma,Google Drive,Factors-for-Awakening.pdf,buddhist_continuity,2,blackswanreprise,Buddhism & Eastern Philosophy; Mysticism & Spirituality,unknown,INDEX_ONLY,metadata_only,article,1Cdt6UJNW3VTCZkV-y3ayIIL_zW3xJEdg,https://drive.google.com/file/d/1Cdt6UJNW3VTCZkV-y3ayIIL_zW3xJEdg/view?usp=drivesdk
Karma,Google Drive,First-Things-First.pdf,buddhist_continuity,2,blackswanreprise,Buddhism & Eastern Philosophy,unknown,INDEX_ONLY,metadata_only,article,1OPBkqDDBBy8sICARKax0WgLkLxcaDG7A,https://drive.google.com/file/d/1OPBkqDDBBy8sICARKax0WgLkLxcaDG7A/view?usp=drivesdk
Karma,Google Drive,Fistfull-of-Sand.pdf,buddhist_continuity,2,blackswanreprise,Buddhism & Eastern Philosophy,unknown,INDEX_ONLY,metadata_only,article,1QbfTTJXopU498Hw6Ym6N48bHBiS-mODL,https://drive.google.com/file/d/1QbfTTJXopU498Hw6Ym6N48bHBiS-mODL/view?usp=drivesdk
Karma,Google Drive,Five-Faculties.pdf,buddhist_continuity,2,blackswanreprise,Buddhism & Eastern Philosophy,unknown,INDEX_ONLY,metadata_only,article,12F8dz8uemKN39eDflBsG24eblQuOlW5F,https://drive.google.com/file/d/12F8dz8uemKN39eDflBsG24eblQuOlW5F/view?usp=drivesdk
Karma,Google Drive,Food-for-Thought.pdf,buddhist_continuity,2,blackswanreprise,Buddhism & Eastern Philosophy,unknown,INDEX_ONLY,metadata_only,article,1xngXUznaEa9JQm9H_tk8cKvvqeud3ODW,https://drive.google.com/file/d/1xngXUznaEa9JQm9H_tk8cKvvqeud3ODW/view?usp=drivesdk
Karma,Google Drive,For-the-Stilling-of-Volcanoes.pdf,buddhist_continuity,2,blackswanreprise,Buddhism & Eastern Philosophy,unknown,INDEX_ONLY,metadata_only,article,1EPbdRyQvD8nhzGGoXPz-TckhYgSwLy-E,https://drive.google.com/file/d/1EPbdRyQvD8nhzGGoXPz-TckhYgSwLy-E/view?usp=drivesdk
Karma,Google Drive,Forest-Dhamma.pdf,buddhist_continuity,2,blackswanreprise,Buddhism & Eastern Philosophy,unknown,INDEX_ONLY,metadata_only,article,1f6OzKdGIh7919Wpsp8jcwzImO8CpimBC,https://drive.google.com/file/d/1f6OzKdGIh7919Wpsp8jcwzImO8CpimBC/view?usp=drivesdk
Karma,Google Drive,Forest-Path.pdf,buddhist_continuity,2,blackswanreprise,Buddhism & Eastern Philosophy,unknown,INDEX_ONLY,metadata_only,article,1yOHFjAMwOu1gDZ7s9UIZqJ8K5fNNItB4,https://drive.google.com/file/d/1yOHFjAMwOu1gDZ7s9UIZqJ8K5fNNItB4/view?usp=drivesdk
Karma,Google Drive,Frames-of-Reference-by-Ajaan-Lee-Dhamadharo.pdf,buddhist_continuity,2,blackswanreprise,Buddhism & Eastern Philosophy,unknown,INDEX_ONLY,metadata_only,article,1VFDx6I7MsmoZMG3w8ftlpIWyVuvbKVcp,https://drive.google.com/file/d/1VFDx6I7MsmoZMG3w8ftlpIWyVuvbKVcp/view?usp=drivesdk
Karma,Google Drive,Freedom-Through-Understanding-by-Lama-Yeshe-and-Lama-Zopa-Rinpoche.pdf,buddhist_continuity,2,blackswanreprise,Buddhism & Eastern Philosophy; Law & Political Thought,unknown,INDEX_ONLY,metadata_only,article,11FmvRR0iOOUgglrU6GuGPeL5fIfDRFYL,https://drive.google.com/file/d/11FmvRR0iOOUgglrU6GuGPeL5fIfDRFYL/view?usp=drivesdk
Karma,Google Drive,Freeing-the-Heart-Dhamma-Teachings.pdf,buddhist_continuity,2,blackswanreprise,Buddhism & Eastern Philosophy,unknown,INDEX_ONLY,metadata_only,article,1MM3l_NHkvlhfcSC5PJ3jgwXxbG8WqDhx,https://drive.google.com/file/d/1MM3l_NHkvlhfcSC5PJ3jgwXxbG8WqDhx/view?usp=drivesdk
Karma,Google Drive,From-Buddha-to-be-to-Teacher.pdf,buddhist_continuity,2,blackswanreprise,Buddhism & Eastern Philosophy,unknown,INDEX_ONLY,metadata_only,article,1FqK5Rn5YacHYdR5eBFTvNTLSQfGOyBkV,https://drive.google.com/file/d/1FqK5Rn5YacHYdR5eBFTvNTLSQfGOyBkV/view?usp=drivesdk
Karma,Google Drive,Fundamentals-of-Buddhism.pdf,buddhist_continuity,2,blackswanreprise,Buddhism & Eastern Philosophy,unknown,INDEX_ONLY,metadata_only,article,1hykcXmm63wlcloT0uLtLrFIE27NItOtO,https://drive.google.com/file/d/1hykcXmm63wlcloT0uLtLrFIE27NItOtO/view?usp=drivesdk
Karma,Google Drive,Fundamentals-of-Chan-Meditation-Practice.pdf,buddhist_continuity,2,blackswanreprise,Buddhism & Eastern Philosophy,unknown,INDEX_ONLY,metadata_only,article,1judekxkDVSDKndCc1e1hGPp8RO-psDgx,https://drive.google.com/file/d/1judekxkDVSDKndCc1e1hGPp8RO-psDgx/view?usp=drivesdk
Karma,Google Drive,Fundamentals-of-Vipassana-Meditation.pdf,buddhist_continuity,2,blackswanreprise,Buddhism & Eastern Philosophy,unknown,INDEX_ONLY,metadata_only,article,1cX0Q8-yYaUFuUgVcRdEH-bB8B_nfYjTP,https://drive.google.com/file/d/1cX0Q8-yYaUFuUgVcRdEH-bB8B_nfYjTP/view?usp=drivesdk
Karma,Google Drive,G.-Gurdjieffs-Institure-for-the-Harmonious-Development-of-Man.pdf,buddhist_continuity,2,blackswanreprise,Buddhism & Eastern Philosophy; Gurdjieff & Fourth Way,unknown,INDEX_ONLY,metadata_only,article,1o0mHG64VSHGfmtDbNHl9Dr4VUY5faNm2,https://drive.google.com/file/d/1o0mHG64VSHGfmtDbNHl9Dr4VUY5faNm2/view?usp=drivesdk
Karma,Google Drive,Ganadharavada.pdf,buddhist_continuity,2,blackswanreprise,Buddhism & Eastern Philosophy,unknown,INDEX_ONLY,metadata_only,article,15LdtXUeplGCpHKL9MkSgiMLDvJ7TAM4E,https://drive.google.com/file/d/15LdtXUeplGCpHKL9MkSgiMLDvJ7TAM4E/view?usp=drivesdk
Karma,Google Drive,Gifts-He-Left-Behind.pdf,buddhist_continuity,2,blackswanreprise,Buddhism & Eastern Philosophy,unknown,INDEX_ONLY,metadata_only,article,19ZgLXyJtdXtjDhY1ueD7-6wPoa00VqgQ,https://drive.google.com/file/d/19ZgLXyJtdXtjDhY1ueD7-6wPoa00VqgQ/view?usp=drivesdk
Karma,Google Drive,Good-Question-Good-Answer.pdf,buddhist_continuity,2,blackswanreprise,Buddhism & Eastern Philosophy,unknown,INDEX_ONLY,metadata_only,article,1YP2ta6177SS5HaAF5a207v2NVqgvpMpo,https://drive.google.com/file/d/1YP2ta6177SS5HaAF5a207v2NVqgvpMpo/view?usp=drivesdk
Karma,Google Drive,Great-Bliss-Tantric-Sex-and-the-Path-to-Inner-Awakening.pdf,buddhist_continuity,2,blackswanreprise,"Buddhism & Eastern Philosophy; Hinduism, Yoga & Tantra; Mysticism & Spirituality",unknown,INDEX_ONLY,metadata_only,article,1yOL4mdUWB-MIyJ7q2W1RFAs7efjAW2oy,https://drive.google.com/file/d/1yOL4mdUWB-MIyJ7q2W1RFAs7efjAW2oy/view?usp=drivesdk
Karma,Google Drive,Great-Patient-One.pdf,buddhist_continuity,2,blackswanreprise,Buddhism & Eastern Philosophy; Mysticism & Spirituality,unknown,INDEX_ONLY,metadata_only,article,14OONOCbNQpnfBt8S--s9uINilDQNUcMk,https://drive.google.com/file/d/14OONOCbNQpnfBt8S--s9uINilDQNUcMk/view?usp=drivesdk
Karma,Google Drive,Green-Dharma.pdf,buddhist_continuity,2,blackswanreprise,Buddhism & Eastern Philosophy,unknown,INDEX_ONLY,metadata_only,article,1Tbogv_NCB4hahsw1L1FIScLwgb2MwOHl,https://drive.google.com/file/d/1Tbogv_NCB4hahsw1L1FIScLwgb2MwOHl/view?usp=drivesdk
Karma,Google Drive,Guide-To-Advanced-Yoga-Techniques.pdf,buddhist_continuity,2,blackswanreprise,"Buddhism & Eastern Philosophy; Hinduism, Yoga & Tantra",unknown,INDEX_ONLY,metadata_only,article,1pONbHF6jusVc72vyMic-bpi0-8T7aXyC,https://drive.google.com/file/d/1pONbHF6jusVc72vyMic-bpi0-8T7aXyC/view?usp=drivesdk
Karma,Google Drive,Guide-through-the-Abhidhamma-Pitaka.pdf,buddhist_continuity,2,blackswanreprise,Buddhism & Eastern Philosophy,unknown,INDEX_ONLY,metadata_only,article,1rbSiVfy-2OwW8ryft_MUoNmvJzVB_Xna,https://drive.google.com/file/d/1rbSiVfy-2OwW8ryft_MUoNmvJzVB_Xna/view?usp=drivesdk
Karma,Google Drive,Guide-to-Vipassana.pdf,buddhist_continuity,2,blackswanreprise,Buddhism & Eastern Philosophy,unknown,INDEX_ONLY,metadata_only,article,14QMjaIgGFMPINBTh69MBC66-ynxz-2Xz,https://drive.google.com/file/d/14QMjaIgGFMPINBTh69MBC66-ynxz-2Xz/view?usp=drivesdk
Karma,Google Drive,Handful of Leaves VOL I – IV,buddhist_continuity,2,blackswanreprise,Buddhism & Eastern Philosophy,unknown,INDEX_ONLY,metadata_only,unknown,1zgPn3S265lLSV0rk2atjCTIz235j9tpC,https://drive.google.com/drive/folders/1zgPn3S265lLSV0rk2atjCTIz235j9tpC
Karma,Google Drive,Handful-of-leaves-1.pdf,buddhist_continuity,2,blackswanreprise,Buddhism & Eastern Philosophy,unknown,INDEX_ONLY,metadata_only,article,1kSMHsIa2K6B08AOu7iOe87ecT93NFvDL,https://drive.google.com/file/d/1kSMHsIa2K6B08AOu7iOe87ecT93NFvDL/view?usp=drivesdk
Karma,Google Drive,Handful-of-leaves-3.pdf,buddhist_continuity,2,blackswanreprise,Buddhism & Eastern Philosophy,unknown,INDEX_ONLY,metadata_only,article,1NxDE1bj4jV6xFFKx2ELiBFvA_1A3Izy2,https://drive.google.com/file/d/1NxDE1bj4jV6xFFKx2ELiBFvA_1A3Izy2/view?usp=drivesdk
Karma,Google Drive,Handful-of-leaves-II.pdf,buddhist_continuity,2,blackswanreprise,Buddhism & Eastern Philosophy,unknown,INDEX_ONLY,metadata_only,article,1X81LikRVvyLD6N-WUSbsH7vntRq19c66,https://drive.google.com/file/d/1X81LikRVvyLD6N-WUSbsH7vntRq19c66/view?usp=drivesdk
Karma,Google Drive,Handful-of-leaves-IV.pdf,buddhist_continuity,2,blackswanreprise,Buddhism & Eastern Philosophy,unknown,INDEX_ONLY,metadata_only,article,14IdF-3BMn2KAF-HLUMKjuEvJnzK80003,https://drive.google.com/file/d/14IdF-3BMn2KAF-HLUMKjuEvJnzK80003/view?usp=drivesdk
Karma,Google Drive,Head-and-Heart-together.pdf,buddhist_continuity,2,blackswanreprise,Buddhism & Eastern Philosophy; Astral & Esoteric Cosmology,unknown,INDEX_ONLY,metadata_only,article,1qnrO8eJeCpV-HYjL1MLO5yznnPNAMWiA,https://drive.google.com/file/d/1qnrO8eJeCpV-HYjL1MLO5yznnPNAMWiA/view?usp=drivesdk
Karma,Google Drive,Heart-Diamond-and-Lankavatara-Sutras.pdf,buddhist_continuity,2,blackswanreprise,Buddhism & Eastern Philosophy,unknown,INDEX_ONLY,metadata_only,article,1y4tSO2pLVP9Y6KtS91jfIH69YNJG8Jh2,https://drive.google.com/file/d/1y4tSO2pLVP9Y6KtS91jfIH69YNJG8Jh2/view?usp=drivesdk
Karma,Google Drive,Henepola Gunaratana - The Jhanas.pdf,buddhist_continuity,2,blackswanreprise,Buddhism & Eastern Philosophy,unknown,INDEX_ONLY,metadata_only,article,1EGAeBvL-n9NTqdCfLooZXuCYG3RhU35K,https://drive.google.com/file/d/1EGAeBvL-n9NTqdCfLooZXuCYG3RhU35K/view?usp=drivesdk
Karma,Google Drive,History-of-Mysticism.pdf,buddhist_continuity,2,blackswanreprise,Buddhism & Eastern Philosophy; Mysticism & Spirituality; History & Cultural Memory,unknown,INDEX_ONLY,metadata_only,article,1lYh0rQH2APR7y4VRWJBgEbCAxRaxFAdw,https://drive.google.com/file/d/1lYh0rQH2APR7y4VRWJBgEbCAxRaxFAdw/view?usp=drivesdk
Karma,Google Drive,How-To-Develop-Metta.pdf,buddhist_continuity,2,blackswanreprise,Buddhism & Eastern Philosophy,unknown,INDEX_ONLY,metadata_only,article,15Joc9gaHQDZy9cdAxpig3i-xTWv23dOU,https://drive.google.com/file/d/15Joc9gaHQDZy9cdAxpig3i-xTWv23dOU/view?usp=drivesdk
Karma,Google Drive,How-To-Die-With-A-Smile.pdf,buddhist_continuity,2,blackswanreprise,Buddhism & Eastern Philosophy,unknown,INDEX_ONLY,metadata_only,article,1jddYTlbcO1sw5Q86-pC-FORmvIMGQ52g,https://drive.google.com/file/d/1jddYTlbcO1sw5Q86-pC-FORmvIMGQ52g/view?usp=drivesdk
Karma,Google Drive,How-things-Exist-Teachings-on-Emptiness-by-Lama-Zope-Rinpoche.pdf,buddhist_continuity,2,blackswanreprise,Buddhism & Eastern Philosophy,unknown,INDEX_ONLY,metadata_only,article,1Yv1rsjuQ7bMoiifqe8gm8m5wFvaLGWDR,https://drive.google.com/file/d/1Yv1rsjuQ7bMoiifqe8gm8m5wFvaLGWDR/view?usp=drivesdk
Karma,Google Drive,How-to-Practice-the-Buddhadharma.pdf,buddhist_continuity,2,blackswanreprise,Buddhism & Eastern Philosophy,unknown,INDEX_ONLY,metadata_only,article,1Ss2ifazkp6fpbboFF4rIIVnYbyDq2_qZ,https://drive.google.com/file/d/1Ss2ifazkp6fpbboFF4rIIVnYbyDq2_qZ/view?usp=drivesdk
Karma,Google Drive,How-to-generate-Bodhicitta.pdf,buddhist_continuity,2,blackswanreprise,Buddhism & Eastern Philosophy,unknown,INDEX_ONLY,metadata_only,article,1lLp_W8DhdG210cVupSPeBiqjcOUrFPF1,https://drive.google.com/file/d/1lLp_W8DhdG210cVupSPeBiqjcOUrFPF1/view?usp=drivesdk
Karma,Google Drive,Hsin-Hsin-Ming.pdf,buddhist_continuity,2,blackswanreprise,Buddhism & Eastern Philosophy,unknown,INDEX_ONLY,metadata_only,article,1gxUdFCId7yYUusBgYwpMJxQjTHxDO17r,https://drive.google.com/file/d/1gxUdFCId7yYUusBgYwpMJxQjTHxDO17r/view?usp=drivesdk
Karma,Google Drive,Illuminating-the-Excellent-Path-to-Omniscience.pdf,buddhist_continuity,2,blackswanreprise,Buddhism & Eastern Philosophy; Science & Physics; Secret Societies & Conspiracy Literature,unknown,INDEX_ONLY,metadata_only,article,12By3omsKHkMVgvRJdGijSpsDgpKfxCeY,https://drive.google.com/file/d/12By3omsKHkMVgvRJdGijSpsDgpKfxCeY/view?usp=drivesdk
Karma,Google Drive,Illumination-of-the-Path-to-Freedom-by-the-First-Dalai-Lama.pdf,buddhist_continuity,2,blackswanreprise,Buddhism & Eastern Philosophy; Secret Societies & Conspiracy Literature; Law & Political Thought,unknown,INDEX_ONLY,metadata_only,article,1H2aCl2wKK0YgwHTDZjuSMdaUvaXEIGcv,https://drive.google.com/file/d/1H2aCl2wKK0YgwHTDZjuSMdaUvaXEIGcv/view?usp=drivesdk
Karma,Google Drive,Illuminting-the-Path-to-Enlightenment-by-Dalai-Lama.pdf,buddhist_continuity,2,blackswanreprise,Buddhism & Eastern Philosophy,unknown,INDEX_ONLY,metadata_only,article,1Pgjb8MdCaoG5jAGlysMSxlxmcwg9PjLB,https://drive.google.com/file/d/1Pgjb8MdCaoG5jAGlysMSxlxmcwg9PjLB/view?usp=drivesdk
Karma,Google Drive,In-Simple-Terms.pdf,buddhist_continuity,2,blackswanreprise,Buddhism & Eastern Philosophy,unknown,INDEX_ONLY,metadata_only,article,1e8srdv2NaRU56oEK9gSkqaN6V63Lki5j,https://drive.google.com/file/d/1e8srdv2NaRU56oEK9gSkqaN6V63Lki5j/view?usp=drivesdk
Karma,Google Drive,In-the-Elephants-Footprint.pdf,buddhist_continuity,2,blackswanreprise,Buddhism & Eastern Philosophy,unknown,INDEX_ONLY,metadata_only,article,1Src8s7kXRsqRnaut6PJo_j7fZ4bZ9VJD,https://drive.google.com/file/d/1Src8s7kXRsqRnaut6PJo_j7fZ4bZ9VJD/view?usp=drivesdk
Karma,Google Drive,In-the-Spirit-of-Chan-An-Introduction-to-Chan-Buddhism.pdf,buddhist_continuity,2,blackswanreprise,Buddhism & Eastern Philosophy,unknown,INDEX_ONLY,metadata_only,article,1ndJMxmMobZhdvlA0G_ohssa7mJTzjoih,https://drive.google.com/file/d/1ndJMxmMobZhdvlA0G_ohssa7mJTzjoih/view?usp=drivesdk
Karma,Google Drive,In-this-Life-Itself-Practical-Teachings-on-Insight-Meditation.pdf,buddhist_continuity,2,blackswanreprise,Buddhism & Eastern Philosophy,unknown,INDEX_ONLY,metadata_only,article,1NxSopOq9T6VSQpcpMu1JkC0JoB1jwlx9,https://drive.google.com/file/d/1NxSopOq9T6VSQpcpMu1JkC0JoB1jwlx9/view?usp=drivesdk
Karma,Google Drive,Inner-Strength-and-Parting-Gifts.pdf,buddhist_continuity,2,blackswanreprise,Buddhism & Eastern Philosophy,unknown,INDEX_ONLY,metadata_only,article,1OCe12GpFHXddVqwAXdrrkNtT_3S5d6uH,https://drive.google.com/file/d/1OCe12GpFHXddVqwAXdrrkNtT_3S5d6uH/view?usp=drivesdk
Karma,Google Drive,Inner_Listening_-_Ajahn_Amaro.pdf,buddhist_continuity,2,blackswanreprise,Buddhism & Eastern Philosophy,unknown,INDEX_ONLY,metadata_only,article,1EFDMZPxAKT53Hs8CTJQe437YTcgPQy-Z,https://drive.google.com/file/d/1EFDMZPxAKT53Hs8CTJQe437YTcgPQy-Z/view?usp=drivesdk
Karma,Google Drive,Insight-Meditation.pdf,buddhist_continuity,2,blackswanreprise,Buddhism & Eastern Philosophy,unknown,INDEX_ONLY,metadata_only,article,11ELO7V-kVC5Q8mVi6k4oXyvxqfO-wVfs,https://drive.google.com/file/d/11ELO7V-kVC5Q8mVi6k4oXyvxqfO-wVfs/view?usp=drivesdk
Karma,Google Drive,Inspiration-from-Enlightened-Nuns.pdf,buddhist_continuity,2,blackswanreprise,Buddhism & Eastern Philosophy,unknown,INDEX_ONLY,metadata_only,article,1SSTdxXYMn8PAXR7Gb1fxyckSkmoNah1H,https://drive.google.com/file/d/1SSTdxXYMn8PAXR7Gb1fxyckSkmoNah1H/view?usp=drivesdk
Karma,Google Drive,Into-the-Stream.pdf,buddhist_continuity,2,blackswanreprise,Buddhism & Eastern Philosophy,unknown,INDEX_ONLY,metadata_only,article,1fRcitvpJu2rHJIW0F1egVtFUag3PU7R7,https://drive.google.com/file/d/1fRcitvpJu2rHJIW0F1egVtFUag3PU7R7/view?usp=drivesdk
Karma,Google Drive,Introduction-to-Buddhism-and-the-Practice-of-Zazen.pdf,buddhist_continuity,2,blackswanreprise,Buddhism & Eastern Philosophy,unknown,INDEX_ONLY,metadata_only,article,1MteHYAa7W6lRw90NKgL7wUqZZtpY0SWE,https://drive.google.com/file/d/1MteHYAa7W6lRw90NKgL7wUqZZtpY0SWE/view?usp=drivesdk
Karma,Google Drive,Introduction-to-Insight-Meditation.pdf,buddhist_continuity,2,blackswanreprise,Buddhism & Eastern Philosophy,unknown,INDEX_ONLY,metadata_only,article,1hQAvM6dcVRyeF-otoY1DUW7wW2GBMhbv,https://drive.google.com/file/d/1hQAvM6dcVRyeF-otoY1DUW7wW2GBMhbv/view?usp=drivesdk
Karma,Google Drive,Itivuttaka.pdf,buddhist_continuity,2,blackswanreprise,Buddhism & Eastern Philosophy,unknown,INDEX_ONLY,metadata_only,article,1g2-r7haXbHULnpBARQriWbgRVP8Y9kFA,https://drive.google.com/file/d/1g2-r7haXbHULnpBARQriWbgRVP8Y9kFA/view?usp=drivesdk
Karma,Google Drive,Its-Like-This.pdf,buddhist_continuity,2,blackswanreprise,Buddhism & Eastern Philosophy,unknown,INDEX_ONLY,metadata_only,article,1uOBd12BIwV1T8duylVC3fCJdkkfsU0L1,https://drive.google.com/file/d/1uOBd12BIwV1T8duylVC3fCJdkkfsU0L1/view?usp=drivesdk
Karma,Google Drive,Jamme-Tulku-History.pdf,buddhist_continuity,2,blackswanreprise,Buddhism & Eastern Philosophy; History & Cultural Memory,unknown,INDEX_ONLY,metadata_only,article,1Vjs4B3UufhoWkxGqCsasjR5VOYC8lt8C,https://drive.google.com/file/d/1Vjs4B3UufhoWkxGqCsasjR5VOYC8lt8C/view?usp=drivesdk
Karma,Google Drive,Jamyang-Khyentse-Wangpo-the-Great-1820-92.pdf,buddhist_continuity,2,blackswanreprise,Buddhism & Eastern Philosophy,unknown,INDEX_ONLY,metadata_only,article,1DVUuwwVxnQuCAV_9DT-GvDW-ySY6p_Ol,https://drive.google.com/file/d/1DVUuwwVxnQuCAV_9DT-GvDW-ySY6p_Ol/view?usp=drivesdk
Karma,Google Drive,Journey-into-Burmese-Silence.pdf,buddhist_continuity,2,blackswanreprise,Buddhism & Eastern Philosophy,unknown,INDEX_ONLY,metadata_only,article,1UwcRxcXC_AUoY8q-Dv0POHJWALJaoPMX,https://drive.google.com/file/d/1UwcRxcXC_AUoY8q-Dv0POHJWALJaoPMX/view?usp=drivesdk
Karma,Google Drive,Joyful-Parents-Succesful-children.pdf,buddhist_continuity,2,blackswanreprise,Buddhism & Eastern Philosophy,unknown,INDEX_ONLY,metadata_only,article,1xDvRSPgxk3A_Y_7XbUSyD9l13n5iIquR,https://drive.google.com/file/d/1xDvRSPgxk3A_Y_7XbUSyD9l13n5iIquR/view?usp=drivesdk
Karma,Google Drive,Kadampa-Teachings-by-Lama-Zopa-Rinpoche.pdf,buddhist_continuity,2,blackswanreprise,Buddhism & Eastern Philosophy,unknown,INDEX_ONLY,metadata_only,article,1VDnEeevycxM15Bv8FHTjcERjcMaZwhrr,https://drive.google.com/file/d/1VDnEeevycxM15Bv8FHTjcERjcMaZwhrr/view?usp=drivesdk
Karma,Google Drive,Kamma-and-the-end-of-Kamma-Ajahn-Sucitto.pdf,buddhist_continuity,2,blackswanreprise,Buddhism & Eastern Philosophy,unknown,INDEX_ONLY,metadata_only,article,1i22U94SoRYeEeMQxhLIfNWT7e9TzzutB,https://drive.google.com/file/d/1i22U94SoRYeEeMQxhLIfNWT7e9TzzutB/view?usp=drivesdk
Karma,Google Drive,Karma_Yoga_-_By_Swami_Vivekananda.pdf,karma,2,blackswanreprise,"Hinduism, Yoga & Tantra",unknown,INDEX_ONLY,metadata_only,article,1RpbOecR5V_rjqUrsRScm3GnhkV7sFXIY,https://drive.google.com/file/d/1RpbOecR5V_rjqUrsRScm3GnhkV7sFXIY/view?usp=drivesdk
Karma,Google Drive,Keeping-the-Breath-in-Mind-Lessons-in-Samadhi.pdf,buddhist_continuity,2,blackswanreprise,Buddhism & Eastern Philosophy; Consciousness & Mind,unknown,INDEX_ONLY,metadata_only,article,1C0e6aWeklsNyCCsEnB9NjADpm9ClcZLK,https://drive.google.com/file/d/1C0e6aWeklsNyCCsEnB9NjADpm9ClcZLK/view?usp=drivesdk
Karma,Google Drive,Knowing-and-Seeing.pdf,buddhist_continuity,2,blackswanreprise,Buddhism & Eastern Philosophy,unknown,INDEX_ONLY,metadata_only,article,1izVND0QGzuMdDqn63zY-n1pF9GIA5Gzx,https://drive.google.com/file/d/1izVND0QGzuMdDqn63zY-n1pF9GIA5Gzx/view?usp=drivesdk
Karma,Google Drive,Kularnava-Tantra.pdf,buddhist_continuity,2,blackswanreprise,"Buddhism & Eastern Philosophy; Hinduism, Yoga & Tantra",unknown,INDEX_ONLY,metadata_only,article,15M9E9oaUrxKQ7IpnY0eZOM-F1atfYozR,https://drive.google.com/file/d/15M9E9oaUrxKQ7IpnY0eZOM-F1atfYozR/view?usp=drivesdk
Karma,Google Drive,Kundalini-and-Yantra.pdf,buddhist_continuity,2,blackswanreprise,Buddhism & Eastern Philosophy,unknown,INDEX_ONLY,metadata_only,article,1UfwwkH7L19Yy6HXE-DH0VfDYni6b-lPv,https://drive.google.com/file/d/1UfwwkH7L19Yy6HXE-DH0VfDYni6b-lPv/view?usp=drivesdk
Karma,Google Drive,Lamdre-Dawn-of-Enlightenment.pdf,buddhist_continuity,2,blackswanreprise,Buddhism & Eastern Philosophy,unknown,INDEX_ONLY,metadata_only,article,1hCDxLPv4dlpIzgk7j7v8s8a-fx4X4NCf,https://drive.google.com/file/d/1hCDxLPv4dlpIzgk7j7v8s8a-fx4X4NCf/view?usp=drivesdk
Karma,Google Drive,Language-Thought-and-Logical-Paradoxes.pdf,buddhist_continuity,2,blackswanreprise,Buddhism & Eastern Philosophy; Metaphysics & Philosophy; Language & Etymology,unknown,INDEX_ONLY,metadata_only,article,1iwsXACyg9mhx3m1KgBsUj9CO8uuzqB8W,https://drive.google.com/file/d/1iwsXACyg9mhx3m1KgBsUj9CO8uuzqB8W/view?usp=drivesdk
Karma,Google Drive,Lao-tse-The-Tao-Teh-King.pdf,buddhist_continuity,2,blackswanreprise,Buddhism & Eastern Philosophy; Taoism,unknown,INDEX_ONLY,metadata_only,article,1i2HwuQHpviYvIh16qTp1vXsh8uxoBHxf,https://drive.google.com/file/d/1i2HwuQHpviYvIh16qTp1vXsh8uxoBHxf/view?usp=drivesdk
Karma,Google Drive,Life-of-inner-Quality-by-Maha-Boowa.pdf,buddhist_continuity,2,blackswanreprise,Buddhism & Eastern Philosophy,unknown,INDEX_ONLY,metadata_only,article,111GMLCiToT3gPGEHHRho_FDKkODNTnJa,https://drive.google.com/file/d/111GMLCiToT3gPGEHHRho_FDKkODNTnJa/view?usp=drivesdk
Karma,Google Drive,Living-Nonduality.pdf,buddhist_continuity,2,blackswanreprise,Buddhism & Eastern Philosophy; Dzogchen & Non-duality; Consciousness & Mind; Non-duality / Liberation,unknown,INDEX_ONLY,metadata_only,article,1Solmwy-KyITnlxO0tPFvdWKLtyYSTUuB,https://drive.google.com/file/d/1Solmwy-KyITnlxO0tPFvdWKLtyYSTUuB/view?usp=drivesdk
Karma,Google Drive,Luang_Por_Liem-Walking_with_Awareness.pdf,buddhist_continuity,2,blackswanreprise,Buddhism & Eastern Philosophy; Consciousness & Mind,unknown,INDEX_ONLY,metadata_only,article,1pA8NXXST77qDTZPloFs_dlzN5pmT1cLG,https://drive.google.com/file/d/1pA8NXXST77qDTZPloFs_dlzN5pmT1cLG/view?usp=drivesdk
Karma,Google Drive,Mae-Chee-Kaew-Her-Journey-to-Spiritual-Awakening-Enlightenment.pdf,buddhist_continuity,2,blackswanreprise,Buddhism & Eastern Philosophy; Mysticism & Spirituality,unknown,INDEX_ONLY,metadata_only,article,1cvNaQlaIysdsjT2Bu2CrTRryiv8O9KLo,https://drive.google.com/file/d/1cvNaQlaIysdsjT2Bu2CrTRryiv8O9KLo/view?usp=drivesdk
Karma,Google Drive,Maha-Satipatthana-Sutta.pdf,buddhist_continuity,2,blackswanreprise,Buddhism & Eastern Philosophy,unknown,INDEX_ONLY,metadata_only,article,146PrlxGvOJZGdrUTz9oE2wezmX-4ZVq7,https://drive.google.com/file/d/146PrlxGvOJZGdrUTz9oE2wezmX-4ZVq7/view?usp=drivesdk
Karma,Google Drive,Mahasi-Sayadaw-TheSatipatthanaVipassanaMeditation.pdf,buddhist_continuity,2,blackswanreprise,Buddhism & Eastern Philosophy,unknown,INDEX_ONLY,metadata_only,article,10TUx-h1sQIt4-5D3F-18tkNLXCV4NZXg,https://drive.google.com/file/d/10TUx-h1sQIt4-5D3F-18tkNLXCV4NZXg/view?usp=drivesdk
Karma,Google Drive,Majjhima-Nikaya.pdf,buddhist_continuity,2,blackswanreprise,Buddhism & Eastern Philosophy,unknown,INDEX_ONLY,metadata_only,article,1--UY0p9XKVU2DqzjPhDgBLICIIVoo8V0,https://drive.google.com/file/d/1--UY0p9XKVU2DqzjPhDgBLICIIVoo8V0/view?usp=drivesdk
Karma,Google Drive,Make-Your-Mind-an-Ocean.pdf,buddhist_continuity,2,blackswanreprise,Buddhism & Eastern Philosophy; Consciousness & Mind,unknown,INDEX_ONLY,metadata_only,article,1HrNsPSQEu_3RedI9SsLPGnVHVquqoLkn,https://drive.google.com/file/d/1HrNsPSQEu_3RedI9SsLPGnVHVquqoLkn/view?usp=drivesdk
Karma,Google Drive,Making-life-Meaningful.pdf,buddhist_continuity,2,blackswanreprise,Buddhism & Eastern Philosophy,unknown,INDEX_ONLY,metadata_only,article,1PA8QMV9dZTfDHY-E74b9k_0jMCwZwbiJ,https://drive.google.com/file/d/1PA8QMV9dZTfDHY-E74b9k_0jMCwZwbiJ/view?usp=drivesdk
Karma,Google Drive,Making-sense-of-Tantra.pdf,buddhist_continuity,2,blackswanreprise,"Buddhism & Eastern Philosophy; Hinduism, Yoga & Tantra",unknown,INDEX_ONLY,metadata_only,article,1ENnob61Pm1x6mqaJ-VLBCnUb1C38BcJV,https://drive.google.com/file/d/1ENnob61Pm1x6mqaJ-VLBCnUb1C38BcJV/view?usp=drivesdk
Karma,Google Drive,Manual-of-Zen-Buddhism.pdf,buddhist_continuity,2,blackswanreprise,Buddhism & Eastern Philosophy,unknown,INDEX_ONLY,metadata_only,article,1de4gLTefI03CqAi1BHWnW6abs8voy-SE,https://drive.google.com/file/d/1de4gLTefI03CqAi1BHWnW6abs8voy-SE/view?usp=drivesdk
Karma,Google Drive,Map-of-the-Journey.pdf,buddhist_continuity,2,blackswanreprise,Buddhism & Eastern Philosophy,unknown,INDEX_ONLY,metadata_only,article,1QIGCXxUYCbvbdQb6J7iZ30U12Lf2unU-,https://drive.google.com/file/d/1QIGCXxUYCbvbdQb6J7iZ30U12Lf2unU-/view?usp=drivesdk
Karma,Google Drive,Mastering-the-Core-Teachings-of-the-Buddha-1.pdf-version-Revised-2008-version1.pdf,buddhist_continuity,2,blackswanreprise,Buddhism & Eastern Philosophy,unknown,INDEX_ONLY,metadata_only,article,1xh7Xb0UdH_yme_Q8wOpZRwW7LKvjOxPm,https://drive.google.com/file/d/1xh7Xb0UdH_yme_Q8wOpZRwW7LKvjOxPm/view?usp=drivesdk
Karma,Google Drive,Max-Cafard-Zen-Anarchy.pdf,buddhist_continuity,2,blackswanreprise,Buddhism & Eastern Philosophy; Literature & Biography,unknown,INDEX_ONLY,metadata_only,article,1wGEFbx9yXFwOpJDHfX0fLwL2RtVOdx7_,https://drive.google.com/file/d/1wGEFbx9yXFwOpJDHfX0fLwL2RtVOdx7_/view?usp=drivesdk
Karma,Google Drive,Max-Cafard-Zen-Anarchy.pdf,buddhist_continuity,2,blackswanreprise,Buddhism & Eastern Philosophy,unknown,INDEX_ONLY,metadata_only,article,1wQiZBYJ6i50c1VT11i5uSkJJL0A-5_ff,https://drive.google.com/file/d/1wQiZBYJ6i50c1VT11i5uSkJJL0A-5_ff/view?usp=drivesdk
Karma,Google Drive,Meditation-On-Mind-And-Feeling.pdf,buddhist_continuity,2,blackswanreprise,Buddhism & Eastern Philosophy; Consciousness & Mind,unknown,INDEX_ONLY,metadata_only,article,1Io4Dc6bQAvRzX7Tq56pDqN-qiHySAPvB,https://drive.google.com/file/d/1Io4Dc6bQAvRzX7Tq56pDqN-qiHySAPvB/view?usp=drivesdk
Karma,Google Drive,Meditations VOL I-V,buddhist_continuity,2,blackswanreprise,Buddhism & Eastern Philosophy,unknown,INDEX_ONLY,metadata_only,unknown,1UM1iRxoG04JJ2I647hJT6KPhyIPe4V4K,https://drive.google.com/drive/folders/1UM1iRxoG04JJ2I647hJT6KPhyIPe4V4K
Karma,Google Drive,Meditations1.pdf,buddhist_continuity,2,blackswanreprise,Buddhism & Eastern Philosophy,unknown,INDEX_ONLY,metadata_only,article,1dHLmUhXbxzubkpz8yyNsc4jPWUDIF-JA,https://drive.google.com/file/d/1dHLmUhXbxzubkpz8yyNsc4jPWUDIF-JA/view?usp=drivesdk
Karma,Google Drive,Meditations2.pdf,buddhist_continuity,2,blackswanreprise,Buddhism & Eastern Philosophy,unknown,INDEX_ONLY,metadata_only,article,1eJa_Sr6bdnbtiTCKL-FjxZPmaFoGbb1i,https://drive.google.com/file/d/1eJa_Sr6bdnbtiTCKL-FjxZPmaFoGbb1i/view?usp=drivesdk
Karma,Google Drive,Meditations3.pdf,buddhist_continuity,2,blackswanreprise,Buddhism & Eastern Philosophy,unknown,INDEX_ONLY,metadata_only,article,1OjH3I2D9exTjUwgeh9KsKcDJqMMsu4sE,https://drive.google.com/file/d/1OjH3I2D9exTjUwgeh9KsKcDJqMMsu4sE/view?usp=drivesdk
Karma,Google Drive,Meditations4.pdf,buddhist_continuity,2,blackswanreprise,Buddhism & Eastern Philosophy,unknown,INDEX_ONLY,metadata_only,article,1wv4KKtUdaMpZwAGuDL2gBBRh4qxOo4y2,https://drive.google.com/file/d/1wv4KKtUdaMpZwAGuDL2gBBRh4qxOo4y2/view?usp=drivesdk
Karma,Google Drive,Meditations5.pdf,buddhist_continuity,2,blackswanreprise,Buddhism & Eastern Philosophy,unknown,INDEX_ONLY,metadata_only,article,1phrVTClVdhiep6omsiAG9Rd5QkTGcpWa,https://drive.google.com/file/d/1phrVTClVdhiep6omsiAG9Rd5QkTGcpWa/view?usp=drivesdk
Karma,Google Drive,MinGunSayadawGyi-TGC-V1P1.pdf,buddhist_continuity,2,blackswanreprise,Buddhism & Eastern Philosophy,unknown,INDEX_ONLY,metadata_only,article,1B620gJLsqlwt9M7nNl5nVnXmdXvIypXt,https://drive.google.com/file/d/1B620gJLsqlwt9M7nNl5nVnXmdXvIypXt/view?usp=drivesdk
Karma,Google Drive,MinGunSayadawGyi-TGC-V1P2.pdf,buddhist_continuity,2,blackswanreprise,Buddhism & Eastern Philosophy,unknown,INDEX_ONLY,metadata_only,article,1ptF62KXONAQRrciSdf4wSLw2ZPtn8fUD,https://drive.google.com/file/d/1ptF62KXONAQRrciSdf4wSLw2ZPtn8fUD/view?usp=drivesdk
Karma,Google Drive,MinGunSayadawGyi-TGC-V2P1.pdf,buddhist_continuity,2,blackswanreprise,Buddhism & Eastern Philosophy,unknown,INDEX_ONLY,metadata_only,article,1VcEQPjVAdrGIWj404t3cHYFoXJVOxSHW,https://drive.google.com/file/d/1VcEQPjVAdrGIWj404t3cHYFoXJVOxSHW/view?usp=drivesdk
Karma,Google Drive,MinGunSayadawGyi-TGC-V2P2.pdf,buddhist_continuity,2,blackswanreprise,Buddhism & Eastern Philosophy,unknown,INDEX_ONLY,metadata_only,article,1c2XwqFR2bE-i8UU9y9KkVgm3MvvvToAM,https://drive.google.com/file/d/1c2XwqFR2bE-i8UU9y9KkVgm3MvvvToAM/view?usp=drivesdk
Karma,Google Drive,MinGunSayadawGyi-TGC-V3.pdf,buddhist_continuity,2,blackswanreprise,Buddhism & Eastern Philosophy,unknown,INDEX_ONLY,metadata_only,article,1NFFW9k3xBEubWrGEtaQ61vq9nX5FmYo0,https://drive.google.com/file/d/1NFFW9k3xBEubWrGEtaQ61vq9nX5FmYo0/view?usp=drivesdk
Karma,Google Drive,MinGunSayadawGyi-TGC-V4.pdf,buddhist_continuity,2,blackswanreprise,Buddhism & Eastern Philosophy,unknown,INDEX_ONLY,metadata_only,article,1gqPxbX5OcmXcKELEB0pOdIxvcyaFqXry,https://drive.google.com/file/d/1gqPxbX5OcmXcKELEB0pOdIxvcyaFqXry/view?usp=drivesdk
Karma,Google Drive,MinGunSayadawGyi-TGC-V5.pdf,buddhist_continuity,2,blackswanreprise,Buddhism & Eastern Philosophy,unknown,INDEX_ONLY,metadata_only,article,1OQiMSR4-egOHiTzS4hcTgx09ZbwAPLJs,https://drive.google.com/file/d/1OQiMSR4-egOHiTzS4hcTgx09ZbwAPLJs/view?usp=drivesdk
Karma,Google Drive,MinGunSayadawGyi-TGC-V6P1.pdf,buddhist_continuity,2,blackswanreprise,Buddhism & Eastern Philosophy,unknown,INDEX_ONLY,metadata_only,article,1wAhRuwJQ_iFWBka-88-LkMtq4qOJNHvy,https://drive.google.com/file/d/1wAhRuwJQ_iFWBka-88-LkMtq4qOJNHvy/view?usp=drivesdk
Karma,Google Drive,MinGunSayadawGyi-TGC-V6P2.pdf,buddhist_continuity,2,blackswanreprise,Buddhism & Eastern Philosophy,unknown,INDEX_ONLY,metadata_only,article,1XmhFejQKhqVUaD6Y_k0HvNOyBhZ3Bi7H,https://drive.google.com/file/d/1XmhFejQKhqVUaD6Y_k0HvNOyBhZ3Bi7H/view?usp=drivesdk
Karma,Google Drive,Mindfulness-Precepts-Crashing-in-the-Same-Car-Ajahn-Jayasaro.pdf,buddhist_continuity,2,blackswanreprise,Buddhism & Eastern Philosophy; Consciousness & Mind,unknown,INDEX_ONLY,metadata_only,article,1nrfiGL56JOEh36UsW89x9I6IyC4Ozr-r,https://drive.google.com/file/d/1nrfiGL56JOEh36UsW89x9I6IyC4Ozr-r/view?usp=drivesdk
Karma,Google Drive,Mindfulness-in-plain-English.pdf,buddhist_continuity,2,blackswanreprise,Buddhism & Eastern Philosophy; Consciousness & Mind,unknown,INDEX_ONLY,metadata_only,article,1sM0nKwSqxoA_iGHKsk80QaLOqx2pOgKO,https://drive.google.com/file/d/1sM0nKwSqxoA_iGHKsk80QaLOqx2pOgKO/view?usp=drivesdk
Karma,Google Drive,Mindfulness-while-Breathing.pdf,buddhist_continuity,2,blackswanreprise,Buddhism & Eastern Philosophy; Consciousness & Mind,unknown,INDEX_ONLY,metadata_only,article,1jzctlpe-lNoAHGpiqVc3ay-yAx-c4b72,https://drive.google.com/file/d/1jzctlpe-lNoAHGpiqVc3ay-yAx-c4b72/view?usp=drivesdk
Karma,Google Drive,Mirror-of-Wisdom.pdf,buddhist_continuity,2,blackswanreprise,Buddhism & Eastern Philosophy,unknown,INDEX_ONLY,metadata_only,article,1gE5LZTo2yNbecTGqTdg5iHJHMMASydoF,https://drive.google.com/file/d/1gE5LZTo2yNbecTGqTdg5iHJHMMASydoF/view?usp=drivesdk
Karma,Google Drive,Modern Buddhism – the Path of Compassion and Wisdom,buddhist_continuity,2,blackswanreprise,Buddhism & Eastern Philosophy,unknown,INDEX_ONLY,metadata_only,unknown,1xZ-Z1S0nYSzg7ftGvVUUuUxs-dDgf_ci,https://drive.google.com/drive/folders/1xZ-Z1S0nYSzg7ftGvVUUuUxs-dDgf_ci
Karma,Google Drive,Modern-Buddhism-Volume-I.pdf,buddhist_continuity,2,blackswanreprise,Buddhism & Eastern Philosophy,unknown,INDEX_ONLY,metadata_only,article,1-875ao8WXqBnb9YOtUc0s7iDrpeeutWd,https://drive.google.com/file/d/1-875ao8WXqBnb9YOtUc0s7iDrpeeutWd/view?usp=drivesdk
Karma,Google Drive,Modern-Buddhism-Volume-II.pdf,buddhist_continuity,2,blackswanreprise,Buddhism & Eastern Philosophy,unknown,INDEX_ONLY,metadata_only,article,1Fi4DifEtR8HTDcrQT2ZOYeuvq_vIbJNL,https://drive.google.com/file/d/1Fi4DifEtR8HTDcrQT2ZOYeuvq_vIbJNL/view?usp=drivesdk
Karma,Google Drive,Modern-Buddhism-Volume-III.pdf,buddhist_continuity,2,blackswanreprise,Buddhism & Eastern Philosophy,unknown,INDEX_ONLY,metadata_only,article,1_WRtmCPWXkb4nNAh1WiY3C3H_jj0LUA2,https://drive.google.com/file/d/1_WRtmCPWXkb4nNAh1WiY3C3H_jj0LUA2/view?usp=drivesdk
Karma,Google Drive,Nalinikas-story.pdf,buddhist_continuity,2,blackswanreprise,Buddhism & Eastern Philosophy,unknown,INDEX_ONLY,metadata_only,article,1S0OIQ7HJ_mn_8qCcDYb4tm-BA7I8hPER,https://drive.google.com/file/d/1S0OIQ7HJ_mn_8qCcDYb4tm-BA7I8hPER/view?usp=drivesdk
Karma,Google Drive,Nanavira-Clearing-the-Path.pdf,buddhist_continuity,2,blackswanreprise,Buddhism & Eastern Philosophy,unknown,INDEX_ONLY,metadata_only,article,1tabOrPT6yftzrvGuKoF_D7slI3S8Wpt8,https://drive.google.com/file/d/1tabOrPT6yftzrvGuKoF_D7slI3S8Wpt8/view?usp=drivesdk
Karma,Google Drive,Nanavira_Thera-Clearing_the_Path.pdf,buddhist_continuity,2,blackswanreprise,Buddhism & Eastern Philosophy,unknown,INDEX_ONLY,metadata_only,article,1sXdaty6rDLuu8oZerDLq43NpP627DqX8,https://drive.google.com/file/d/1sXdaty6rDLuu8oZerDLq43NpP627DqX8/view?usp=drivesdk
Karma,Google Drive,Natures-Finer-Forces-The-Science-of-Breath-Rama-Prasad.pdf,buddhist_continuity,2,blackswanreprise,Buddhism & Eastern Philosophy; Science & Physics,unknown,INDEX_ONLY,metadata_only,article,1ieTwBN0WQbKI4ooMTzoR1HQFzAsHjq0W,https://drive.google.com/file/d/1ieTwBN0WQbKI4ooMTzoR1HQFzAsHjq0W/view?usp=drivesdk
Karma,Google Drive,Nectar-of-Sunyata.pdf,buddhist_continuity,2,blackswanreprise,Buddhism & Eastern Philosophy,unknown,INDEX_ONLY,metadata_only,article,1hDpvvLympainEAr7tKUPfdKcK2akr0uM,https://drive.google.com/file/d/1hDpvvLympainEAr7tKUPfdKcK2akr0uM/view?usp=drivesdk
Karma,Google Drive,Nibbana-In-Theravada-Perspective-by-Dr-U-Dhammapiya.pdf,buddhist_continuity,2,blackswanreprise,Buddhism & Eastern Philosophy,unknown,INDEX_ONLY,metadata_only,article,1LiWTY6Xc1COb4BWIo7hkFF_31bwjS98O,https://drive.google.com/file/d/1LiWTY6Xc1COb4BWIo7hkFF_31bwjS98O/view?usp=drivesdk
Karma,Google Drive,No-Inner-Core.pdf,buddhist_continuity,2,blackswanreprise,Buddhism & Eastern Philosophy,unknown,INDEX_ONLY,metadata_only,article,1lyz3JU9r4pYa6MDDYXalVeLQHIQ68tB5,https://drive.google.com/file/d/1lyz3JU9r4pYa6MDDYXalVeLQHIQ68tB5/view?usp=drivesdk
Karma,Google Drive,No-One-Can-Replace-the-Citta.pdf,buddhist_continuity,2,blackswanreprise,Buddhism & Eastern Philosophy,unknown,INDEX_ONLY,metadata_only,article,10iKmeweWZv6k31FJzh-kg-rZTjEhDA2x,https://drive.google.com/file/d/10iKmeweWZv6k31FJzh-kg-rZTjEhDA2x/view?usp=drivesdk
Karma,Google Drive,No-Worries.pdf,buddhist_continuity,2,blackswanreprise,Buddhism & Eastern Philosophy,unknown,INDEX_ONLY,metadata_only,article,1z2ZXQWHtrFstcuUrdZFvV-iyO_Ioh6Zf,https://drive.google.com/file/d/1z2ZXQWHtrFstcuUrdZFvV-iyO_Ioh6Zf/view?usp=drivesdk
Karma,Google Drive,Noble-Warrior.pdf,buddhist_continuity,2,blackswanreprise,Buddhism & Eastern Philosophy,unknown,INDEX_ONLY,metadata_only,article,17UY0FI1cM5-p75BaRffpVED8s06vZs6p,https://drive.google.com/file/d/17UY0FI1cM5-p75BaRffpVED8s06vZs6p/view?usp=drivesdk
Karma,Google Drive,Noble-and-True.pdf,buddhist_continuity,2,blackswanreprise,Buddhism & Eastern Philosophy,unknown,INDEX_ONLY,metadata_only,article,1tnKtqeXF9skrftLsrUZwWafD4U25Za0f,https://drive.google.com/file/d/1tnKtqeXF9skrftLsrUZwWafD4U25Za0f/view?usp=drivesdk
Karma,Google Drive,Non-violence.pdf,buddhist_continuity,2,blackswanreprise,Buddhism & Eastern Philosophy,unknown,INDEX_ONLY,metadata_only,article,10eu4n5jVKkIOLW3ogxYnKlICaKEsKaDQ,https://drive.google.com/file/d/10eu4n5jVKkIOLW3ogxYnKlICaKEsKaDQ/view?usp=drivesdk
Karma,Google Drive,On-the-Path-to-Freedom.pdf,buddhist_continuity,2,blackswanreprise,Buddhism & Eastern Philosophy; Law & Political Thought,unknown,INDEX_ONLY,metadata_only,article,1-Y4wPunodonYZqY0ZgEqIrDpg0qhKl3E,https://drive.google.com/file/d/1-Y4wPunodonYZqY0ZgEqIrDpg0qhKl3E/view?usp=drivesdk
Karma,Google Drive,OnThePath180109.pdf,buddhist_continuity,2,blackswanreprise,Buddhism & Eastern Philosophy,unknown,INDEX_ONLY,metadata_only,article,1LKE6F6zdAzVXfBIpRSOdHeEJNtPa8WqV,https://drive.google.com/file/d/1LKE6F6zdAzVXfBIpRSOdHeEJNtPa8WqV/view?usp=drivesdk
Karma,Google Drive,Outlines-of-Mahayana-Buddhism.pdf,buddhist_continuity,2,blackswanreprise,Buddhism & Eastern Philosophy,unknown,INDEX_ONLY,metadata_only,article,1-V6RLDmE9pomWE65NZUD6ZTcJVXsfWTN,https://drive.google.com/file/d/1-V6RLDmE9pomWE65NZUD6ZTcJVXsfWTN/view?usp=drivesdk
Karma,Google Drive,Parayanavagga-The-Way-to-the-Beyond.pdf,buddhist_continuity,2,blackswanreprise,Buddhism & Eastern Philosophy,unknown,INDEX_ONLY,metadata_only,article,1916gCsl1N1WamT5nFv9jYSA14QphLVHR,https://drive.google.com/file/d/1916gCsl1N1WamT5nFv9jYSA14QphLVHR/view?usp=drivesdk
Karma,Google Drive,Patanjali-Yoga-Sutras-in-Lingo-The-Liberation-of-Spirit-in-Modern-Metaphors.pdf,buddhist_continuity,2,blackswanreprise,"Buddhism & Eastern Philosophy; Hinduism, Yoga & Tantra",unknown,INDEX_ONLY,metadata_only,article,1EAN2_5pNDHxrvYNJELR_MOk6Undr8gYB,https://drive.google.com/file/d/1EAN2_5pNDHxrvYNJELR_MOk6Undr8gYB/view?usp=drivesdk
Karma,Google Drive,Pilgrim-Kamanita-by-Karl-Gjellerup.pdf,buddhist_continuity,2,blackswanreprise,Buddhism & Eastern Philosophy,unknown,INDEX_ONLY,metadata_only,article,16eCT-aUWc7HUFkLvL7Jdv49QCeh7XJAE,https://drive.google.com/file/d/16eCT-aUWc7HUFkLvL7Jdv49QCeh7XJAE/view?usp=drivesdk
Karma,Google Drive,Practical-Vipassana-Exercises.pdf,buddhist_continuity,2,blackswanreprise,Buddhism & Eastern Philosophy,unknown,INDEX_ONLY,metadata_only,article,1foIepBjQOAb7nQkv0V9_Ckf4PydGWkDY,https://drive.google.com/file/d/1foIepBjQOAb7nQkv0V9_Ckf4PydGWkDY/view?usp=drivesdk
Karma,Google Drive,Praises-to-the-Twenty-one-Taras.pdf,buddhist_continuity,2,blackswanreprise,Buddhism & Eastern Philosophy,unknown,INDEX_ONLY,metadata_only,article,1Vy0QbAc37qDzYbhkMKPiQqeL3EpQn7mm,https://drive.google.com/file/d/1Vy0QbAc37qDzYbhkMKPiQqeL3EpQn7mm/view?usp=drivesdk
Karma,Google Drive,Preksha-Dhyana-Perception-of-Psychic-Colours.pdf,buddhist_continuity,2,blackswanreprise,Buddhism & Eastern Philosophy,unknown,INDEX_ONLY,metadata_only,article,1opFq7DUbXWY1AsRG7h1rz_QZBw8vYyeC,https://drive.google.com/file/d/1opFq7DUbXWY1AsRG7h1rz_QZBw8vYyeC/view?usp=drivesdk
Karma,Google Drive,Pressing-Out-Pure-Honey.pdf,buddhist_continuity,2,blackswanreprise,Buddhism & Eastern Philosophy,unknown,INDEX_ONLY,metadata_only,article,1Bu7L3l7u_mJMtBmo0sn_8E9xU8iMskcT,https://drive.google.com/file/d/1Bu7L3l7u_mJMtBmo0sn_8E9xU8iMskcT/view?usp=drivesdk
Karma,Google Drive,Pure-Land-Buddhism-Dialogs-with-Ancient-Masters.pdf,buddhist_continuity,2,blackswanreprise,Buddhism & Eastern Philosophy; Ancient Civilisations,unknown,INDEX_ONLY,metadata_only,article,1HktvKV0HmzJOjbPHa6pgDaaF5tegKm4k,https://drive.google.com/file/d/1HktvKV0HmzJOjbPHa6pgDaaF5tegKm4k/view?usp=drivesdk
Karma,Google Drive,Pure-Land-Zen-Zen-Pure-land.pdf,buddhist_continuity,2,blackswanreprise,Buddhism & Eastern Philosophy,unknown,INDEX_ONLY,metadata_only,article,1VpUB0SllNW6WH13cJX-SwHcFN8LH5u3C,https://drive.google.com/file/d/1VpUB0SllNW6WH13cJX-SwHcFN8LH5u3C/view?usp=drivesdk
Karma,Google Drive,Purity-of-Heart.pdf,buddhist_continuity,2,blackswanreprise,Buddhism & Eastern Philosophy,unknown,INDEX_ONLY,metadata_only,article,1xvam02klgjIofQN6-B2DHZb3LG1SHbFi,https://drive.google.com/file/d/1xvam02klgjIofQN6-B2DHZb3LG1SHbFi/view?usp=drivesdk
Karma,Google Drive,Rain_on_the_Nile_web.pdf,buddhist_continuity,2,blackswanreprise,Buddhism & Eastern Philosophy,unknown,INDEX_ONLY,metadata_only,article,1WFXnrBtsdet5RyiJsOYktxz4I1LH-pEL,https://drive.google.com/file/d/1WFXnrBtsdet5RyiJsOYktxz4I1LH-pEL/view?usp=drivesdk
Karma,Google Drive,Ramayana,buddhist_continuity,2,blackswanreprise,Buddhism & Eastern Philosophy,unknown,INDEX_ONLY,metadata_only,unknown,1EkGkt7we-mnMOmXiuBl-WJOe7zkgh7KC,https://drive.google.com/drive/folders/1EkGkt7we-mnMOmXiuBl-WJOe7zkgh7KC
Karma,Google Drive,Ramayana-VOL-1-Bala-Ayodhya-Kanda.pdf,buddhist_continuity,2,blackswanreprise,Buddhism & Eastern Philosophy,unknown,INDEX_ONLY,metadata_only,article,18A9PU8mj4b7CUaMiaf-nfws9MWupdZqW,https://drive.google.com/file/d/18A9PU8mj4b7CUaMiaf-nfws9MWupdZqW/view?usp=drivesdk
Karma,Google Drive,Ramayana-VOL-2-Aranya-Kishkindha-Sundara-Kanda.pdf,buddhist_continuity,2,blackswanreprise,Buddhism & Eastern Philosophy,unknown,INDEX_ONLY,metadata_only,article,1D7ZBf8bbqJtIAtHuVTAhjI3rDBHDPBqw,https://drive.google.com/file/d/1D7ZBf8bbqJtIAtHuVTAhjI3rDBHDPBqw/view?usp=drivesdk
Karma,Google Drive,Ramayana-VOL-3-Yuddha-Kanda.pdf,buddhist_continuity,2,blackswanreprise,Buddhism & Eastern Philosophy,unknown,INDEX_ONLY,metadata_only,article,1h2N5UNMnL0vnItiHYQ7l56KBBStreKF_,https://drive.google.com/file/d/1h2N5UNMnL0vnItiHYQ7l56KBBStreKF_/view?usp=drivesdk
Karma,Google Drive,Ramayana-VOL-4-Uttara-Kanda.pdf,buddhist_continuity,2,blackswanreprise,Buddhism & Eastern Philosophy,unknown,INDEX_ONLY,metadata_only,article,1QBW2No8GN9BnB4bhAzCBaLkI501Lr2tS,https://drive.google.com/file/d/1QBW2No8GN9BnB4bhAzCBaLkI501Lr2tS/view?usp=drivesdk
Karma,Google Drive,Reaching-the-Goodness-Within-by-Ajahn-Uthai.pdf,buddhist_continuity,2,blackswanreprise,Buddhism & Eastern Philosophy,unknown,INDEX_ONLY,metadata_only,article,1qOzgdYxy_HK5qwPa7Hgt1Tyc22nVRVgN,https://drive.google.com/file/d/1qOzgdYxy_HK5qwPa7Hgt1Tyc22nVRVgN/view?usp=drivesdk
Karma,Google Drive,Read-the-Mind.pdf,buddhist_continuity,2,blackswanreprise,Buddhism & Eastern Philosophy; Consciousness & Mind,unknown,INDEX_ONLY,metadata_only,article,1iEwVNNJu-GrAiSJ6imXex0Yp-5WidqaQ,https://drive.google.com/file/d/1iEwVNNJu-GrAiSJ6imXex0Yp-5WidqaQ/view?usp=drivesdk
Karma,Google Drive,Realization-Of-The-Dhamma-by-Dr-U-Dhammapiya.pdf,buddhist_continuity,2,blackswanreprise,Buddhism & Eastern Philosophy,unknown,INDEX_ONLY,metadata_only,article,1T5yOLt6nkjYI4oLhU1xb7wfrRq0y-53f,https://drive.google.com/file/d/1T5yOLt6nkjYI4oLhU1xb7wfrRq0y-53f/view?usp=drivesdk
Karma,Google Drive,Realizing-Change.pdf,buddhist_continuity,2,blackswanreprise,Buddhism & Eastern Philosophy,unknown,INDEX_ONLY,metadata_only,article,1milqgwMBIRlVPfT-beBLHEBOqst4w8_J,https://drive.google.com/file/d/1milqgwMBIRlVPfT-beBLHEBOqst4w8_J/view?usp=drivesdk
Karma,Google Drive,Rice-Eyes-Enlightenmet-in-Dogens-Kitchen.pdf,buddhist_continuity,2,blackswanreprise,Buddhism & Eastern Philosophy,unknown,INDEX_ONLY,metadata_only,article,1whFdqd5bj7-0qb-0cyXdm2jv-i23CCHj,https://drive.google.com/file/d/1whFdqd5bj7-0qb-0cyXdm2jv-i23CCHj/view?usp=drivesdk
Karma,Google Drive,Right-Mindfulness.pdf,buddhist_continuity,2,blackswanreprise,Buddhism & Eastern Philosophy; Consciousness & Mind,unknown,INDEX_ONLY,metadata_only,article,1pZ8s5SwoDwpyOqL0Wci_fjV8irq8VSdp,https://drive.google.com/file/d/1pZ8s5SwoDwpyOqL0Wci_fjV8irq8VSdp/view?usp=drivesdk
Karma,Google Drive,Rude Awakenings and Great Patient One by Ajahn Sucitto and Nick Scott,buddhist_continuity,2,blackswanreprise,Buddhism & Eastern Philosophy; Mysticism & Spirituality,unknown,INDEX_ONLY,metadata_only,unknown,1uHOZkWQWbplJOZFkSERJM9TA17yTxrKI,https://drive.google.com/drive/folders/1uHOZkWQWbplJOZFkSERJM9TA17yTxrKI
Karma,Google Drive,Rude-Awakenings.pdf,buddhist_continuity,2,blackswanreprise,Buddhism & Eastern Philosophy; Mysticism & Spirituality,unknown,INDEX_ONLY,metadata_only,article,1fn1FlXM8fRCn5IXrVBf9WGxb00P4z0el,https://drive.google.com/file/d/1fn1FlXM8fRCn5IXrVBf9WGxb00P4z0el/view?usp=drivesdk
Karma,Google Drive,Rugged-Interdependency.pdf,buddhist_continuity,2,blackswanreprise,Buddhism & Eastern Philosophy,unknown,INDEX_ONLY,metadata_only,article,16BMGnm79VYR0kMCTSCBb6GEG_qsEuko7,https://drive.google.com/file/d/16BMGnm79VYR0kMCTSCBb6GEG_qsEuko7/view?usp=drivesdk
Karma,Google Drive,Samadhi-in-Buddhism.pdf,buddhist_continuity,2,blackswanreprise,Buddhism & Eastern Philosophy,unknown,INDEX_ONLY,metadata_only,article,1UyynWNC0uoIaSa7q7TV3acf0TGErNnLL,https://drive.google.com/file/d/1UyynWNC0uoIaSa7q7TV3acf0TGErNnLL/view?usp=drivesdk
Karma,Google Drive,Samatha-and-Vipassana-Meditation.pdf,buddhist_continuity,2,blackswanreprise,Buddhism & Eastern Philosophy,unknown,INDEX_ONLY,metadata_only,article,1tvgYKrM0vIj847mO-Eq9MryEl8RZ0F1T,https://drive.google.com/file/d/1tvgYKrM0vIj847mO-Eq9MryEl8RZ0F1T/view?usp=drivesdk
Karma,Google Drive,Samayasara-or-Nature-of-Self.pdf,buddhist_continuity,2,blackswanreprise,Buddhism & Eastern Philosophy,unknown,INDEX_ONLY,metadata_only,article,1CbUlwMbB33ayUhNlZ2L16Ib-mFe9Oe44,https://drive.google.com/file/d/1CbUlwMbB33ayUhNlZ2L16Ib-mFe9Oe44/view?usp=drivesdk
Karma,Google Drive,Sanmati-Tarka.pdf,buddhist_continuity,2,blackswanreprise,Buddhism & Eastern Philosophy,unknown,INDEX_ONLY,metadata_only,article,1UUt2ZnKPPE3OnZlCg90j2is6UZN7653S,https://drive.google.com/file/d/1UUt2ZnKPPE3OnZlCg90j2is6UZN7653S/view?usp=drivesdk
Karma,Google Drive,Science-Without-Bounds.pdf,buddhist_continuity,2,blackswanreprise,Buddhism & Eastern Philosophy; Science & Physics,unknown,INDEX_ONLY,metadata_only,article,1q6T-d3EjpmBBF0rC11KM1oIeH2o8ZOFd,https://drive.google.com/file/d/1q6T-d3EjpmBBF0rC11KM1oIeH2o8ZOFd/view?usp=drivesdk
Karma,Google Drive,Secret-of-the-Golden-Flower.pdf,buddhist_continuity,2,blackswanreprise,Buddhism & Eastern Philosophy,unknown,INDEX_ONLY,metadata_only,article,1fckxx7yHE08r1-GPZKB3kMsYXenqy65W,https://drive.google.com/file/d/1fckxx7yHE08r1-GPZKB3kMsYXenqy65W/view?usp=drivesdk
Karma,Google Drive,Seeing The Way,buddhist_continuity,2,blackswanreprise,Buddhism & Eastern Philosophy,unknown,INDEX_ONLY,metadata_only,unknown,1wREbMvK6ajHs1abhcdClaZhCgXBTUsaN,https://drive.google.com/drive/folders/1wREbMvK6ajHs1abhcdClaZhCgXBTUsaN
Karma,Google Drive,Seeing-Through-Guide-to-Insight-Meditation.pdf,buddhist_continuity,2,blackswanreprise,Buddhism & Eastern Philosophy,unknown,INDEX_ONLY,metadata_only,article,1tZZBIdRDeIPjp-c0Kjd1IE0qZIQRdAx9,https://drive.google.com/file/d/1tZZBIdRDeIPjp-c0Kjd1IE0qZIQRdAx9/view?usp=drivesdk
Karma,Google Drive,Seeing-the-Way-Vol-I.pdf,buddhist_continuity,2,blackswanreprise,Buddhism & Eastern Philosophy,unknown,INDEX_ONLY,metadata_only,article,16OmJU_BYzy29HSQabDwPh_53jW8lAD2Q,https://drive.google.com/file/d/16OmJU_BYzy29HSQabDwPh_53jW8lAD2Q/view?usp=drivesdk
Karma,Google Drive,Seeing-the-Way-Vol-II.pdf,buddhist_continuity,2,blackswanreprise,Buddhism & Eastern Philosophy,unknown,INDEX_ONLY,metadata_only,article,1B_xpwao7rl-VkvSyAYHorDT7gCt_SSEq,https://drive.google.com/file/d/1B_xpwao7rl-VkvSyAYHorDT7gCt_SSEq/view?usp=drivesdk
Karma,Google Drive,Seeking-Buddho-by-Ajahn-Anan-Akincano.pdf,buddhist_continuity,2,blackswanreprise,Buddhism & Eastern Philosophy,unknown,INDEX_ONLY,metadata_only,article,1qAsmHKMRytpkWt_qnVpiVjJnSGDg29pi,https://drive.google.com/file/d/1qAsmHKMRytpkWt_qnVpiVjJnSGDg29pi/view?usp=drivesdk
Karma,Google Drive,Selections-form-the-Bonpo-Book-of-the-Dead.pdf,buddhist_continuity,2,blackswanreprise,Buddhism & Eastern Philosophy,unknown,INDEX_ONLY,metadata_only,article,11Zq7Us0C1T66jCx1e_lB8TOC8dnZYRKv,https://drive.google.com/file/d/11Zq7Us0C1T66jCx1e_lB8TOC8dnZYRKv/view?usp=drivesdk
Karma,Google Drive,Settling-Back-Into-the-Moment.pdf,buddhist_continuity,2,blackswanreprise,Buddhism & Eastern Philosophy,unknown,INDEX_ONLY,metadata_only,article,1lvkj3VUdv1EScy5isiO4gotHWVHu-vW4,https://drive.google.com/file/d/1lvkj3VUdv1EScy5isiO4gotHWVHu-vW4/view?usp=drivesdk
Karma,Google Drive,"Sexuality, Magic and Politics in Tibetan Buddhism.pdf",buddhist_continuity,2,blackswanreprise,Buddhism & Eastern Philosophy; Western Occultism & Magick; Law & Political Thought,unknown,INDEX_ONLY,metadata_only,article,1jtmNIK4dzZEdppSTtiMRKSNPz4-WkHlY,https://drive.google.com/file/d/1jtmNIK4dzZEdppSTtiMRKSNPz4-WkHlY/view?usp=drivesdk
Karma,Google Drive,Shape-of-Suffering.pdf,buddhist_continuity,2,blackswanreprise,Buddhism & Eastern Philosophy,unknown,INDEX_ONLY,metadata_only,article,1yB894v8HqChMjzDB6nmCC17CjF8T3_ne,https://drive.google.com/file/d/1yB894v8HqChMjzDB6nmCC17CjF8T3_ne/view?usp=drivesdk
Karma,Google Drive,Shobogenzo-complete.pdf,buddhist_continuity,2,blackswanreprise,Buddhism & Eastern Philosophy,unknown,INDEX_ONLY,metadata_only,article,1CuzM2IUagxx8u2htLauxr5TZ-hIBIxpk,https://drive.google.com/file/d/1CuzM2IUagxx8u2htLauxr5TZ-hIBIxpk/view?usp=drivesdk
Karma,Google Drive,Silavanta-Sutta.pdf,buddhist_continuity,2,blackswanreprise,Buddhism & Eastern Philosophy,unknown,INDEX_ONLY,metadata_only,article,1QI7xkN5-NHwPK5_NLgqHi4xXgLWPmov8,https://drive.google.com/file/d/1QI7xkN5-NHwPK5_NLgqHi4xXgLWPmov8/view?usp=drivesdk
Karma,Google Drive,Simple-Teachings-on-Higher-Truths-by-Ajahn-Anan.pdf,buddhist_continuity,2,blackswanreprise,Buddhism & Eastern Philosophy,unknown,INDEX_ONLY,metadata_only,article,1G3_h6OfZhaDsfvRZvckZdvQ63hIgsY3W,https://drive.google.com/file/d/1G3_h6OfZhaDsfvRZvckZdvQ63hIgsY3W/view?usp=drivesdk
Karma,Google Drive,Simply-This-Moment.pdf,buddhist_continuity,2,blackswanreprise,Buddhism & Eastern Philosophy,unknown,INDEX_ONLY,metadata_only,article,1anBwqTtcsjCPsryeul7oA5TImzpwE81h,https://drive.google.com/file/d/1anBwqTtcsjCPsryeul7oA5TImzpwE81h/view?usp=drivesdk
Karma,Google Drive,Sixty-Songs-of-Milarepa.pdf,buddhist_continuity,2,blackswanreprise,Buddhism & Eastern Philosophy,unknown,INDEX_ONLY,metadata_only,article,16mntrdbK1VAtdmvXBl7KtKwQCoRLgIWt,https://drive.google.com/file/d/16mntrdbK1VAtdmvXBl7KtKwQCoRLgIWt/view?usp=drivesdk
Karma,Google Drive,Skill-in-Question-How-the-Buddha-Taught.pdf,buddhist_continuity,2,blackswanreprise,Buddhism & Eastern Philosophy,unknown,INDEX_ONLY,metadata_only,article,1BmkrEjHfegXqS-FIIt4Pzm0UMNOFRHre,https://drive.google.com/file/d/1BmkrEjHfegXqS-FIIt4Pzm0UMNOFRHre/view?usp=drivesdk
Karma,Google Drive,Snow-in-the-Summer.pdf,buddhist_continuity,2,blackswanreprise,Buddhism & Eastern Philosophy,unknown,INDEX_ONLY,metadata_only,article,13qBnKixq1vG_ly7Iwr5j42QcWqf1ytIG,https://drive.google.com/file/d/13qBnKixq1vG_ly7Iwr5j42QcWqf1ytIG/view?usp=drivesdk
Karma,Google Drive,Songs of Milarepa,buddhist_continuity,2,blackswanreprise,Buddhism & Eastern Philosophy,unknown,INDEX_ONLY,metadata_only,unknown,1j3vx9tUr9H3bMxvrvo7DBjkP8rUFJWEb,https://drive.google.com/drive/folders/1j3vx9tUr9H3bMxvrvo7DBjkP8rUFJWEb
Karma,Google Drive,Songs-of-Milarepa-Authentic-Expression.pdf,buddhist_continuity,2,blackswanreprise,Buddhism & Eastern Philosophy,unknown,INDEX_ONLY,metadata_only,article,1Su6KYJ9fH3GwS3tOmzYZimfOOLC9qh4a,https://drive.google.com/file/d/1Su6KYJ9fH3GwS3tOmzYZimfOOLC9qh4a/view?usp=drivesdk
Karma,Google Drive,Songs-of-Milarepa-Geshe-In-Drin.pdf,buddhist_continuity,2,blackswanreprise,Buddhism & Eastern Philosophy,unknown,INDEX_ONLY,metadata_only,article,1bnPBgDnRMcjqxYeSWMd4aS4raq4gB_Hp,https://drive.google.com/file/d/1bnPBgDnRMcjqxYeSWMd4aS4raq4gB_Hp/view?usp=drivesdk
Karma,Google Drive,Sotapattimagga-The-Path-of-the-Sotapanna.pdf,buddhist_continuity,2,blackswanreprise,Buddhism & Eastern Philosophy,unknown,INDEX_ONLY,metadata_only,article,1p1JWAKEVuanu4ft3fCbLY3Jf7l32w2mM,https://drive.google.com/file/d/1p1JWAKEVuanu4ft3fCbLY3Jf7l32w2mM/view?usp=drivesdk
Karma,Google Drive,St-Paul-the-Traveler-Roman-Citizen.pdf,buddhist_continuity,2,blackswanreprise,Buddhism & Eastern Philosophy; Christianity & Biblical Traditions,unknown,INDEX_ONLY,metadata_only,article,1fsvYrxkXenv40yyTV4YCaw9fX_xJK35a,https://drive.google.com/file/d/1fsvYrxkXenv40yyTV4YCaw9fX_xJK35a/view?usp=drivesdk
Karma,Google Drive,St-Paul-the-Traveler-Roman-Citizen.pdf,buddhist_continuity,2,blackswanreprise,Buddhism & Eastern Philosophy; Christianity & Biblical Traditions,unknown,INDEX_ONLY,metadata_only,article,1oLbjdrj7iTxrDgGcVtXxrWW8QLhv_2B-,https://drive.google.com/file/d/1oLbjdrj7iTxrDgGcVtXxrWW8QLhv_2B-/view?usp=drivesdk
Karma,Google Drive,St-Paul-the-Traveler-Roman-Citizen.pdf,buddhist_continuity,2,blackswanreprise,Buddhism & Eastern Philosophy; Literature & Biography,unknown,INDEX_ONLY,metadata_only,article,1_dVtcD8ETH8NvUwZ2Thll7dJwrFXdsAL,https://drive.google.com/file/d/1_dVtcD8ETH8NvUwZ2Thll7dJwrFXdsAL/view?usp=drivesdk
Karma,Google Drive,Starting-Out-Small.pdf,buddhist_continuity,2,blackswanreprise,Buddhism & Eastern Philosophy,unknown,INDEX_ONLY,metadata_only,article,1Xev7ZMgc-u4xrwzM-X9XLmmLuj8xo4p2,https://drive.google.com/file/d/1Xev7ZMgc-u4xrwzM-X9XLmmLuj8xo4p2/view?usp=drivesdk
Karma,Google Drive,Still-Flowing-Water.pdf,buddhist_continuity,2,blackswanreprise,Buddhism & Eastern Philosophy,unknown,INDEX_ONLY,metadata_only,article,1OzVsRO7QTWK4_-ZuyVTLnJJ8UvHrvLnS,https://drive.google.com/file/d/1OzVsRO7QTWK4_-ZuyVTLnJJ8UvHrvLnS/view?usp=drivesdk
Karma,Google Drive,Stillness-of-Being.pdf,buddhist_continuity,2,blackswanreprise,Buddhism & Eastern Philosophy,unknown,INDEX_ONLY,metadata_only,article,14OvclUlqFDLy7mLakOkAtHARxRGoMUng,https://drive.google.com/file/d/14OvclUlqFDLy7mLakOkAtHARxRGoMUng/view?usp=drivesdk
Karma,Google Drive,Stillness-of-Samadhi.pdf,buddhist_continuity,2,blackswanreprise,Buddhism & Eastern Philosophy,unknown,INDEX_ONLY,metadata_only,article,1qngaB3h7D1ySQjyKT28iOshCf3KWka8z,https://drive.google.com/file/d/1qngaB3h7D1ySQjyKT28iOshCf3KWka8z/view?usp=drivesdk
Karma,Google Drive,Straight-From-the-Heart.pdf,buddhist_continuity,2,blackswanreprise,Buddhism & Eastern Philosophy,unknown,INDEX_ONLY,metadata_only,article,1aRn6ukIL8C7NqD_d0wlhK_PN95Q52aV0,https://drive.google.com/file/d/1aRn6ukIL8C7NqD_d0wlhK_PN95Q52aV0/view?usp=drivesdk
Karma,Google Drive,Strong-Roots.pdf,buddhist_continuity,2,blackswanreprise,Buddhism & Eastern Philosophy,unknown,INDEX_ONLY,metadata_only,article,1T8FCCIeo3Jw8RAMwccSKjoooCI6fWy98,https://drive.google.com/file/d/1T8FCCIeo3Jw8RAMwccSKjoooCI6fWy98/view?usp=drivesdk
Karma,Google Drive,Studies-in-Japanese-Buddhism.pdf,buddhist_continuity,2,blackswanreprise,Buddhism & Eastern Philosophy,unknown,INDEX_ONLY,metadata_only,article,1KIFCHuKLmkh_Hs0Xs-eZ10_3ifwzxvAx,https://drive.google.com/file/d/1KIFCHuKLmkh_Hs0Xs-eZ10_3ifwzxvAx/view?usp=drivesdk
Karma,Google Drive,Sunyata-The-typewritten-manuscripts.pdf,buddhist_continuity,2,blackswanreprise,Buddhism & Eastern Philosophy,unknown,INDEX_ONLY,metadata_only,article,1b7qZ1JspDkfjT2rRhfOaKTGRxATb_N-Z,https://drive.google.com/file/d/1b7qZ1JspDkfjT2rRhfOaKTGRxATb_N-Z/view?usp=drivesdk
Karma,Google Drive,Sutra-on-the-Original-Vows-the-Attainment-of-Merits-of-Ksitigarbha-Bodhisatta.pdf,buddhist_continuity,2,blackswanreprise,Buddhism & Eastern Philosophy,unknown,INDEX_ONLY,metadata_only,article,1UZTMFDQf0MD37vd5fR5W5dZKUM0oexA4,https://drive.google.com/file/d/1UZTMFDQf0MD37vd5fR5W5dZKUM0oexA4/view?usp=drivesdk
Karma,Google Drive,Sutta-Nipita-The-Way-Things-Really-Are.pdf,buddhist_continuity,2,blackswanreprise,Buddhism & Eastern Philosophy,unknown,INDEX_ONLY,metadata_only,article,1y9w79S_F-kQGQRBxLmVbswGZgS5OdwDq,https://drive.google.com/file/d/1y9w79S_F-kQGQRBxLmVbswGZgS5OdwDq/view?usp=drivesdk
Karma,Google Drive,Taming-the-Monkey-Mind.pdf,buddhist_continuity,2,blackswanreprise,Buddhism & Eastern Philosophy; Consciousness & Mind,unknown,INDEX_ONLY,metadata_only,article,17r9T9z6opv981nNbQygNxtxgHTAghJKg,https://drive.google.com/file/d/17r9T9z6opv981nNbQygNxtxgHTAghJKg/view?usp=drivesdk
Karma,Google Drive,Tantra-and-its-Misconceptions.pdf,buddhist_continuity,2,blackswanreprise,"Buddhism & Eastern Philosophy; Hinduism, Yoga & Tantra",unknown,INDEX_ONLY,metadata_only,article,1EIN5KDL8cEIK-ix-6ASoJftkOUZwPrpK,https://drive.google.com/file/d/1EIN5KDL8cEIK-ix-6ASoJftkOUZwPrpK/view?usp=drivesdk
Karma,Google Drive,Teaching From The Vajrasattva Retreat,buddhist_continuity,2,blackswanreprise,Buddhism & Eastern Philosophy,unknown,INDEX_ONLY,metadata_only,unknown,1V9jduIr09VMJSjmfnBf-R33Tr_m1kSJE,https://drive.google.com/drive/folders/1V9jduIr09VMJSjmfnBf-R33Tr_m1kSJE
Karma,Google Drive,Teaching-And-Training-At-Pa-Auk-forest-Monestery.pdf,buddhist_continuity,2,blackswanreprise,Buddhism & Eastern Philosophy,unknown,INDEX_ONLY,metadata_only,article,1qgp2qUSSLJirctC66giSuKD2_j3_gCEK,https://drive.google.com/file/d/1qgp2qUSSLJirctC66giSuKD2_j3_gCEK/view?usp=drivesdk
Karma,Google Drive,Teaching-From-The-Vajrasattva-Retreat-Lama-Zopa-1.pdf,buddhist_continuity,2,blackswanreprise,Buddhism & Eastern Philosophy,unknown,INDEX_ONLY,metadata_only,article,1vkxhV1SLzz7TNJn3XOgHKGw_SrHBEB2O,https://drive.google.com/file/d/1vkxhV1SLzz7TNJn3XOgHKGw_SrHBEB2O/view?usp=drivesdk
Karma,Google Drive,Teaching-From-The-Vajrasattva-Retreat-Lama-Zopa-2.pdf,buddhist_continuity,2,blackswanreprise,Buddhism & Eastern Philosophy,unknown,INDEX_ONLY,metadata_only,article,1IwKIC72RanpbLX7Mu_uhM3alt4fIlQxV,https://drive.google.com/file/d/1IwKIC72RanpbLX7Mu_uhM3alt4fIlQxV/view?usp=drivesdk
Karma,Google Drive,Teaching-From-The-Vajrasattva-Retreat-Lama-Zopa-3.pdf,buddhist_continuity,2,blackswanreprise,Buddhism & Eastern Philosophy,unknown,INDEX_ONLY,metadata_only,article,19ACOuuXtzLXf3R_HAJRzdgmDVCobh4p5,https://drive.google.com/file/d/19ACOuuXtzLXf3R_HAJRzdgmDVCobh4p5/view?usp=drivesdk
Karma,Google Drive,Teaching-From-The-Vajrasattva-Retreat-Lama-Zopa-4.pdf,buddhist_continuity,2,blackswanreprise,Buddhism & Eastern Philosophy,unknown,INDEX_ONLY,metadata_only,article,1PyINDUfZ8Sd7_ag7aaNxmJBV4E76tYk6,https://drive.google.com/file/d/1PyINDUfZ8Sd7_ag7aaNxmJBV4E76tYk6/view?usp=drivesdk
Karma,Google Drive,Teachings from Tibet.pdf,buddhist_continuity,2,blackswanreprise,Buddhism & Eastern Philosophy,unknown,INDEX_ONLY,metadata_only,article,1MSAAwzzDj9slXCYwjoL5G7DH0McrnsnU,https://drive.google.com/file/d/1MSAAwzzDj9slXCYwjoL5G7DH0McrnsnU/view?usp=drivesdk
Karma,Google Drive,Teachings-From-Tibet-Guidance-from-great-Lamas.pdf,buddhist_continuity,2,blackswanreprise,Buddhism & Eastern Philosophy,unknown,INDEX_ONLY,metadata_only,article,1sm6v9VQQMznefusOcFOJQK6z67CGbBih,https://drive.google.com/file/d/1sm6v9VQQMznefusOcFOJQK6z67CGbBih/view?usp=drivesdk
Karma,Google Drive,Teachings-in-Chinese-Buddhism.pdf,buddhist_continuity,2,blackswanreprise,Buddhism & Eastern Philosophy,unknown,INDEX_ONLY,metadata_only,article,1-R5ccuJ-hmK_sqZtzrR6g4NjbPkyPtGD,https://drive.google.com/file/d/1-R5ccuJ-hmK_sqZtzrR6g4NjbPkyPtGD/view?usp=drivesdk
Karma,Google Drive,The Complete Works of Sister Nivedita VOL I-V,buddhist_continuity,2,blackswanreprise,Buddhism & Eastern Philosophy,unknown,INDEX_ONLY,metadata_only,unknown,1o6VOAvtTcz9TylchObAemJa_FWfveGyb,https://drive.google.com/drive/folders/1o6VOAvtTcz9TylchObAemJa_FWfveGyb
Karma,Google Drive,The Fundamentals of Meditation Practice.pdf,buddhist_continuity,2,blackswanreprise,Buddhism & Eastern Philosophy,unknown,INDEX_ONLY,metadata_only,article,1BizJkrj2Q28j8uFjNXgDwZ6VGl3KbrvY,https://drive.google.com/file/d/1BizJkrj2Q28j8uFjNXgDwZ6VGl3KbrvY/view?usp=drivesdk
Karma,Google Drive,The Fundamentals of Meditation Practice.pdf,buddhist_continuity,2,blackswanreprise,Buddhism & Eastern Philosophy,unknown,INDEX_ONLY,metadata_only,article,1MEqszjqvYaHU2w3bm13OI-sBFio5ZXnY,https://drive.google.com/file/d/1MEqszjqvYaHU2w3bm13OI-sBFio5ZXnY/view?usp=drivesdk
Karma,Google Drive,The Great Chronicle Of Buddhas,buddhist_continuity,2,blackswanreprise,Buddhism & Eastern Philosophy,unknown,INDEX_ONLY,metadata_only,unknown,1ETqBx03tXfbhgSw6YBJh_WmXEcchMjS0,https://drive.google.com/drive/folders/1ETqBx03tXfbhgSw6YBJh_WmXEcchMjS0
Karma,Google Drive,The Zen of Advaita,buddhist_continuity,2,blackswanreprise,Buddhism & Eastern Philosophy,unknown,INDEX_ONLY,metadata_only,unknown,1aL-CctcU9vcJrd97pEFNWyptPJUiXCC7,https://drive.google.com/drive/folders/1aL-CctcU9vcJrd97pEFNWyptPJUiXCC7
Karma,Google Drive,The-31-Planes-of-Existence.pdf,buddhist_continuity,2,blackswanreprise,Buddhism & Eastern Philosophy,unknown,INDEX_ONLY,metadata_only,article,1BJcnL_SOjk8lllAV43LtIC6XHqJ5TITg,https://drive.google.com/file/d/1BJcnL_SOjk8lllAV43LtIC6XHqJ5TITg/view?usp=drivesdk
Karma,Google Drive,The-Analysis-of-Deeds.pdf,buddhist_continuity,2,blackswanreprise,Buddhism & Eastern Philosophy,unknown,INDEX_ONLY,metadata_only,article,1fxo9HqIEsJ8HtzBzjmrVqvFsasaEm8pk,https://drive.google.com/file/d/1fxo9HqIEsJ8HtzBzjmrVqvFsasaEm8pk/view?usp=drivesdk
Karma,Google Drive,The-Anapanasati-Sutta.pdf,buddhist_continuity,2,blackswanreprise,Buddhism & Eastern Philosophy,unknown,INDEX_ONLY,metadata_only,article,1g9rXiu7p0SZmmhQVG7rXOwzRWQv22akv,https://drive.google.com/file/d/1g9rXiu7p0SZmmhQVG7rXOwzRWQv22akv/view?usp=drivesdk
Karma,Google Drive,The-Basic-Method-of-Meditation.pdf,buddhist_continuity,2,blackswanreprise,Buddhism & Eastern Philosophy,unknown,INDEX_ONLY,metadata_only,article,1n8bY0fp9Hv1dFSLHBu9eSFf-KCs2a7t6,https://drive.google.com/file/d/1n8bY0fp9Hv1dFSLHBu9eSFf-KCs2a7t6/view?usp=drivesdk
Karma,Google Drive,The-Basic-Principles-Of-The-Fuchiyado-Meditation-TheSamurai-Blowgun-Martial-Art.pdf,buddhist_continuity,2,blackswanreprise,Buddhism & Eastern Philosophy,unknown,INDEX_ONLY,metadata_only,article,1i0uUm-PIFn2umr557eEeJ_sLbl9HHlWl,https://drive.google.com/file/d/1i0uUm-PIFn2umr557eEeJ_sLbl9HHlWl/view?usp=drivesdk
Karma,Google Drive,The-Blazing-Lights-of-the-Sun-and-Moon.pdf,buddhist_continuity,2,blackswanreprise,Buddhism & Eastern Philosophy,unknown,INDEX_ONLY,metadata_only,article,1rD_STAMgHviCPqSsYN4eoHNrHZMq0Xo-,https://drive.google.com/file/d/1rD_STAMgHviCPqSsYN4eoHNrHZMq0Xo-/view?usp=drivesdk
Karma,Google Drive,The-Body.pdf,buddhist_continuity,2,blackswanreprise,Buddhism & Eastern Philosophy,unknown,INDEX_ONLY,metadata_only,article,1UgwknTkxBlvg24OrvvWWvomliDb4_zB8,https://drive.google.com/file/d/1UgwknTkxBlvg24OrvvWWvomliDb4_zB8/view?usp=drivesdk
Karma,Google Drive,The-Book-of-Five-Rings-by-Musashi-Miyamoto.pdf,buddhist_continuity,2,blackswanreprise,Buddhism & Eastern Philosophy,unknown,INDEX_ONLY,metadata_only,article,1Nxi58aiItv9HnLyVnn2Lbr44FVv2qzVl,https://drive.google.com/file/d/1Nxi58aiItv9HnLyVnn2Lbr44FVv2qzVl/view?usp=drivesdk
Karma,Google Drive,The-Book-of-the-Simple-Way.pdf,buddhist_continuity,2,blackswanreprise,Buddhism & Eastern Philosophy,unknown,INDEX_ONLY,metadata_only,article,1KiLrRO5Adc2wImJ-lteU7vD8K2g4n1q5,https://drive.google.com/file/d/1KiLrRO5Adc2wImJ-lteU7vD8K2g4n1q5/view?usp=drivesdk
Karma,Google Drive,The-Buddha-Smiles.pdf,buddhist_continuity,2,blackswanreprise,Buddhism & Eastern Philosophy,unknown,INDEX_ONLY,metadata_only,article,1-NJiTzRPjjltoP3dla5MsEGd4bpjHSvK,https://drive.google.com/file/d/1-NJiTzRPjjltoP3dla5MsEGd4bpjHSvK/view?usp=drivesdk
Karma,Google Drive,The-Buddha-The-Social-Revolutionary-Potential-of-Buddhism.pdf,buddhist_continuity,2,blackswanreprise,Buddhism & Eastern Philosophy,unknown,INDEX_ONLY,metadata_only,article,1hixZxJglTVRusnZVRXVxRLv4csZ9MHWo,https://drive.google.com/file/d/1hixZxJglTVRusnZVRXVxRLv4csZ9MHWo/view?usp=drivesdk
Karma,Google Drive,The-Clock-of-Vipassana-has-Struck.pdf,buddhist_continuity,2,blackswanreprise,Buddhism & Eastern Philosophy,unknown,INDEX_ONLY,metadata_only,article,1kffKor43srTQeUPgICglFi0YBkYTA0wb,https://drive.google.com/file/d/1kffKor43srTQeUPgICglFi0YBkYTA0wb/view?usp=drivesdk
Karma,Google Drive,The-Complete-Book-of-Buddhas-Lists-Explained.pdf,buddhist_continuity,2,blackswanreprise,Buddhism & Eastern Philosophy,unknown,INDEX_ONLY,metadata_only,article,1ewb5IqEZyX-IQS4sgUPGsWjOajzYMlIr,https://drive.google.com/file/d/1ewb5IqEZyX-IQS4sgUPGsWjOajzYMlIr/view?usp=drivesdk
Karma,Google Drive,The-Complete-Works-of-Sister-Nivedita-Vol-1.pdf,buddhist_continuity,2,blackswanreprise,Buddhism & Eastern Philosophy,unknown,INDEX_ONLY,metadata_only,article,1XHDKaV3WaHzWXaXu8zmFd_YFPm8KV27m,https://drive.google.com/file/d/1XHDKaV3WaHzWXaXu8zmFd_YFPm8KV27m/view?usp=drivesdk
Karma,Google Drive,The-Complete-Works-of-Sister-Nivedita-Vol-2.pdf,buddhist_continuity,2,blackswanreprise,Buddhism & Eastern Philosophy,unknown,INDEX_ONLY,metadata_only,article,1_FiSarwqRKyRqbc2kLLgBZTZ0TS5iOxJ,https://drive.google.com/file/d/1_FiSarwqRKyRqbc2kLLgBZTZ0TS5iOxJ/view?usp=drivesdk
Karma,Google Drive,The-Complete-Works-of-Sister-Nivedita-Vol-4.pdf,buddhist_continuity,2,blackswanreprise,Buddhism & Eastern Philosophy,unknown,INDEX_ONLY,metadata_only,article,1mwGm8_EJbsYiaUavwb6izR6860ItdszC,https://drive.google.com/file/d/1mwGm8_EJbsYiaUavwb6izR6860ItdszC/view?usp=drivesdk
Karma,Google Drive,The-Complete-Works-of-Sister-Nivedita-Vol-5.pdf,buddhist_continuity,2,blackswanreprise,Buddhism & Eastern Philosophy,unknown,INDEX_ONLY,metadata_only,article,1DC8IXP-ZoZ-JUT2TQzZzYBjr97_YgssP,https://drive.google.com/file/d/1DC8IXP-ZoZ-JUT2TQzZzYBjr97_YgssP/view?usp=drivesdk
Karma,Google Drive,The-Craft-of-the-Heart.pdf,buddhist_continuity,2,blackswanreprise,Buddhism & Eastern Philosophy; Freemasonry & Masonic Orders,unknown,INDEX_ONLY,metadata_only,article,1rG424gkFLuNjYzNsASZzHAGJpSGnhYnx,https://drive.google.com/file/d/1rG424gkFLuNjYzNsASZzHAGJpSGnhYnx/view?usp=drivesdk
Karma,Google Drive,The-Debate-of-King-Milinda.pdf,buddhist_continuity,2,blackswanreprise,Buddhism & Eastern Philosophy,unknown,INDEX_ONLY,metadata_only,article,1F8O5hR2igJmfk-h4ULvy8zPjtlkwqjRF,https://drive.google.com/file/d/1F8O5hR2igJmfk-h4ULvy8zPjtlkwqjRF/view?usp=drivesdk
Karma,Google Drive,The-Diamond-Sutra.pdf,buddhist_continuity,2,blackswanreprise,Buddhism & Eastern Philosophy,unknown,INDEX_ONLY,metadata_only,article,1AfFGEf1RYO65PRAA_RZCXwijWGevASAU,https://drive.google.com/file/d/1AfFGEf1RYO65PRAA_RZCXwijWGevASAU/view?usp=drivesdk
Karma,Google Drive,The-Direct-and-Unmistaken-Method.pdf,buddhist_continuity,2,blackswanreprise,Buddhism & Eastern Philosophy,unknown,INDEX_ONLY,metadata_only,article,1zEoHfzPmGEraRfEpZZ2V_q25rElFE0gF,https://drive.google.com/file/d/1zEoHfzPmGEraRfEpZZ2V_q25rElFE0gF/view?usp=drivesdk
Karma,Google Drive,The-Discourse-About-Mindfulness-related-to-the-Body.pdf,buddhist_continuity,2,blackswanreprise,Buddhism & Eastern Philosophy; Consciousness & Mind,unknown,INDEX_ONLY,metadata_only,article,1oObrofHJTgM5LSiti7Okp2xtlNAJlZl8,https://drive.google.com/file/d/1oObrofHJTgM5LSiti7Okp2xtlNAJlZl8/view?usp=drivesdk
Karma,Google Drive,The-Discourse-concerning-Malunkyaputta.pdf,buddhist_continuity,2,blackswanreprise,Buddhism & Eastern Philosophy,unknown,INDEX_ONLY,metadata_only,article,1LvoE86N1PTogJG0AxotiR4GvYsFNaNVC,https://drive.google.com/file/d/1LvoE86N1PTogJG0AxotiR4GvYsFNaNVC/view?usp=drivesdk
Karma,Google Drive,The-Discourse-of-Girimananda.pdf,buddhist_continuity,2,blackswanreprise,Buddhism & Eastern Philosophy,unknown,INDEX_ONLY,metadata_only,article,1rqc6MHb7p2hmIjKqVj8VFdTpHfhe-ArK,https://drive.google.com/file/d/1rqc6MHb7p2hmIjKqVj8VFdTpHfhe-ArK/view?usp=drivesdk
Karma,Google Drive,The-Dishonest.pdf,buddhist_continuity,2,blackswanreprise,Buddhism & Eastern Philosophy,unknown,INDEX_ONLY,metadata_only,article,1e2HfhG8FxuHsirr-GmvxRRr7z2Yr9MCY,https://drive.google.com/file/d/1e2HfhG8FxuHsirr-GmvxRRr7z2Yr9MCY/view?usp=drivesdk
Karma,Google Drive,The-Doctrine-Of-Paticcasamuppada-By-U-Than-Daing.pdf,buddhist_continuity,2,blackswanreprise,Buddhism & Eastern Philosophy,unknown,INDEX_ONLY,metadata_only,article,1KSWWbowY4XM7VLPF7RWlpdxKvcqv21ej,https://drive.google.com/file/d/1KSWWbowY4XM7VLPF7RWlpdxKvcqv21ej/view?usp=drivesdk
Karma,Google Drive,The-Eightfold-Path-for-the-Householder.pdf,buddhist_continuity,2,blackswanreprise,Buddhism & Eastern Philosophy,unknown,INDEX_ONLY,metadata_only,article,1hYGIAJPXrM5SX-e5hC2kcldLFtYs3zBO,https://drive.google.com/file/d/1hYGIAJPXrM5SX-e5hC2kcldLFtYs3zBO/view?usp=drivesdk
Karma,Google Drive,The-Essential-Yoga-Sutras.pdf,buddhist_continuity,2,blackswanreprise,"Buddhism & Eastern Philosophy; Hinduism, Yoga & Tantra",unknown,INDEX_ONLY,metadata_only,article,1D_2YL6lzn8zkuGWCvK-PTVs20NYNEV0E,https://drive.google.com/file/d/1D_2YL6lzn8zkuGWCvK-PTVs20NYNEV0E/view?usp=drivesdk
Karma,Google Drive,The-Eye-of-Discernment.pdf,buddhist_continuity,2,blackswanreprise,Buddhism & Eastern Philosophy,unknown,INDEX_ONLY,metadata_only,article,1Ze6JmvGGx4PD0TMG75xhN3WQ0H6b21eG,https://drive.google.com/file/d/1Ze6JmvGGx4PD0TMG75xhN3WQ0H6b21eG/view?usp=drivesdk
Karma,Google Drive,The-Four-Dharmas-of-Gampopa.pdf,buddhist_continuity,2,blackswanreprise,Buddhism & Eastern Philosophy,unknown,INDEX_ONLY,metadata_only,article,1tRpZ7-y8-zHZUDQfUpLAXkji_UkPqrho,https://drive.google.com/file/d/1tRpZ7-y8-zHZUDQfUpLAXkji_UkPqrho/view?usp=drivesdk
Karma,Google Drive,The-Four-Mindfulnesses.pdf,buddhist_continuity,2,blackswanreprise,Buddhism & Eastern Philosophy; Consciousness & Mind,unknown,INDEX_ONLY,metadata_only,article,12Tpi2LeG2MXu4j-9KQ7ehpm-v2I0zleJ,https://drive.google.com/file/d/12Tpi2LeG2MXu4j-9KQ7ehpm-v2I0zleJ/view?usp=drivesdk
Karma,Google Drive,The-Four-Noble-Truths-by-Mogok-Sayadaw.pdf,buddhist_continuity,2,blackswanreprise,Buddhism & Eastern Philosophy,unknown,INDEX_ONLY,metadata_only,article,1wUMaYZnAkXqnsto6T_A4hpZAETofMV7d,https://drive.google.com/file/d/1wUMaYZnAkXqnsto6T_A4hpZAETofMV7d/view?usp=drivesdk
Karma,Google Drive,The-Future-is-Now-Krishnamurti.pdf,buddhist_continuity,2,blackswanreprise,Buddhism & Eastern Philosophy,unknown,INDEX_ONLY,metadata_only,article,10EhMTevS8kh0kolOSUnjNbvMWrPe6ePG,https://drive.google.com/file/d/10EhMTevS8kh0kolOSUnjNbvMWrPe6ePG/view?usp=drivesdk
Karma,Google Drive,The-Gates-of-Chan-Buddhism.pdf,buddhist_continuity,2,blackswanreprise,Buddhism & Eastern Philosophy,unknown,INDEX_ONLY,metadata_only,article,1jwG2wt6Mdv8T-ciyk-rAhEyvzcrGpbr0,https://drive.google.com/file/d/1jwG2wt6Mdv8T-ciyk-rAhEyvzcrGpbr0/view?usp=drivesdk
Karma,Google Drive,The-Great-Emancipation.pdf,buddhist_continuity,2,blackswanreprise,Buddhism & Eastern Philosophy,unknown,INDEX_ONLY,metadata_only,article,1EPPesqGcZ15BzfsRoO_aRUnElnF37ZRn,https://drive.google.com/file/d/1EPPesqGcZ15BzfsRoO_aRUnElnF37ZRn/view?usp=drivesdk
Karma,Google Drive,The-Heightened-Mind.pdf,buddhist_continuity,2,blackswanreprise,Buddhism & Eastern Philosophy; Consciousness & Mind,unknown,INDEX_ONLY,metadata_only,article,1wWFsr-hEzABZKrJgwEzFmPJSDlu3Pvxj,https://drive.google.com/file/d/1wWFsr-hEzABZKrJgwEzFmPJSDlu3Pvxj/view?usp=drivesdk
Karma,Google Drive,The-Inner-Life-and-the-Tao-Teh-King.pdf,buddhist_continuity,2,blackswanreprise,Buddhism & Eastern Philosophy,unknown,INDEX_ONLY,metadata_only,article,1N6-wJPRu-xhjv8CMnibYkR9NUrPNgWex,https://drive.google.com/file/d/1N6-wJPRu-xhjv8CMnibYkR9NUrPNgWex/view?usp=drivesdk
Karma,Google Drive,The-Janas.pdf,buddhist_continuity,2,blackswanreprise,Buddhism & Eastern Philosophy,unknown,INDEX_ONLY,metadata_only,article,1hkgE-5DkyjRNlL3mf2xBaKo2cbGbsCk0,https://drive.google.com/file/d/1hkgE-5DkyjRNlL3mf2xBaKo2cbGbsCk0/view?usp=drivesdk
Karma,Google Drive,The-Kilesa-Dont-Arise-In-Those-Who-Have-Sati.pdf,buddhist_continuity,2,blackswanreprise,Buddhism & Eastern Philosophy,unknown,INDEX_ONLY,metadata_only,article,1hBSedgD3qA8rep3AXR4auD1aLtkauvyX,https://drive.google.com/file/d/1hBSedgD3qA8rep3AXR4auD1aLtkauvyX/view?usp=drivesdk
Karma,Google Drive,The-Kindness-of-Others.pdf,buddhist_continuity,2,blackswanreprise,Buddhism & Eastern Philosophy,unknown,INDEX_ONLY,metadata_only,article,1gNWW_j4vdNJSZQ_rBJyHHo3o-mIZbHzu,https://drive.google.com/file/d/1gNWW_j4vdNJSZQ_rBJyHHo3o-mIZbHzu/view?usp=drivesdk
Karma,Google Drive,The-Lankavatara-Sutra-A-Mahayana-Text.pdf,buddhist_continuity,2,blackswanreprise,Buddhism & Eastern Philosophy,unknown,INDEX_ONLY,metadata_only,article,19f8McAJRmNam4S_sCjFYQDsZa-b5_VGS,https://drive.google.com/file/d/19f8McAJRmNam4S_sCjFYQDsZa-b5_VGS/view?usp=drivesdk
Karma,Google Drive,The-Life-and-Work-of-Buddhaghosa.pdf,buddhist_continuity,2,blackswanreprise,Buddhism & Eastern Philosophy,unknown,INDEX_ONLY,metadata_only,article,1Dc01cTstKHbNi_aXCgipG46MkDW0gc02,https://drive.google.com/file/d/1Dc01cTstKHbNi_aXCgipG46MkDW0gc02/view?usp=drivesdk
Karma,Google Drive,The-Life-of-Buddha-Ebook.pdf,buddhist_continuity,2,blackswanreprise,Buddhism & Eastern Philosophy; Dzogchen & Non-duality,unknown,INDEX_ONLY,metadata_only,article,1cnOeqPB2xvubrBYhIIOAqNpuSKskNdyR,https://drive.google.com/file/d/1cnOeqPB2xvubrBYhIIOAqNpuSKskNdyR/view?usp=drivesdk
Karma,Google Drive,The-Life-of-Buddha-Ebook.pdf,buddhist_continuity,2,blackswanreprise,Buddhism & Eastern Philosophy,unknown,INDEX_ONLY,metadata_only,article,1atAAvzJW_v04YQjpZibJQdOGOR4MedyI,https://drive.google.com/file/d/1atAAvzJW_v04YQjpZibJQdOGOR4MedyI/view?usp=drivesdk
Karma,Google Drive,The-Life-of-Buddha-Ebook.pdf,buddhist_continuity,2,blackswanreprise,Buddhism & Eastern Philosophy; Literature & Biography,unknown,INDEX_ONLY,metadata_only,article,1j_xFqWQGqfI6PJQSGyMHDaUcLaJDONt8,https://drive.google.com/file/d/1j_xFqWQGqfI6PJQSGyMHDaUcLaJDONt8/view?usp=drivesdk
Karma,Google Drive,The-Life-of-Chokgyur-Lingpa.pdf,buddhist_continuity,2,blackswanreprise,Buddhism & Eastern Philosophy,unknown,INDEX_ONLY,metadata_only,article,1wTfhprj_KsVqioAbMBC4nkuA2HrwPLD4,https://drive.google.com/file/d/1wTfhprj_KsVqioAbMBC4nkuA2HrwPLD4/view?usp=drivesdk
Karma,Google Drive,The-Life-of-the-Buddha.pdf,buddhist_continuity,2,blackswanreprise,Buddhism & Eastern Philosophy,unknown,INDEX_ONLY,metadata_only,article,1NZ0VjNWF0s2i4breCnArQbiAOd1oWStD,https://drive.google.com/file/d/1NZ0VjNWF0s2i4breCnArQbiAOd1oWStD/view?usp=drivesdk
Karma,Google Drive,The-Life-of-the-Buddha.pdf,buddhist_continuity,2,blackswanreprise,Buddhism & Eastern Philosophy; Literature & Biography,unknown,INDEX_ONLY,metadata_only,article,1Y_OkHqeayhx3dYqN2axjtdjik2f2MWtV,https://drive.google.com/file/d/1Y_OkHqeayhx3dYqN2axjtdjik2f2MWtV/view?usp=drivesdk
Karma,Google Drive,The-Long-Discourse-about-the-Ways-of-Attending-to-Mindfulness.pdf,buddhist_continuity,2,blackswanreprise,Buddhism & Eastern Philosophy; Consciousness & Mind,unknown,INDEX_ONLY,metadata_only,article,1hCBeIPt8YCNbAdl9BmXIcIeIETsdevvL,https://drive.google.com/file/d/1hCBeIPt8YCNbAdl9BmXIcIeIETsdevvL/view?usp=drivesdk
Karma,Google Drive,The-Manuals-of-Buddhism.pdf,buddhist_continuity,2,blackswanreprise,Buddhism & Eastern Philosophy,unknown,INDEX_ONLY,metadata_only,article,1qWjN9FOeyrMkWa-lMYmTe510mWCBWNuG,https://drive.google.com/file/d/1qWjN9FOeyrMkWa-lMYmTe510mWCBWNuG/view?usp=drivesdk
Karma,Google Drive,The-Manuals-of-Ledi-Dipani.pdf,buddhist_continuity,2,blackswanreprise,Buddhism & Eastern Philosophy,unknown,INDEX_ONLY,metadata_only,article,1rMld8_8D0bsXQMka11G_YEAx0DpcW8MV,https://drive.google.com/file/d/1rMld8_8D0bsXQMka11G_YEAx0DpcW8MV/view?usp=drivesdk
Karma,Google Drive,The-Manuals-of-Ledi-Dipanu.pdf,buddhist_continuity,2,blackswanreprise,Buddhism & Eastern Philosophy,unknown,INDEX_ONLY,metadata_only,article,1dXeSmcNR6VITBSMpiSzp2WON-ggGJ5xe,https://drive.google.com/file/d/1dXeSmcNR6VITBSMpiSzp2WON-ggGJ5xe/view?usp=drivesdk
Karma,Google Drive,The-Matrix-of-the-Abstract-Teaching.pdf,buddhist_continuity,2,blackswanreprise,Buddhism & Eastern Philosophy,unknown,INDEX_ONLY,metadata_only,article,1zgz3t-VN0fdwAUXuEVo8CDDlp_2aXFT0,https://drive.google.com/file/d/1zgz3t-VN0fdwAUXuEVo8CDDlp_2aXFT0/view?usp=drivesdk
Karma,Google Drive,The-Meaning-of-Satipatthana.pdf,buddhist_continuity,2,blackswanreprise,Buddhism & Eastern Philosophy,unknown,INDEX_ONLY,metadata_only,article,1O-wU1ZYMxsJnX6BarZgtb1b1bvqzGjjD,https://drive.google.com/file/d/1O-wU1ZYMxsJnX6BarZgtb1b1bvqzGjjD/view?usp=drivesdk
Karma,Google Drive,The-Mind-Like-Fire-Unbound.pdf,buddhist_continuity,2,blackswanreprise,Buddhism & Eastern Philosophy; Consciousness & Mind,unknown,INDEX_ONLY,metadata_only,article,1VjsJxn7YgrEVz499qoA8L9ta_Yl99Ouv,https://drive.google.com/file/d/1VjsJxn7YgrEVz499qoA8L9ta_Yl99Ouv/view?usp=drivesdk
Karma,Google Drive,The-Moon-Appears-When-the-Water-is-Still.pdf,buddhist_continuity,2,blackswanreprise,Buddhism & Eastern Philosophy,unknown,INDEX_ONLY,metadata_only,article,1ARNHkTp23cs-Bi9Tx9jSI1e6Ds3scyyX,https://drive.google.com/file/d/1ARNHkTp23cs-Bi9Tx9jSI1e6Ds3scyyX/view?usp=drivesdk
Karma,Google Drive,The-Paradox-of-Becoming.pdf,buddhist_continuity,2,blackswanreprise,Buddhism & Eastern Philosophy,unknown,INDEX_ONLY,metadata_only,article,1GpyDhtlnrnptK7vQsBjezRk2lrDsNggI,https://drive.google.com/file/d/1GpyDhtlnrnptK7vQsBjezRk2lrDsNggI/view?usp=drivesdk
Karma,Google Drive,The-Path-of-Purification.pdf,buddhist_continuity,2,blackswanreprise,Buddhism & Eastern Philosophy,unknown,INDEX_ONLY,metadata_only,article,1XZrzUgdnyNIgSL02Iw95bh3KA7Fi6-K7,https://drive.google.com/file/d/1XZrzUgdnyNIgSL02Iw95bh3KA7Fi6-K7/view?usp=drivesdk
Karma,Google Drive,The-Perfections-Leading-to-Enlightenment-by-Sujin-Boriharnwanaket.pdf,buddhist_continuity,2,blackswanreprise,Buddhism & Eastern Philosophy,unknown,INDEX_ONLY,metadata_only,article,1BkEUehFo9q0P4FdkY6ViB2NyqXNaJm5b,https://drive.google.com/file/d/1BkEUehFo9q0P4FdkY6ViB2NyqXNaJm5b/view?usp=drivesdk
Karma,Google Drive,The-Power-of-Mindfulness-Nyuanaponika.pdf,buddhist_continuity,2,blackswanreprise,Buddhism & Eastern Philosophy; Consciousness & Mind,unknown,INDEX_ONLY,metadata_only,article,18mvnyJHZKkPIEKmfTxGYxrbvywBM0L2A,https://drive.google.com/file/d/18mvnyJHZKkPIEKmfTxGYxrbvywBM0L2A/view?usp=drivesdk
Karma,Google Drive,The-Practical-Way-To-Nibbana.pdf,buddhist_continuity,2,blackswanreprise,Buddhism & Eastern Philosophy,unknown,INDEX_ONLY,metadata_only,article,1HZG3FIMKrn9CBzqA4r3VKqUQgNKD0kbP,https://drive.google.com/file/d/1HZG3FIMKrn9CBzqA4r3VKqUQgNKD0kbP/view?usp=drivesdk
Karma,Google Drive,The-Practice-Which-Leads-To-Nibbana.pdf,buddhist_continuity,2,blackswanreprise,Buddhism & Eastern Philosophy,unknown,INDEX_ONLY,metadata_only,article,1AmaXyY9Q72UIWe152OLhu1Ggy7QFRTUx,https://drive.google.com/file/d/1AmaXyY9Q72UIWe152OLhu1Ggy7QFRTUx/view?usp=drivesdk
Karma,Google Drive,The-Practice-of-the-Wild-by-Gary-Snyder.pdf,buddhist_continuity,2,blackswanreprise,Buddhism & Eastern Philosophy,unknown,INDEX_ONLY,metadata_only,article,1IscmXNp1a2qMBqFiQJvzPNWyrTsI_ivG,https://drive.google.com/file/d/1IscmXNp1a2qMBqFiQJvzPNWyrTsI_ivG/view?usp=drivesdk
Karma,Google Drive,The-Quiet-Mind.pdf,buddhist_continuity,2,blackswanreprise,Buddhism & Eastern Philosophy; Consciousness & Mind,unknown,INDEX_ONLY,metadata_only,article,1V33As4qejliiITLqJsTjoQOGr2hMJWUX,https://drive.google.com/file/d/1V33As4qejliiITLqJsTjoQOGr2hMJWUX/view?usp=drivesdk
Karma,Google Drive,The-Real-Way-to-Awakening.pdf,buddhist_continuity,2,blackswanreprise,Buddhism & Eastern Philosophy; Mysticism & Spirituality,unknown,INDEX_ONLY,metadata_only,article,1bY0_HYE88wLM77oiHDLMZjtxRBl_Crj6,https://drive.google.com/file/d/1bY0_HYE88wLM77oiHDLMZjtxRBl_Crj6/view?usp=drivesdk
Karma,Google Drive,The-Religion-of-the-Samurai-free-ebook.pdf,buddhist_continuity,2,blackswanreprise,Buddhism & Eastern Philosophy,unknown,INDEX_ONLY,metadata_only,article,1-l4I7_PV10KKfPIDeS-zajmgDg2hg5zZ,https://drive.google.com/file/d/1-l4I7_PV10KKfPIDeS-zajmgDg2hg5zZ/view?usp=drivesdk
Karma,Google Drive,The-Requisities-of-Enlightenment.pdf,buddhist_continuity,2,blackswanreprise,Buddhism & Eastern Philosophy,unknown,INDEX_ONLY,metadata_only,article,12g8Bp2W63LCrkvHH3pbJoAg6uDhVKQtN,https://drive.google.com/file/d/12g8Bp2W63LCrkvHH3pbJoAg6uDhVKQtN/view?usp=drivesdk
Karma,Google Drive,The-Seekers-Glossary-of-Buddhism-A-Dictionary-Encyclopedia-of-Buddhism.pdf,buddhist_continuity,2,blackswanreprise,Buddhism & Eastern Philosophy; Language & Etymology,unknown,INDEX_ONLY,metadata_only,article,1qO3Z-HksAVFa4M_8BbeincmhR1CkmO4s,https://drive.google.com/file/d/1qO3Z-HksAVFa4M_8BbeincmhR1CkmO4s/view?usp=drivesdk
Karma,Google Drive,The-Seven-Point-Instruction-for-Developing-the-Good-Heart.pdf,buddhist_continuity,2,blackswanreprise,Buddhism & Eastern Philosophy,unknown,INDEX_ONLY,metadata_only,article,1Wb_Ja-I2rmbtaWETKGg7SngX6krLJ7aO,https://drive.google.com/file/d/1Wb_Ja-I2rmbtaWETKGg7SngX6krLJ7aO/view?usp=drivesdk
Karma,Google Drive,The-Seven-Stages-of-Purification-and-The-Insight-Knowledges.pdf,buddhist_continuity,2,blackswanreprise,Buddhism & Eastern Philosophy,unknown,INDEX_ONLY,metadata_only,article,1bZW_iDC0TNesp50yCBJhV4bnszDoeXwy,https://drive.google.com/file/d/1bZW_iDC0TNesp50yCBJhV4bnszDoeXwy/view?usp=drivesdk
Karma,Google Drive,The-Skill-of-Release.pdf,buddhist_continuity,2,blackswanreprise,Buddhism & Eastern Philosophy,unknown,INDEX_ONLY,metadata_only,article,1hwo7k7xzUl62EnuSz01GR_4Ima7k8_TE,https://drive.google.com/file/d/1hwo7k7xzUl62EnuSz01GR_4Ima7k8_TE/view?usp=drivesdk
Karma,Google Drive,The-Sublime-Attitudes.pdf,buddhist_continuity,2,blackswanreprise,Buddhism & Eastern Philosophy,unknown,INDEX_ONLY,metadata_only,article,1cAPjUC32u4tMf3ifhg4N4XnzTCkaJy3l,https://drive.google.com/file/d/1cAPjUC32u4tMf3ifhg4N4XnzTCkaJy3l/view?usp=drivesdk
Karma,Google Drive,The-Surangama-Sutra.pdf,buddhist_continuity,2,blackswanreprise,Buddhism & Eastern Philosophy,unknown,INDEX_ONLY,metadata_only,article,1ld7UwOcoVy4_fUS89o5XsrehsmG_YPCl,https://drive.google.com/file/d/1ld7UwOcoVy4_fUS89o5XsrehsmG_YPCl/view?usp=drivesdk
Karma,Google Drive,The-Sutra-of-Recollecting-the-Three-Jewels.pdf,buddhist_continuity,2,blackswanreprise,Buddhism & Eastern Philosophy,unknown,INDEX_ONLY,metadata_only,article,1b2imTE-Zspl7eyI_hKlwhGULjMSM6sjT,https://drive.google.com/file/d/1b2imTE-Zspl7eyI_hKlwhGULjMSM6sjT/view?usp=drivesdk
Karma,Google Drive,The-Sweet-Dews-of-Chan-Zen.pdf,buddhist_continuity,2,blackswanreprise,Buddhism & Eastern Philosophy,unknown,INDEX_ONLY,metadata_only,article,14I8RScWxbroRpQUR0ty0rOkA9pS8134Y,https://drive.google.com/file/d/14I8RScWxbroRpQUR0ty0rOkA9pS8134Y/view?usp=drivesdk
Karma,Google Drive,The-Teachings-of-Ajan-Chah.pdf,buddhist_continuity,2,blackswanreprise,Buddhism & Eastern Philosophy,unknown,INDEX_ONLY,metadata_only,article,1El_YauDouGsVEGsGUYrpeYDGOuzqd2_8,https://drive.google.com/file/d/1El_YauDouGsVEGsGUYrpeYDGOuzqd2_8/view?usp=drivesdk
Karma,Google Drive,The-Tibetan-Book-of-the-Dead.pdf,buddhist_continuity,2,blackswanreprise,Buddhism & Eastern Philosophy,unknown,INDEX_ONLY,metadata_only,article,1V3s8fVd4Hey4g_eungqr4_hygu1wFTn7,https://drive.google.com/file/d/1V3s8fVd4Hey4g_eungqr4_hygu1wFTn7/view?usp=drivesdk
Karma,Google Drive,The-Tibetan-Book-of-the-Great-Liberation-Padma-Sambhava.pdf,buddhist_continuity,2,blackswanreprise,Buddhism & Eastern Philosophy,unknown,INDEX_ONLY,metadata_only,article,12sRtV2ofHJjES5NpiFIGXO7NT45y4i6g,https://drive.google.com/file/d/12sRtV2ofHJjES5NpiFIGXO7NT45y4i6g/view?usp=drivesdk
Karma,Google Drive,The-Tree-of-Enlightenment.pdf,buddhist_continuity,2,blackswanreprise,Buddhism & Eastern Philosophy,unknown,INDEX_ONLY,metadata_only,article,1S7t2neWJ47Mm4zlicWi2q3CA5xEqMhkf,https://drive.google.com/file/d/1S7t2neWJ47Mm4zlicWi2q3CA5xEqMhkf/view?usp=drivesdk
Karma,Google Drive,The-Twelve-Links.pdf,buddhist_continuity,2,blackswanreprise,Buddhism & Eastern Philosophy,unknown,INDEX_ONLY,metadata_only,article,1zv2QdSpXih9FkSsrA2Kl9vM5hYTTe2t-,https://drive.google.com/file/d/1zv2QdSpXih9FkSsrA2Kl9vM5hYTTe2t-/view?usp=drivesdk
Karma,Google Drive,The-Venerable-Phra-Acharn-Mun-Bhuridatta-Thera-meditation-master.pdf,buddhist_continuity,2,blackswanreprise,Buddhism & Eastern Philosophy,unknown,INDEX_ONLY,metadata_only,article,1LqxlSV8tJ-U9gQ_klkQft0wYjlrRyR_g,https://drive.google.com/file/d/1LqxlSV8tJ-U9gQ_klkQft0wYjlrRyR_g/view?usp=drivesdk
Karma,Google Drive,The-Way-of-Zen-in-Vietnam.pdf,buddhist_continuity,2,blackswanreprise,Buddhism & Eastern Philosophy,unknown,INDEX_ONLY,metadata_only,article,1YyGUdEMWKs_iqnyVTNq9b2oKaSPjqLTw,https://drive.google.com/file/d/1YyGUdEMWKs_iqnyVTNq9b2oKaSPjqLTw/view?usp=drivesdk
Karma,Google Drive,The-Wings-to-Awakening-An-Anthology-from-the-Pali-Canon.pdf,buddhist_continuity,2,blackswanreprise,Buddhism & Eastern Philosophy; Mysticism & Spirituality,unknown,INDEX_ONLY,metadata_only,article,1YBw3tooR10xP2Adw6DNP06XHuOt0FFuz,https://drive.google.com/file/d/1YBw3tooR10xP2Adw6DNP06XHuOt0FFuz/view?usp=drivesdk
Karma,Google Drive,The-Wisdom-of-Nagarjuna.pdf,buddhist_continuity,2,blackswanreprise,Buddhism & Eastern Philosophy,unknown,INDEX_ONLY,metadata_only,article,1u0E-kNdv9Yz2TbcD40QOkK0NsqSIIJi0,https://drive.google.com/file/d/1u0E-kNdv9Yz2TbcD40QOkK0NsqSIIJi0/view?usp=drivesdk
Karma,Google Drive,The-Yellow-Book.pdf,buddhist_continuity,2,blackswanreprise,Buddhism & Eastern Philosophy,unknown,INDEX_ONLY,metadata_only,article,1TauG3vnJ_JhbSTs61ycbeIhOmut5xcRu,https://drive.google.com/file/d/1TauG3vnJ_JhbSTs61ycbeIhOmut5xcRu/view?usp=drivesdk
Karma,Google Drive,The-Zen-Experience-by-Thomas-Hoover.pdf,buddhist_continuity,2,blackswanreprise,Buddhism & Eastern Philosophy,unknown,INDEX_ONLY,metadata_only,article,1Pvszd6WJ1blUEQ4pVLP5c-Cnw-yv7-OG,https://drive.google.com/file/d/1Pvszd6WJ1blUEQ4pVLP5c-Cnw-yv7-OG/view?usp=drivesdk
Karma,Google Drive,The-Zen-of-Advaita-Part-II.pdf,buddhist_continuity,2,blackswanreprise,Buddhism & Eastern Philosophy,unknown,INDEX_ONLY,metadata_only,article,14ty7SWM_wOejRH0VSRTzsZlVBOMZnBV0,https://drive.google.com/file/d/14ty7SWM_wOejRH0VSRTzsZlVBOMZnBV0/view?usp=drivesdk
Karma,Google Drive,The-Zen-of-Advaita.pdf,buddhist_continuity,2,blackswanreprise,Buddhism & Eastern Philosophy,unknown,INDEX_ONLY,metadata_only,article,1xENyyiKnTqzQtHhMBCjbE6MWq2JjFxxZ,https://drive.google.com/file/d/1xENyyiKnTqzQtHhMBCjbE6MWq2JjFxxZ/view?usp=drivesdk
Karma,Google Drive,The-Zen-of-Love.pdf,buddhist_continuity,2,blackswanreprise,Buddhism & Eastern Philosophy,unknown,INDEX_ONLY,metadata_only,article,1A-3DExs9ypY3XTMxbdSOUziagWho4rgP,https://drive.google.com/file/d/1A-3DExs9ypY3XTMxbdSOUziagWho4rgP/view?usp=drivesdk
Karma,Google Drive,The-Zend-Avesta.pdf,buddhist_continuity,2,blackswanreprise,Buddhism & Eastern Philosophy; Ancient Civilisations,unknown,INDEX_ONLY,metadata_only,article,1_YlbuqggX3vEILDc5zP7Zk-E9TSwe-Ic,https://drive.google.com/file/d/1_YlbuqggX3vEILDc5zP7Zk-E9TSwe-Ic/view?usp=drivesdk
Karma,Google Drive,The-book-of-protection.pdf,buddhist_continuity,2,blackswanreprise,Buddhism & Eastern Philosophy,unknown,INDEX_ONLY,metadata_only,article,1NpRlNzfS40WaiP-_5wJp4tHryChMKMrf,https://drive.google.com/file/d/1NpRlNzfS40WaiP-_5wJp4tHryChMKMrf/view?usp=drivesdk
Karma,Google Drive,The-book-on-the-taboo-against-knowing-who-you-are-by-Alan-Watts.pdf,buddhist_continuity,2,blackswanreprise,Buddhism & Eastern Philosophy,unknown,INDEX_ONLY,metadata_only,article,1xOThWWxfST8IS1vzsfuggkzwHAgurm0z,https://drive.google.com/file/d/1xOThWWxfST8IS1vzsfuggkzwHAgurm0z/view?usp=drivesdk
Karma,Google Drive,The-four-books.pdf,buddhist_continuity,2,blackswanreprise,Buddhism & Eastern Philosophy,unknown,INDEX_ONLY,metadata_only,article,1QgpFdEZzt3NOIXxNQtqhib-fyrHYkznE,https://drive.google.com/file/d/1QgpFdEZzt3NOIXxNQtqhib-fyrHYkznE/view?usp=drivesdk
Karma,Google Drive,The-life-of-the-Buddha.pdf,buddhist_continuity,2,blackswanreprise,Buddhism & Eastern Philosophy,unknown,INDEX_ONLY,metadata_only,article,1GjEwv9gEbns3g0VmmMpoD_4BRJo8tyca,https://drive.google.com/file/d/1GjEwv9gEbns3g0VmmMpoD_4BRJo8tyca/view?usp=drivesdk
Karma,Google Drive,The-path-to-happiness.pdf,buddhist_continuity,2,blackswanreprise,Buddhism & Eastern Philosophy,unknown,INDEX_ONLY,metadata_only,article,1Zkl1xnL2UP0KGnqg9zCJ_ut9WG7h7jgM,https://drive.google.com/file/d/1Zkl1xnL2UP0KGnqg9zCJ_ut9WG7h7jgM/view?usp=drivesdk
Karma,Google Drive,The-wishfulfilling-golden-sun-of-the-mahayana-thought-training.pdf,buddhist_continuity,2,blackswanreprise,Buddhism & Eastern Philosophy,unknown,INDEX_ONLY,metadata_only,article,1qRc5QLqTc36uPjqYo_DBW_a-guXg-dpF,https://drive.google.com/file/d/1qRc5QLqTc36uPjqYo_DBW_a-guXg-dpF/view?usp=drivesdk
Karma,Google Drive,The-workings-of-kamma.pdf,buddhist_continuity,2,blackswanreprise,Buddhism & Eastern Philosophy,unknown,INDEX_ONLY,metadata_only,article,1q0qhiONg4KftJJ3sumLDEU32_Jd2Idlo,https://drive.google.com/file/d/1q0qhiONg4KftJJ3sumLDEU32_Jd2Idlo/view?usp=drivesdk
Karma,Google Drive,Things-As-They-Are.pdf,buddhist_continuity,2,blackswanreprise,Buddhism & Eastern Philosophy,unknown,INDEX_ONLY,metadata_only,article,1hUZItbbEtYSl_GFwusljFZB2UACv6Lbf,https://drive.google.com/file/d/1hUZItbbEtYSl_GFwusljFZB2UACv6Lbf/view?usp=drivesdk
Karma,Google Drive,This-is-the-Path-By-Ajahn-Dtun.pdf,buddhist_continuity,2,blackswanreprise,Buddhism & Eastern Philosophy,unknown,INDEX_ONLY,metadata_only,article,17kcibuvbk1VUeUqd9dXHcXsS_RxnLPht,https://drive.google.com/file/d/17kcibuvbk1VUeUqd9dXHcXsS_RxnLPht/view?usp=drivesdk
Karma,Google Drive,Towards-An-Inner-Peace.pdf,buddhist_continuity,2,blackswanreprise,Buddhism & Eastern Philosophy,unknown,INDEX_ONLY,metadata_only,article,1vSfXn9NMqI06PsawIIk9k9Ke1PYBXK-S,https://drive.google.com/file/d/1vSfXn9NMqI06PsawIIk9k9Ke1PYBXK-S/view?usp=drivesdk
Karma,Google Drive,Transcendental-Dependent-Arising.pdf,buddhist_continuity,2,blackswanreprise,Buddhism & Eastern Philosophy,unknown,INDEX_ONLY,metadata_only,article,1FVJWeEr_uvcsdP2adWodYGGRKQq3miQO,https://drive.google.com/file/d/1FVJWeEr_uvcsdP2adWodYGGRKQq3miQO/view?usp=drivesdk
Karma,Google Drive,Transforming-Problems-Into-the-Dharma-Path.pdf,buddhist_continuity,2,blackswanreprise,Buddhism & Eastern Philosophy,unknown,INDEX_ONLY,metadata_only,article,1CVYtQSaN9p6_FrdcKvzRLIsPwG5_saqd,https://drive.google.com/file/d/1CVYtQSaN9p6_FrdcKvzRLIsPwG5_saqd/view?usp=drivesdk
Karma,Google Drive,Transmission-and-Enlightenment-in-Chan-Zen-Buddhism.pdf,buddhist_continuity,2,blackswanreprise,Buddhism & Eastern Philosophy,unknown,INDEX_ONLY,metadata_only,article,1AS0nZK8lXZCFZW039r8ZcgxmMO6xICVO,https://drive.google.com/file/d/1AS0nZK8lXZCFZW039r8ZcgxmMO6xICVO/view?usp=drivesdk
Karma,Google Drive,Transmutation-of-Personality-through-Preksha-Meditation.pdf,buddhist_continuity,2,blackswanreprise,Buddhism & Eastern Philosophy,unknown,INDEX_ONLY,metadata_only,article,1_9JcxXLm8-fKuzfjfwC_U8C6kCHoXjzt,https://drive.google.com/file/d/1_9JcxXLm8-fKuzfjfwC_U8C6kCHoXjzt/view?usp=drivesdk
Karma,Google Drive,Udana-Exclamations.pdf,buddhist_continuity,2,blackswanreprise,Buddhism & Eastern Philosophy,unknown,INDEX_ONLY,metadata_only,article,1RO3quxnaW2ll9bBDve5uT-xDybBTn16N,https://drive.google.com/file/d/1RO3quxnaW2ll9bBDve5uT-xDybBTn16N/view?usp=drivesdk
Karma,Google Drive,Unentangled-Knowing.pdf,buddhist_continuity,2,blackswanreprise,Buddhism & Eastern Philosophy,unknown,INDEX_ONLY,metadata_only,article,1mFe9Q_rDEwH9MqdjejDBPwNpe49T0LrQ,https://drive.google.com/file/d/1mFe9Q_rDEwH9MqdjejDBPwNpe49T0LrQ/view?usp=drivesdk
Karma,Google Drive,Unexpected-Freedom-by-Ajahn-Munindo.pdf,buddhist_continuity,2,blackswanreprise,Buddhism & Eastern Philosophy; Law & Political Thought,unknown,INDEX_ONLY,metadata_only,article,1lGkj8MvxJQSGatwnTry4XVgmm12IP6UL,https://drive.google.com/file/d/1lGkj8MvxJQSGatwnTry4XVgmm12IP6UL/view?usp=drivesdk
Karma,Google Drive,Universal-Love-The-Yoga-Method-of-Buddha-Maitreya-by-Lama-Yeshe.pdf,buddhist_continuity,2,blackswanreprise,"Buddhism & Eastern Philosophy; Hinduism, Yoga & Tantra",unknown,INDEX_ONLY,metadata_only,article,1UQW9wmINlkQt6MXWkK-BiP-NJoHexO5Z,https://drive.google.com/file/d/1UQW9wmINlkQt6MXWkK-BiP-NJoHexO5Z/view?usp=drivesdk
Karma,Google Drive,Unravelling-the-Mysteries-of-Mind-and-Body-Through-Abhidhamma.pdf,buddhist_continuity,2,blackswanreprise,Buddhism & Eastern Philosophy; Mysticism & Spirituality; Consciousness & Mind,unknown,INDEX_ONLY,metadata_only,article,1O62BTdxlqERN0wKi5SeZGpMOzFY00SgP,https://drive.google.com/file/d/1O62BTdxlqERN0wKi5SeZGpMOzFY00SgP/view?usp=drivesdk
Karma,Google Drive,Vimalakirti-Nirdesa-Sutra.pdf,buddhist_continuity,2,blackswanreprise,Buddhism & Eastern Philosophy,unknown,INDEX_ONLY,metadata_only,article,1yNkxTT3Youn7ZQ_L3FIPmiKjtK_RVlwe,https://drive.google.com/file/d/1yNkxTT3Youn7ZQ_L3FIPmiKjtK_RVlwe/view?usp=drivesdk
Karma,Google Drive,Vimalakirti-Nirdesa-Sutra1.pdf,buddhist_continuity,2,blackswanreprise,Buddhism & Eastern Philosophy,unknown,INDEX_ONLY,metadata_only,article,1hCkSSEtguq_ZjGmsyjHKk9O3ZVtyZ8In,https://drive.google.com/file/d/1hCkSSEtguq_ZjGmsyjHKk9O3ZVtyZ8In/view?usp=drivesdk
Karma,Google Drive,Virtue-and-Reality-by-Lama-Zopa-Rinpoche.pdf,buddhist_continuity,2,blackswanreprise,Buddhism & Eastern Philosophy; Metaphysics & Philosophy,unknown,INDEX_ONLY,metadata_only,article,1BCzXqSItddasqYzaWyvb1lxSjzzK6r_O,https://drive.google.com/file/d/1BCzXqSItddasqYzaWyvb1lxSjzzK6r_O/view?usp=drivesdk
Karma,Google Drive,Vision-of-the-Dhamma.pdf,buddhist_continuity,2,blackswanreprise,Buddhism & Eastern Philosophy,unknown,INDEX_ONLY,metadata_only,article,16XoCpj8dv-z29FyOjYfyMyOTbC7Yd95s,https://drive.google.com/file/d/16XoCpj8dv-z29FyOjYfyMyOTbC7Yd95s/view?usp=drivesdk
Karma,Google Drive,Who-Will-Feed-the-Mice-Ajahn-Amaro.pdf,buddhist_continuity,2,blackswanreprise,Buddhism & Eastern Philosophy,unknown,INDEX_ONLY,metadata_only,article,1jo1p3wOQWEEXAIR6ca8bKlIzFKBcGX5H,https://drive.google.com/file/d/1jo1p3wOQWEEXAIR6ca8bKlIzFKBcGX5H/view?usp=drivesdk
Karma,Google Drive,Whos-the-Boss.pdf,buddhist_continuity,2,blackswanreprise,Buddhism & Eastern Philosophy,unknown,INDEX_ONLY,metadata_only,article,1jy2LPW3MaO_Aw9Vkuxsqnc6Cd_4HsupE,https://drive.google.com/file/d/1jy2LPW3MaO_Aw9Vkuxsqnc6Cd_4HsupE/view?usp=drivesdk
Karma,Google Drive,Wisdom-Develops-Samadhi.pdf,buddhist_continuity,2,blackswanreprise,Buddhism & Eastern Philosophy,unknown,INDEX_ONLY,metadata_only,article,1-YyNFv1o-rUtd7_n0gtOfz15WSEaayu5,https://drive.google.com/file/d/1-YyNFv1o-rUtd7_n0gtOfz15WSEaayu5/view?usp=drivesdk
Karma,Google Drive,Wisdom-and-the-seventy-three-kinds-of-mundane-and-supramundane-knowledge.pdf,buddhist_continuity,2,blackswanreprise,Buddhism & Eastern Philosophy,unknown,INDEX_ONLY,metadata_only,article,17llHebm-lOqUuOnw-Du0eMFXNx7slERv,https://drive.google.com/file/d/17llHebm-lOqUuOnw-Du0eMFXNx7slERv/view?usp=drivesdk
Karma,Google Drive,With-each-and-every-breath.pdf,buddhist_continuity,2,blackswanreprise,Buddhism & Eastern Philosophy,unknown,INDEX_ONLY,metadata_only,article,1ClK_1syM_VlnCZYutm4MEFv7ckIcPyBc,https://drive.google.com/file/d/1ClK_1syM_VlnCZYutm4MEFv7ckIcPyBc/view?usp=drivesdk
Karma,Google Drive,Ye-Magick-Mirrour-of-Old-Japan.pdf,buddhist_continuity,2,blackswanreprise,Buddhism & Eastern Philosophy; Western Occultism & Magick,unknown,INDEX_ONLY,metadata_only,article,111DnNKGtAkVgtnY7tG75PVKcBPuV1R5N,https://drive.google.com/file/d/111DnNKGtAkVgtnY7tG75PVKcBPuV1R5N/view?usp=drivesdk
Karma,Google Drive,Yin-Chih-Wen-The-Tract-of-the-Quiet-Way.pdf,buddhist_continuity,2,blackswanreprise,Buddhism & Eastern Philosophy,unknown,INDEX_ONLY,metadata_only,article,1EKI3EhUg_apt8jfHvRXfCyGmqae538j7,https://drive.google.com/file/d/1EKI3EhUg_apt8jfHvRXfCyGmqae538j7/view?usp=drivesdk
Karma,Google Drive,Zen-A-Cognition-to-the-Mind-by-Pho-Nguyet.pdf,buddhist_continuity,2,blackswanreprise,Buddhism & Eastern Philosophy; Consciousness & Mind,unknown,INDEX_ONLY,metadata_only,article,1kcrKMmde3yFlL57KUKI0aMd7FN4u1Oqq,https://drive.google.com/file/d/1kcrKMmde3yFlL57KUKI0aMd7FN4u1Oqq/view?usp=drivesdk
Karma,Google Drive,Zen-Culture-by-Thomas-Hoover.pdf,buddhist_continuity,2,blackswanreprise,Buddhism & Eastern Philosophy; History & Cultural Memory,unknown,INDEX_ONLY,metadata_only,article,1RJDPs_akKsszcEJITJdr7NhlI-7QMld0,https://drive.google.com/file/d/1RJDPs_akKsszcEJITJdr7NhlI-7QMld0/view?usp=drivesdk
Karma,Google Drive,Zen-Master-Ejo-Absorption-in-the-Treasury-of-Light.pdf,buddhist_continuity,2,blackswanreprise,Buddhism & Eastern Philosophy,unknown,INDEX_ONLY,metadata_only,article,1fgx4UL1_hsZOUkUkE9tp1AiAtKayaGL6,https://drive.google.com/file/d/1fgx4UL1_hsZOUkUkE9tp1AiAtKayaGL6/view?usp=drivesdk
Karma,Google Drive,Zen-Mind-Beginners-Mind-by-Shunryu-Suzuki.pdf,buddhist_continuity,2,blackswanreprise,Buddhism & Eastern Philosophy; Consciousness & Mind,unknown,INDEX_ONLY,metadata_only,article,1uAWoldlvVxQBbneAwJkdODG_q8QlNnSZ,https://drive.google.com/file/d/1uAWoldlvVxQBbneAwJkdODG_q8QlNnSZ/view?usp=drivesdk
Karma,Google Drive,Zen-in-the-Art-of-Archery.pdf,buddhist_continuity,2,blackswanreprise,Buddhism & Eastern Philosophy,unknown,INDEX_ONLY,metadata_only,article,11o11No4rOtieiO-eLOyoFf26gCwgv4zU,https://drive.google.com/file/d/11o11No4rOtieiO-eLOyoFf26gCwgv4zU/view?usp=drivesdk
Karma,Google Drive,[Tokubrasil] Crest Of The Wolf & Midare Karakuri MUSIC FILE.pdf,buddhist_continuity,2,blackswanreprise,Buddhism & Eastern Philosophy,unknown,INDEX_ONLY,metadata_only,article,1udRGk5OYHHtv_CWn_JMYnM2IXsl6icZl,https://drive.google.com/file/d/1udRGk5OYHHtv_CWn_JMYnM2IXsl6icZl/view?usp=drivesdk
Karma,Google Drive,download.html,buddhist_continuity,2,blackswanreprise,Buddhism & Eastern Philosophy,unknown,INDEX_ONLY,metadata_only,unknown,13pITUk5FC94d1WO7WeoVI-zzSRg09Lsq,https://drive.google.com/file/d/13pITUk5FC94d1WO7WeoVI-zzSRg09Lsq/view?usp=drivesdk
Karma,Google Drive,gail2012.pdf,buddhist_continuity,2,blackswanreprise,Buddhism & Eastern Philosophy,unknown,INDEX_ONLY,metadata_only,article,1fBdznqzrbLQI6DrBTstmnM4qtTYihpT3,https://drive.google.com/file/d/1fBdznqzrbLQI6DrBTstmnM4qtTYihpT3/view?usp=drivesdk
Karma,Google Drive,selvesnotself.pdf,buddhist_continuity,2,blackswanreprise,Buddhism & Eastern Philosophy,unknown,INDEX_ONLY,metadata_only,article,1tCrVit2b8mVFtg9SVqV7wfqLCbN8e7uH,https://drive.google.com/file/d/1tCrVit2b8mVFtg9SVqV7wfqLCbN8e7uH/view?usp=drivesdk
Karma,Google Drive,the-Seven-Factors-of-Awakening.pdf,buddhist_continuity,2,blackswanreprise,Buddhism & Eastern Philosophy; Mysticism & Spirituality,unknown,INDEX_ONLY,metadata_only,article,1UrtHK3fLS6g7pCFZk1PIEDPIfnDifK9h,https://drive.google.com/file/d/1UrtHK3fLS6g7pCFZk1PIEDPIfnDifK9h/view?usp=drivesdk
Rebirth (Buddhism),Google Drive,04.SacredBooksEast.VarOrSch.v4.Muller.Zor_.Darmesteter.ZendAvesta.p1.2nd.1880.1895..pdf,buddhist_continuity,2,blackswanreprise,Buddhism & Eastern Philosophy; Mysticism & Spirituality; Ancient Civilisations,unknown,INDEX_ONLY,metadata_only,article,1GmkINy2VjMKvm06Fq7Xvlxp-xBHSL5HQ,https://drive.google.com/file/d/1GmkINy2VjMKvm06Fq7Xvlxp-xBHSL5HQ/view?usp=drivesdk
Rebirth (Buddhism),Google Drive,23.SacredBooksEast.VarOrSch.v23.Muller.Zor_.Darmesteter.ZendAvesta.p2.SirYastsNya.Oxf_.1883..pdf,buddhist_continuity,2,blackswanreprise,Buddhism & Eastern Philosophy; Mysticism & Spirituality; Ancient Civilisations,unknown,INDEX_ONLY,metadata_only,article,1o961f0HWrIV4GlTq6_imJspOg0xYhMYG,https://drive.google.com/file/d/1o961f0HWrIV4GlTq6_imJspOg0xYhMYG/view?usp=drivesdk
Rebirth (Buddhism),Google Drive,31.SacredBooksEast.VarOrSch.v31.Muller.Zor_.Mills_.ZendAvesta.p3.YasVisAfriGahs.MiscFrag.Oxf_.1887..pdf,buddhist_continuity,2,blackswanreprise,Buddhism & Eastern Philosophy; Mysticism & Spirituality; Ancient Civilisations,unknown,INDEX_ONLY,metadata_only,article,1wGLyh-c2Prhw5c94PDyw0TqKii6eO-X1,https://drive.google.com/file/d/1wGLyh-c2Prhw5c94PDyw0TqKii6eO-X1/view?usp=drivesdk
Rebirth (Buddhism),Google Drive,A-Brief-Overview-of-the-Bardo.pdf,buddhist_continuity,2,blackswanreprise,Buddhism & Eastern Philosophy,unknown,INDEX_ONLY,metadata_only,article,1XaUmG86Svvoyup92F7udKohmRXnvRAuY,https://drive.google.com/file/d/1XaUmG86Svvoyup92F7udKohmRXnvRAuY/view?usp=drivesdk
Rebirth (Buddhism),Google Drive,A-Chanting-Guide.pdf,buddhist_continuity,2,blackswanreprise,Buddhism & Eastern Philosophy,unknown,INDEX_ONLY,metadata_only,article,1iyifg5HFsmCxoaKOC2ZT2r8wo1SUJZcx,https://drive.google.com/file/d/1iyifg5HFsmCxoaKOC2ZT2r8wo1SUJZcx/view?usp=drivesdk
Rebirth (Buddhism),Google Drive,A-Collection-Of-Studies-On-The-Tibetan-Bon-Tradition.pdf,buddhist_continuity,2,blackswanreprise,Buddhism & Eastern Philosophy,unknown,INDEX_ONLY,metadata_only,article,1uEEb92zRkj3jYnvt04d4i8WAn2WT3PxD,https://drive.google.com/file/d/1uEEb92zRkj3jYnvt04d4i8WAn2WT3PxD/view?usp=drivesdk
Rebirth (Buddhism),Google Drive,A-Commentary-on-Attitude-Training-Like-the-Rays-of-the-Sun.pdf,buddhist_continuity,2,blackswanreprise,Buddhism & Eastern Philosophy,unknown,INDEX_ONLY,metadata_only,article,1HgV4vrGuIM7HH9J8OQtnMm9NXh3iSBvN,https://drive.google.com/file/d/1HgV4vrGuIM7HH9J8OQtnMm9NXh3iSBvN/view?usp=drivesdk
Rebirth (Buddhism),Google Drive,A-Dhammapada-for-Contemplation-Ajahn-Munindo.pdf,buddhist_continuity,2,blackswanreprise,Buddhism & Eastern Philosophy,unknown,INDEX_ONLY,metadata_only,article,1sIrLOMrvctuRzGOu3POOU3Lga7UbMqDG,https://drive.google.com/file/d/1sIrLOMrvctuRzGOu3POOU3Lga7UbMqDG/view?usp=drivesdk
Rebirth (Buddhism),Google Drive,A-Discourse-on-the-Sallekha-Sutta.pdf,buddhist_continuity,2,blackswanreprise,Buddhism & Eastern Philosophy,unknown,INDEX_ONLY,metadata_only,article,1avN_phZWvyyBSgu8F5vxPC5sEJE13RX_,https://drive.google.com/file/d/1avN_phZWvyyBSgu8F5vxPC5sEJE13RX_/view?usp=drivesdk
Rebirth (Buddhism),Google Drive,A-Guide-to-Awareness.pdf,buddhist_continuity,2,blackswanreprise,Buddhism & Eastern Philosophy; Consciousness & Mind,unknown,INDEX_ONLY,metadata_only,article,1nGKCrGNeRhZOebroQXZ_f-peYOtHvltx,https://drive.google.com/file/d/1nGKCrGNeRhZOebroQXZ_f-peYOtHvltx/view?usp=drivesdk
Rebirth (Buddhism),Google Drive,A-Guide-to-Japanese-Buddhism.pdf,buddhist_continuity,2,blackswanreprise,Buddhism & Eastern Philosophy,unknown,INDEX_ONLY,metadata_only,article,1WMC5uwiIS6hde8b0NE4wSibEh24Wzxmz,https://drive.google.com/file/d/1WMC5uwiIS6hde8b0NE4wSibEh24Wzxmz/view?usp=drivesdk
Rebirth (Buddhism),Google Drive,A-Guide-to-Shamatha-Meditation.pdf,buddhist_continuity,2,blackswanreprise,Buddhism & Eastern Philosophy,unknown,INDEX_ONLY,metadata_only,article,1f23y616l9lDcYwlbYHtr0iAe06gWyS81,https://drive.google.com/file/d/1f23y616l9lDcYwlbYHtr0iAe06gWyS81/view?usp=drivesdk
Rebirth (Buddhism),Google Drive,A-Heart-Released.pdf,buddhist_continuity,2,blackswanreprise,Buddhism & Eastern Philosophy,unknown,INDEX_ONLY,metadata_only,article,1X7Ol9awwQEAVBVRYApnNmNwoAc_lUnIh,https://drive.google.com/file/d/1X7Ol9awwQEAVBVRYApnNmNwoAc_lUnIh/view?usp=drivesdk
Rebirth (Buddhism),Google Drive,A-Honed-and-Heavy-Axe.pdf,buddhist_continuity,2,blackswanreprise,Buddhism & Eastern Philosophy,unknown,INDEX_ONLY,metadata_only,article,1qm7VEnRYoJYmirAYf_NtoSHP9P4HX276,https://drive.google.com/file/d/1qm7VEnRYoJYmirAYf_NtoSHP9P4HX276/view?usp=drivesdk
Rebirth (Buddhism),Google Drive,A-Long-Sadhana-of-Vajrayogini.pdf,buddhist_continuity,2,blackswanreprise,"Buddhism & Eastern Philosophy; Hinduism, Yoga & Tantra",unknown,INDEX_ONLY,metadata_only,article,1w3zOjYQTZfKOEWuNgQX-ykoSbQWYWyEH,https://drive.google.com/file/d/1w3zOjYQTZfKOEWuNgQX-ykoSbQWYWyEH/view?usp=drivesdk
Rebirth (Buddhism),Google Drive,A-Manual-of-the-Excellent-Man.pdf,buddhist_continuity,2,blackswanreprise,Buddhism & Eastern Philosophy,unknown,INDEX_ONLY,metadata_only,article,1nq7q6yhS29foVahqv_CVmCZeNm4lzfgi,https://drive.google.com/file/d/1nq7q6yhS29foVahqv_CVmCZeNm4lzfgi/view?usp=drivesdk
Rebirth (Buddhism),Google Drive,A-Mind-Revealed.pdf,buddhist_continuity,2,blackswanreprise,Buddhism & Eastern Philosophy; Consciousness & Mind,unknown,INDEX_ONLY,metadata_only,article,1vQROG-CB-tS1eJhmw7LXrTNU5JvOIpgl,https://drive.google.com/file/d/1vQROG-CB-tS1eJhmw7LXrTNU5JvOIpgl/view?usp=drivesdk
Rebirth (Buddhism),Google Drive,A-Precious-Garland-of-the-Supreme-Path.pdf,buddhist_continuity,2,blackswanreprise,Buddhism & Eastern Philosophy,unknown,INDEX_ONLY,metadata_only,article,1DCeTqK3c6Nc70xXZuK3oTmOnNY_ROMeN,https://drive.google.com/file/d/1DCeTqK3c6Nc70xXZuK3oTmOnNY_ROMeN/view?usp=drivesdk
Rebirth (Buddhism),Google Drive,A-Swift-Pair-of-Messengers.pdf,buddhist_continuity,2,blackswanreprise,Buddhism & Eastern Philosophy,unknown,INDEX_ONLY,metadata_only,article,1wBSOkBULpaYf6MI8XozoLn-03pWJ4CCb,https://drive.google.com/file/d/1wBSOkBULpaYf6MI8XozoLn-03pWJ4CCb/view?usp=drivesdk
Rebirth (Buddhism),Google Drive,A-Tree-in-the-Forest-Ebook1.pdf,buddhist_continuity,2,blackswanreprise,Buddhism & Eastern Philosophy,unknown,INDEX_ONLY,metadata_only,article,1RAuuJAwB5wNDu3FSHMTSTFiwaLEhpbBY,https://drive.google.com/file/d/1RAuuJAwB5wNDu3FSHMTSTFiwaLEhpbBY/view?usp=drivesdk
Rebirth (Buddhism),Google Drive,A-survey-of-the-Paths-of-Tibetan-Buddhism-by-Dalai-Lama.pdf,buddhist_continuity,2,blackswanreprise,Buddhism & Eastern Philosophy,unknown,INDEX_ONLY,metadata_only,article,13bZBwy2u_e5fL33tAaklsierPLLgAUqc,https://drive.google.com/file/d/13bZBwy2u_e5fL33tAaklsierPLLgAUqc/view?usp=drivesdk
Rebirth (Buddhism),Google Drive,Abiding-in-the-Retreat.pdf,buddhist_continuity,2,blackswanreprise,Buddhism & Eastern Philosophy,unknown,INDEX_ONLY,metadata_only,article,1SQhAL6vgfL-cTcv-yI0hgG7ueJjEUB09,https://drive.google.com/file/d/1SQhAL6vgfL-cTcv-yI0hgG7ueJjEUB09/view?usp=drivesdk
Rebirth (Buddhism),Google Drive,Admirable-Friendship.pdf,buddhist_continuity,2,blackswanreprise,Buddhism & Eastern Philosophy,unknown,INDEX_ONLY,metadata_only,article,1bDEnj_RZpE5y4QduPbtnBWNOyNDKC7HV,https://drive.google.com/file/d/1bDEnj_RZpE5y4QduPbtnBWNOyNDKC7HV/view?usp=drivesdk
Rebirth (Buddhism),Google Drive,Advice-to-Rahula.pdf,buddhist_continuity,2,blackswanreprise,Buddhism & Eastern Philosophy,unknown,INDEX_ONLY,metadata_only,article,1GgZJCQo2l4p_ibfBrydo91Mupcbf-svr,https://drive.google.com/file/d/1GgZJCQo2l4p_ibfBrydo91Mupcbf-svr/view?usp=drivesdk
Rebirth (Buddhism),Google Drive,Ajaan-Khao-A-True-Spiritual-Warrior.pdf,buddhist_continuity,2,blackswanreprise,Buddhism & Eastern Philosophy; Mysticism & Spirituality,unknown,INDEX_ONLY,metadata_only,article,1l70fsx_U9WG5z9sJCPYoTV4Aki_5vCck,https://drive.google.com/file/d/1l70fsx_U9WG5z9sJCPYoTV4Aki_5vCck/view?usp=drivesdk
Rebirth (Buddhism),Google Drive,Ajahn-Amaro-Ajahn-Passano-The-Island.pdf,buddhist_continuity,2,blackswanreprise,Buddhism & Eastern Philosophy,unknown,INDEX_ONLY,metadata_only,article,1VWJ56PxHoOqOpIfmfOIqMf7ibdr1VxGP,https://drive.google.com/file/d/1VWJ56PxHoOqOpIfmfOIqMf7ibdr1VxGP/view?usp=drivesdk
Rebirth (Buddhism),Google Drive,All-the-Heaps-of-Suffering-Add-Up-To-Kama-Kilesa.pdf,buddhist_continuity,2,blackswanreprise,Buddhism & Eastern Philosophy,unknown,INDEX_ONLY,metadata_only,article,1wIsas7cMqDZxBTrHXs0HTWnDGXPsHn3a,https://drive.google.com/file/d/1wIsas7cMqDZxBTrHXs0HTWnDGXPsHn3a/view?usp=drivesdk
Rebirth (Buddhism),Google Drive,Along-the-Path.pdf,buddhist_continuity,2,blackswanreprise,Buddhism & Eastern Philosophy,unknown,INDEX_ONLY,metadata_only,article,1G7a2p78sl77-OQa0ly1HR5ls0mQmcRRg,https://drive.google.com/file/d/1G7a2p78sl77-OQa0ly1HR5ls0mQmcRRg/view?usp=drivesdk
Rebirth (Buddhism),Google Drive,Amata-Dhamma-Six-Talks-on-Dhamma.pdf,buddhist_continuity,2,blackswanreprise,Buddhism & Eastern Philosophy,unknown,INDEX_ONLY,metadata_only,article,1S9sRwSL2tI3CgZUvK4QEF2AzW-OqW8Xl,https://drive.google.com/file/d/1S9sRwSL2tI3CgZUvK4QEF2AzW-OqW8Xl/view?usp=drivesdk
Rebirth (Buddhism),Google Drive,An-Analysis-of-the-Abhidhammatthasaogaha.pdf,buddhist_continuity,2,blackswanreprise,Buddhism & Eastern Philosophy,unknown,INDEX_ONLY,metadata_only,article,1NlYuNFLKHhYagPjQA1L_TXcvnS1iX-qZ,https://drive.google.com/file/d/1NlYuNFLKHhYagPjQA1L_TXcvnS1iX-qZ/view?usp=drivesdk
Rebirth (Buddhism),Google Drive,An-Ancient-Path.pdf,buddhist_continuity,2,blackswanreprise,Buddhism & Eastern Philosophy; Ancient Civilisations,unknown,INDEX_ONLY,metadata_only,article,18y9ktA8hnFn97f_CAN26NhldbEyigQYN,https://drive.google.com/file/d/18y9ktA8hnFn97f_CAN26NhldbEyigQYN/view?usp=drivesdk
Rebirth (Buddhism),Google Drive,An-Introduction-to-Mahamudra-Meditation.pdf,buddhist_continuity,2,blackswanreprise,Buddhism & Eastern Philosophy,unknown,INDEX_ONLY,metadata_only,article,1oVVOzOCzK5_AiLuScmnAbNYBCjZ5PQ0H,https://drive.google.com/file/d/1oVVOzOCzK5_AiLuScmnAbNYBCjZ5PQ0H/view?usp=drivesdk
Rebirth (Buddhism),Google Drive,An-Introduction-to-Mahayana-Buddhism.pdf,buddhist_continuity,2,blackswanreprise,Buddhism & Eastern Philosophy,unknown,INDEX_ONLY,metadata_only,article,1HgulOs70SYSIZzQnYZb-fVFXjvpMri14,https://drive.google.com/file/d/1HgulOs70SYSIZzQnYZb-fVFXjvpMri14/view?usp=drivesdk
Rebirth (Buddhism),Google Drive,An-Unentangled-Knowing-Lessons-in-Training-the-Mind.pdf,buddhist_continuity,2,blackswanreprise,Buddhism & Eastern Philosophy; Consciousness & Mind,unknown,INDEX_ONLY,metadata_only,article,1caYKJ_qUVE242yUd8mHwENBgW24VM9Jn,https://drive.google.com/file/d/1caYKJ_qUVE242yUd8mHwENBgW24VM9Jn/view?usp=drivesdk
Rebirth (Buddhism),Google Drive,Analysis-of-the-Ways-of-Attending-to-Mindfulness.pdf,buddhist_continuity,2,blackswanreprise,Buddhism & Eastern Philosophy; Consciousness & Mind,unknown,INDEX_ONLY,metadata_only,article,1IzSxbtG9m8lZaojzC3YO6Fva9_Hwpwld,https://drive.google.com/file/d/1IzSxbtG9m8lZaojzC3YO6Fva9_Hwpwld/view?usp=drivesdk
Rebirth (Buddhism),Google Drive,Anapanasati-Mindfulness-of-Breathing.pdf,buddhist_continuity,2,blackswanreprise,Buddhism & Eastern Philosophy; Consciousness & Mind,unknown,INDEX_ONLY,metadata_only,article,1j3epcxtOD5uMVdF873fnPIZa_T1cNCiR,https://drive.google.com/file/d/1j3epcxtOD5uMVdF873fnPIZa_T1cNCiR/view?usp=drivesdk
Rebirth (Buddhism),Google Drive,Approaching-the-Dhamma.pdf,buddhist_continuity,2,blackswanreprise,Buddhism & Eastern Philosophy,unknown,INDEX_ONLY,metadata_only,article,11rzKsH-1QkfcAOB7d32P4ZblelFt8-xk,https://drive.google.com/file/d/11rzKsH-1QkfcAOB7d32P4ZblelFt8-xk/view?usp=drivesdk
Rebirth (Buddhism),Google Drive,Art-of-Attention.pdf,buddhist_continuity,2,blackswanreprise,Buddhism & Eastern Philosophy,unknown,INDEX_ONLY,metadata_only,article,13oTRMchUBgICfvVpmGbeZ2Vqg1rClKkS,https://drive.google.com/file/d/13oTRMchUBgICfvVpmGbeZ2Vqg1rClKkS/view?usp=drivesdk
Rebirth (Buddhism),Google Drive,Art-of-Living.pdf,buddhist_continuity,2,blackswanreprise,Buddhism & Eastern Philosophy,unknown,INDEX_ONLY,metadata_only,article,1Lju9yOV817-pShVICBXzxi_LRIm9DpOu,https://drive.google.com/file/d/1Lju9yOV817-pShVICBXzxi_LRIm9DpOu/view?usp=drivesdk
Rebirth (Buddhism),Google Drive,Asoka-and-the-Missions.pdf,buddhist_continuity,2,blackswanreprise,Buddhism & Eastern Philosophy,unknown,INDEX_ONLY,metadata_only,article,14m3El8xHH0Xi1F3Ko-s67CdI0h5sFGwJ,https://drive.google.com/file/d/14m3El8xHH0Xi1F3Ko-s67CdI0h5sFGwJ/view?usp=drivesdk
Rebirth (Buddhism),Google Drive,Atthakavagga.pdf,buddhist_continuity,2,blackswanreprise,Buddhism & Eastern Philosophy,unknown,INDEX_ONLY,metadata_only,article,1dVE_UzzXElkWe90S2mMdKK7-QgPhViFf,https://drive.google.com/file/d/1dVE_UzzXElkWe90S2mMdKK7-QgPhViFf/view?usp=drivesdk
Rebirth (Buddhism),Google Drive,Awakening-Presence.pdf,buddhist_continuity,2,blackswanreprise,Buddhism & Eastern Philosophy; Mysticism & Spirituality,unknown,INDEX_ONLY,metadata_only,article,1ML1Xt_jiCxEL_acMObqkD84hjLHMjuWv,https://drive.google.com/file/d/1ML1Xt_jiCxEL_acMObqkD84hjLHMjuWv/view?usp=drivesdk
Rebirth (Buddhism),Google Drive,Awakening-of-Faith.pdf,buddhist_continuity,2,blackswanreprise,Buddhism & Eastern Philosophy; Mysticism & Spirituality,unknown,INDEX_ONLY,metadata_only,article,1SSwkfz1-sO9U-Rij-XA38A5Ti-SZUKdV,https://drive.google.com/file/d/1SSwkfz1-sO9U-Rij-XA38A5Ti-SZUKdV/view?usp=drivesdk
Rebirth (Buddhism),Google Drive,Awareness-Itself.pdf,buddhist_continuity,2,blackswanreprise,Buddhism & Eastern Philosophy; Consciousness & Mind,unknown,INDEX_ONLY,metadata_only,article,1m-QMHXSUR1N754GYAp_DXupHWPPw0qOO,https://drive.google.com/file/d/1m-QMHXSUR1N754GYAp_DXupHWPPw0qOO/view?usp=drivesdk
Rebirth (Buddhism),Google Drive,AwarenessItself180407.pdf,buddhist_continuity,2,blackswanreprise,Buddhism & Eastern Philosophy; Consciousness & Mind,unknown,INDEX_ONLY,metadata_only,article,1Vl8RMjLEGb1sh9JcTRJHKV3aT4zmoQBh,https://drive.google.com/file/d/1Vl8RMjLEGb1sh9JcTRJHKV3aT4zmoQBh/view?usp=drivesdk
Rebirth (Buddhism),Google Drive,Bag-of-Bones-A-Miscellany-on-the-Body.pdf,buddhist_continuity,2,blackswanreprise,Buddhism & Eastern Philosophy,unknown,INDEX_ONLY,metadata_only,article,1LSSIjMWcaFA5iRe5f1qymehHcEn25Hmm,https://drive.google.com/file/d/1LSSIjMWcaFA5iRe5f1qymehHcEn25Hmm/view?usp=drivesdk
Rebirth (Buddhism),Google Drive,Bardo Teachings – Zhi-Kro and Ngöndro Practice,buddhist_continuity,2,blackswanreprise,Buddhism & Eastern Philosophy,unknown,INDEX_ONLY,metadata_only,unknown,1H9TEiVLI5Us6r01aAU92vc_7Vo5LnKhE,https://drive.google.com/drive/folders/1H9TEiVLI5Us6r01aAU92vc_7Vo5LnKhE
Rebirth (Buddhism),Google Drive,BasicPaticcasaMuppada-Translated-by-UHlaMyint.pdf,buddhist_continuity,2,blackswanreprise,Buddhism & Eastern Philosophy,unknown,INDEX_ONLY,metadata_only,article,13Le5nbA0K11zR_qKPefce5e-040RyoQ8,https://drive.google.com/file/d/13Le5nbA0K11zR_qKPefce5e-040RyoQ8/view?usp=drivesdk
Rebirth (Buddhism),Google Drive,Beyond-Coping.pdf,buddhist_continuity,2,blackswanreprise,Buddhism & Eastern Philosophy,unknown,INDEX_ONLY,metadata_only,article,1Mb1etKuO6FLNyhn8l_xEVDqrXMGwrzTN,https://drive.google.com/file/d/1Mb1etKuO6FLNyhn8l_xEVDqrXMGwrzTN/view?usp=drivesdk
Rebirth (Buddhism),Google Drive,Beyond-No-Self-Nirmala.pdf,buddhist_continuity,2,blackswanreprise,Buddhism & Eastern Philosophy,unknown,INDEX_ONLY,metadata_only,article,1kEhoE5KUTnt7y8ZwHqHIHiOtTp2y_Dsi,https://drive.google.com/file/d/1kEhoE5KUTnt7y8ZwHqHIHiOtTp2y_Dsi/view?usp=drivesdk
Rebirth (Buddhism),Google Drive,Bodhinyana.pdf,buddhist_continuity,2,blackswanreprise,Buddhism & Eastern Philosophy,unknown,INDEX_ONLY,metadata_only,article,1x0c-xdkguPl6eMnQLy77S08Zyd6Q3Caq,https://drive.google.com/file/d/1x0c-xdkguPl6eMnQLy77S08Zyd6Q3Caq/view?usp=drivesdk
Rebirth (Buddhism),Google Drive,Bodhisattva-Attitude.pdf,buddhist_continuity,2,blackswanreprise,Buddhism & Eastern Philosophy,unknown,INDEX_ONLY,metadata_only,article,1b4pxpoOEhtQATZ6P96Ugw_cSAYfeMq4c,https://drive.google.com/file/d/1b4pxpoOEhtQATZ6P96Ugw_cSAYfeMq4c/view?usp=drivesdk
Rebirth (Buddhism),Google Drive,Books by Luang Ta Maha Boowa,buddhist_continuity,2,blackswanreprise,Buddhism & Eastern Philosophy,unknown,INDEX_ONLY,metadata_only,book,1Je0jMguxsAX0Nys0TbEPii38EU9omy19,https://drive.google.com/drive/folders/1Je0jMguxsAX0Nys0TbEPii38EU9omy19
Rebirth (Buddhism),Google Drive,Brahmavihara-Dhamma.pdf,buddhist_continuity,2,blackswanreprise,Buddhism & Eastern Philosophy,unknown,INDEX_ONLY,metadata_only,article,1RZY-gogO90kC91HqnWEb9zRau-ROSSLQ,https://drive.google.com/file/d/1RZY-gogO90kC91HqnWEb9zRau-ROSSLQ/view?usp=drivesdk
Rebirth (Buddhism),Google Drive,Broad-View-Boundless-Heart.pdf,buddhist_continuity,2,blackswanreprise,Buddhism & Eastern Philosophy,unknown,INDEX_ONLY,metadata_only,article,1L2AqjbIOIzUPPbmFaGeX6ZUgrWkknzUo,https://drive.google.com/file/d/1L2AqjbIOIzUPPbmFaGeX6ZUgrWkknzUo/view?usp=drivesdk
Rebirth (Buddhism),Google Drive,Buddha-in-Blue-Jean.pdf,buddhist_continuity,2,blackswanreprise,Buddhism & Eastern Philosophy,unknown,INDEX_ONLY,metadata_only,article,10IPOrwAVLJkhtOQkQ8AhgnzqgeyY5ZTj,https://drive.google.com/file/d/10IPOrwAVLJkhtOQkQ8AhgnzqgeyY5ZTj/view?usp=drivesdk
Rebirth (Buddhism),Google Drive,Buddhadasa-Buddhas-Doctrine-Of-Anatta.pdf,buddhist_continuity,2,blackswanreprise,Buddhism & Eastern Philosophy,unknown,INDEX_ONLY,metadata_only,article,195Qc6wQGAi1wt4TpqtE7gejV2q-YSPYc,https://drive.google.com/file/d/195Qc6wQGAi1wt4TpqtE7gejV2q-YSPYc/view?usp=drivesdk
Rebirth (Buddhism),Google Drive,Buddhas-16-Prophecies.pdf,buddhist_continuity,2,blackswanreprise,Buddhism & Eastern Philosophy,unknown,INDEX_ONLY,metadata_only,article,1oJsNrsUDc6tYANuwKacbeL1EnLzotDe8,https://drive.google.com/file/d/1oJsNrsUDc6tYANuwKacbeL1EnLzotDe8/view?usp=drivesdk
Rebirth (Buddhism),Google Drive,Buddhas-Teachings.pdf,buddhist_continuity,2,blackswanreprise,Buddhism & Eastern Philosophy,unknown,INDEX_ONLY,metadata_only,article,1sIb2Gs2feuG61vpJ2vjSSjCbh-C47pqZ,https://drive.google.com/file/d/1sIb2Gs2feuG61vpJ2vjSSjCbh-C47pqZ/view?usp=drivesdk
Rebirth (Buddhism),Google Drive,Buddhism,buddhist_continuity,2,blackswanreprise,Buddhism & Eastern Philosophy,unknown,INDEX_ONLY,metadata_only,unknown,1zRRev6kDn7I4i23uk5btY6y2RwUBJGvr,https://drive.google.com/drive/folders/1zRRev6kDn7I4i23uk5btY6y2RwUBJGvr
Rebirth (Buddhism),Google Drive,Buddhism-Handbook-1.pdf,buddhist_continuity,2,blackswanreprise,Buddhism & Eastern Philosophy,unknown,INDEX_ONLY,metadata_only,article,1h54D5IK49J74OeOC4WW0LPrGOPmh2qee,https://drive.google.com/file/d/1h54D5IK49J74OeOC4WW0LPrGOPmh2qee/view?usp=drivesdk
Rebirth (Buddhism),Google Drive,Buddhism-Of-Tibet-Or-Lamaism.pdf,buddhist_continuity,2,blackswanreprise,Buddhism & Eastern Philosophy,unknown,INDEX_ONLY,metadata_only,article,1wbN2RZh0wjjJUZMu3jjQkl_cn3oFbDrz,https://drive.google.com/file/d/1wbN2RZh0wjjJUZMu3jjQkl_cn3oFbDrz/view?usp=drivesdk
Rebirth (Buddhism),Google Drive,Buddhism-The-Noble-Eightfold-Path-to-End-Suffering.pdf,buddhist_continuity,2,blackswanreprise,Buddhism & Eastern Philosophy,unknown,INDEX_ONLY,metadata_only,article,1mjfRuGjlAfScikmJ3HrF64L4f435LtAM,https://drive.google.com/file/d/1mjfRuGjlAfScikmJ3HrF64L4f435LtAM/view?usp=drivesdk
Rebirth (Buddhism),Google Drive,Burmese-Monks-Tales.pdf,buddhist_continuity,2,blackswanreprise,Buddhism & Eastern Philosophy,unknown,INDEX_ONLY,metadata_only,article,1BQXlUVZIDq9voVfgQfucdrj21RnJsVy4,https://drive.google.com/file/d/1BQXlUVZIDq9voVfgQfucdrj21RnJsVy4/view?usp=drivesdk
Rebirth (Buddhism),Google Drive,Bushido-the-Soul-of-Japan-by-Nitobe-Inazo.pdf,buddhist_continuity,2,blackswanreprise,Buddhism & Eastern Philosophy,unknown,INDEX_ONLY,metadata_only,article,1LawhieOUNZthHtgjBBEn4UV5MQJA1nWx,https://drive.google.com/file/d/1LawhieOUNZthHtgjBBEn4UV5MQJA1nWx/view?usp=drivesdk
Rebirth (Buddhism),Google Drive,Chod-teachings-Garchen-Rinpoche.pdf,buddhist_continuity,2,blackswanreprise,Buddhism & Eastern Philosophy,unknown,INDEX_ONLY,metadata_only,article,1rOIWLLBgpP1AfLXSV5gZ6Dyw5jKR4mKV,https://drive.google.com/file/d/1rOIWLLBgpP1AfLXSV5gZ6Dyw5jKR4mKV/view?usp=drivesdk
Rebirth (Buddhism),Google Drive,Cittanupassana-And-Vedananupassana.pdf,buddhist_continuity,2,blackswanreprise,"Buddhism & Eastern Philosophy; Hinduism, Yoga & Tantra",unknown,INDEX_ONLY,metadata_only,article,1iTPRE2Vm_E3LejYBdJcV6PZ5Vs798VB2,https://drive.google.com/file/d/1iTPRE2Vm_E3LejYBdJcV6PZ5Vs798VB2/view?usp=drivesdk
Rebirth (Buddhism),Google Drive,Come-And-See.pdf,buddhist_continuity,2,blackswanreprise,Buddhism & Eastern Philosophy,unknown,INDEX_ONLY,metadata_only,article,1MDXQM0Da3gPIllOqDCp_qdOFM7s3xTof,https://drive.google.com/file/d/1MDXQM0Da3gPIllOqDCp_qdOFM7s3xTof/view?usp=drivesdk
Rebirth (Buddhism),Google Drive,Commentary-on-Ngöndro-Practice-according-to-The-New-Treasure-of-Dudjom.pdf,buddhist_continuity,2,blackswanreprise,Buddhism & Eastern Philosophy,unknown,INDEX_ONLY,metadata_only,article,1lFWA-9nkL_k__IhEdEXepilNsx1oT9Vi,https://drive.google.com/file/d/1lFWA-9nkL_k__IhEdEXepilNsx1oT9Vi/view?usp=drivesdk
Rebirth (Buddhism),Google Drive,Commentary-on-Ngöndro-Practice-according-to-The-New-Treasure-of-Dudjom.pdf,buddhist_continuity,2,blackswanreprise,Buddhism & Eastern Philosophy,unknown,INDEX_ONLY,metadata_only,article,1WhQWJ0-l4xunQ_Hejj00F03LLs_YZgnq,https://drive.google.com/file/d/1WhQWJ0-l4xunQ_Hejj00F03LLs_YZgnq/view?usp=drivesdk
Rebirth (Buddhism),Google Drive,Comprehensive-Manual-of-Abhidhamma.pdf,buddhist_continuity,2,blackswanreprise,Buddhism & Eastern Philosophy,unknown,INDEX_ONLY,metadata_only,article,1bna8pnJrRIke6zj1_dfOLehcC6jLJ5sD,https://drive.google.com/file/d/1bna8pnJrRIke6zj1_dfOLehcC6jLJ5sD/view?usp=drivesdk
Rebirth (Buddhism),Google Drive,Consciousness-Enlarged.pdf,buddhist_continuity,2,blackswanreprise,Buddhism & Eastern Philosophy; Consciousness & Mind,unknown,INDEX_ONLY,metadata_only,article,1jxou4A-UfxIgB6m_ArzcBht4w0ybiooD,https://drive.google.com/file/d/1jxou4A-UfxIgB6m_ArzcBht4w0ybiooD/view?usp=drivesdk
Rebirth (Buddhism),Google Drive,Consciousness-Studies.pdf,buddhist_continuity,2,blackswanreprise,Buddhism & Eastern Philosophy; Consciousness & Mind,unknown,INDEX_ONLY,metadata_only,article,17oA_ioCZUyoi9DhKUpzD1wnDHcW1QZi2,https://drive.google.com/file/d/17oA_ioCZUyoi9DhKUpzD1wnDHcW1QZi2/view?usp=drivesdk
Rebirth (Buddhism),Google Drive,Contemplation-of-the-Mind.pdf,buddhist_continuity,2,blackswanreprise,Buddhism & Eastern Philosophy; Consciousness & Mind,unknown,INDEX_ONLY,metadata_only,article,1hPnGYO23pc6e9bWxalrimtj1aYipRXqt,https://drive.google.com/file/d/1hPnGYO23pc6e9bWxalrimtj1aYipRXqt/view?usp=drivesdk
Rebirth (Buddhism),Google Drive,Cultivating-Inner-Peace.pdf,buddhist_continuity,2,blackswanreprise,Buddhism & Eastern Philosophy,unknown,INDEX_ONLY,metadata_only,article,1vTkvtfnhyDZYmOby4R58h6YGv0E8oF-R,https://drive.google.com/file/d/1vTkvtfnhyDZYmOby4R58h6YGv0E8oF-R/view?usp=drivesdk
Rebirth (Buddhism),Google Drive,Daily-Purification-A-Short-Vajrasattva-Practice.pdf,buddhist_continuity,2,blackswanreprise,Buddhism & Eastern Philosophy,unknown,INDEX_ONLY,metadata_only,article,1pk_YwRXrXs8LZv1XEDl6Uh1YJ66I5mFa,https://drive.google.com/file/d/1pk_YwRXrXs8LZv1XEDl6Uh1YJ66I5mFa/view?usp=drivesdk
Rebirth (Buddhism),Google Drive,Daily-Reflections.pdf,buddhist_continuity,2,blackswanreprise,Buddhism & Eastern Philosophy,unknown,INDEX_ONLY,metadata_only,article,1hb8PzzMYdR7x8_HHsiyY-GhjnNQtmoMx,https://drive.google.com/file/d/1hb8PzzMYdR7x8_HHsiyY-GhjnNQtmoMx/view?usp=drivesdk
Rebirth (Buddhism),Google Drive,Dangerous-Things-That-Ruin-The-Heart.pdf,buddhist_continuity,2,blackswanreprise,Buddhism & Eastern Philosophy,unknown,INDEX_ONLY,metadata_only,article,1a2YNPrhgRtHZgGUksWTSlLzEEx96AkIE,https://drive.google.com/file/d/1a2YNPrhgRtHZgGUksWTSlLzEEx96AkIE/view?usp=drivesdk
Rebirth (Buddhism),Google Drive,Developing-Balanced-Sensitivity-Practical-Buddhism-Tibetan-Tantra.pdf,buddhist_continuity,2,blackswanreprise,"Buddhism & Eastern Philosophy; Hinduism, Yoga & Tantra",unknown,INDEX_ONLY,metadata_only,article,1qBXctO-ZifAjqhRc_taJw8Xu3nS1ROxQ,https://drive.google.com/file/d/1qBXctO-ZifAjqhRc_taJw8Xu3nS1ROxQ/view?usp=drivesdk
Rebirth (Buddhism),Google Drive,Dhamma-Comes-From-The-Heart.pdf,buddhist_continuity,2,blackswanreprise,Buddhism & Eastern Philosophy,unknown,INDEX_ONLY,metadata_only,article,18dTDO27t6Xcis8byKQFWsrDJf2fivXgk,https://drive.google.com/file/d/18dTDO27t6Xcis8byKQFWsrDJf2fivXgk/view?usp=drivesdk
Rebirth (Buddhism),Google Drive,Dhamma-Verses.pdf,buddhist_continuity,2,blackswanreprise,Buddhism & Eastern Philosophy,unknown,INDEX_ONLY,metadata_only,article,138-Gu1uPoYyNM5BIotEJO3cfjr6LPwEI,https://drive.google.com/file/d/138-Gu1uPoYyNM5BIotEJO3cfjr6LPwEI/view?usp=drivesdk
Rebirth (Buddhism),Google Drive,Dhammacakkappavattana-Sutta.pdf,buddhist_continuity,2,blackswanreprise,Buddhism & Eastern Philosophy,unknown,INDEX_ONLY,metadata_only,article,1QxJmNhH0qhKfY09hcUJyzcZ_LHvQ6L1F,https://drive.google.com/file/d/1QxJmNhH0qhKfY09hcUJyzcZ_LHvQ6L1F/view?usp=drivesdk
Rebirth (Buddhism),Google Drive,Dhammapada-Stories-by-Gambhiro-Bikkhu.pdf,buddhist_continuity,2,blackswanreprise,Buddhism & Eastern Philosophy,unknown,INDEX_ONLY,metadata_only,article,1IAud85BgGlKJ83lP5wx6P2ZUCU4U4iLy,https://drive.google.com/file/d/1IAud85BgGlKJ83lP5wx6P2ZUCU4U4iLy/view?usp=drivesdk
Rebirth (Buddhism),Google Drive,Dharma-Mind-Worldly-Mind.pdf,buddhist_continuity,2,blackswanreprise,Buddhism & Eastern Philosophy; Consciousness & Mind,unknown,INDEX_ONLY,metadata_only,article,1d3ews2p-cAGcEadTyj6p8E_IdBBiRypU,https://drive.google.com/file/d/1d3ews2p-cAGcEadTyj6p8E_IdBBiRypU/view?usp=drivesdk
Rebirth (Buddhism),Google Drive,Dont-Desert-the-Core-Principles-of-Dhamma-Vinaya.pdf,buddhist_continuity,2,blackswanreprise,Buddhism & Eastern Philosophy,unknown,INDEX_ONLY,metadata_only,article,1puoA_ZHJq9bqaoG5wyTL35ietT9qU_kz,https://drive.google.com/file/d/1puoA_ZHJq9bqaoG5wyTL35ietT9qU_kz/view?usp=drivesdk
Rebirth (Buddhism),Google Drive,Earliest-Discourses.pdf,buddhist_continuity,2,blackswanreprise,Buddhism & Eastern Philosophy,unknown,INDEX_ONLY,metadata_only,article,17lxk9qE8LD9Dh1Plc8ONruYFT85AjPjR,https://drive.google.com/file/d/17lxk9qE8LD9Dh1Plc8ONruYFT85AjPjR/view?usp=drivesdk
Rebirth (Buddhism),Google Drive,Empty-Cloud-The-Teachings-Of-Zen-Master-Xu-Yun.pdf,buddhist_continuity,2,blackswanreprise,Buddhism & Eastern Philosophy,unknown,INDEX_ONLY,metadata_only,article,1yhx-l714QTiXXTCVzlB09L9V-tdL6n6z,https://drive.google.com/file/d/1yhx-l714QTiXXTCVzlB09L9V-tdL6n6z/view?usp=drivesdk
Rebirth (Buddhism),Google Drive,Engaging-in-Bodhisattva-Behavior-by-Shantideva.pdf,buddhist_continuity,2,blackswanreprise,Buddhism & Eastern Philosophy,unknown,INDEX_ONLY,metadata_only,article,1TrTISTwAUqVSkdwQnpSmN6JJcOoMisql,https://drive.google.com/file/d/1TrTISTwAUqVSkdwQnpSmN6JJcOoMisql/view?usp=drivesdk
Rebirth (Buddhism),Google Drive,Establishing-The-Fundamentals.pdf,buddhist_continuity,2,blackswanreprise,Buddhism & Eastern Philosophy,unknown,INDEX_ONLY,metadata_only,article,1-OAqdmKruUhTaeepCw6Z6x_RQdDNx9lC,https://drive.google.com/file/d/1-OAqdmKruUhTaeepCw6Z6x_RQdDNx9lC/view?usp=drivesdk
Rebirth (Buddhism),Google Drive,Everything-isTeaching-Us.pdf,buddhist_continuity,2,blackswanreprise,Buddhism & Eastern Philosophy,unknown,INDEX_ONLY,metadata_only,article,11vdKKHnutQvcQNqWkKUCfQzk8E91lxzw,https://drive.google.com/file/d/11vdKKHnutQvcQNqWkKUCfQzk8E91lxzw/view?usp=drivesdk
Rebirth (Buddhism),Google Drive,Exalted-Sublime-Golden-Light.pdf,buddhist_continuity,2,blackswanreprise,Buddhism & Eastern Philosophy,unknown,INDEX_ONLY,metadata_only,article,1VwTMSCpYgwUZenecE4TLGOC1korT3Kw8,https://drive.google.com/file/d/1VwTMSCpYgwUZenecE4TLGOC1korT3Kw8/view?usp=drivesdk
Rebirth (Buddhism),Google Drive,Factors-for-Awakening.pdf,buddhist_continuity,2,blackswanreprise,Buddhism & Eastern Philosophy; Mysticism & Spirituality,unknown,INDEX_ONLY,metadata_only,article,1Cdt6UJNW3VTCZkV-y3ayIIL_zW3xJEdg,https://drive.google.com/file/d/1Cdt6UJNW3VTCZkV-y3ayIIL_zW3xJEdg/view?usp=drivesdk
Rebirth (Buddhism),Google Drive,First-Things-First.pdf,buddhist_continuity,2,blackswanreprise,Buddhism & Eastern Philosophy,unknown,INDEX_ONLY,metadata_only,article,1OPBkqDDBBy8sICARKax0WgLkLxcaDG7A,https://drive.google.com/file/d/1OPBkqDDBBy8sICARKax0WgLkLxcaDG7A/view?usp=drivesdk
Rebirth (Buddhism),Google Drive,Fistfull-of-Sand.pdf,buddhist_continuity,2,blackswanreprise,Buddhism & Eastern Philosophy,unknown,INDEX_ONLY,metadata_only,article,1QbfTTJXopU498Hw6Ym6N48bHBiS-mODL,https://drive.google.com/file/d/1QbfTTJXopU498Hw6Ym6N48bHBiS-mODL/view?usp=drivesdk
Rebirth (Buddhism),Google Drive,Five-Faculties.pdf,buddhist_continuity,2,blackswanreprise,Buddhism & Eastern Philosophy,unknown,INDEX_ONLY,metadata_only,article,12F8dz8uemKN39eDflBsG24eblQuOlW5F,https://drive.google.com/file/d/12F8dz8uemKN39eDflBsG24eblQuOlW5F/view?usp=drivesdk
Rebirth (Buddhism),Google Drive,Food-for-Thought.pdf,buddhist_continuity,2,blackswanreprise,Buddhism & Eastern Philosophy,unknown,INDEX_ONLY,metadata_only,article,1xngXUznaEa9JQm9H_tk8cKvvqeud3ODW,https://drive.google.com/file/d/1xngXUznaEa9JQm9H_tk8cKvvqeud3ODW/view?usp=drivesdk
Rebirth (Buddhism),Google Drive,For-the-Stilling-of-Volcanoes.pdf,buddhist_continuity,2,blackswanreprise,Buddhism & Eastern Philosophy,unknown,INDEX_ONLY,metadata_only,article,1EPbdRyQvD8nhzGGoXPz-TckhYgSwLy-E,https://drive.google.com/file/d/1EPbdRyQvD8nhzGGoXPz-TckhYgSwLy-E/view?usp=drivesdk
Rebirth (Buddhism),Google Drive,Forest-Dhamma.pdf,buddhist_continuity,2,blackswanreprise,Buddhism & Eastern Philosophy,unknown,INDEX_ONLY,metadata_only,article,1f6OzKdGIh7919Wpsp8jcwzImO8CpimBC,https://drive.google.com/file/d/1f6OzKdGIh7919Wpsp8jcwzImO8CpimBC/view?usp=drivesdk
Rebirth (Buddhism),Google Drive,Forest-Path.pdf,buddhist_continuity,2,blackswanreprise,Buddhism & Eastern Philosophy,unknown,INDEX_ONLY,metadata_only,article,1yOHFjAMwOu1gDZ7s9UIZqJ8K5fNNItB4,https://drive.google.com/file/d/1yOHFjAMwOu1gDZ7s9UIZqJ8K5fNNItB4/view?usp=drivesdk
Rebirth (Buddhism),Google Drive,Frames-of-Reference-by-Ajaan-Lee-Dhamadharo.pdf,buddhist_continuity,2,blackswanreprise,Buddhism & Eastern Philosophy,unknown,INDEX_ONLY,metadata_only,article,1VFDx6I7MsmoZMG3w8ftlpIWyVuvbKVcp,https://drive.google.com/file/d/1VFDx6I7MsmoZMG3w8ftlpIWyVuvbKVcp/view?usp=drivesdk
Rebirth (Buddhism),Google Drive,Freedom-Through-Understanding-by-Lama-Yeshe-and-Lama-Zopa-Rinpoche.pdf,buddhist_continuity,2,blackswanreprise,Buddhism & Eastern Philosophy; Law & Political Thought,unknown,INDEX_ONLY,metadata_only,article,11FmvRR0iOOUgglrU6GuGPeL5fIfDRFYL,https://drive.google.com/file/d/11FmvRR0iOOUgglrU6GuGPeL5fIfDRFYL/view?usp=drivesdk
Rebirth (Buddhism),Google Drive,Freeing-the-Heart-Dhamma-Teachings.pdf,buddhist_continuity,2,blackswanreprise,Buddhism & Eastern Philosophy,unknown,INDEX_ONLY,metadata_only,article,1MM3l_NHkvlhfcSC5PJ3jgwXxbG8WqDhx,https://drive.google.com/file/d/1MM3l_NHkvlhfcSC5PJ3jgwXxbG8WqDhx/view?usp=drivesdk
Rebirth (Buddhism),Google Drive,From-Buddha-to-be-to-Teacher.pdf,buddhist_continuity,2,blackswanreprise,Buddhism & Eastern Philosophy,unknown,INDEX_ONLY,metadata_only,article,1FqK5Rn5YacHYdR5eBFTvNTLSQfGOyBkV,https://drive.google.com/file/d/1FqK5Rn5YacHYdR5eBFTvNTLSQfGOyBkV/view?usp=drivesdk
Rebirth (Buddhism),Google Drive,Fundamentals-of-Buddhism.pdf,buddhist_continuity,2,blackswanreprise,Buddhism & Eastern Philosophy,unknown,INDEX_ONLY,metadata_only,article,1hykcXmm63wlcloT0uLtLrFIE27NItOtO,https://drive.google.com/file/d/1hykcXmm63wlcloT0uLtLrFIE27NItOtO/view?usp=drivesdk
Rebirth (Buddhism),Google Drive,Fundamentals-of-Chan-Meditation-Practice.pdf,buddhist_continuity,2,blackswanreprise,Buddhism & Eastern Philosophy,unknown,INDEX_ONLY,metadata_only,article,1judekxkDVSDKndCc1e1hGPp8RO-psDgx,https://drive.google.com/file/d/1judekxkDVSDKndCc1e1hGPp8RO-psDgx/view?usp=drivesdk
Rebirth (Buddhism),Google Drive,Fundamentals-of-Vipassana-Meditation.pdf,buddhist_continuity,2,blackswanreprise,Buddhism & Eastern Philosophy,unknown,INDEX_ONLY,metadata_only,article,1cX0Q8-yYaUFuUgVcRdEH-bB8B_nfYjTP,https://drive.google.com/file/d/1cX0Q8-yYaUFuUgVcRdEH-bB8B_nfYjTP/view?usp=drivesdk
Rebirth (Buddhism),Google Drive,G.-Gurdjieffs-Institure-for-the-Harmonious-Development-of-Man.pdf,buddhist_continuity,2,blackswanreprise,Buddhism & Eastern Philosophy; Gurdjieff & Fourth Way,unknown,INDEX_ONLY,metadata_only,article,1o0mHG64VSHGfmtDbNHl9Dr4VUY5faNm2,https://drive.google.com/file/d/1o0mHG64VSHGfmtDbNHl9Dr4VUY5faNm2/view?usp=drivesdk
Rebirth (Buddhism),Google Drive,Ganadharavada.pdf,buddhist_continuity,2,blackswanreprise,Buddhism & Eastern Philosophy,unknown,INDEX_ONLY,metadata_only,article,15LdtXUeplGCpHKL9MkSgiMLDvJ7TAM4E,https://drive.google.com/file/d/15LdtXUeplGCpHKL9MkSgiMLDvJ7TAM4E/view?usp=drivesdk
Rebirth (Buddhism),Google Drive,Gifts-He-Left-Behind.pdf,buddhist_continuity,2,blackswanreprise,Buddhism & Eastern Philosophy,unknown,INDEX_ONLY,metadata_only,article,19ZgLXyJtdXtjDhY1ueD7-6wPoa00VqgQ,https://drive.google.com/file/d/19ZgLXyJtdXtjDhY1ueD7-6wPoa00VqgQ/view?usp=drivesdk
Rebirth (Buddhism),Google Drive,Good-Question-Good-Answer.pdf,buddhist_continuity,2,blackswanreprise,Buddhism & Eastern Philosophy,unknown,INDEX_ONLY,metadata_only,article,1YP2ta6177SS5HaAF5a207v2NVqgvpMpo,https://drive.google.com/file/d/1YP2ta6177SS5HaAF5a207v2NVqgvpMpo/view?usp=drivesdk
Rebirth (Buddhism),Google Drive,Great-Bliss-Tantric-Sex-and-the-Path-to-Inner-Awakening.pdf,buddhist_continuity,2,blackswanreprise,"Buddhism & Eastern Philosophy; Hinduism, Yoga & Tantra; Mysticism & Spirituality",unknown,INDEX_ONLY,metadata_only,article,1yOL4mdUWB-MIyJ7q2W1RFAs7efjAW2oy,https://drive.google.com/file/d/1yOL4mdUWB-MIyJ7q2W1RFAs7efjAW2oy/view?usp=drivesdk
Rebirth (Buddhism),Google Drive,Great-Patient-One.pdf,buddhist_continuity,2,blackswanreprise,Buddhism & Eastern Philosophy; Mysticism & Spirituality,unknown,INDEX_ONLY,metadata_only,article,14OONOCbNQpnfBt8S--s9uINilDQNUcMk,https://drive.google.com/file/d/14OONOCbNQpnfBt8S--s9uINilDQNUcMk/view?usp=drivesdk
Rebirth (Buddhism),Google Drive,Green-Dharma.pdf,buddhist_continuity,2,blackswanreprise,Buddhism & Eastern Philosophy,unknown,INDEX_ONLY,metadata_only,article,1Tbogv_NCB4hahsw1L1FIScLwgb2MwOHl,https://drive.google.com/file/d/1Tbogv_NCB4hahsw1L1FIScLwgb2MwOHl/view?usp=drivesdk
Rebirth (Buddhism),Google Drive,Guide-To-Advanced-Yoga-Techniques.pdf,buddhist_continuity,2,blackswanreprise,"Buddhism & Eastern Philosophy; Hinduism, Yoga & Tantra",unknown,INDEX_ONLY,metadata_only,article,1pONbHF6jusVc72vyMic-bpi0-8T7aXyC,https://drive.google.com/file/d/1pONbHF6jusVc72vyMic-bpi0-8T7aXyC/view?usp=drivesdk
Rebirth (Buddhism),Google Drive,Guide-through-the-Abhidhamma-Pitaka.pdf,buddhist_continuity,2,blackswanreprise,Buddhism & Eastern Philosophy,unknown,INDEX_ONLY,metadata_only,article,1rbSiVfy-2OwW8ryft_MUoNmvJzVB_Xna,https://drive.google.com/file/d/1rbSiVfy-2OwW8ryft_MUoNmvJzVB_Xna/view?usp=drivesdk
Rebirth (Buddhism),Google Drive,Guide-to-Vipassana.pdf,buddhist_continuity,2,blackswanreprise,Buddhism & Eastern Philosophy,unknown,INDEX_ONLY,metadata_only,article,14QMjaIgGFMPINBTh69MBC66-ynxz-2Xz,https://drive.google.com/file/d/14QMjaIgGFMPINBTh69MBC66-ynxz-2Xz/view?usp=drivesdk
Rebirth (Buddhism),Google Drive,Handful of Leaves VOL I – IV,buddhist_continuity,2,blackswanreprise,Buddhism & Eastern Philosophy,unknown,INDEX_ONLY,metadata_only,unknown,1zgPn3S265lLSV0rk2atjCTIz235j9tpC,https://drive.google.com/drive/folders/1zgPn3S265lLSV0rk2atjCTIz235j9tpC
Rebirth (Buddhism),Google Drive,Handful-of-leaves-1.pdf,buddhist_continuity,2,blackswanreprise,Buddhism & Eastern Philosophy,unknown,INDEX_ONLY,metadata_only,article,1kSMHsIa2K6B08AOu7iOe87ecT93NFvDL,https://drive.google.com/file/d/1kSMHsIa2K6B08AOu7iOe87ecT93NFvDL/view?usp=drivesdk
Rebirth (Buddhism),Google Drive,Handful-of-leaves-3.pdf,buddhist_continuity,2,blackswanreprise,Buddhism & Eastern Philosophy,unknown,INDEX_ONLY,metadata_only,article,1NxDE1bj4jV6xFFKx2ELiBFvA_1A3Izy2,https://drive.google.com/file/d/1NxDE1bj4jV6xFFKx2ELiBFvA_1A3Izy2/view?usp=drivesdk
Rebirth (Buddhism),Google Drive,Handful-of-leaves-II.pdf,buddhist_continuity,2,blackswanreprise,Buddhism & Eastern Philosophy,unknown,INDEX_ONLY,metadata_only,article,1X81LikRVvyLD6N-WUSbsH7vntRq19c66,https://drive.google.com/file/d/1X81LikRVvyLD6N-WUSbsH7vntRq19c66/view?usp=drivesdk
Rebirth (Buddhism),Google Drive,Handful-of-leaves-IV.pdf,buddhist_continuity,2,blackswanreprise,Buddhism & Eastern Philosophy,unknown,INDEX_ONLY,metadata_only,article,14IdF-3BMn2KAF-HLUMKjuEvJnzK80003,https://drive.google.com/file/d/14IdF-3BMn2KAF-HLUMKjuEvJnzK80003/view?usp=drivesdk
Rebirth (Buddhism),Google Drive,Head-and-Heart-together.pdf,buddhist_continuity,2,blackswanreprise,Buddhism & Eastern Philosophy; Astral & Esoteric Cosmology,unknown,INDEX_ONLY,metadata_only,article,1qnrO8eJeCpV-HYjL1MLO5yznnPNAMWiA,https://drive.google.com/file/d/1qnrO8eJeCpV-HYjL1MLO5yznnPNAMWiA/view?usp=drivesdk
Rebirth (Buddhism),Google Drive,Heart-Diamond-and-Lankavatara-Sutras.pdf,buddhist_continuity,2,blackswanreprise,Buddhism & Eastern Philosophy,unknown,INDEX_ONLY,metadata_only,article,1y4tSO2pLVP9Y6KtS91jfIH69YNJG8Jh2,https://drive.google.com/file/d/1y4tSO2pLVP9Y6KtS91jfIH69YNJG8Jh2/view?usp=drivesdk
Rebirth (Buddhism),Google Drive,Henepola Gunaratana - The Jhanas.pdf,buddhist_continuity,2,blackswanreprise,Buddhism & Eastern Philosophy,unknown,INDEX_ONLY,metadata_only,article,1EGAeBvL-n9NTqdCfLooZXuCYG3RhU35K,https://drive.google.com/file/d/1EGAeBvL-n9NTqdCfLooZXuCYG3RhU35K/view?usp=drivesdk
Rebirth (Buddhism),Google Drive,History-of-Mysticism.pdf,buddhist_continuity,2,blackswanreprise,Buddhism & Eastern Philosophy; Mysticism & Spirituality; History & Cultural Memory,unknown,INDEX_ONLY,metadata_only,article,1lYh0rQH2APR7y4VRWJBgEbCAxRaxFAdw,https://drive.google.com/file/d/1lYh0rQH2APR7y4VRWJBgEbCAxRaxFAdw/view?usp=drivesdk
Rebirth (Buddhism),Google Drive,How-To-Develop-Metta.pdf,buddhist_continuity,2,blackswanreprise,Buddhism & Eastern Philosophy,unknown,INDEX_ONLY,metadata_only,article,15Joc9gaHQDZy9cdAxpig3i-xTWv23dOU,https://drive.google.com/file/d/15Joc9gaHQDZy9cdAxpig3i-xTWv23dOU/view?usp=drivesdk
Rebirth (Buddhism),Google Drive,How-To-Die-With-A-Smile.pdf,buddhist_continuity,2,blackswanreprise,Buddhism & Eastern Philosophy,unknown,INDEX_ONLY,metadata_only,article,1jddYTlbcO1sw5Q86-pC-FORmvIMGQ52g,https://drive.google.com/file/d/1jddYTlbcO1sw5Q86-pC-FORmvIMGQ52g/view?usp=drivesdk
Rebirth (Buddhism),Google Drive,How-things-Exist-Teachings-on-Emptiness-by-Lama-Zope-Rinpoche.pdf,buddhist_continuity,2,blackswanreprise,Buddhism & Eastern Philosophy,unknown,INDEX_ONLY,metadata_only,article,1Yv1rsjuQ7bMoiifqe8gm8m5wFvaLGWDR,https://drive.google.com/file/d/1Yv1rsjuQ7bMoiifqe8gm8m5wFvaLGWDR/view?usp=drivesdk
Rebirth (Buddhism),Google Drive,How-to-Practice-the-Buddhadharma.pdf,buddhist_continuity,2,blackswanreprise,Buddhism & Eastern Philosophy,unknown,INDEX_ONLY,metadata_only,article,1Ss2ifazkp6fpbboFF4rIIVnYbyDq2_qZ,https://drive.google.com/file/d/1Ss2ifazkp6fpbboFF4rIIVnYbyDq2_qZ/view?usp=drivesdk
Rebirth (Buddhism),Google Drive,How-to-generate-Bodhicitta.pdf,buddhist_continuity,2,blackswanreprise,Buddhism & Eastern Philosophy,unknown,INDEX_ONLY,metadata_only,article,1lLp_W8DhdG210cVupSPeBiqjcOUrFPF1,https://drive.google.com/file/d/1lLp_W8DhdG210cVupSPeBiqjcOUrFPF1/view?usp=drivesdk
Rebirth (Buddhism),Google Drive,Hsin-Hsin-Ming.pdf,buddhist_continuity,2,blackswanreprise,Buddhism & Eastern Philosophy,unknown,INDEX_ONLY,metadata_only,article,1gxUdFCId7yYUusBgYwpMJxQjTHxDO17r,https://drive.google.com/file/d/1gxUdFCId7yYUusBgYwpMJxQjTHxDO17r/view?usp=drivesdk
Rebirth (Buddhism),Google Drive,Illuminating-the-Excellent-Path-to-Omniscience.pdf,buddhist_continuity,2,blackswanreprise,Buddhism & Eastern Philosophy; Science & Physics; Secret Societies & Conspiracy Literature,unknown,INDEX_ONLY,metadata_only,article,12By3omsKHkMVgvRJdGijSpsDgpKfxCeY,https://drive.google.com/file/d/12By3omsKHkMVgvRJdGijSpsDgpKfxCeY/view?usp=drivesdk
Rebirth (Buddhism),Google Drive,Illumination-of-the-Path-to-Freedom-by-the-First-Dalai-Lama.pdf,buddhist_continuity,2,blackswanreprise,Buddhism & Eastern Philosophy; Secret Societies & Conspiracy Literature; Law & Political Thought,unknown,INDEX_ONLY,metadata_only,article,1H2aCl2wKK0YgwHTDZjuSMdaUvaXEIGcv,https://drive.google.com/file/d/1H2aCl2wKK0YgwHTDZjuSMdaUvaXEIGcv/view?usp=drivesdk
Rebirth (Buddhism),Google Drive,Illuminting-the-Path-to-Enlightenment-by-Dalai-Lama.pdf,buddhist_continuity,2,blackswanreprise,Buddhism & Eastern Philosophy,unknown,INDEX_ONLY,metadata_only,article,1Pgjb8MdCaoG5jAGlysMSxlxmcwg9PjLB,https://drive.google.com/file/d/1Pgjb8MdCaoG5jAGlysMSxlxmcwg9PjLB/view?usp=drivesdk
Rebirth (Buddhism),Google Drive,In-Simple-Terms.pdf,buddhist_continuity,2,blackswanreprise,Buddhism & Eastern Philosophy,unknown,INDEX_ONLY,metadata_only,article,1e8srdv2NaRU56oEK9gSkqaN6V63Lki5j,https://drive.google.com/file/d/1e8srdv2NaRU56oEK9gSkqaN6V63Lki5j/view?usp=drivesdk
Rebirth (Buddhism),Google Drive,In-the-Elephants-Footprint.pdf,buddhist_continuity,2,blackswanreprise,Buddhism & Eastern Philosophy,unknown,INDEX_ONLY,metadata_only,article,1Src8s7kXRsqRnaut6PJo_j7fZ4bZ9VJD,https://drive.google.com/file/d/1Src8s7kXRsqRnaut6PJo_j7fZ4bZ9VJD/view?usp=drivesdk
Rebirth (Buddhism),Google Drive,In-the-Spirit-of-Chan-An-Introduction-to-Chan-Buddhism.pdf,buddhist_continuity,2,blackswanreprise,Buddhism & Eastern Philosophy,unknown,INDEX_ONLY,metadata_only,article,1ndJMxmMobZhdvlA0G_ohssa7mJTzjoih,https://drive.google.com/file/d/1ndJMxmMobZhdvlA0G_ohssa7mJTzjoih/view?usp=drivesdk
Rebirth (Buddhism),Google Drive,In-this-Life-Itself-Practical-Teachings-on-Insight-Meditation.pdf,buddhist_continuity,2,blackswanreprise,Buddhism & Eastern Philosophy,unknown,INDEX_ONLY,metadata_only,article,1NxSopOq9T6VSQpcpMu1JkC0JoB1jwlx9,https://drive.google.com/file/d/1NxSopOq9T6VSQpcpMu1JkC0JoB1jwlx9/view?usp=drivesdk
Rebirth (Buddhism),Google Drive,Inner-Strength-and-Parting-Gifts.pdf,buddhist_continuity,2,blackswanreprise,Buddhism & Eastern Philosophy,unknown,INDEX_ONLY,metadata_only,article,1OCe12GpFHXddVqwAXdrrkNtT_3S5d6uH,https://drive.google.com/file/d/1OCe12GpFHXddVqwAXdrrkNtT_3S5d6uH/view?usp=drivesdk
Rebirth (Buddhism),Google Drive,Inner_Listening_-_Ajahn_Amaro.pdf,buddhist_continuity,2,blackswanreprise,Buddhism & Eastern Philosophy,unknown,INDEX_ONLY,metadata_only,article,1EFDMZPxAKT53Hs8CTJQe437YTcgPQy-Z,https://drive.google.com/file/d/1EFDMZPxAKT53Hs8CTJQe437YTcgPQy-Z/view?usp=drivesdk
Rebirth (Buddhism),Google Drive,Insight-Meditation.pdf,buddhist_continuity,2,blackswanreprise,Buddhism & Eastern Philosophy,unknown,INDEX_ONLY,metadata_only,article,11ELO7V-kVC5Q8mVi6k4oXyvxqfO-wVfs,https://drive.google.com/file/d/11ELO7V-kVC5Q8mVi6k4oXyvxqfO-wVfs/view?usp=drivesdk
Rebirth (Buddhism),Google Drive,Inspiration-from-Enlightened-Nuns.pdf,buddhist_continuity,2,blackswanreprise,Buddhism & Eastern Philosophy,unknown,INDEX_ONLY,metadata_only,article,1SSTdxXYMn8PAXR7Gb1fxyckSkmoNah1H,https://drive.google.com/file/d/1SSTdxXYMn8PAXR7Gb1fxyckSkmoNah1H/view?usp=drivesdk
Rebirth (Buddhism),Google Drive,Into-the-Stream.pdf,buddhist_continuity,2,blackswanreprise,Buddhism & Eastern Philosophy,unknown,INDEX_ONLY,metadata_only,article,1fRcitvpJu2rHJIW0F1egVtFUag3PU7R7,https://drive.google.com/file/d/1fRcitvpJu2rHJIW0F1egVtFUag3PU7R7/view?usp=drivesdk
Rebirth (Buddhism),Google Drive,Introduction-to-Buddhism-and-the-Practice-of-Zazen.pdf,buddhist_continuity,2,blackswanreprise,Buddhism & Eastern Philosophy,unknown,INDEX_ONLY,metadata_only,article,1MteHYAa7W6lRw90NKgL7wUqZZtpY0SWE,https://drive.google.com/file/d/1MteHYAa7W6lRw90NKgL7wUqZZtpY0SWE/view?usp=drivesdk
Rebirth (Buddhism),Google Drive,Introduction-to-Insight-Meditation.pdf,buddhist_continuity,2,blackswanreprise,Buddhism & Eastern Philosophy,unknown,INDEX_ONLY,metadata_only,article,1hQAvM6dcVRyeF-otoY1DUW7wW2GBMhbv,https://drive.google.com/file/d/1hQAvM6dcVRyeF-otoY1DUW7wW2GBMhbv/view?usp=drivesdk
Rebirth (Buddhism),Google Drive,Itivuttaka.pdf,buddhist_continuity,2,blackswanreprise,Buddhism & Eastern Philosophy,unknown,INDEX_ONLY,metadata_only,article,1g2-r7haXbHULnpBARQriWbgRVP8Y9kFA,https://drive.google.com/file/d/1g2-r7haXbHULnpBARQriWbgRVP8Y9kFA/view?usp=drivesdk
Rebirth (Buddhism),Google Drive,Its-Like-This.pdf,buddhist_continuity,2,blackswanreprise,Buddhism & Eastern Philosophy,unknown,INDEX_ONLY,metadata_only,article,1uOBd12BIwV1T8duylVC3fCJdkkfsU0L1,https://drive.google.com/file/d/1uOBd12BIwV1T8duylVC3fCJdkkfsU0L1/view?usp=drivesdk
Rebirth (Buddhism),Google Drive,Jamme-Tulku-History.pdf,buddhist_continuity,2,blackswanreprise,Buddhism & Eastern Philosophy; History & Cultural Memory,unknown,INDEX_ONLY,metadata_only,article,1Vjs4B3UufhoWkxGqCsasjR5VOYC8lt8C,https://drive.google.com/file/d/1Vjs4B3UufhoWkxGqCsasjR5VOYC8lt8C/view?usp=drivesdk
Rebirth (Buddhism),Google Drive,Jamyang-Khyentse-Wangpo-the-Great-1820-92.pdf,buddhist_continuity,2,blackswanreprise,Buddhism & Eastern Philosophy,unknown,INDEX_ONLY,metadata_only,article,1DVUuwwVxnQuCAV_9DT-GvDW-ySY6p_Ol,https://drive.google.com/file/d/1DVUuwwVxnQuCAV_9DT-GvDW-ySY6p_Ol/view?usp=drivesdk
Rebirth (Buddhism),Google Drive,Journey-into-Burmese-Silence.pdf,buddhist_continuity,2,blackswanreprise,Buddhism & Eastern Philosophy,unknown,INDEX_ONLY,metadata_only,article,1UwcRxcXC_AUoY8q-Dv0POHJWALJaoPMX,https://drive.google.com/file/d/1UwcRxcXC_AUoY8q-Dv0POHJWALJaoPMX/view?usp=drivesdk
Rebirth (Buddhism),Google Drive,Joyful-Parents-Succesful-children.pdf,buddhist_continuity,2,blackswanreprise,Buddhism & Eastern Philosophy,unknown,INDEX_ONLY,metadata_only,article,1xDvRSPgxk3A_Y_7XbUSyD9l13n5iIquR,https://drive.google.com/file/d/1xDvRSPgxk3A_Y_7XbUSyD9l13n5iIquR/view?usp=drivesdk
Rebirth (Buddhism),Google Drive,Kadampa-Teachings-by-Lama-Zopa-Rinpoche.pdf,buddhist_continuity,2,blackswanreprise,Buddhism & Eastern Philosophy,unknown,INDEX_ONLY,metadata_only,article,1VDnEeevycxM15Bv8FHTjcERjcMaZwhrr,https://drive.google.com/file/d/1VDnEeevycxM15Bv8FHTjcERjcMaZwhrr/view?usp=drivesdk
Rebirth (Buddhism),Google Drive,Kamma-and-the-end-of-Kamma-Ajahn-Sucitto.pdf,buddhist_continuity,2,blackswanreprise,Buddhism & Eastern Philosophy,unknown,INDEX_ONLY,metadata_only,article,1i22U94SoRYeEeMQxhLIfNWT7e9TzzutB,https://drive.google.com/file/d/1i22U94SoRYeEeMQxhLIfNWT7e9TzzutB/view?usp=drivesdk
Rebirth (Buddhism),Google Drive,Karma_Yoga_-_By_Swami_Vivekananda.pdf,karma,2,blackswanreprise,"Hinduism, Yoga & Tantra",unknown,INDEX_ONLY,metadata_only,article,1RpbOecR5V_rjqUrsRScm3GnhkV7sFXIY,https://drive.google.com/file/d/1RpbOecR5V_rjqUrsRScm3GnhkV7sFXIY/view?usp=drivesdk
Rebirth (Buddhism),Google Drive,Keeping-the-Breath-in-Mind-Lessons-in-Samadhi.pdf,buddhist_continuity,2,blackswanreprise,Buddhism & Eastern Philosophy; Consciousness & Mind,unknown,INDEX_ONLY,metadata_only,article,1C0e6aWeklsNyCCsEnB9NjADpm9ClcZLK,https://drive.google.com/file/d/1C0e6aWeklsNyCCsEnB9NjADpm9ClcZLK/view?usp=drivesdk
Rebirth (Buddhism),Google Drive,Knowing-and-Seeing.pdf,buddhist_continuity,2,blackswanreprise,Buddhism & Eastern Philosophy,unknown,INDEX_ONLY,metadata_only,article,1izVND0QGzuMdDqn63zY-n1pF9GIA5Gzx,https://drive.google.com/file/d/1izVND0QGzuMdDqn63zY-n1pF9GIA5Gzx/view?usp=drivesdk
Rebirth (Buddhism),Google Drive,Kularnava-Tantra.pdf,buddhist_continuity,2,blackswanreprise,"Buddhism & Eastern Philosophy; Hinduism, Yoga & Tantra",unknown,INDEX_ONLY,metadata_only,article,15M9E9oaUrxKQ7IpnY0eZOM-F1atfYozR,https://drive.google.com/file/d/15M9E9oaUrxKQ7IpnY0eZOM-F1atfYozR/view?usp=drivesdk
Rebirth (Buddhism),Google Drive,Kundalini-and-Yantra.pdf,buddhist_continuity,2,blackswanreprise,Buddhism & Eastern Philosophy,unknown,INDEX_ONLY,metadata_only,article,1UfwwkH7L19Yy6HXE-DH0VfDYni6b-lPv,https://drive.google.com/file/d/1UfwwkH7L19Yy6HXE-DH0VfDYni6b-lPv/view?usp=drivesdk
Rebirth (Buddhism),Google Drive,Lamdre-Dawn-of-Enlightenment.pdf,buddhist_continuity,2,blackswanreprise,Buddhism & Eastern Philosophy,unknown,INDEX_ONLY,metadata_only,article,1hCDxLPv4dlpIzgk7j7v8s8a-fx4X4NCf,https://drive.google.com/file/d/1hCDxLPv4dlpIzgk7j7v8s8a-fx4X4NCf/view?usp=drivesdk
Rebirth (Buddhism),Google Drive,Language-Thought-and-Logical-Paradoxes.pdf,buddhist_continuity,2,blackswanreprise,Buddhism & Eastern Philosophy; Metaphysics & Philosophy; Language & Etymology,unknown,INDEX_ONLY,metadata_only,article,1iwsXACyg9mhx3m1KgBsUj9CO8uuzqB8W,https://drive.google.com/file/d/1iwsXACyg9mhx3m1KgBsUj9CO8uuzqB8W/view?usp=drivesdk
Rebirth (Buddhism),Google Drive,Lao-tse-The-Tao-Teh-King.pdf,buddhist_continuity,2,blackswanreprise,Buddhism & Eastern Philosophy; Taoism,unknown,INDEX_ONLY,metadata_only,article,1i2HwuQHpviYvIh16qTp1vXsh8uxoBHxf,https://drive.google.com/file/d/1i2HwuQHpviYvIh16qTp1vXsh8uxoBHxf/view?usp=drivesdk
Rebirth (Buddhism),Google Drive,Life-of-inner-Quality-by-Maha-Boowa.pdf,buddhist_continuity,2,blackswanreprise,Buddhism & Eastern Philosophy,unknown,INDEX_ONLY,metadata_only,article,111GMLCiToT3gPGEHHRho_FDKkODNTnJa,https://drive.google.com/file/d/111GMLCiToT3gPGEHHRho_FDKkODNTnJa/view?usp=drivesdk
Rebirth (Buddhism),Google Drive,Living-Nonduality.pdf,buddhist_continuity,2,blackswanreprise,Buddhism & Eastern Philosophy; Dzogchen & Non-duality; Consciousness & Mind; Non-duality / Liberation,unknown,INDEX_ONLY,metadata_only,article,1Solmwy-KyITnlxO0tPFvdWKLtyYSTUuB,https://drive.google.com/file/d/1Solmwy-KyITnlxO0tPFvdWKLtyYSTUuB/view?usp=drivesdk
Rebirth (Buddhism),Google Drive,Luang_Por_Liem-Walking_with_Awareness.pdf,buddhist_continuity,2,blackswanreprise,Buddhism & Eastern Philosophy; Consciousness & Mind,unknown,INDEX_ONLY,metadata_only,article,1pA8NXXST77qDTZPloFs_dlzN5pmT1cLG,https://drive.google.com/file/d/1pA8NXXST77qDTZPloFs_dlzN5pmT1cLG/view?usp=drivesdk
Rebirth (Buddhism),Google Drive,Mae-Chee-Kaew-Her-Journey-to-Spiritual-Awakening-Enlightenment.pdf,buddhist_continuity,2,blackswanreprise,Buddhism & Eastern Philosophy; Mysticism & Spirituality,unknown,INDEX_ONLY,metadata_only,article,1cvNaQlaIysdsjT2Bu2CrTRryiv8O9KLo,https://drive.google.com/file/d/1cvNaQlaIysdsjT2Bu2CrTRryiv8O9KLo/view?usp=drivesdk
Rebirth (Buddhism),Google Drive,Maha-Satipatthana-Sutta.pdf,buddhist_continuity,2,blackswanreprise,Buddhism & Eastern Philosophy,unknown,INDEX_ONLY,metadata_only,article,146PrlxGvOJZGdrUTz9oE2wezmX-4ZVq7,https://drive.google.com/file/d/146PrlxGvOJZGdrUTz9oE2wezmX-4ZVq7/view?usp=drivesdk
Rebirth (Buddhism),Google Drive,Mahasi-Sayadaw-TheSatipatthanaVipassanaMeditation.pdf,buddhist_continuity,2,blackswanreprise,Buddhism & Eastern Philosophy,unknown,INDEX_ONLY,metadata_only,article,10TUx-h1sQIt4-5D3F-18tkNLXCV4NZXg,https://drive.google.com/file/d/10TUx-h1sQIt4-5D3F-18tkNLXCV4NZXg/view?usp=drivesdk
Rebirth (Buddhism),Google Drive,Majjhima-Nikaya.pdf,buddhist_continuity,2,blackswanreprise,Buddhism & Eastern Philosophy,unknown,INDEX_ONLY,metadata_only,article,1--UY0p9XKVU2DqzjPhDgBLICIIVoo8V0,https://drive.google.com/file/d/1--UY0p9XKVU2DqzjPhDgBLICIIVoo8V0/view?usp=drivesdk
Rebirth (Buddhism),Google Drive,Make-Your-Mind-an-Ocean.pdf,buddhist_continuity,2,blackswanreprise,Buddhism & Eastern Philosophy; Consciousness & Mind,unknown,INDEX_ONLY,metadata_only,article,1HrNsPSQEu_3RedI9SsLPGnVHVquqoLkn,https://drive.google.com/file/d/1HrNsPSQEu_3RedI9SsLPGnVHVquqoLkn/view?usp=drivesdk
Rebirth (Buddhism),Google Drive,Making-life-Meaningful.pdf,buddhist_continuity,2,blackswanreprise,Buddhism & Eastern Philosophy,unknown,INDEX_ONLY,metadata_only,article,1PA8QMV9dZTfDHY-E74b9k_0jMCwZwbiJ,https://drive.google.com/file/d/1PA8QMV9dZTfDHY-E74b9k_0jMCwZwbiJ/view?usp=drivesdk
Rebirth (Buddhism),Google Drive,Making-sense-of-Tantra.pdf,buddhist_continuity,2,blackswanreprise,"Buddhism & Eastern Philosophy; Hinduism, Yoga & Tantra",unknown,INDEX_ONLY,metadata_only,article,1ENnob61Pm1x6mqaJ-VLBCnUb1C38BcJV,https://drive.google.com/file/d/1ENnob61Pm1x6mqaJ-VLBCnUb1C38BcJV/view?usp=drivesdk
Rebirth (Buddhism),Google Drive,Manual-of-Zen-Buddhism.pdf,buddhist_continuity,2,blackswanreprise,Buddhism & Eastern Philosophy,unknown,INDEX_ONLY,metadata_only,article,1de4gLTefI03CqAi1BHWnW6abs8voy-SE,https://drive.google.com/file/d/1de4gLTefI03CqAi1BHWnW6abs8voy-SE/view?usp=drivesdk
Rebirth (Buddhism),Google Drive,Map-of-the-Journey.pdf,buddhist_continuity,2,blackswanreprise,Buddhism & Eastern Philosophy,unknown,INDEX_ONLY,metadata_only,article,1QIGCXxUYCbvbdQb6J7iZ30U12Lf2unU-,https://drive.google.com/file/d/1QIGCXxUYCbvbdQb6J7iZ30U12Lf2unU-/view?usp=drivesdk
Rebirth (Buddhism),Google Drive,Mastering-the-Core-Teachings-of-the-Buddha-1.pdf-version-Revised-2008-version1.pdf,buddhist_continuity,2,blackswanreprise,Buddhism & Eastern Philosophy,unknown,INDEX_ONLY,metadata_only,article,1xh7Xb0UdH_yme_Q8wOpZRwW7LKvjOxPm,https://drive.google.com/file/d/1xh7Xb0UdH_yme_Q8wOpZRwW7LKvjOxPm/view?usp=drivesdk
Rebirth (Buddhism),Google Drive,Max-Cafard-Zen-Anarchy.pdf,buddhist_continuity,2,blackswanreprise,Buddhism & Eastern Philosophy; Literature & Biography,unknown,INDEX_ONLY,metadata_only,article,1wGEFbx9yXFwOpJDHfX0fLwL2RtVOdx7_,https://drive.google.com/file/d/1wGEFbx9yXFwOpJDHfX0fLwL2RtVOdx7_/view?usp=drivesdk
Rebirth (Buddhism),Google Drive,Max-Cafard-Zen-Anarchy.pdf,buddhist_continuity,2,blackswanreprise,Buddhism & Eastern Philosophy,unknown,INDEX_ONLY,metadata_only,article,1wQiZBYJ6i50c1VT11i5uSkJJL0A-5_ff,https://drive.google.com/file/d/1wQiZBYJ6i50c1VT11i5uSkJJL0A-5_ff/view?usp=drivesdk
Rebirth (Buddhism),Google Drive,Meditation-On-Mind-And-Feeling.pdf,buddhist_continuity,2,blackswanreprise,Buddhism & Eastern Philosophy; Consciousness & Mind,unknown,INDEX_ONLY,metadata_only,article,1Io4Dc6bQAvRzX7Tq56pDqN-qiHySAPvB,https://drive.google.com/file/d/1Io4Dc6bQAvRzX7Tq56pDqN-qiHySAPvB/view?usp=drivesdk
Rebirth (Buddhism),Google Drive,Meditations VOL I-V,buddhist_continuity,2,blackswanreprise,Buddhism & Eastern Philosophy,unknown,INDEX_ONLY,metadata_only,unknown,1UM1iRxoG04JJ2I647hJT6KPhyIPe4V4K,https://drive.google.com/drive/folders/1UM1iRxoG04JJ2I647hJT6KPhyIPe4V4K
Rebirth (Buddhism),Google Drive,Meditations1.pdf,buddhist_continuity,2,blackswanreprise,Buddhism & Eastern Philosophy,unknown,INDEX_ONLY,metadata_only,article,1dHLmUhXbxzubkpz8yyNsc4jPWUDIF-JA,https://drive.google.com/file/d/1dHLmUhXbxzubkpz8yyNsc4jPWUDIF-JA/view?usp=drivesdk
Rebirth (Buddhism),Google Drive,Meditations2.pdf,buddhist_continuity,2,blackswanreprise,Buddhism & Eastern Philosophy,unknown,INDEX_ONLY,metadata_only,article,1eJa_Sr6bdnbtiTCKL-FjxZPmaFoGbb1i,https://drive.google.com/file/d/1eJa_Sr6bdnbtiTCKL-FjxZPmaFoGbb1i/view?usp=drivesdk
Rebirth (Buddhism),Google Drive,Meditations3.pdf,buddhist_continuity,2,blackswanreprise,Buddhism & Eastern Philosophy,unknown,INDEX_ONLY,metadata_only,article,1OjH3I2D9exTjUwgeh9KsKcDJqMMsu4sE,https://drive.google.com/file/d/1OjH3I2D9exTjUwgeh9KsKcDJqMMsu4sE/view?usp=drivesdk
Rebirth (Buddhism),Google Drive,Meditations4.pdf,buddhist_continuity,2,blackswanreprise,Buddhism & Eastern Philosophy,unknown,INDEX_ONLY,metadata_only,article,1wv4KKtUdaMpZwAGuDL2gBBRh4qxOo4y2,https://drive.google.com/file/d/1wv4KKtUdaMpZwAGuDL2gBBRh4qxOo4y2/view?usp=drivesdk
Rebirth (Buddhism),Google Drive,Meditations5.pdf,buddhist_continuity,2,blackswanreprise,Buddhism & Eastern Philosophy,unknown,INDEX_ONLY,metadata_only,article,1phrVTClVdhiep6omsiAG9Rd5QkTGcpWa,https://drive.google.com/file/d/1phrVTClVdhiep6omsiAG9Rd5QkTGcpWa/view?usp=drivesdk
Rebirth (Buddhism),Google Drive,MinGunSayadawGyi-TGC-V1P1.pdf,buddhist_continuity,2,blackswanreprise,Buddhism & Eastern Philosophy,unknown,INDEX_ONLY,metadata_only,article,1B620gJLsqlwt9M7nNl5nVnXmdXvIypXt,https://drive.google.com/file/d/1B620gJLsqlwt9M7nNl5nVnXmdXvIypXt/view?usp=drivesdk
Rebirth (Buddhism),Google Drive,MinGunSayadawGyi-TGC-V1P2.pdf,buddhist_continuity,2,blackswanreprise,Buddhism & Eastern Philosophy,unknown,INDEX_ONLY,metadata_only,article,1ptF62KXONAQRrciSdf4wSLw2ZPtn8fUD,https://drive.google.com/file/d/1ptF62KXONAQRrciSdf4wSLw2ZPtn8fUD/view?usp=drivesdk
Rebirth (Buddhism),Google Drive,MinGunSayadawGyi-TGC-V2P1.pdf,buddhist_continuity,2,blackswanreprise,Buddhism & Eastern Philosophy,unknown,INDEX_ONLY,metadata_only,article,1VcEQPjVAdrGIWj404t3cHYFoXJVOxSHW,https://drive.google.com/file/d/1VcEQPjVAdrGIWj404t3cHYFoXJVOxSHW/view?usp=drivesdk
Rebirth (Buddhism),Google Drive,MinGunSayadawGyi-TGC-V2P2.pdf,buddhist_continuity,2,blackswanreprise,Buddhism & Eastern Philosophy,unknown,INDEX_ONLY,metadata_only,article,1c2XwqFR2bE-i8UU9y9KkVgm3MvvvToAM,https://drive.google.com/file/d/1c2XwqFR2bE-i8UU9y9KkVgm3MvvvToAM/view?usp=drivesdk
Rebirth (Buddhism),Google Drive,MinGunSayadawGyi-TGC-V3.pdf,buddhist_continuity,2,blackswanreprise,Buddhism & Eastern Philosophy,unknown,INDEX_ONLY,metadata_only,article,1NFFW9k3xBEubWrGEtaQ61vq9nX5FmYo0,https://drive.google.com/file/d/1NFFW9k3xBEubWrGEtaQ61vq9nX5FmYo0/view?usp=drivesdk
Rebirth (Buddhism),Google Drive,MinGunSayadawGyi-TGC-V4.pdf,buddhist_continuity,2,blackswanreprise,Buddhism & Eastern Philosophy,unknown,INDEX_ONLY,metadata_only,article,1gqPxbX5OcmXcKELEB0pOdIxvcyaFqXry,https://drive.google.com/file/d/1gqPxbX5OcmXcKELEB0pOdIxvcyaFqXry/view?usp=drivesdk
Rebirth (Buddhism),Google Drive,MinGunSayadawGyi-TGC-V5.pdf,buddhist_continuity,2,blackswanreprise,Buddhism & Eastern Philosophy,unknown,INDEX_ONLY,metadata_only,article,1OQiMSR4-egOHiTzS4hcTgx09ZbwAPLJs,https://drive.google.com/file/d/1OQiMSR4-egOHiTzS4hcTgx09ZbwAPLJs/view?usp=drivesdk
Rebirth (Buddhism),Google Drive,MinGunSayadawGyi-TGC-V6P1.pdf,buddhist_continuity,2,blackswanreprise,Buddhism & Eastern Philosophy,unknown,INDEX_ONLY,metadata_only,article,1wAhRuwJQ_iFWBka-88-LkMtq4qOJNHvy,https://drive.google.com/file/d/1wAhRuwJQ_iFWBka-88-LkMtq4qOJNHvy/view?usp=drivesdk
Rebirth (Buddhism),Google Drive,MinGunSayadawGyi-TGC-V6P2.pdf,buddhist_continuity,2,blackswanreprise,Buddhism & Eastern Philosophy,unknown,INDEX_ONLY,metadata_only,article,1XmhFejQKhqVUaD6Y_k0HvNOyBhZ3Bi7H,https://drive.google.com/file/d/1XmhFejQKhqVUaD6Y_k0HvNOyBhZ3Bi7H/view?usp=drivesdk
Rebirth (Buddhism),Google Drive,Mindfulness-Precepts-Crashing-in-the-Same-Car-Ajahn-Jayasaro.pdf,buddhist_continuity,2,blackswanreprise,Buddhism & Eastern Philosophy; Consciousness & Mind,unknown,INDEX_ONLY,metadata_only,article,1nrfiGL56JOEh36UsW89x9I6IyC4Ozr-r,https://drive.google.com/file/d/1nrfiGL56JOEh36UsW89x9I6IyC4Ozr-r/view?usp=drivesdk
Rebirth (Buddhism),Google Drive,Mindfulness-in-plain-English.pdf,buddhist_continuity,2,blackswanreprise,Buddhism & Eastern Philosophy; Consciousness & Mind,unknown,INDEX_ONLY,metadata_only,article,1sM0nKwSqxoA_iGHKsk80QaLOqx2pOgKO,https://drive.google.com/file/d/1sM0nKwSqxoA_iGHKsk80QaLOqx2pOgKO/view?usp=drivesdk
Rebirth (Buddhism),Google Drive,Mindfulness-while-Breathing.pdf,buddhist_continuity,2,blackswanreprise,Buddhism & Eastern Philosophy; Consciousness & Mind,unknown,INDEX_ONLY,metadata_only,article,1jzctlpe-lNoAHGpiqVc3ay-yAx-c4b72,https://drive.google.com/file/d/1jzctlpe-lNoAHGpiqVc3ay-yAx-c4b72/view?usp=drivesdk
Rebirth (Buddhism),Google Drive,Mirror-of-Wisdom.pdf,buddhist_continuity,2,blackswanreprise,Buddhism & Eastern Philosophy,unknown,INDEX_ONLY,metadata_only,article,1gE5LZTo2yNbecTGqTdg5iHJHMMASydoF,https://drive.google.com/file/d/1gE5LZTo2yNbecTGqTdg5iHJHMMASydoF/view?usp=drivesdk
Rebirth (Buddhism),Google Drive,Modern Buddhism – the Path of Compassion and Wisdom,buddhist_continuity,2,blackswanreprise,Buddhism & Eastern Philosophy,unknown,INDEX_ONLY,metadata_only,unknown,1xZ-Z1S0nYSzg7ftGvVUUuUxs-dDgf_ci,https://drive.google.com/drive/folders/1xZ-Z1S0nYSzg7ftGvVUUuUxs-dDgf_ci
Rebirth (Buddhism),Google Drive,Modern-Buddhism-Volume-I.pdf,buddhist_continuity,2,blackswanreprise,Buddhism & Eastern Philosophy,unknown,INDEX_ONLY,metadata_only,article,1-875ao8WXqBnb9YOtUc0s7iDrpeeutWd,https://drive.google.com/file/d/1-875ao8WXqBnb9YOtUc0s7iDrpeeutWd/view?usp=drivesdk
Rebirth (Buddhism),Google Drive,Modern-Buddhism-Volume-II.pdf,buddhist_continuity,2,blackswanreprise,Buddhism & Eastern Philosophy,unknown,INDEX_ONLY,metadata_only,article,1Fi4DifEtR8HTDcrQT2ZOYeuvq_vIbJNL,https://drive.google.com/file/d/1Fi4DifEtR8HTDcrQT2ZOYeuvq_vIbJNL/view?usp=drivesdk
Rebirth (Buddhism),Google Drive,Modern-Buddhism-Volume-III.pdf,buddhist_continuity,2,blackswanreprise,Buddhism & Eastern Philosophy,unknown,INDEX_ONLY,metadata_only,article,1_WRtmCPWXkb4nNAh1WiY3C3H_jj0LUA2,https://drive.google.com/file/d/1_WRtmCPWXkb4nNAh1WiY3C3H_jj0LUA2/view?usp=drivesdk
Rebirth (Buddhism),Google Drive,Nalinikas-story.pdf,buddhist_continuity,2,blackswanreprise,Buddhism & Eastern Philosophy,unknown,INDEX_ONLY,metadata_only,article,1S0OIQ7HJ_mn_8qCcDYb4tm-BA7I8hPER,https://drive.google.com/file/d/1S0OIQ7HJ_mn_8qCcDYb4tm-BA7I8hPER/view?usp=drivesdk
Rebirth (Buddhism),Google Drive,Nanavira-Clearing-the-Path.pdf,buddhist_continuity,2,blackswanreprise,Buddhism & Eastern Philosophy,unknown,INDEX_ONLY,metadata_only,article,1tabOrPT6yftzrvGuKoF_D7slI3S8Wpt8,https://drive.google.com/file/d/1tabOrPT6yftzrvGuKoF_D7slI3S8Wpt8/view?usp=drivesdk
Rebirth (Buddhism),Google Drive,Nanavira_Thera-Clearing_the_Path.pdf,buddhist_continuity,2,blackswanreprise,Buddhism & Eastern Philosophy,unknown,INDEX_ONLY,metadata_only,article,1sXdaty6rDLuu8oZerDLq43NpP627DqX8,https://drive.google.com/file/d/1sXdaty6rDLuu8oZerDLq43NpP627DqX8/view?usp=drivesdk
Rebirth (Buddhism),Google Drive,Natures-Finer-Forces-The-Science-of-Breath-Rama-Prasad.pdf,buddhist_continuity,2,blackswanreprise,Buddhism & Eastern Philosophy; Science & Physics,unknown,INDEX_ONLY,metadata_only,article,1ieTwBN0WQbKI4ooMTzoR1HQFzAsHjq0W,https://drive.google.com/file/d/1ieTwBN0WQbKI4ooMTzoR1HQFzAsHjq0W/view?usp=drivesdk
Rebirth (Buddhism),Google Drive,Nectar-of-Sunyata.pdf,buddhist_continuity,2,blackswanreprise,Buddhism & Eastern Philosophy,unknown,INDEX_ONLY,metadata_only,article,1hDpvvLympainEAr7tKUPfdKcK2akr0uM,https://drive.google.com/file/d/1hDpvvLympainEAr7tKUPfdKcK2akr0uM/view?usp=drivesdk
Rebirth (Buddhism),Google Drive,Nibbana-In-Theravada-Perspective-by-Dr-U-Dhammapiya.pdf,buddhist_continuity,2,blackswanreprise,Buddhism & Eastern Philosophy,unknown,INDEX_ONLY,metadata_only,article,1LiWTY6Xc1COb4BWIo7hkFF_31bwjS98O,https://drive.google.com/file/d/1LiWTY6Xc1COb4BWIo7hkFF_31bwjS98O/view?usp=drivesdk
Rebirth (Buddhism),Google Drive,No-Inner-Core.pdf,buddhist_continuity,2,blackswanreprise,Buddhism & Eastern Philosophy,unknown,INDEX_ONLY,metadata_only,article,1lyz3JU9r4pYa6MDDYXalVeLQHIQ68tB5,https://drive.google.com/file/d/1lyz3JU9r4pYa6MDDYXalVeLQHIQ68tB5/view?usp=drivesdk
Rebirth (Buddhism),Google Drive,No-One-Can-Replace-the-Citta.pdf,buddhist_continuity,2,blackswanreprise,Buddhism & Eastern Philosophy,unknown,INDEX_ONLY,metadata_only,article,10iKmeweWZv6k31FJzh-kg-rZTjEhDA2x,https://drive.google.com/file/d/10iKmeweWZv6k31FJzh-kg-rZTjEhDA2x/view?usp=drivesdk
Rebirth (Buddhism),Google Drive,No-Worries.pdf,buddhist_continuity,2,blackswanreprise,Buddhism & Eastern Philosophy,unknown,INDEX_ONLY,metadata_only,article,1z2ZXQWHtrFstcuUrdZFvV-iyO_Ioh6Zf,https://drive.google.com/file/d/1z2ZXQWHtrFstcuUrdZFvV-iyO_Ioh6Zf/view?usp=drivesdk
Rebirth (Buddhism),Google Drive,Noble-Warrior.pdf,buddhist_continuity,2,blackswanreprise,Buddhism & Eastern Philosophy,unknown,INDEX_ONLY,metadata_only,article,17UY0FI1cM5-p75BaRffpVED8s06vZs6p,https://drive.google.com/file/d/17UY0FI1cM5-p75BaRffpVED8s06vZs6p/view?usp=drivesdk
Rebirth (Buddhism),Google Drive,Noble-and-True.pdf,buddhist_continuity,2,blackswanreprise,Buddhism & Eastern Philosophy,unknown,INDEX_ONLY,metadata_only,article,1tnKtqeXF9skrftLsrUZwWafD4U25Za0f,https://drive.google.com/file/d/1tnKtqeXF9skrftLsrUZwWafD4U25Za0f/view?usp=drivesdk
Rebirth (Buddhism),Google Drive,Non-violence.pdf,buddhist_continuity,2,blackswanreprise,Buddhism & Eastern Philosophy,unknown,INDEX_ONLY,metadata_only,article,10eu4n5jVKkIOLW3ogxYnKlICaKEsKaDQ,https://drive.google.com/file/d/10eu4n5jVKkIOLW3ogxYnKlICaKEsKaDQ/view?usp=drivesdk
Rebirth (Buddhism),Google Drive,On-the-Path-to-Freedom.pdf,buddhist_continuity,2,blackswanreprise,Buddhism & Eastern Philosophy; Law & Political Thought,unknown,INDEX_ONLY,metadata_only,article,1-Y4wPunodonYZqY0ZgEqIrDpg0qhKl3E,https://drive.google.com/file/d/1-Y4wPunodonYZqY0ZgEqIrDpg0qhKl3E/view?usp=drivesdk
Rebirth (Buddhism),Google Drive,OnThePath180109.pdf,buddhist_continuity,2,blackswanreprise,Buddhism & Eastern Philosophy,unknown,INDEX_ONLY,metadata_only,article,1LKE6F6zdAzVXfBIpRSOdHeEJNtPa8WqV,https://drive.google.com/file/d/1LKE6F6zdAzVXfBIpRSOdHeEJNtPa8WqV/view?usp=drivesdk
Rebirth (Buddhism),Google Drive,Outlines-of-Mahayana-Buddhism.pdf,buddhist_continuity,2,blackswanreprise,Buddhism & Eastern Philosophy,unknown,INDEX_ONLY,metadata_only,article,1-V6RLDmE9pomWE65NZUD6ZTcJVXsfWTN,https://drive.google.com/file/d/1-V6RLDmE9pomWE65NZUD6ZTcJVXsfWTN/view?usp=drivesdk
Rebirth (Buddhism),Google Drive,Parayanavagga-The-Way-to-the-Beyond.pdf,buddhist_continuity,2,blackswanreprise,Buddhism & Eastern Philosophy,unknown,INDEX_ONLY,metadata_only,article,1916gCsl1N1WamT5nFv9jYSA14QphLVHR,https://drive.google.com/file/d/1916gCsl1N1WamT5nFv9jYSA14QphLVHR/view?usp=drivesdk
Rebirth (Buddhism),Google Drive,Patanjali-Yoga-Sutras-in-Lingo-The-Liberation-of-Spirit-in-Modern-Metaphors.pdf,buddhist_continuity,2,blackswanreprise,"Buddhism & Eastern Philosophy; Hinduism, Yoga & Tantra",unknown,INDEX_ONLY,metadata_only,article,1EAN2_5pNDHxrvYNJELR_MOk6Undr8gYB,https://drive.google.com/file/d/1EAN2_5pNDHxrvYNJELR_MOk6Undr8gYB/view?usp=drivesdk
Rebirth (Buddhism),Google Drive,Pilgrim-Kamanita-by-Karl-Gjellerup.pdf,buddhist_continuity,2,blackswanreprise,Buddhism & Eastern Philosophy,unknown,INDEX_ONLY,metadata_only,article,16eCT-aUWc7HUFkLvL7Jdv49QCeh7XJAE,https://drive.google.com/file/d/16eCT-aUWc7HUFkLvL7Jdv49QCeh7XJAE/view?usp=drivesdk
Rebirth (Buddhism),Google Drive,Practical-Vipassana-Exercises.pdf,buddhist_continuity,2,blackswanreprise,Buddhism & Eastern Philosophy,unknown,INDEX_ONLY,metadata_only,article,1foIepBjQOAb7nQkv0V9_Ckf4PydGWkDY,https://drive.google.com/file/d/1foIepBjQOAb7nQkv0V9_Ckf4PydGWkDY/view?usp=drivesdk
Rebirth (Buddhism),Google Drive,Praises-to-the-Twenty-one-Taras.pdf,buddhist_continuity,2,blackswanreprise,Buddhism & Eastern Philosophy,unknown,INDEX_ONLY,metadata_only,article,1Vy0QbAc37qDzYbhkMKPiQqeL3EpQn7mm,https://drive.google.com/file/d/1Vy0QbAc37qDzYbhkMKPiQqeL3EpQn7mm/view?usp=drivesdk
Rebirth (Buddhism),Google Drive,Preksha-Dhyana-Perception-of-Psychic-Colours.pdf,buddhist_continuity,2,blackswanreprise,Buddhism & Eastern Philosophy,unknown,INDEX_ONLY,metadata_only,article,1opFq7DUbXWY1AsRG7h1rz_QZBw8vYyeC,https://drive.google.com/file/d/1opFq7DUbXWY1AsRG7h1rz_QZBw8vYyeC/view?usp=drivesdk
Rebirth (Buddhism),Google Drive,Pressing-Out-Pure-Honey.pdf,buddhist_continuity,2,blackswanreprise,Buddhism & Eastern Philosophy,unknown,INDEX_ONLY,metadata_only,article,1Bu7L3l7u_mJMtBmo0sn_8E9xU8iMskcT,https://drive.google.com/file/d/1Bu7L3l7u_mJMtBmo0sn_8E9xU8iMskcT/view?usp=drivesdk
Rebirth (Buddhism),Google Drive,Pure-Land-Buddhism-Dialogs-with-Ancient-Masters.pdf,buddhist_continuity,2,blackswanreprise,Buddhism & Eastern Philosophy; Ancient Civilisations,unknown,INDEX_ONLY,metadata_only,article,1HktvKV0HmzJOjbPHa6pgDaaF5tegKm4k,https://drive.google.com/file/d/1HktvKV0HmzJOjbPHa6pgDaaF5tegKm4k/view?usp=drivesdk
Rebirth (Buddhism),Google Drive,Pure-Land-Zen-Zen-Pure-land.pdf,buddhist_continuity,2,blackswanreprise,Buddhism & Eastern Philosophy,unknown,INDEX_ONLY,metadata_only,article,1VpUB0SllNW6WH13cJX-SwHcFN8LH5u3C,https://drive.google.com/file/d/1VpUB0SllNW6WH13cJX-SwHcFN8LH5u3C/view?usp=drivesdk
Rebirth (Buddhism),Google Drive,Purity-of-Heart.pdf,buddhist_continuity,2,blackswanreprise,Buddhism & Eastern Philosophy,unknown,INDEX_ONLY,metadata_only,article,1xvam02klgjIofQN6-B2DHZb3LG1SHbFi,https://drive.google.com/file/d/1xvam02klgjIofQN6-B2DHZb3LG1SHbFi/view?usp=drivesdk
Rebirth (Buddhism),Google Drive,Rain_on_the_Nile_web.pdf,buddhist_continuity,2,blackswanreprise,Buddhism & Eastern Philosophy,unknown,INDEX_ONLY,metadata_only,article,1WFXnrBtsdet5RyiJsOYktxz4I1LH-pEL,https://drive.google.com/file/d/1WFXnrBtsdet5RyiJsOYktxz4I1LH-pEL/view?usp=drivesdk
Rebirth (Buddhism),Google Drive,Ramayana,buddhist_continuity,2,blackswanreprise,Buddhism & Eastern Philosophy,unknown,INDEX_ONLY,metadata_only,unknown,1EkGkt7we-mnMOmXiuBl-WJOe7zkgh7KC,https://drive.google.com/drive/folders/1EkGkt7we-mnMOmXiuBl-WJOe7zkgh7KC
Rebirth (Buddhism),Google Drive,Ramayana-VOL-1-Bala-Ayodhya-Kanda.pdf,buddhist_continuity,2,blackswanreprise,Buddhism & Eastern Philosophy,unknown,INDEX_ONLY,metadata_only,article,18A9PU8mj4b7CUaMiaf-nfws9MWupdZqW,https://drive.google.com/file/d/18A9PU8mj4b7CUaMiaf-nfws9MWupdZqW/view?usp=drivesdk
Rebirth (Buddhism),Google Drive,Ramayana-VOL-2-Aranya-Kishkindha-Sundara-Kanda.pdf,buddhist_continuity,2,blackswanreprise,Buddhism & Eastern Philosophy,unknown,INDEX_ONLY,metadata_only,article,1D7ZBf8bbqJtIAtHuVTAhjI3rDBHDPBqw,https://drive.google.com/file/d/1D7ZBf8bbqJtIAtHuVTAhjI3rDBHDPBqw/view?usp=drivesdk
Rebirth (Buddhism),Google Drive,Ramayana-VOL-3-Yuddha-Kanda.pdf,buddhist_continuity,2,blackswanreprise,Buddhism & Eastern Philosophy,unknown,INDEX_ONLY,metadata_only,article,1h2N5UNMnL0vnItiHYQ7l56KBBStreKF_,https://drive.google.com/file/d/1h2N5UNMnL0vnItiHYQ7l56KBBStreKF_/view?usp=drivesdk
Rebirth (Buddhism),Google Drive,Ramayana-VOL-4-Uttara-Kanda.pdf,buddhist_continuity,2,blackswanreprise,Buddhism & Eastern Philosophy,unknown,INDEX_ONLY,metadata_only,article,1QBW2No8GN9BnB4bhAzCBaLkI501Lr2tS,https://drive.google.com/file/d/1QBW2No8GN9BnB4bhAzCBaLkI501Lr2tS/view?usp=drivesdk
Rebirth (Buddhism),Google Drive,Reaching-the-Goodness-Within-by-Ajahn-Uthai.pdf,buddhist_continuity,2,blackswanreprise,Buddhism & Eastern Philosophy,unknown,INDEX_ONLY,metadata_only,article,1qOzgdYxy_HK5qwPa7Hgt1Tyc22nVRVgN,https://drive.google.com/file/d/1qOzgdYxy_HK5qwPa7Hgt1Tyc22nVRVgN/view?usp=drivesdk
Rebirth (Buddhism),Google Drive,Read-the-Mind.pdf,buddhist_continuity,2,blackswanreprise,Buddhism & Eastern Philosophy; Consciousness & Mind,unknown,INDEX_ONLY,metadata_only,article,1iEwVNNJu-GrAiSJ6imXex0Yp-5WidqaQ,https://drive.google.com/file/d/1iEwVNNJu-GrAiSJ6imXex0Yp-5WidqaQ/view?usp=drivesdk
Rebirth (Buddhism),Google Drive,Realization-Of-The-Dhamma-by-Dr-U-Dhammapiya.pdf,buddhist_continuity,2,blackswanreprise,Buddhism & Eastern Philosophy,unknown,INDEX_ONLY,metadata_only,article,1T5yOLt6nkjYI4oLhU1xb7wfrRq0y-53f,https://drive.google.com/file/d/1T5yOLt6nkjYI4oLhU1xb7wfrRq0y-53f/view?usp=drivesdk
Rebirth (Buddhism),Google Drive,Realizing-Change.pdf,buddhist_continuity,2,blackswanreprise,Buddhism & Eastern Philosophy,unknown,INDEX_ONLY,metadata_only,article,1milqgwMBIRlVPfT-beBLHEBOqst4w8_J,https://drive.google.com/file/d/1milqgwMBIRlVPfT-beBLHEBOqst4w8_J/view?usp=drivesdk
Rebirth (Buddhism),Google Drive,Rice-Eyes-Enlightenmet-in-Dogens-Kitchen.pdf,buddhist_continuity,2,blackswanreprise,Buddhism & Eastern Philosophy,unknown,INDEX_ONLY,metadata_only,article,1whFdqd5bj7-0qb-0cyXdm2jv-i23CCHj,https://drive.google.com/file/d/1whFdqd5bj7-0qb-0cyXdm2jv-i23CCHj/view?usp=drivesdk
Rebirth (Buddhism),Google Drive,Right-Mindfulness.pdf,buddhist_continuity,2,blackswanreprise,Buddhism & Eastern Philosophy; Consciousness & Mind,unknown,INDEX_ONLY,metadata_only,article,1pZ8s5SwoDwpyOqL0Wci_fjV8irq8VSdp,https://drive.google.com/file/d/1pZ8s5SwoDwpyOqL0Wci_fjV8irq8VSdp/view?usp=drivesdk
Rebirth (Buddhism),Google Drive,Rude Awakenings and Great Patient One by Ajahn Sucitto and Nick Scott,buddhist_continuity,2,blackswanreprise,Buddhism & Eastern Philosophy; Mysticism & Spirituality,unknown,INDEX_ONLY,metadata_only,unknown,1uHOZkWQWbplJOZFkSERJM9TA17yTxrKI,https://drive.google.com/drive/folders/1uHOZkWQWbplJOZFkSERJM9TA17yTxrKI
Rebirth (Buddhism),Google Drive,Rude-Awakenings.pdf,buddhist_continuity,2,blackswanreprise,Buddhism & Eastern Philosophy; Mysticism & Spirituality,unknown,INDEX_ONLY,metadata_only,article,1fn1FlXM8fRCn5IXrVBf9WGxb00P4z0el,https://drive.google.com/file/d/1fn1FlXM8fRCn5IXrVBf9WGxb00P4z0el/view?usp=drivesdk
Rebirth (Buddhism),Google Drive,Rugged-Interdependency.pdf,buddhist_continuity,2,blackswanreprise,Buddhism & Eastern Philosophy,unknown,INDEX_ONLY,metadata_only,article,16BMGnm79VYR0kMCTSCBb6GEG_qsEuko7,https://drive.google.com/file/d/16BMGnm79VYR0kMCTSCBb6GEG_qsEuko7/view?usp=drivesdk
Rebirth (Buddhism),Google Drive,Samadhi-in-Buddhism.pdf,buddhist_continuity,2,blackswanreprise,Buddhism & Eastern Philosophy,unknown,INDEX_ONLY,metadata_only,article,1UyynWNC0uoIaSa7q7TV3acf0TGErNnLL,https://drive.google.com/file/d/1UyynWNC0uoIaSa7q7TV3acf0TGErNnLL/view?usp=drivesdk
Rebirth (Buddhism),Google Drive,Samatha-and-Vipassana-Meditation.pdf,buddhist_continuity,2,blackswanreprise,Buddhism & Eastern Philosophy,unknown,INDEX_ONLY,metadata_only,article,1tvgYKrM0vIj847mO-Eq9MryEl8RZ0F1T,https://drive.google.com/file/d/1tvgYKrM0vIj847mO-Eq9MryEl8RZ0F1T/view?usp=drivesdk
Rebirth (Buddhism),Google Drive,Samayasara-or-Nature-of-Self.pdf,buddhist_continuity,2,blackswanreprise,Buddhism & Eastern Philosophy,unknown,INDEX_ONLY,metadata_only,article,1CbUlwMbB33ayUhNlZ2L16Ib-mFe9Oe44,https://drive.google.com/file/d/1CbUlwMbB33ayUhNlZ2L16Ib-mFe9Oe44/view?usp=drivesdk
Rebirth (Buddhism),Google Drive,Sanmati-Tarka.pdf,buddhist_continuity,2,blackswanreprise,Buddhism & Eastern Philosophy,unknown,INDEX_ONLY,metadata_only,article,1UUt2ZnKPPE3OnZlCg90j2is6UZN7653S,https://drive.google.com/file/d/1UUt2ZnKPPE3OnZlCg90j2is6UZN7653S/view?usp=drivesdk
Rebirth (Buddhism),Google Drive,Science-Without-Bounds.pdf,buddhist_continuity,2,blackswanreprise,Buddhism & Eastern Philosophy; Science & Physics,unknown,INDEX_ONLY,metadata_only,article,1q6T-d3EjpmBBF0rC11KM1oIeH2o8ZOFd,https://drive.google.com/file/d/1q6T-d3EjpmBBF0rC11KM1oIeH2o8ZOFd/view?usp=drivesdk
Rebirth (Buddhism),Google Drive,Secret-of-the-Golden-Flower.pdf,buddhist_continuity,2,blackswanreprise,Buddhism & Eastern Philosophy,unknown,INDEX_ONLY,metadata_only,article,1fckxx7yHE08r1-GPZKB3kMsYXenqy65W,https://drive.google.com/file/d/1fckxx7yHE08r1-GPZKB3kMsYXenqy65W/view?usp=drivesdk
Rebirth (Buddhism),Google Drive,Seeing The Way,buddhist_continuity,2,blackswanreprise,Buddhism & Eastern Philosophy,unknown,INDEX_ONLY,metadata_only,unknown,1wREbMvK6ajHs1abhcdClaZhCgXBTUsaN,https://drive.google.com/drive/folders/1wREbMvK6ajHs1abhcdClaZhCgXBTUsaN
Rebirth (Buddhism),Google Drive,Seeing-Through-Guide-to-Insight-Meditation.pdf,buddhist_continuity,2,blackswanreprise,Buddhism & Eastern Philosophy,unknown,INDEX_ONLY,metadata_only,article,1tZZBIdRDeIPjp-c0Kjd1IE0qZIQRdAx9,https://drive.google.com/file/d/1tZZBIdRDeIPjp-c0Kjd1IE0qZIQRdAx9/view?usp=drivesdk
Rebirth (Buddhism),Google Drive,Seeing-the-Way-Vol-I.pdf,buddhist_continuity,2,blackswanreprise,Buddhism & Eastern Philosophy,unknown,INDEX_ONLY,metadata_only,article,16OmJU_BYzy29HSQabDwPh_53jW8lAD2Q,https://drive.google.com/file/d/16OmJU_BYzy29HSQabDwPh_53jW8lAD2Q/view?usp=drivesdk
Rebirth (Buddhism),Google Drive,Seeing-the-Way-Vol-II.pdf,buddhist_continuity,2,blackswanreprise,Buddhism & Eastern Philosophy,unknown,INDEX_ONLY,metadata_only,article,1B_xpwao7rl-VkvSyAYHorDT7gCt_SSEq,https://drive.google.com/file/d/1B_xpwao7rl-VkvSyAYHorDT7gCt_SSEq/view?usp=drivesdk
Rebirth (Buddhism),Google Drive,Seeking-Buddho-by-Ajahn-Anan-Akincano.pdf,buddhist_continuity,2,blackswanreprise,Buddhism & Eastern Philosophy,unknown,INDEX_ONLY,metadata_only,article,1qAsmHKMRytpkWt_qnVpiVjJnSGDg29pi,https://drive.google.com/file/d/1qAsmHKMRytpkWt_qnVpiVjJnSGDg29pi/view?usp=drivesdk
Rebirth (Buddhism),Google Drive,Selections-form-the-Bonpo-Book-of-the-Dead.pdf,buddhist_continuity,2,blackswanreprise,Buddhism & Eastern Philosophy,unknown,INDEX_ONLY,metadata_only,article,11Zq7Us0C1T66jCx1e_lB8TOC8dnZYRKv,https://drive.google.com/file/d/11Zq7Us0C1T66jCx1e_lB8TOC8dnZYRKv/view?usp=drivesdk
Rebirth (Buddhism),Google Drive,Settling-Back-Into-the-Moment.pdf,buddhist_continuity,2,blackswanreprise,Buddhism & Eastern Philosophy,unknown,INDEX_ONLY,metadata_only,article,1lvkj3VUdv1EScy5isiO4gotHWVHu-vW4,https://drive.google.com/file/d/1lvkj3VUdv1EScy5isiO4gotHWVHu-vW4/view?usp=drivesdk
Rebirth (Buddhism),Google Drive,"Sexuality, Magic and Politics in Tibetan Buddhism.pdf",buddhist_continuity,2,blackswanreprise,Buddhism & Eastern Philosophy; Western Occultism & Magick; Law & Political Thought,unknown,INDEX_ONLY,metadata_only,article,1jtmNIK4dzZEdppSTtiMRKSNPz4-WkHlY,https://drive.google.com/file/d/1jtmNIK4dzZEdppSTtiMRKSNPz4-WkHlY/view?usp=drivesdk
Rebirth (Buddhism),Google Drive,Shape-of-Suffering.pdf,buddhist_continuity,2,blackswanreprise,Buddhism & Eastern Philosophy,unknown,INDEX_ONLY,metadata_only,article,1yB894v8HqChMjzDB6nmCC17CjF8T3_ne,https://drive.google.com/file/d/1yB894v8HqChMjzDB6nmCC17CjF8T3_ne/view?usp=drivesdk
Rebirth (Buddhism),Google Drive,Shobogenzo-complete.pdf,buddhist_continuity,2,blackswanreprise,Buddhism & Eastern Philosophy,unknown,INDEX_ONLY,metadata_only,article,1CuzM2IUagxx8u2htLauxr5TZ-hIBIxpk,https://drive.google.com/file/d/1CuzM2IUagxx8u2htLauxr5TZ-hIBIxpk/view?usp=drivesdk
Rebirth (Buddhism),Google Drive,Silavanta-Sutta.pdf,buddhist_continuity,2,blackswanreprise,Buddhism & Eastern Philosophy,unknown,INDEX_ONLY,metadata_only,article,1QI7xkN5-NHwPK5_NLgqHi4xXgLWPmov8,https://drive.google.com/file/d/1QI7xkN5-NHwPK5_NLgqHi4xXgLWPmov8/view?usp=drivesdk
Rebirth (Buddhism),Google Drive,Simple-Teachings-on-Higher-Truths-by-Ajahn-Anan.pdf,buddhist_continuity,2,blackswanreprise,Buddhism & Eastern Philosophy,unknown,INDEX_ONLY,metadata_only,article,1G3_h6OfZhaDsfvRZvckZdvQ63hIgsY3W,https://drive.google.com/file/d/1G3_h6OfZhaDsfvRZvckZdvQ63hIgsY3W/view?usp=drivesdk
Rebirth (Buddhism),Google Drive,Simply-This-Moment.pdf,buddhist_continuity,2,blackswanreprise,Buddhism & Eastern Philosophy,unknown,INDEX_ONLY,metadata_only,article,1anBwqTtcsjCPsryeul7oA5TImzpwE81h,https://drive.google.com/file/d/1anBwqTtcsjCPsryeul7oA5TImzpwE81h/view?usp=drivesdk
Rebirth (Buddhism),Google Drive,Sixty-Songs-of-Milarepa.pdf,buddhist_continuity,2,blackswanreprise,Buddhism & Eastern Philosophy,unknown,INDEX_ONLY,metadata_only,article,16mntrdbK1VAtdmvXBl7KtKwQCoRLgIWt,https://drive.google.com/file/d/16mntrdbK1VAtdmvXBl7KtKwQCoRLgIWt/view?usp=drivesdk
Rebirth (Buddhism),Google Drive,Skill-in-Question-How-the-Buddha-Taught.pdf,buddhist_continuity,2,blackswanreprise,Buddhism & Eastern Philosophy,unknown,INDEX_ONLY,metadata_only,article,1BmkrEjHfegXqS-FIIt4Pzm0UMNOFRHre,https://drive.google.com/file/d/1BmkrEjHfegXqS-FIIt4Pzm0UMNOFRHre/view?usp=drivesdk
Rebirth (Buddhism),Google Drive,Snow-in-the-Summer.pdf,buddhist_continuity,2,blackswanreprise,Buddhism & Eastern Philosophy,unknown,INDEX_ONLY,metadata_only,article,13qBnKixq1vG_ly7Iwr5j42QcWqf1ytIG,https://drive.google.com/file/d/13qBnKixq1vG_ly7Iwr5j42QcWqf1ytIG/view?usp=drivesdk
Rebirth (Buddhism),Google Drive,Songs of Milarepa,buddhist_continuity,2,blackswanreprise,Buddhism & Eastern Philosophy,unknown,INDEX_ONLY,metadata_only,unknown,1j3vx9tUr9H3bMxvrvo7DBjkP8rUFJWEb,https://drive.google.com/drive/folders/1j3vx9tUr9H3bMxvrvo7DBjkP8rUFJWEb
Rebirth (Buddhism),Google Drive,Songs-of-Milarepa-Authentic-Expression.pdf,buddhist_continuity,2,blackswanreprise,Buddhism & Eastern Philosophy,unknown,INDEX_ONLY,metadata_only,article,1Su6KYJ9fH3GwS3tOmzYZimfOOLC9qh4a,https://drive.google.com/file/d/1Su6KYJ9fH3GwS3tOmzYZimfOOLC9qh4a/view?usp=drivesdk
Rebirth (Buddhism),Google Drive,Songs-of-Milarepa-Geshe-In-Drin.pdf,buddhist_continuity,2,blackswanreprise,Buddhism & Eastern Philosophy,unknown,INDEX_ONLY,metadata_only,article,1bnPBgDnRMcjqxYeSWMd4aS4raq4gB_Hp,https://drive.google.com/file/d/1bnPBgDnRMcjqxYeSWMd4aS4raq4gB_Hp/view?usp=drivesdk
Rebirth (Buddhism),Google Drive,Sotapattimagga-The-Path-of-the-Sotapanna.pdf,buddhist_continuity,2,blackswanreprise,Buddhism & Eastern Philosophy,unknown,INDEX_ONLY,metadata_only,article,1p1JWAKEVuanu4ft3fCbLY3Jf7l32w2mM,https://drive.google.com/file/d/1p1JWAKEVuanu4ft3fCbLY3Jf7l32w2mM/view?usp=drivesdk
Rebirth (Buddhism),Google Drive,St-Paul-the-Traveler-Roman-Citizen.pdf,buddhist_continuity,2,blackswanreprise,Buddhism & Eastern Philosophy; Christianity & Biblical Traditions,unknown,INDEX_ONLY,metadata_only,article,1fsvYrxkXenv40yyTV4YCaw9fX_xJK35a,https://drive.google.com/file/d/1fsvYrxkXenv40yyTV4YCaw9fX_xJK35a/view?usp=drivesdk
Rebirth (Buddhism),Google Drive,St-Paul-the-Traveler-Roman-Citizen.pdf,buddhist_continuity,2,blackswanreprise,Buddhism & Eastern Philosophy; Christianity & Biblical Traditions,unknown,INDEX_ONLY,metadata_only,article,1oLbjdrj7iTxrDgGcVtXxrWW8QLhv_2B-,https://drive.google.com/file/d/1oLbjdrj7iTxrDgGcVtXxrWW8QLhv_2B-/view?usp=drivesdk
Rebirth (Buddhism),Google Drive,St-Paul-the-Traveler-Roman-Citizen.pdf,buddhist_continuity,2,blackswanreprise,Buddhism & Eastern Philosophy; Literature & Biography,unknown,INDEX_ONLY,metadata_only,article,1_dVtcD8ETH8NvUwZ2Thll7dJwrFXdsAL,https://drive.google.com/file/d/1_dVtcD8ETH8NvUwZ2Thll7dJwrFXdsAL/view?usp=drivesdk
Rebirth (Buddhism),Google Drive,Starting-Out-Small.pdf,buddhist_continuity,2,blackswanreprise,Buddhism & Eastern Philosophy,unknown,INDEX_ONLY,metadata_only,article,1Xev7ZMgc-u4xrwzM-X9XLmmLuj8xo4p2,https://drive.google.com/file/d/1Xev7ZMgc-u4xrwzM-X9XLmmLuj8xo4p2/view?usp=drivesdk
Rebirth (Buddhism),Google Drive,Still-Flowing-Water.pdf,buddhist_continuity,2,blackswanreprise,Buddhism & Eastern Philosophy,unknown,INDEX_ONLY,metadata_only,article,1OzVsRO7QTWK4_-ZuyVTLnJJ8UvHrvLnS,https://drive.google.com/file/d/1OzVsRO7QTWK4_-ZuyVTLnJJ8UvHrvLnS/view?usp=drivesdk
Rebirth (Buddhism),Google Drive,Stillness-of-Being.pdf,buddhist_continuity,2,blackswanreprise,Buddhism & Eastern Philosophy,unknown,INDEX_ONLY,metadata_only,article,14OvclUlqFDLy7mLakOkAtHARxRGoMUng,https://drive.google.com/file/d/14OvclUlqFDLy7mLakOkAtHARxRGoMUng/view?usp=drivesdk
Rebirth (Buddhism),Google Drive,Stillness-of-Samadhi.pdf,buddhist_continuity,2,blackswanreprise,Buddhism & Eastern Philosophy,unknown,INDEX_ONLY,metadata_only,article,1qngaB3h7D1ySQjyKT28iOshCf3KWka8z,https://drive.google.com/file/d/1qngaB3h7D1ySQjyKT28iOshCf3KWka8z/view?usp=drivesdk
Rebirth (Buddhism),Google Drive,Straight-From-the-Heart.pdf,buddhist_continuity,2,blackswanreprise,Buddhism & Eastern Philosophy,unknown,INDEX_ONLY,metadata_only,article,1aRn6ukIL8C7NqD_d0wlhK_PN95Q52aV0,https://drive.google.com/file/d/1aRn6ukIL8C7NqD_d0wlhK_PN95Q52aV0/view?usp=drivesdk
Rebirth (Buddhism),Google Drive,Strong-Roots.pdf,buddhist_continuity,2,blackswanreprise,Buddhism & Eastern Philosophy,unknown,INDEX_ONLY,metadata_only,article,1T8FCCIeo3Jw8RAMwccSKjoooCI6fWy98,https://drive.google.com/file/d/1T8FCCIeo3Jw8RAMwccSKjoooCI6fWy98/view?usp=drivesdk
Rebirth (Buddhism),Google Drive,Studies-in-Japanese-Buddhism.pdf,buddhist_continuity,2,blackswanreprise,Buddhism & Eastern Philosophy,unknown,INDEX_ONLY,metadata_only,article,1KIFCHuKLmkh_Hs0Xs-eZ10_3ifwzxvAx,https://drive.google.com/file/d/1KIFCHuKLmkh_Hs0Xs-eZ10_3ifwzxvAx/view?usp=drivesdk
Rebirth (Buddhism),Google Drive,Sunyata-The-typewritten-manuscripts.pdf,buddhist_continuity,2,blackswanreprise,Buddhism & Eastern Philosophy,unknown,INDEX_ONLY,metadata_only,article,1b7qZ1JspDkfjT2rRhfOaKTGRxATb_N-Z,https://drive.google.com/file/d/1b7qZ1JspDkfjT2rRhfOaKTGRxATb_N-Z/view?usp=drivesdk
Rebirth (Buddhism),Google Drive,Sutra-on-the-Original-Vows-the-Attainment-of-Merits-of-Ksitigarbha-Bodhisatta.pdf,buddhist_continuity,2,blackswanreprise,Buddhism & Eastern Philosophy,unknown,INDEX_ONLY,metadata_only,article,1UZTMFDQf0MD37vd5fR5W5dZKUM0oexA4,https://drive.google.com/file/d/1UZTMFDQf0MD37vd5fR5W5dZKUM0oexA4/view?usp=drivesdk
Rebirth (Buddhism),Google Drive,Sutta-Nipita-The-Way-Things-Really-Are.pdf,buddhist_continuity,2,blackswanreprise,Buddhism & Eastern Philosophy,unknown,INDEX_ONLY,metadata_only,article,1y9w79S_F-kQGQRBxLmVbswGZgS5OdwDq,https://drive.google.com/file/d/1y9w79S_F-kQGQRBxLmVbswGZgS5OdwDq/view?usp=drivesdk
Rebirth (Buddhism),Google Drive,Taming-the-Monkey-Mind.pdf,buddhist_continuity,2,blackswanreprise,Buddhism & Eastern Philosophy; Consciousness & Mind,unknown,INDEX_ONLY,metadata_only,article,17r9T9z6opv981nNbQygNxtxgHTAghJKg,https://drive.google.com/file/d/17r9T9z6opv981nNbQygNxtxgHTAghJKg/view?usp=drivesdk
Rebirth (Buddhism),Google Drive,Tantra-and-its-Misconceptions.pdf,buddhist_continuity,2,blackswanreprise,"Buddhism & Eastern Philosophy; Hinduism, Yoga & Tantra",unknown,INDEX_ONLY,metadata_only,article,1EIN5KDL8cEIK-ix-6ASoJftkOUZwPrpK,https://drive.google.com/file/d/1EIN5KDL8cEIK-ix-6ASoJftkOUZwPrpK/view?usp=drivesdk
Rebirth (Buddhism),Google Drive,Teaching From The Vajrasattva Retreat,buddhist_continuity,2,blackswanreprise,Buddhism & Eastern Philosophy,unknown,INDEX_ONLY,metadata_only,unknown,1V9jduIr09VMJSjmfnBf-R33Tr_m1kSJE,https://drive.google.com/drive/folders/1V9jduIr09VMJSjmfnBf-R33Tr_m1kSJE
Rebirth (Buddhism),Google Drive,Teaching-And-Training-At-Pa-Auk-forest-Monestery.pdf,buddhist_continuity,2,blackswanreprise,Buddhism & Eastern Philosophy,unknown,INDEX_ONLY,metadata_only,article,1qgp2qUSSLJirctC66giSuKD2_j3_gCEK,https://drive.google.com/file/d/1qgp2qUSSLJirctC66giSuKD2_j3_gCEK/view?usp=drivesdk
Rebirth (Buddhism),Google Drive,Teaching-From-The-Vajrasattva-Retreat-Lama-Zopa-1.pdf,buddhist_continuity,2,blackswanreprise,Buddhism & Eastern Philosophy,unknown,INDEX_ONLY,metadata_only,article,1vkxhV1SLzz7TNJn3XOgHKGw_SrHBEB2O,https://drive.google.com/file/d/1vkxhV1SLzz7TNJn3XOgHKGw_SrHBEB2O/view?usp=drivesdk
Rebirth (Buddhism),Google Drive,Teaching-From-The-Vajrasattva-Retreat-Lama-Zopa-2.pdf,buddhist_continuity,2,blackswanreprise,Buddhism & Eastern Philosophy,unknown,INDEX_ONLY,metadata_only,article,1IwKIC72RanpbLX7Mu_uhM3alt4fIlQxV,https://drive.google.com/file/d/1IwKIC72RanpbLX7Mu_uhM3alt4fIlQxV/view?usp=drivesdk
Rebirth (Buddhism),Google Drive,Teaching-From-The-Vajrasattva-Retreat-Lama-Zopa-3.pdf,buddhist_continuity,2,blackswanreprise,Buddhism & Eastern Philosophy,unknown,INDEX_ONLY,metadata_only,article,19ACOuuXtzLXf3R_HAJRzdgmDVCobh4p5,https://drive.google.com/file/d/19ACOuuXtzLXf3R_HAJRzdgmDVCobh4p5/view?usp=drivesdk
Rebirth (Buddhism),Google Drive,Teaching-From-The-Vajrasattva-Retreat-Lama-Zopa-4.pdf,buddhist_continuity,2,blackswanreprise,Buddhism & Eastern Philosophy,unknown,INDEX_ONLY,metadata_only,article,1PyINDUfZ8Sd7_ag7aaNxmJBV4E76tYk6,https://drive.google.com/file/d/1PyINDUfZ8Sd7_ag7aaNxmJBV4E76tYk6/view?usp=drivesdk
Rebirth (Buddhism),Google Drive,Teachings from Tibet.pdf,buddhist_continuity,2,blackswanreprise,Buddhism & Eastern Philosophy,unknown,INDEX_ONLY,metadata_only,article,1MSAAwzzDj9slXCYwjoL5G7DH0McrnsnU,https://drive.google.com/file/d/1MSAAwzzDj9slXCYwjoL5G7DH0McrnsnU/view?usp=drivesdk
Rebirth (Buddhism),Google Drive,Teachings-From-Tibet-Guidance-from-great-Lamas.pdf,buddhist_continuity,2,blackswanreprise,Buddhism & Eastern Philosophy,unknown,INDEX_ONLY,metadata_only,article,1sm6v9VQQMznefusOcFOJQK6z67CGbBih,https://drive.google.com/file/d/1sm6v9VQQMznefusOcFOJQK6z67CGbBih/view?usp=drivesdk
Rebirth (Buddhism),Google Drive,Teachings-in-Chinese-Buddhism.pdf,buddhist_continuity,2,blackswanreprise,Buddhism & Eastern Philosophy,unknown,INDEX_ONLY,metadata_only,article,1-R5ccuJ-hmK_sqZtzrR6g4NjbPkyPtGD,https://drive.google.com/file/d/1-R5ccuJ-hmK_sqZtzrR6g4NjbPkyPtGD/view?usp=drivesdk
Rebirth (Buddhism),Google Drive,The Complete Works of Sister Nivedita VOL I-V,buddhist_continuity,2,blackswanreprise,Buddhism & Eastern Philosophy,unknown,INDEX_ONLY,metadata_only,unknown,1o6VOAvtTcz9TylchObAemJa_FWfveGyb,https://drive.google.com/drive/folders/1o6VOAvtTcz9TylchObAemJa_FWfveGyb
Rebirth (Buddhism),Google Drive,The Fundamentals of Meditation Practice.pdf,buddhist_continuity,2,blackswanreprise,Buddhism & Eastern Philosophy,unknown,INDEX_ONLY,metadata_only,article,1BizJkrj2Q28j8uFjNXgDwZ6VGl3KbrvY,https://drive.google.com/file/d/1BizJkrj2Q28j8uFjNXgDwZ6VGl3KbrvY/view?usp=drivesdk
Rebirth (Buddhism),Google Drive,The Fundamentals of Meditation Practice.pdf,buddhist_continuity,2,blackswanreprise,Buddhism & Eastern Philosophy,unknown,INDEX_ONLY,metadata_only,article,1MEqszjqvYaHU2w3bm13OI-sBFio5ZXnY,https://drive.google.com/file/d/1MEqszjqvYaHU2w3bm13OI-sBFio5ZXnY/view?usp=drivesdk
Rebirth (Buddhism),Google Drive,The Great Chronicle Of Buddhas,buddhist_continuity,2,blackswanreprise,Buddhism & Eastern Philosophy,unknown,INDEX_ONLY,metadata_only,unknown,1ETqBx03tXfbhgSw6YBJh_WmXEcchMjS0,https://drive.google.com/drive/folders/1ETqBx03tXfbhgSw6YBJh_WmXEcchMjS0
Rebirth (Buddhism),Google Drive,The Zen of Advaita,buddhist_continuity,2,blackswanreprise,Buddhism & Eastern Philosophy,unknown,INDEX_ONLY,metadata_only,unknown,1aL-CctcU9vcJrd97pEFNWyptPJUiXCC7,https://drive.google.com/drive/folders/1aL-CctcU9vcJrd97pEFNWyptPJUiXCC7
Rebirth (Buddhism),Google Drive,The-31-Planes-of-Existence.pdf,buddhist_continuity,2,blackswanreprise,Buddhism & Eastern Philosophy,unknown,INDEX_ONLY,metadata_only,article,1BJcnL_SOjk8lllAV43LtIC6XHqJ5TITg,https://drive.google.com/file/d/1BJcnL_SOjk8lllAV43LtIC6XHqJ5TITg/view?usp=drivesdk
Rebirth (Buddhism),Google Drive,The-Analysis-of-Deeds.pdf,buddhist_continuity,2,blackswanreprise,Buddhism & Eastern Philosophy,unknown,INDEX_ONLY,metadata_only,article,1fxo9HqIEsJ8HtzBzjmrVqvFsasaEm8pk,https://drive.google.com/file/d/1fxo9HqIEsJ8HtzBzjmrVqvFsasaEm8pk/view?usp=drivesdk
Rebirth (Buddhism),Google Drive,The-Anapanasati-Sutta.pdf,buddhist_continuity,2,blackswanreprise,Buddhism & Eastern Philosophy,unknown,INDEX_ONLY,metadata_only,article,1g9rXiu7p0SZmmhQVG7rXOwzRWQv22akv,https://drive.google.com/file/d/1g9rXiu7p0SZmmhQVG7rXOwzRWQv22akv/view?usp=drivesdk
Rebirth (Buddhism),Google Drive,The-Basic-Method-of-Meditation.pdf,buddhist_continuity,2,blackswanreprise,Buddhism & Eastern Philosophy,unknown,INDEX_ONLY,metadata_only,article,1n8bY0fp9Hv1dFSLHBu9eSFf-KCs2a7t6,https://drive.google.com/file/d/1n8bY0fp9Hv1dFSLHBu9eSFf-KCs2a7t6/view?usp=drivesdk
Rebirth (Buddhism),Google Drive,The-Basic-Principles-Of-The-Fuchiyado-Meditation-TheSamurai-Blowgun-Martial-Art.pdf,buddhist_continuity,2,blackswanreprise,Buddhism & Eastern Philosophy,unknown,INDEX_ONLY,metadata_only,article,1i0uUm-PIFn2umr557eEeJ_sLbl9HHlWl,https://drive.google.com/file/d/1i0uUm-PIFn2umr557eEeJ_sLbl9HHlWl/view?usp=drivesdk
Rebirth (Buddhism),Google Drive,The-Blazing-Lights-of-the-Sun-and-Moon.pdf,buddhist_continuity,2,blackswanreprise,Buddhism & Eastern Philosophy,unknown,INDEX_ONLY,metadata_only,article,1rD_STAMgHviCPqSsYN4eoHNrHZMq0Xo-,https://drive.google.com/file/d/1rD_STAMgHviCPqSsYN4eoHNrHZMq0Xo-/view?usp=drivesdk
Rebirth (Buddhism),Google Drive,The-Body.pdf,buddhist_continuity,2,blackswanreprise,Buddhism & Eastern Philosophy,unknown,INDEX_ONLY,metadata_only,article,1UgwknTkxBlvg24OrvvWWvomliDb4_zB8,https://drive.google.com/file/d/1UgwknTkxBlvg24OrvvWWvomliDb4_zB8/view?usp=drivesdk
Rebirth (Buddhism),Google Drive,The-Book-of-Five-Rings-by-Musashi-Miyamoto.pdf,buddhist_continuity,2,blackswanreprise,Buddhism & Eastern Philosophy,unknown,INDEX_ONLY,metadata_only,article,1Nxi58aiItv9HnLyVnn2Lbr44FVv2qzVl,https://drive.google.com/file/d/1Nxi58aiItv9HnLyVnn2Lbr44FVv2qzVl/view?usp=drivesdk
Rebirth (Buddhism),Google Drive,The-Book-of-the-Simple-Way.pdf,buddhist_continuity,2,blackswanreprise,Buddhism & Eastern Philosophy,unknown,INDEX_ONLY,metadata_only,article,1KiLrRO5Adc2wImJ-lteU7vD8K2g4n1q5,https://drive.google.com/file/d/1KiLrRO5Adc2wImJ-lteU7vD8K2g4n1q5/view?usp=drivesdk
Rebirth (Buddhism),Google Drive,The-Buddha-Smiles.pdf,buddhist_continuity,2,blackswanreprise,Buddhism & Eastern Philosophy,unknown,INDEX_ONLY,metadata_only,article,1-NJiTzRPjjltoP3dla5MsEGd4bpjHSvK,https://drive.google.com/file/d/1-NJiTzRPjjltoP3dla5MsEGd4bpjHSvK/view?usp=drivesdk
Rebirth (Buddhism),Google Drive,The-Buddha-The-Social-Revolutionary-Potential-of-Buddhism.pdf,buddhist_continuity,2,blackswanreprise,Buddhism & Eastern Philosophy,unknown,INDEX_ONLY,metadata_only,article,1hixZxJglTVRusnZVRXVxRLv4csZ9MHWo,https://drive.google.com/file/d/1hixZxJglTVRusnZVRXVxRLv4csZ9MHWo/view?usp=drivesdk
Rebirth (Buddhism),Google Drive,The-Clock-of-Vipassana-has-Struck.pdf,buddhist_continuity,2,blackswanreprise,Buddhism & Eastern Philosophy,unknown,INDEX_ONLY,metadata_only,article,1kffKor43srTQeUPgICglFi0YBkYTA0wb,https://drive.google.com/file/d/1kffKor43srTQeUPgICglFi0YBkYTA0wb/view?usp=drivesdk
Rebirth (Buddhism),Google Drive,The-Complete-Book-of-Buddhas-Lists-Explained.pdf,buddhist_continuity,2,blackswanreprise,Buddhism & Eastern Philosophy,unknown,INDEX_ONLY,metadata_only,article,1ewb5IqEZyX-IQS4sgUPGsWjOajzYMlIr,https://drive.google.com/file/d/1ewb5IqEZyX-IQS4sgUPGsWjOajzYMlIr/view?usp=drivesdk
Rebirth (Buddhism),Google Drive,The-Complete-Works-of-Sister-Nivedita-Vol-1.pdf,buddhist_continuity,2,blackswanreprise,Buddhism & Eastern Philosophy,unknown,INDEX_ONLY,metadata_only,article,1XHDKaV3WaHzWXaXu8zmFd_YFPm8KV27m,https://drive.google.com/file/d/1XHDKaV3WaHzWXaXu8zmFd_YFPm8KV27m/view?usp=drivesdk
Rebirth (Buddhism),Google Drive,The-Complete-Works-of-Sister-Nivedita-Vol-2.pdf,buddhist_continuity,2,blackswanreprise,Buddhism & Eastern Philosophy,unknown,INDEX_ONLY,metadata_only,article,1_FiSarwqRKyRqbc2kLLgBZTZ0TS5iOxJ,https://drive.google.com/file/d/1_FiSarwqRKyRqbc2kLLgBZTZ0TS5iOxJ/view?usp=drivesdk
Rebirth (Buddhism),Google Drive,The-Complete-Works-of-Sister-Nivedita-Vol-4.pdf,buddhist_continuity,2,blackswanreprise,Buddhism & Eastern Philosophy,unknown,INDEX_ONLY,metadata_only,article,1mwGm8_EJbsYiaUavwb6izR6860ItdszC,https://drive.google.com/file/d/1mwGm8_EJbsYiaUavwb6izR6860ItdszC/view?usp=drivesdk
Rebirth (Buddhism),Google Drive,The-Complete-Works-of-Sister-Nivedita-Vol-5.pdf,buddhist_continuity,2,blackswanreprise,Buddhism & Eastern Philosophy,unknown,INDEX_ONLY,metadata_only,article,1DC8IXP-ZoZ-JUT2TQzZzYBjr97_YgssP,https://drive.google.com/file/d/1DC8IXP-ZoZ-JUT2TQzZzYBjr97_YgssP/view?usp=drivesdk
Rebirth (Buddhism),Google Drive,The-Craft-of-the-Heart.pdf,buddhist_continuity,2,blackswanreprise,Buddhism & Eastern Philosophy; Freemasonry & Masonic Orders,unknown,INDEX_ONLY,metadata_only,article,1rG424gkFLuNjYzNsASZzHAGJpSGnhYnx,https://drive.google.com/file/d/1rG424gkFLuNjYzNsASZzHAGJpSGnhYnx/view?usp=drivesdk
Rebirth (Buddhism),Google Drive,The-Debate-of-King-Milinda.pdf,buddhist_continuity,2,blackswanreprise,Buddhism & Eastern Philosophy,unknown,INDEX_ONLY,metadata_only,article,1F8O5hR2igJmfk-h4ULvy8zPjtlkwqjRF,https://drive.google.com/file/d/1F8O5hR2igJmfk-h4ULvy8zPjtlkwqjRF/view?usp=drivesdk
Rebirth (Buddhism),Google Drive,The-Diamond-Sutra.pdf,buddhist_continuity,2,blackswanreprise,Buddhism & Eastern Philosophy,unknown,INDEX_ONLY,metadata_only,article,1AfFGEf1RYO65PRAA_RZCXwijWGevASAU,https://drive.google.com/file/d/1AfFGEf1RYO65PRAA_RZCXwijWGevASAU/view?usp=drivesdk
Rebirth (Buddhism),Google Drive,The-Direct-and-Unmistaken-Method.pdf,buddhist_continuity,2,blackswanreprise,Buddhism & Eastern Philosophy,unknown,INDEX_ONLY,metadata_only,article,1zEoHfzPmGEraRfEpZZ2V_q25rElFE0gF,https://drive.google.com/file/d/1zEoHfzPmGEraRfEpZZ2V_q25rElFE0gF/view?usp=drivesdk
Rebirth (Buddhism),Google Drive,The-Discourse-About-Mindfulness-related-to-the-Body.pdf,buddhist_continuity,2,blackswanreprise,Buddhism & Eastern Philosophy; Consciousness & Mind,unknown,INDEX_ONLY,metadata_only,article,1oObrofHJTgM5LSiti7Okp2xtlNAJlZl8,https://drive.google.com/file/d/1oObrofHJTgM5LSiti7Okp2xtlNAJlZl8/view?usp=drivesdk
Rebirth (Buddhism),Google Drive,The-Discourse-concerning-Malunkyaputta.pdf,buddhist_continuity,2,blackswanreprise,Buddhism & Eastern Philosophy,unknown,INDEX_ONLY,metadata_only,article,1LvoE86N1PTogJG0AxotiR4GvYsFNaNVC,https://drive.google.com/file/d/1LvoE86N1PTogJG0AxotiR4GvYsFNaNVC/view?usp=drivesdk
Rebirth (Buddhism),Google Drive,The-Discourse-of-Girimananda.pdf,buddhist_continuity,2,blackswanreprise,Buddhism & Eastern Philosophy,unknown,INDEX_ONLY,metadata_only,article,1rqc6MHb7p2hmIjKqVj8VFdTpHfhe-ArK,https://drive.google.com/file/d/1rqc6MHb7p2hmIjKqVj8VFdTpHfhe-ArK/view?usp=drivesdk
Rebirth (Buddhism),Google Drive,The-Dishonest.pdf,buddhist_continuity,2,blackswanreprise,Buddhism & Eastern Philosophy,unknown,INDEX_ONLY,metadata_only,article,1e2HfhG8FxuHsirr-GmvxRRr7z2Yr9MCY,https://drive.google.com/file/d/1e2HfhG8FxuHsirr-GmvxRRr7z2Yr9MCY/view?usp=drivesdk
Rebirth (Buddhism),Google Drive,The-Doctrine-Of-Paticcasamuppada-By-U-Than-Daing.pdf,buddhist_continuity,2,blackswanreprise,Buddhism & Eastern Philosophy,unknown,INDEX_ONLY,metadata_only,article,1KSWWbowY4XM7VLPF7RWlpdxKvcqv21ej,https://drive.google.com/file/d/1KSWWbowY4XM7VLPF7RWlpdxKvcqv21ej/view?usp=drivesdk
Rebirth (Buddhism),Google Drive,The-Eightfold-Path-for-the-Householder.pdf,buddhist_continuity,2,blackswanreprise,Buddhism & Eastern Philosophy,unknown,INDEX_ONLY,metadata_only,article,1hYGIAJPXrM5SX-e5hC2kcldLFtYs3zBO,https://drive.google.com/file/d/1hYGIAJPXrM5SX-e5hC2kcldLFtYs3zBO/view?usp=drivesdk
Rebirth (Buddhism),Google Drive,The-Essential-Yoga-Sutras.pdf,buddhist_continuity,2,blackswanreprise,"Buddhism & Eastern Philosophy; Hinduism, Yoga & Tantra",unknown,INDEX_ONLY,metadata_only,article,1D_2YL6lzn8zkuGWCvK-PTVs20NYNEV0E,https://drive.google.com/file/d/1D_2YL6lzn8zkuGWCvK-PTVs20NYNEV0E/view?usp=drivesdk
Rebirth (Buddhism),Google Drive,The-Eye-of-Discernment.pdf,buddhist_continuity,2,blackswanreprise,Buddhism & Eastern Philosophy,unknown,INDEX_ONLY,metadata_only,article,1Ze6JmvGGx4PD0TMG75xhN3WQ0H6b21eG,https://drive.google.com/file/d/1Ze6JmvGGx4PD0TMG75xhN3WQ0H6b21eG/view?usp=drivesdk
Rebirth (Buddhism),Google Drive,The-Four-Dharmas-of-Gampopa.pdf,buddhist_continuity,2,blackswanreprise,Buddhism & Eastern Philosophy,unknown,INDEX_ONLY,metadata_only,article,1tRpZ7-y8-zHZUDQfUpLAXkji_UkPqrho,https://drive.google.com/file/d/1tRpZ7-y8-zHZUDQfUpLAXkji_UkPqrho/view?usp=drivesdk
Rebirth (Buddhism),Google Drive,The-Four-Mindfulnesses.pdf,buddhist_continuity,2,blackswanreprise,Buddhism & Eastern Philosophy; Consciousness & Mind,unknown,INDEX_ONLY,metadata_only,article,12Tpi2LeG2MXu4j-9KQ7ehpm-v2I0zleJ,https://drive.google.com/file/d/12Tpi2LeG2MXu4j-9KQ7ehpm-v2I0zleJ/view?usp=drivesdk
Rebirth (Buddhism),Google Drive,The-Four-Noble-Truths-by-Mogok-Sayadaw.pdf,buddhist_continuity,2,blackswanreprise,Buddhism & Eastern Philosophy,unknown,INDEX_ONLY,metadata_only,article,1wUMaYZnAkXqnsto6T_A4hpZAETofMV7d,https://drive.google.com/file/d/1wUMaYZnAkXqnsto6T_A4hpZAETofMV7d/view?usp=drivesdk
Rebirth (Buddhism),Google Drive,The-Future-is-Now-Krishnamurti.pdf,buddhist_continuity,2,blackswanreprise,Buddhism & Eastern Philosophy,unknown,INDEX_ONLY,metadata_only,article,10EhMTevS8kh0kolOSUnjNbvMWrPe6ePG,https://drive.google.com/file/d/10EhMTevS8kh0kolOSUnjNbvMWrPe6ePG/view?usp=drivesdk
Rebirth (Buddhism),Google Drive,The-Gates-of-Chan-Buddhism.pdf,buddhist_continuity,2,blackswanreprise,Buddhism & Eastern Philosophy,unknown,INDEX_ONLY,metadata_only,article,1jwG2wt6Mdv8T-ciyk-rAhEyvzcrGpbr0,https://drive.google.com/file/d/1jwG2wt6Mdv8T-ciyk-rAhEyvzcrGpbr0/view?usp=drivesdk
Rebirth (Buddhism),Google Drive,The-Great-Emancipation.pdf,buddhist_continuity,2,blackswanreprise,Buddhism & Eastern Philosophy,unknown,INDEX_ONLY,metadata_only,article,1EPPesqGcZ15BzfsRoO_aRUnElnF37ZRn,https://drive.google.com/file/d/1EPPesqGcZ15BzfsRoO_aRUnElnF37ZRn/view?usp=drivesdk
Rebirth (Buddhism),Google Drive,The-Heightened-Mind.pdf,buddhist_continuity,2,blackswanreprise,Buddhism & Eastern Philosophy; Consciousness & Mind,unknown,INDEX_ONLY,metadata_only,article,1wWFsr-hEzABZKrJgwEzFmPJSDlu3Pvxj,https://drive.google.com/file/d/1wWFsr-hEzABZKrJgwEzFmPJSDlu3Pvxj/view?usp=drivesdk
Rebirth (Buddhism),Google Drive,The-Inner-Life-and-the-Tao-Teh-King.pdf,buddhist_continuity,2,blackswanreprise,Buddhism & Eastern Philosophy,unknown,INDEX_ONLY,metadata_only,article,1N6-wJPRu-xhjv8CMnibYkR9NUrPNgWex,https://drive.google.com/file/d/1N6-wJPRu-xhjv8CMnibYkR9NUrPNgWex/view?usp=drivesdk
Rebirth (Buddhism),Google Drive,The-Janas.pdf,buddhist_continuity,2,blackswanreprise,Buddhism & Eastern Philosophy,unknown,INDEX_ONLY,metadata_only,article,1hkgE-5DkyjRNlL3mf2xBaKo2cbGbsCk0,https://drive.google.com/file/d/1hkgE-5DkyjRNlL3mf2xBaKo2cbGbsCk0/view?usp=drivesdk
Rebirth (Buddhism),Google Drive,The-Kilesa-Dont-Arise-In-Those-Who-Have-Sati.pdf,buddhist_continuity,2,blackswanreprise,Buddhism & Eastern Philosophy,unknown,INDEX_ONLY,metadata_only,article,1hBSedgD3qA8rep3AXR4auD1aLtkauvyX,https://drive.google.com/file/d/1hBSedgD3qA8rep3AXR4auD1aLtkauvyX/view?usp=drivesdk
Rebirth (Buddhism),Google Drive,The-Kindness-of-Others.pdf,buddhist_continuity,2,blackswanreprise,Buddhism & Eastern Philosophy,unknown,INDEX_ONLY,metadata_only,article,1gNWW_j4vdNJSZQ_rBJyHHo3o-mIZbHzu,https://drive.google.com/file/d/1gNWW_j4vdNJSZQ_rBJyHHo3o-mIZbHzu/view?usp=drivesdk
Rebirth (Buddhism),Google Drive,The-Lankavatara-Sutra-A-Mahayana-Text.pdf,buddhist_continuity,2,blackswanreprise,Buddhism & Eastern Philosophy,unknown,INDEX_ONLY,metadata_only,article,19f8McAJRmNam4S_sCjFYQDsZa-b5_VGS,https://drive.google.com/file/d/19f8McAJRmNam4S_sCjFYQDsZa-b5_VGS/view?usp=drivesdk
Rebirth (Buddhism),Google Drive,The-Life-and-Work-of-Buddhaghosa.pdf,buddhist_continuity,2,blackswanreprise,Buddhism & Eastern Philosophy,unknown,INDEX_ONLY,metadata_only,article,1Dc01cTstKHbNi_aXCgipG46MkDW0gc02,https://drive.google.com/file/d/1Dc01cTstKHbNi_aXCgipG46MkDW0gc02/view?usp=drivesdk
Rebirth (Buddhism),Google Drive,The-Life-of-Buddha-Ebook.pdf,buddhist_continuity,2,blackswanreprise,Buddhism & Eastern Philosophy; Dzogchen & Non-duality,unknown,INDEX_ONLY,metadata_only,article,1cnOeqPB2xvubrBYhIIOAqNpuSKskNdyR,https://drive.google.com/file/d/1cnOeqPB2xvubrBYhIIOAqNpuSKskNdyR/view?usp=drivesdk
Rebirth (Buddhism),Google Drive,The-Life-of-Buddha-Ebook.pdf,buddhist_continuity,2,blackswanreprise,Buddhism & Eastern Philosophy,unknown,INDEX_ONLY,metadata_only,article,1atAAvzJW_v04YQjpZibJQdOGOR4MedyI,https://drive.google.com/file/d/1atAAvzJW_v04YQjpZibJQdOGOR4MedyI/view?usp=drivesdk
Rebirth (Buddhism),Google Drive,The-Life-of-Buddha-Ebook.pdf,buddhist_continuity,2,blackswanreprise,Buddhism & Eastern Philosophy; Literature & Biography,unknown,INDEX_ONLY,metadata_only,article,1j_xFqWQGqfI6PJQSGyMHDaUcLaJDONt8,https://drive.google.com/file/d/1j_xFqWQGqfI6PJQSGyMHDaUcLaJDONt8/view?usp=drivesdk
Rebirth (Buddhism),Google Drive,The-Life-of-Chokgyur-Lingpa.pdf,buddhist_continuity,2,blackswanreprise,Buddhism & Eastern Philosophy,unknown,INDEX_ONLY,metadata_only,article,1wTfhprj_KsVqioAbMBC4nkuA2HrwPLD4,https://drive.google.com/file/d/1wTfhprj_KsVqioAbMBC4nkuA2HrwPLD4/view?usp=drivesdk
Rebirth (Buddhism),Google Drive,The-Life-of-the-Buddha.pdf,buddhist_continuity,2,blackswanreprise,Buddhism & Eastern Philosophy,unknown,INDEX_ONLY,metadata_only,article,1NZ0VjNWF0s2i4breCnArQbiAOd1oWStD,https://drive.google.com/file/d/1NZ0VjNWF0s2i4breCnArQbiAOd1oWStD/view?usp=drivesdk
Rebirth (Buddhism),Google Drive,The-Life-of-the-Buddha.pdf,buddhist_continuity,2,blackswanreprise,Buddhism & Eastern Philosophy; Literature & Biography,unknown,INDEX_ONLY,metadata_only,article,1Y_OkHqeayhx3dYqN2axjtdjik2f2MWtV,https://drive.google.com/file/d/1Y_OkHqeayhx3dYqN2axjtdjik2f2MWtV/view?usp=drivesdk
Rebirth (Buddhism),Google Drive,The-Long-Discourse-about-the-Ways-of-Attending-to-Mindfulness.pdf,buddhist_continuity,2,blackswanreprise,Buddhism & Eastern Philosophy; Consciousness & Mind,unknown,INDEX_ONLY,metadata_only,article,1hCBeIPt8YCNbAdl9BmXIcIeIETsdevvL,https://drive.google.com/file/d/1hCBeIPt8YCNbAdl9BmXIcIeIETsdevvL/view?usp=drivesdk
Rebirth (Buddhism),Google Drive,The-Manuals-of-Buddhism.pdf,buddhist_continuity,2,blackswanreprise,Buddhism & Eastern Philosophy,unknown,INDEX_ONLY,metadata_only,article,1qWjN9FOeyrMkWa-lMYmTe510mWCBWNuG,https://drive.google.com/file/d/1qWjN9FOeyrMkWa-lMYmTe510mWCBWNuG/view?usp=drivesdk
Rebirth (Buddhism),Google Drive,The-Manuals-of-Ledi-Dipani.pdf,buddhist_continuity,2,blackswanreprise,Buddhism & Eastern Philosophy,unknown,INDEX_ONLY,metadata_only,article,1rMld8_8D0bsXQMka11G_YEAx0DpcW8MV,https://drive.google.com/file/d/1rMld8_8D0bsXQMka11G_YEAx0DpcW8MV/view?usp=drivesdk
Rebirth (Buddhism),Google Drive,The-Manuals-of-Ledi-Dipanu.pdf,buddhist_continuity,2,blackswanreprise,Buddhism & Eastern Philosophy,unknown,INDEX_ONLY,metadata_only,article,1dXeSmcNR6VITBSMpiSzp2WON-ggGJ5xe,https://drive.google.com/file/d/1dXeSmcNR6VITBSMpiSzp2WON-ggGJ5xe/view?usp=drivesdk
Rebirth (Buddhism),Google Drive,The-Matrix-of-the-Abstract-Teaching.pdf,buddhist_continuity,2,blackswanreprise,Buddhism & Eastern Philosophy,unknown,INDEX_ONLY,metadata_only,article,1zgz3t-VN0fdwAUXuEVo8CDDlp_2aXFT0,https://drive.google.com/file/d/1zgz3t-VN0fdwAUXuEVo8CDDlp_2aXFT0/view?usp=drivesdk
Rebirth (Buddhism),Google Drive,The-Meaning-of-Satipatthana.pdf,buddhist_continuity,2,blackswanreprise,Buddhism & Eastern Philosophy,unknown,INDEX_ONLY,metadata_only,article,1O-wU1ZYMxsJnX6BarZgtb1b1bvqzGjjD,https://drive.google.com/file/d/1O-wU1ZYMxsJnX6BarZgtb1b1bvqzGjjD/view?usp=drivesdk
Rebirth (Buddhism),Google Drive,The-Mind-Like-Fire-Unbound.pdf,buddhist_continuity,2,blackswanreprise,Buddhism & Eastern Philosophy; Consciousness & Mind,unknown,INDEX_ONLY,metadata_only,article,1VjsJxn7YgrEVz499qoA8L9ta_Yl99Ouv,https://drive.google.com/file/d/1VjsJxn7YgrEVz499qoA8L9ta_Yl99Ouv/view?usp=drivesdk
Rebirth (Buddhism),Google Drive,The-Moon-Appears-When-the-Water-is-Still.pdf,buddhist_continuity,2,blackswanreprise,Buddhism & Eastern Philosophy,unknown,INDEX_ONLY,metadata_only,article,1ARNHkTp23cs-Bi9Tx9jSI1e6Ds3scyyX,https://drive.google.com/file/d/1ARNHkTp23cs-Bi9Tx9jSI1e6Ds3scyyX/view?usp=drivesdk
Rebirth (Buddhism),Google Drive,The-Paradox-of-Becoming.pdf,buddhist_continuity,2,blackswanreprise,Buddhism & Eastern Philosophy,unknown,INDEX_ONLY,metadata_only,article,1GpyDhtlnrnptK7vQsBjezRk2lrDsNggI,https://drive.google.com/file/d/1GpyDhtlnrnptK7vQsBjezRk2lrDsNggI/view?usp=drivesdk
Rebirth (Buddhism),Google Drive,The-Path-of-Purification.pdf,buddhist_continuity,2,blackswanreprise,Buddhism & Eastern Philosophy,unknown,INDEX_ONLY,metadata_only,article,1XZrzUgdnyNIgSL02Iw95bh3KA7Fi6-K7,https://drive.google.com/file/d/1XZrzUgdnyNIgSL02Iw95bh3KA7Fi6-K7/view?usp=drivesdk
Rebirth (Buddhism),Google Drive,The-Perfections-Leading-to-Enlightenment-by-Sujin-Boriharnwanaket.pdf,buddhist_continuity,2,blackswanreprise,Buddhism & Eastern Philosophy,unknown,INDEX_ONLY,metadata_only,article,1BkEUehFo9q0P4FdkY6ViB2NyqXNaJm5b,https://drive.google.com/file/d/1BkEUehFo9q0P4FdkY6ViB2NyqXNaJm5b/view?usp=drivesdk
Rebirth (Buddhism),Google Drive,The-Power-of-Mindfulness-Nyuanaponika.pdf,buddhist_continuity,2,blackswanreprise,Buddhism & Eastern Philosophy; Consciousness & Mind,unknown,INDEX_ONLY,metadata_only,article,18mvnyJHZKkPIEKmfTxGYxrbvywBM0L2A,https://drive.google.com/file/d/18mvnyJHZKkPIEKmfTxGYxrbvywBM0L2A/view?usp=drivesdk
Rebirth (Buddhism),Google Drive,The-Practical-Way-To-Nibbana.pdf,buddhist_continuity,2,blackswanreprise,Buddhism & Eastern Philosophy,unknown,INDEX_ONLY,metadata_only,article,1HZG3FIMKrn9CBzqA4r3VKqUQgNKD0kbP,https://drive.google.com/file/d/1HZG3FIMKrn9CBzqA4r3VKqUQgNKD0kbP/view?usp=drivesdk
Rebirth (Buddhism),Google Drive,The-Practice-Which-Leads-To-Nibbana.pdf,buddhist_continuity,2,blackswanreprise,Buddhism & Eastern Philosophy,unknown,INDEX_ONLY,metadata_only,article,1AmaXyY9Q72UIWe152OLhu1Ggy7QFRTUx,https://drive.google.com/file/d/1AmaXyY9Q72UIWe152OLhu1Ggy7QFRTUx/view?usp=drivesdk
Rebirth (Buddhism),Google Drive,The-Practice-of-the-Wild-by-Gary-Snyder.pdf,buddhist_continuity,2,blackswanreprise,Buddhism & Eastern Philosophy,unknown,INDEX_ONLY,metadata_only,article,1IscmXNp1a2qMBqFiQJvzPNWyrTsI_ivG,https://drive.google.com/file/d/1IscmXNp1a2qMBqFiQJvzPNWyrTsI_ivG/view?usp=drivesdk
Rebirth (Buddhism),Google Drive,The-Quiet-Mind.pdf,buddhist_continuity,2,blackswanreprise,Buddhism & Eastern Philosophy; Consciousness & Mind,unknown,INDEX_ONLY,metadata_only,article,1V33As4qejliiITLqJsTjoQOGr2hMJWUX,https://drive.google.com/file/d/1V33As4qejliiITLqJsTjoQOGr2hMJWUX/view?usp=drivesdk
Rebirth (Buddhism),Google Drive,The-Real-Way-to-Awakening.pdf,buddhist_continuity,2,blackswanreprise,Buddhism & Eastern Philosophy; Mysticism & Spirituality,unknown,INDEX_ONLY,metadata_only,article,1bY0_HYE88wLM77oiHDLMZjtxRBl_Crj6,https://drive.google.com/file/d/1bY0_HYE88wLM77oiHDLMZjtxRBl_Crj6/view?usp=drivesdk
Rebirth (Buddhism),Google Drive,The-Religion-of-the-Samurai-free-ebook.pdf,buddhist_continuity,2,blackswanreprise,Buddhism & Eastern Philosophy,unknown,INDEX_ONLY,metadata_only,article,1-l4I7_PV10KKfPIDeS-zajmgDg2hg5zZ,https://drive.google.com/file/d/1-l4I7_PV10KKfPIDeS-zajmgDg2hg5zZ/view?usp=drivesdk
Rebirth (Buddhism),Google Drive,The-Requisities-of-Enlightenment.pdf,buddhist_continuity,2,blackswanreprise,Buddhism & Eastern Philosophy,unknown,INDEX_ONLY,metadata_only,article,12g8Bp2W63LCrkvHH3pbJoAg6uDhVKQtN,https://drive.google.com/file/d/12g8Bp2W63LCrkvHH3pbJoAg6uDhVKQtN/view?usp=drivesdk
Rebirth (Buddhism),Google Drive,The-Seekers-Glossary-of-Buddhism-A-Dictionary-Encyclopedia-of-Buddhism.pdf,buddhist_continuity,2,blackswanreprise,Buddhism & Eastern Philosophy; Language & Etymology,unknown,INDEX_ONLY,metadata_only,article,1qO3Z-HksAVFa4M_8BbeincmhR1CkmO4s,https://drive.google.com/file/d/1qO3Z-HksAVFa4M_8BbeincmhR1CkmO4s/view?usp=drivesdk
Rebirth (Buddhism),Google Drive,The-Seven-Point-Instruction-for-Developing-the-Good-Heart.pdf,buddhist_continuity,2,blackswanreprise,Buddhism & Eastern Philosophy,unknown,INDEX_ONLY,metadata_only,article,1Wb_Ja-I2rmbtaWETKGg7SngX6krLJ7aO,https://drive.google.com/file/d/1Wb_Ja-I2rmbtaWETKGg7SngX6krLJ7aO/view?usp=drivesdk
Rebirth (Buddhism),Google Drive,The-Seven-Stages-of-Purification-and-The-Insight-Knowledges.pdf,buddhist_continuity,2,blackswanreprise,Buddhism & Eastern Philosophy,unknown,INDEX_ONLY,metadata_only,article,1bZW_iDC0TNesp50yCBJhV4bnszDoeXwy,https://drive.google.com/file/d/1bZW_iDC0TNesp50yCBJhV4bnszDoeXwy/view?usp=drivesdk
Rebirth (Buddhism),Google Drive,The-Skill-of-Release.pdf,buddhist_continuity,2,blackswanreprise,Buddhism & Eastern Philosophy,unknown,INDEX_ONLY,metadata_only,article,1hwo7k7xzUl62EnuSz01GR_4Ima7k8_TE,https://drive.google.com/file/d/1hwo7k7xzUl62EnuSz01GR_4Ima7k8_TE/view?usp=drivesdk
Rebirth (Buddhism),Google Drive,The-Sublime-Attitudes.pdf,buddhist_continuity,2,blackswanreprise,Buddhism & Eastern Philosophy,unknown,INDEX_ONLY,metadata_only,article,1cAPjUC32u4tMf3ifhg4N4XnzTCkaJy3l,https://drive.google.com/file/d/1cAPjUC32u4tMf3ifhg4N4XnzTCkaJy3l/view?usp=drivesdk
Rebirth (Buddhism),Google Drive,The-Surangama-Sutra.pdf,buddhist_continuity,2,blackswanreprise,Buddhism & Eastern Philosophy,unknown,INDEX_ONLY,metadata_only,article,1ld7UwOcoVy4_fUS89o5XsrehsmG_YPCl,https://drive.google.com/file/d/1ld7UwOcoVy4_fUS89o5XsrehsmG_YPCl/view?usp=drivesdk
Rebirth (Buddhism),Google Drive,The-Sutra-of-Recollecting-the-Three-Jewels.pdf,buddhist_continuity,2,blackswanreprise,Buddhism & Eastern Philosophy,unknown,INDEX_ONLY,metadata_only,article,1b2imTE-Zspl7eyI_hKlwhGULjMSM6sjT,https://drive.google.com/file/d/1b2imTE-Zspl7eyI_hKlwhGULjMSM6sjT/view?usp=drivesdk
Rebirth (Buddhism),Google Drive,The-Sweet-Dews-of-Chan-Zen.pdf,buddhist_continuity,2,blackswanreprise,Buddhism & Eastern Philosophy,unknown,INDEX_ONLY,metadata_only,article,14I8RScWxbroRpQUR0ty0rOkA9pS8134Y,https://drive.google.com/file/d/14I8RScWxbroRpQUR0ty0rOkA9pS8134Y/view?usp=drivesdk
Rebirth (Buddhism),Google Drive,The-Teachings-of-Ajan-Chah.pdf,buddhist_continuity,2,blackswanreprise,Buddhism & Eastern Philosophy,unknown,INDEX_ONLY,metadata_only,article,1El_YauDouGsVEGsGUYrpeYDGOuzqd2_8,https://drive.google.com/file/d/1El_YauDouGsVEGsGUYrpeYDGOuzqd2_8/view?usp=drivesdk
Rebirth (Buddhism),Google Drive,The-Tibetan-Book-of-the-Dead.pdf,buddhist_continuity,2,blackswanreprise,Buddhism & Eastern Philosophy,unknown,INDEX_ONLY,metadata_only,article,1V3s8fVd4Hey4g_eungqr4_hygu1wFTn7,https://drive.google.com/file/d/1V3s8fVd4Hey4g_eungqr4_hygu1wFTn7/view?usp=drivesdk
Rebirth (Buddhism),Google Drive,The-Tibetan-Book-of-the-Great-Liberation-Padma-Sambhava.pdf,buddhist_continuity,2,blackswanreprise,Buddhism & Eastern Philosophy,unknown,INDEX_ONLY,metadata_only,article,12sRtV2ofHJjES5NpiFIGXO7NT45y4i6g,https://drive.google.com/file/d/12sRtV2ofHJjES5NpiFIGXO7NT45y4i6g/view?usp=drivesdk
Rebirth (Buddhism),Google Drive,The-Tree-of-Enlightenment.pdf,buddhist_continuity,2,blackswanreprise,Buddhism & Eastern Philosophy,unknown,INDEX_ONLY,metadata_only,article,1S7t2neWJ47Mm4zlicWi2q3CA5xEqMhkf,https://drive.google.com/file/d/1S7t2neWJ47Mm4zlicWi2q3CA5xEqMhkf/view?usp=drivesdk
Rebirth (Buddhism),Google Drive,The-Twelve-Links.pdf,buddhist_continuity,2,blackswanreprise,Buddhism & Eastern Philosophy,unknown,INDEX_ONLY,metadata_only,article,1zv2QdSpXih9FkSsrA2Kl9vM5hYTTe2t-,https://drive.google.com/file/d/1zv2QdSpXih9FkSsrA2Kl9vM5hYTTe2t-/view?usp=drivesdk
Rebirth (Buddhism),Google Drive,The-Venerable-Phra-Acharn-Mun-Bhuridatta-Thera-meditation-master.pdf,buddhist_continuity,2,blackswanreprise,Buddhism & Eastern Philosophy,unknown,INDEX_ONLY,metadata_only,article,1LqxlSV8tJ-U9gQ_klkQft0wYjlrRyR_g,https://drive.google.com/file/d/1LqxlSV8tJ-U9gQ_klkQft0wYjlrRyR_g/view?usp=drivesdk
Rebirth (Buddhism),Google Drive,The-Way-of-Zen-in-Vietnam.pdf,buddhist_continuity,2,blackswanreprise,Buddhism & Eastern Philosophy,unknown,INDEX_ONLY,metadata_only,article,1YyGUdEMWKs_iqnyVTNq9b2oKaSPjqLTw,https://drive.google.com/file/d/1YyGUdEMWKs_iqnyVTNq9b2oKaSPjqLTw/view?usp=drivesdk
Rebirth (Buddhism),Google Drive,The-Wings-to-Awakening-An-Anthology-from-the-Pali-Canon.pdf,buddhist_continuity,2,blackswanreprise,Buddhism & Eastern Philosophy; Mysticism & Spirituality,unknown,INDEX_ONLY,metadata_only,article,1YBw3tooR10xP2Adw6DNP06XHuOt0FFuz,https://drive.google.com/file/d/1YBw3tooR10xP2Adw6DNP06XHuOt0FFuz/view?usp=drivesdk
Rebirth (Buddhism),Google Drive,The-Wisdom-of-Nagarjuna.pdf,buddhist_continuity,2,blackswanreprise,Buddhism & Eastern Philosophy,unknown,INDEX_ONLY,metadata_only,article,1u0E-kNdv9Yz2TbcD40QOkK0NsqSIIJi0,https://drive.google.com/file/d/1u0E-kNdv9Yz2TbcD40QOkK0NsqSIIJi0/view?usp=drivesdk
Rebirth (Buddhism),Google Drive,The-Yellow-Book.pdf,buddhist_continuity,2,blackswanreprise,Buddhism & Eastern Philosophy,unknown,INDEX_ONLY,metadata_only,article,1TauG3vnJ_JhbSTs61ycbeIhOmut5xcRu,https://drive.google.com/file/d/1TauG3vnJ_JhbSTs61ycbeIhOmut5xcRu/view?usp=drivesdk
Rebirth (Buddhism),Google Drive,The-Zen-Experience-by-Thomas-Hoover.pdf,buddhist_continuity,2,blackswanreprise,Buddhism & Eastern Philosophy,unknown,INDEX_ONLY,metadata_only,article,1Pvszd6WJ1blUEQ4pVLP5c-Cnw-yv7-OG,https://drive.google.com/file/d/1Pvszd6WJ1blUEQ4pVLP5c-Cnw-yv7-OG/view?usp=drivesdk
Rebirth (Buddhism),Google Drive,The-Zen-of-Advaita-Part-II.pdf,buddhist_continuity,2,blackswanreprise,Buddhism & Eastern Philosophy,unknown,INDEX_ONLY,metadata_only,article,14ty7SWM_wOejRH0VSRTzsZlVBOMZnBV0,https://drive.google.com/file/d/14ty7SWM_wOejRH0VSRTzsZlVBOMZnBV0/view?usp=drivesdk
Rebirth (Buddhism),Google Drive,The-Zen-of-Advaita.pdf,buddhist_continuity,2,blackswanreprise,Buddhism & Eastern Philosophy,unknown,INDEX_ONLY,metadata_only,article,1xENyyiKnTqzQtHhMBCjbE6MWq2JjFxxZ,https://drive.google.com/file/d/1xENyyiKnTqzQtHhMBCjbE6MWq2JjFxxZ/view?usp=drivesdk
Rebirth (Buddhism),Google Drive,The-Zen-of-Love.pdf,buddhist_continuity,2,blackswanreprise,Buddhism & Eastern Philosophy,unknown,INDEX_ONLY,metadata_only,article,1A-3DExs9ypY3XTMxbdSOUziagWho4rgP,https://drive.google.com/file/d/1A-3DExs9ypY3XTMxbdSOUziagWho4rgP/view?usp=drivesdk
Rebirth (Buddhism),Google Drive,The-Zend-Avesta.pdf,buddhist_continuity,2,blackswanreprise,Buddhism & Eastern Philosophy; Ancient Civilisations,unknown,INDEX_ONLY,metadata_only,article,1_YlbuqggX3vEILDc5zP7Zk-E9TSwe-Ic,https://drive.google.com/file/d/1_YlbuqggX3vEILDc5zP7Zk-E9TSwe-Ic/view?usp=drivesdk
Rebirth (Buddhism),Google Drive,The-book-of-protection.pdf,buddhist_continuity,2,blackswanreprise,Buddhism & Eastern Philosophy,unknown,INDEX_ONLY,metadata_only,article,1NpRlNzfS40WaiP-_5wJp4tHryChMKMrf,https://drive.google.com/file/d/1NpRlNzfS40WaiP-_5wJp4tHryChMKMrf/view?usp=drivesdk
Rebirth (Buddhism),Google Drive,The-book-on-the-taboo-against-knowing-who-you-are-by-Alan-Watts.pdf,buddhist_continuity,2,blackswanreprise,Buddhism & Eastern Philosophy,unknown,INDEX_ONLY,metadata_only,article,1xOThWWxfST8IS1vzsfuggkzwHAgurm0z,https://drive.google.com/file/d/1xOThWWxfST8IS1vzsfuggkzwHAgurm0z/view?usp=drivesdk
Rebirth (Buddhism),Google Drive,The-four-books.pdf,buddhist_continuity,2,blackswanreprise,Buddhism & Eastern Philosophy,unknown,INDEX_ONLY,metadata_only,article,1QgpFdEZzt3NOIXxNQtqhib-fyrHYkznE,https://drive.google.com/file/d/1QgpFdEZzt3NOIXxNQtqhib-fyrHYkznE/view?usp=drivesdk
Rebirth (Buddhism),Google Drive,The-life-of-the-Buddha.pdf,buddhist_continuity,2,blackswanreprise,Buddhism & Eastern Philosophy,unknown,INDEX_ONLY,metadata_only,article,1GjEwv9gEbns3g0VmmMpoD_4BRJo8tyca,https://drive.google.com/file/d/1GjEwv9gEbns3g0VmmMpoD_4BRJo8tyca/view?usp=drivesdk
Rebirth (Buddhism),Google Drive,The-path-to-happiness.pdf,buddhist_continuity,2,blackswanreprise,Buddhism & Eastern Philosophy,unknown,INDEX_ONLY,metadata_only,article,1Zkl1xnL2UP0KGnqg9zCJ_ut9WG7h7jgM,https://drive.google.com/file/d/1Zkl1xnL2UP0KGnqg9zCJ_ut9WG7h7jgM/view?usp=drivesdk
Rebirth (Buddhism),Google Drive,The-wishfulfilling-golden-sun-of-the-mahayana-thought-training.pdf,buddhist_continuity,2,blackswanreprise,Buddhism & Eastern Philosophy,unknown,INDEX_ONLY,metadata_only,article,1qRc5QLqTc36uPjqYo_DBW_a-guXg-dpF,https://drive.google.com/file/d/1qRc5QLqTc36uPjqYo_DBW_a-guXg-dpF/view?usp=drivesdk
Rebirth (Buddhism),Google Drive,The-workings-of-kamma.pdf,buddhist_continuity,2,blackswanreprise,Buddhism & Eastern Philosophy,unknown,INDEX_ONLY,metadata_only,article,1q0qhiONg4KftJJ3sumLDEU32_Jd2Idlo,https://drive.google.com/file/d/1q0qhiONg4KftJJ3sumLDEU32_Jd2Idlo/view?usp=drivesdk
Rebirth (Buddhism),Google Drive,Things-As-They-Are.pdf,buddhist_continuity,2,blackswanreprise,Buddhism & Eastern Philosophy,unknown,INDEX_ONLY,metadata_only,article,1hUZItbbEtYSl_GFwusljFZB2UACv6Lbf,https://drive.google.com/file/d/1hUZItbbEtYSl_GFwusljFZB2UACv6Lbf/view?usp=drivesdk
Rebirth (Buddhism),Google Drive,This-is-the-Path-By-Ajahn-Dtun.pdf,buddhist_continuity,2,blackswanreprise,Buddhism & Eastern Philosophy,unknown,INDEX_ONLY,metadata_only,article,17kcibuvbk1VUeUqd9dXHcXsS_RxnLPht,https://drive.google.com/file/d/17kcibuvbk1VUeUqd9dXHcXsS_RxnLPht/view?usp=drivesdk
Rebirth (Buddhism),Google Drive,Towards-An-Inner-Peace.pdf,buddhist_continuity,2,blackswanreprise,Buddhism & Eastern Philosophy,unknown,INDEX_ONLY,metadata_only,article,1vSfXn9NMqI06PsawIIk9k9Ke1PYBXK-S,https://drive.google.com/file/d/1vSfXn9NMqI06PsawIIk9k9Ke1PYBXK-S/view?usp=drivesdk
Rebirth (Buddhism),Google Drive,Transcendental-Dependent-Arising.pdf,buddhist_continuity,2,blackswanreprise,Buddhism & Eastern Philosophy,unknown,INDEX_ONLY,metadata_only,article,1FVJWeEr_uvcsdP2adWodYGGRKQq3miQO,https://drive.google.com/file/d/1FVJWeEr_uvcsdP2adWodYGGRKQq3miQO/view?usp=drivesdk
Rebirth (Buddhism),Google Drive,Transforming-Problems-Into-the-Dharma-Path.pdf,buddhist_continuity,2,blackswanreprise,Buddhism & Eastern Philosophy,unknown,INDEX_ONLY,metadata_only,article,1CVYtQSaN9p6_FrdcKvzRLIsPwG5_saqd,https://drive.google.com/file/d/1CVYtQSaN9p6_FrdcKvzRLIsPwG5_saqd/view?usp=drivesdk
Rebirth (Buddhism),Google Drive,Transmission-and-Enlightenment-in-Chan-Zen-Buddhism.pdf,buddhist_continuity,2,blackswanreprise,Buddhism & Eastern Philosophy,unknown,INDEX_ONLY,metadata_only,article,1AS0nZK8lXZCFZW039r8ZcgxmMO6xICVO,https://drive.google.com/file/d/1AS0nZK8lXZCFZW039r8ZcgxmMO6xICVO/view?usp=drivesdk
Rebirth (Buddhism),Google Drive,Transmutation-of-Personality-through-Preksha-Meditation.pdf,buddhist_continuity,2,blackswanreprise,Buddhism & Eastern Philosophy,unknown,INDEX_ONLY,metadata_only,article,1_9JcxXLm8-fKuzfjfwC_U8C6kCHoXjzt,https://drive.google.com/file/d/1_9JcxXLm8-fKuzfjfwC_U8C6kCHoXjzt/view?usp=drivesdk
Rebirth (Buddhism),Google Drive,Udana-Exclamations.pdf,buddhist_continuity,2,blackswanreprise,Buddhism & Eastern Philosophy,unknown,INDEX_ONLY,metadata_only,article,1RO3quxnaW2ll9bBDve5uT-xDybBTn16N,https://drive.google.com/file/d/1RO3quxnaW2ll9bBDve5uT-xDybBTn16N/view?usp=drivesdk
Rebirth (Buddhism),Google Drive,Unentangled-Knowing.pdf,buddhist_continuity,2,blackswanreprise,Buddhism & Eastern Philosophy,unknown,INDEX_ONLY,metadata_only,article,1mFe9Q_rDEwH9MqdjejDBPwNpe49T0LrQ,https://drive.google.com/file/d/1mFe9Q_rDEwH9MqdjejDBPwNpe49T0LrQ/view?usp=drivesdk
Rebirth (Buddhism),Google Drive,Unexpected-Freedom-by-Ajahn-Munindo.pdf,buddhist_continuity,2,blackswanreprise,Buddhism & Eastern Philosophy; Law & Political Thought,unknown,INDEX_ONLY,metadata_only,article,1lGkj8MvxJQSGatwnTry4XVgmm12IP6UL,https://drive.google.com/file/d/1lGkj8MvxJQSGatwnTry4XVgmm12IP6UL/view?usp=drivesdk
Rebirth (Buddhism),Google Drive,Universal-Love-The-Yoga-Method-of-Buddha-Maitreya-by-Lama-Yeshe.pdf,buddhist_continuity,2,blackswanreprise,"Buddhism & Eastern Philosophy; Hinduism, Yoga & Tantra",unknown,INDEX_ONLY,metadata_only,article,1UQW9wmINlkQt6MXWkK-BiP-NJoHexO5Z,https://drive.google.com/file/d/1UQW9wmINlkQt6MXWkK-BiP-NJoHexO5Z/view?usp=drivesdk
Rebirth (Buddhism),Google Drive,Unravelling-the-Mysteries-of-Mind-and-Body-Through-Abhidhamma.pdf,buddhist_continuity,2,blackswanreprise,Buddhism & Eastern Philosophy; Mysticism & Spirituality; Consciousness & Mind,unknown,INDEX_ONLY,metadata_only,article,1O62BTdxlqERN0wKi5SeZGpMOzFY00SgP,https://drive.google.com/file/d/1O62BTdxlqERN0wKi5SeZGpMOzFY00SgP/view?usp=drivesdk
Rebirth (Buddhism),Google Drive,Vimalakirti-Nirdesa-Sutra.pdf,buddhist_continuity,2,blackswanreprise,Buddhism & Eastern Philosophy,unknown,INDEX_ONLY,metadata_only,article,1yNkxTT3Youn7ZQ_L3FIPmiKjtK_RVlwe,https://drive.google.com/file/d/1yNkxTT3Youn7ZQ_L3FIPmiKjtK_RVlwe/view?usp=drivesdk
Rebirth (Buddhism),Google Drive,Vimalakirti-Nirdesa-Sutra1.pdf,buddhist_continuity,2,blackswanreprise,Buddhism & Eastern Philosophy,unknown,INDEX_ONLY,metadata_only,article,1hCkSSEtguq_ZjGmsyjHKk9O3ZVtyZ8In,https://drive.google.com/file/d/1hCkSSEtguq_ZjGmsyjHKk9O3ZVtyZ8In/view?usp=drivesdk
Rebirth (Buddhism),Google Drive,Virtue-and-Reality-by-Lama-Zopa-Rinpoche.pdf,buddhist_continuity,2,blackswanreprise,Buddhism & Eastern Philosophy; Metaphysics & Philosophy,unknown,INDEX_ONLY,metadata_only,article,1BCzXqSItddasqYzaWyvb1lxSjzzK6r_O,https://drive.google.com/file/d/1BCzXqSItddasqYzaWyvb1lxSjzzK6r_O/view?usp=drivesdk
Rebirth (Buddhism),Google Drive,Vision-of-the-Dhamma.pdf,buddhist_continuity,2,blackswanreprise,Buddhism & Eastern Philosophy,unknown,INDEX_ONLY,metadata_only,article,16XoCpj8dv-z29FyOjYfyMyOTbC7Yd95s,https://drive.google.com/file/d/16XoCpj8dv-z29FyOjYfyMyOTbC7Yd95s/view?usp=drivesdk
Rebirth (Buddhism),Google Drive,Who-Will-Feed-the-Mice-Ajahn-Amaro.pdf,buddhist_continuity,2,blackswanreprise,Buddhism & Eastern Philosophy,unknown,INDEX_ONLY,metadata_only,article,1jo1p3wOQWEEXAIR6ca8bKlIzFKBcGX5H,https://drive.google.com/file/d/1jo1p3wOQWEEXAIR6ca8bKlIzFKBcGX5H/view?usp=drivesdk
Rebirth (Buddhism),Google Drive,Whos-the-Boss.pdf,buddhist_continuity,2,blackswanreprise,Buddhism & Eastern Philosophy,unknown,INDEX_ONLY,metadata_only,article,1jy2LPW3MaO_Aw9Vkuxsqnc6Cd_4HsupE,https://drive.google.com/file/d/1jy2LPW3MaO_Aw9Vkuxsqnc6Cd_4HsupE/view?usp=drivesdk
Rebirth (Buddhism),Google Drive,Wisdom-Develops-Samadhi.pdf,buddhist_continuity,2,blackswanreprise,Buddhism & Eastern Philosophy,unknown,INDEX_ONLY,metadata_only,article,1-YyNFv1o-rUtd7_n0gtOfz15WSEaayu5,https://drive.google.com/file/d/1-YyNFv1o-rUtd7_n0gtOfz15WSEaayu5/view?usp=drivesdk
Rebirth (Buddhism),Google Drive,Wisdom-and-the-seventy-three-kinds-of-mundane-and-supramundane-knowledge.pdf,buddhist_continuity,2,blackswanreprise,Buddhism & Eastern Philosophy,unknown,INDEX_ONLY,metadata_only,article,17llHebm-lOqUuOnw-Du0eMFXNx7slERv,https://drive.google.com/file/d/17llHebm-lOqUuOnw-Du0eMFXNx7slERv/view?usp=drivesdk
Rebirth (Buddhism),Google Drive,With-each-and-every-breath.pdf,buddhist_continuity,2,blackswanreprise,Buddhism & Eastern Philosophy,unknown,INDEX_ONLY,metadata_only,article,1ClK_1syM_VlnCZYutm4MEFv7ckIcPyBc,https://drive.google.com/file/d/1ClK_1syM_VlnCZYutm4MEFv7ckIcPyBc/view?usp=drivesdk
Rebirth (Buddhism),Google Drive,Ye-Magick-Mirrour-of-Old-Japan.pdf,buddhist_continuity,2,blackswanreprise,Buddhism & Eastern Philosophy; Western Occultism & Magick,unknown,INDEX_ONLY,metadata_only,article,111DnNKGtAkVgtnY7tG75PVKcBPuV1R5N,https://drive.google.com/file/d/111DnNKGtAkVgtnY7tG75PVKcBPuV1R5N/view?usp=drivesdk
Rebirth (Buddhism),Google Drive,Yin-Chih-Wen-The-Tract-of-the-Quiet-Way.pdf,buddhist_continuity,2,blackswanreprise,Buddhism & Eastern Philosophy,unknown,INDEX_ONLY,metadata_only,article,1EKI3EhUg_apt8jfHvRXfCyGmqae538j7,https://drive.google.com/file/d/1EKI3EhUg_apt8jfHvRXfCyGmqae538j7/view?usp=drivesdk
Rebirth (Buddhism),Google Drive,Zen-A-Cognition-to-the-Mind-by-Pho-Nguyet.pdf,buddhist_continuity,2,blackswanreprise,Buddhism & Eastern Philosophy; Consciousness & Mind,unknown,INDEX_ONLY,metadata_only,article,1kcrKMmde3yFlL57KUKI0aMd7FN4u1Oqq,https://drive.google.com/file/d/1kcrKMmde3yFlL57KUKI0aMd7FN4u1Oqq/view?usp=drivesdk
Rebirth (Buddhism),Google Drive,Zen-Culture-by-Thomas-Hoover.pdf,buddhist_continuity,2,blackswanreprise,Buddhism & Eastern Philosophy; History & Cultural Memory,unknown,INDEX_ONLY,metadata_only,article,1RJDPs_akKsszcEJITJdr7NhlI-7QMld0,https://drive.google.com/file/d/1RJDPs_akKsszcEJITJdr7NhlI-7QMld0/view?usp=drivesdk
Rebirth (Buddhism),Google Drive,Zen-Master-Ejo-Absorption-in-the-Treasury-of-Light.pdf,buddhist_continuity,2,blackswanreprise,Buddhism & Eastern Philosophy,unknown,INDEX_ONLY,metadata_only,article,1fgx4UL1_hsZOUkUkE9tp1AiAtKayaGL6,https://drive.google.com/file/d/1fgx4UL1_hsZOUkUkE9tp1AiAtKayaGL6/view?usp=drivesdk
Rebirth (Buddhism),Google Drive,Zen-Mind-Beginners-Mind-by-Shunryu-Suzuki.pdf,buddhist_continuity,2,blackswanreprise,Buddhism & Eastern Philosophy; Consciousness & Mind,unknown,INDEX_ONLY,metadata_only,article,1uAWoldlvVxQBbneAwJkdODG_q8QlNnSZ,https://drive.google.com/file/d/1uAWoldlvVxQBbneAwJkdODG_q8QlNnSZ/view?usp=drivesdk
Rebirth (Buddhism),Google Drive,Zen-in-the-Art-of-Archery.pdf,buddhist_continuity,2,blackswanreprise,Buddhism & Eastern Philosophy,unknown,INDEX_ONLY,metadata_only,article,11o11No4rOtieiO-eLOyoFf26gCwgv4zU,https://drive.google.com/file/d/11o11No4rOtieiO-eLOyoFf26gCwgv4zU/view?usp=drivesdk
Rebirth (Buddhism),Google Drive,[Tokubrasil] Crest Of The Wolf & Midare Karakuri MUSIC FILE.pdf,buddhist_continuity,2,blackswanreprise,Buddhism & Eastern Philosophy,unknown,INDEX_ONLY,metadata_only,article,1udRGk5OYHHtv_CWn_JMYnM2IXsl6icZl,https://drive.google.com/file/d/1udRGk5OYHHtv_CWn_JMYnM2IXsl6icZl/view?usp=drivesdk
Rebirth (Buddhism),Google Drive,download.html,buddhist_continuity,2,blackswanreprise,Buddhism & Eastern Philosophy,unknown,INDEX_ONLY,metadata_only,unknown,13pITUk5FC94d1WO7WeoVI-zzSRg09Lsq,https://drive.google.com/file/d/13pITUk5FC94d1WO7WeoVI-zzSRg09Lsq/view?usp=drivesdk
Rebirth (Buddhism),Google Drive,gail2012.pdf,buddhist_continuity,2,blackswanreprise,Buddhism & Eastern Philosophy,unknown,INDEX_ONLY,metadata_only,article,1fBdznqzrbLQI6DrBTstmnM4qtTYihpT3,https://drive.google.com/file/d/1fBdznqzrbLQI6DrBTstmnM4qtTYihpT3/view?usp=drivesdk
Rebirth (Buddhism),Google Drive,selvesnotself.pdf,buddhist_continuity,2,blackswanreprise,Buddhism & Eastern Philosophy,unknown,INDEX_ONLY,metadata_only,article,1tCrVit2b8mVFtg9SVqV7wfqLCbN8e7uH,https://drive.google.com/file/d/1tCrVit2b8mVFtg9SVqV7wfqLCbN8e7uH/view?usp=drivesdk
Rebirth (Buddhism),Google Drive,the-Seven-Factors-of-Awakening.pdf,buddhist_continuity,2,blackswanreprise,Buddhism & Eastern Philosophy; Mysticism & Spirituality,unknown,INDEX_ONLY,metadata_only,article,1UrtHK3fLS6g7pCFZk1PIEDPIfnDifK9h,https://drive.google.com/file/d/1UrtHK3fLS6g7pCFZk1PIEDPIfnDifK9h/view?usp=drivesdk
Reincarnation,Google Drive,04.SacredBooksEast.VarOrSch.v4.Muller.Zor_.Darmesteter.ZendAvesta.p1.2nd.1880.1895..pdf,buddhist_continuity,2,blackswanreprise,Buddhism & Eastern Philosophy; Mysticism & Spirituality; Ancient Civilisations,unknown,INDEX_ONLY,metadata_only,article,1GmkINy2VjMKvm06Fq7Xvlxp-xBHSL5HQ,https://drive.google.com/file/d/1GmkINy2VjMKvm06Fq7Xvlxp-xBHSL5HQ/view?usp=drivesdk
Reincarnation,Google Drive,23.SacredBooksEast.VarOrSch.v23.Muller.Zor_.Darmesteter.ZendAvesta.p2.SirYastsNya.Oxf_.1883..pdf,buddhist_continuity,2,blackswanreprise,Buddhism & Eastern Philosophy; Mysticism & Spirituality; Ancient Civilisations,unknown,INDEX_ONLY,metadata_only,article,1o961f0HWrIV4GlTq6_imJspOg0xYhMYG,https://drive.google.com/file/d/1o961f0HWrIV4GlTq6_imJspOg0xYhMYG/view?usp=drivesdk
Reincarnation,Google Drive,31.SacredBooksEast.VarOrSch.v31.Muller.Zor_.Mills_.ZendAvesta.p3.YasVisAfriGahs.MiscFrag.Oxf_.1887..pdf,buddhist_continuity,2,blackswanreprise,Buddhism & Eastern Philosophy; Mysticism & Spirituality; Ancient Civilisations,unknown,INDEX_ONLY,metadata_only,article,1wGLyh-c2Prhw5c94PDyw0TqKii6eO-X1,https://drive.google.com/file/d/1wGLyh-c2Prhw5c94PDyw0TqKii6eO-X1/view?usp=drivesdk
Reincarnation,Google Drive,A-Brief-Overview-of-the-Bardo.pdf,buddhist_continuity,2,blackswanreprise,Buddhism & Eastern Philosophy,unknown,INDEX_ONLY,metadata_only,article,1XaUmG86Svvoyup92F7udKohmRXnvRAuY,https://drive.google.com/file/d/1XaUmG86Svvoyup92F7udKohmRXnvRAuY/view?usp=drivesdk
Reincarnation,Google Drive,A-Chanting-Guide.pdf,buddhist_continuity,2,blackswanreprise,Buddhism & Eastern Philosophy,unknown,INDEX_ONLY,metadata_only,article,1iyifg5HFsmCxoaKOC2ZT2r8wo1SUJZcx,https://drive.google.com/file/d/1iyifg5HFsmCxoaKOC2ZT2r8wo1SUJZcx/view?usp=drivesdk
Reincarnation,Google Drive,A-Collection-Of-Studies-On-The-Tibetan-Bon-Tradition.pdf,buddhist_continuity,2,blackswanreprise,Buddhism & Eastern Philosophy,unknown,INDEX_ONLY,metadata_only,article,1uEEb92zRkj3jYnvt04d4i8WAn2WT3PxD,https://drive.google.com/file/d/1uEEb92zRkj3jYnvt04d4i8WAn2WT3PxD/view?usp=drivesdk
Reincarnation,Google Drive,A-Commentary-on-Attitude-Training-Like-the-Rays-of-the-Sun.pdf,buddhist_continuity,2,blackswanreprise,Buddhism & Eastern Philosophy,unknown,INDEX_ONLY,metadata_only,article,1HgV4vrGuIM7HH9J8OQtnMm9NXh3iSBvN,https://drive.google.com/file/d/1HgV4vrGuIM7HH9J8OQtnMm9NXh3iSBvN/view?usp=drivesdk
Reincarnation,Google Drive,A-Dhammapada-for-Contemplation-Ajahn-Munindo.pdf,buddhist_continuity,2,blackswanreprise,Buddhism & Eastern Philosophy,unknown,INDEX_ONLY,metadata_only,article,1sIrLOMrvctuRzGOu3POOU3Lga7UbMqDG,https://drive.google.com/file/d/1sIrLOMrvctuRzGOu3POOU3Lga7UbMqDG/view?usp=drivesdk
Reincarnation,Google Drive,A-Discourse-on-the-Sallekha-Sutta.pdf,buddhist_continuity,2,blackswanreprise,Buddhism & Eastern Philosophy,unknown,INDEX_ONLY,metadata_only,article,1avN_phZWvyyBSgu8F5vxPC5sEJE13RX_,https://drive.google.com/file/d/1avN_phZWvyyBSgu8F5vxPC5sEJE13RX_/view?usp=drivesdk
Reincarnation,Google Drive,A-Guide-to-Awareness.pdf,buddhist_continuity,2,blackswanreprise,Buddhism & Eastern Philosophy; Consciousness & Mind,unknown,INDEX_ONLY,metadata_only,article,1nGKCrGNeRhZOebroQXZ_f-peYOtHvltx,https://drive.google.com/file/d/1nGKCrGNeRhZOebroQXZ_f-peYOtHvltx/view?usp=drivesdk
Reincarnation,Google Drive,A-Guide-to-Japanese-Buddhism.pdf,buddhist_continuity,2,blackswanreprise,Buddhism & Eastern Philosophy,unknown,INDEX_ONLY,metadata_only,article,1WMC5uwiIS6hde8b0NE4wSibEh24Wzxmz,https://drive.google.com/file/d/1WMC5uwiIS6hde8b0NE4wSibEh24Wzxmz/view?usp=drivesdk
Reincarnation,Google Drive,A-Guide-to-Shamatha-Meditation.pdf,buddhist_continuity,2,blackswanreprise,Buddhism & Eastern Philosophy,unknown,INDEX_ONLY,metadata_only,article,1f23y616l9lDcYwlbYHtr0iAe06gWyS81,https://drive.google.com/file/d/1f23y616l9lDcYwlbYHtr0iAe06gWyS81/view?usp=drivesdk
Reincarnation,Google Drive,A-Heart-Released.pdf,buddhist_continuity,2,blackswanreprise,Buddhism & Eastern Philosophy,unknown,INDEX_ONLY,metadata_only,article,1X7Ol9awwQEAVBVRYApnNmNwoAc_lUnIh,https://drive.google.com/file/d/1X7Ol9awwQEAVBVRYApnNmNwoAc_lUnIh/view?usp=drivesdk
Reincarnation,Google Drive,A-Honed-and-Heavy-Axe.pdf,buddhist_continuity,2,blackswanreprise,Buddhism & Eastern Philosophy,unknown,INDEX_ONLY,metadata_only,article,1qm7VEnRYoJYmirAYf_NtoSHP9P4HX276,https://drive.google.com/file/d/1qm7VEnRYoJYmirAYf_NtoSHP9P4HX276/view?usp=drivesdk
Reincarnation,Google Drive,A-Long-Sadhana-of-Vajrayogini.pdf,buddhist_continuity,2,blackswanreprise,"Buddhism & Eastern Philosophy; Hinduism, Yoga & Tantra",unknown,INDEX_ONLY,metadata_only,article,1w3zOjYQTZfKOEWuNgQX-ykoSbQWYWyEH,https://drive.google.com/file/d/1w3zOjYQTZfKOEWuNgQX-ykoSbQWYWyEH/view?usp=drivesdk
Reincarnation,Google Drive,A-Manual-of-the-Excellent-Man.pdf,buddhist_continuity,2,blackswanreprise,Buddhism & Eastern Philosophy,unknown,INDEX_ONLY,metadata_only,article,1nq7q6yhS29foVahqv_CVmCZeNm4lzfgi,https://drive.google.com/file/d/1nq7q6yhS29foVahqv_CVmCZeNm4lzfgi/view?usp=drivesdk
Reincarnation,Google Drive,A-Mind-Revealed.pdf,buddhist_continuity,2,blackswanreprise,Buddhism & Eastern Philosophy; Consciousness & Mind,unknown,INDEX_ONLY,metadata_only,article,1vQROG-CB-tS1eJhmw7LXrTNU5JvOIpgl,https://drive.google.com/file/d/1vQROG-CB-tS1eJhmw7LXrTNU5JvOIpgl/view?usp=drivesdk
Reincarnation,Google Drive,A-Modern-Commentary-on-Karma-Lingpas-Zhi-Kro-Teachings-on-the-peaceful-and-wrathfull-deities.pdf,buddhist_continuity,2,blackswanreprise,Buddhism & Eastern Philosophy,unknown,INDEX_ONLY,metadata_only,article,1wkjKRvHvVCgA3uDhiSflcqd5b-nn-dCK,https://drive.google.com/file/d/1wkjKRvHvVCgA3uDhiSflcqd5b-nn-dCK/view?usp=drivesdk
Reincarnation,Google Drive,A-Precious-Garland-of-the-Supreme-Path.pdf,buddhist_continuity,2,blackswanreprise,Buddhism & Eastern Philosophy,unknown,INDEX_ONLY,metadata_only,article,1DCeTqK3c6Nc70xXZuK3oTmOnNY_ROMeN,https://drive.google.com/file/d/1DCeTqK3c6Nc70xXZuK3oTmOnNY_ROMeN/view?usp=drivesdk
Reincarnation,Google Drive,A-Swift-Pair-of-Messengers.pdf,buddhist_continuity,2,blackswanreprise,Buddhism & Eastern Philosophy,unknown,INDEX_ONLY,metadata_only,article,1wBSOkBULpaYf6MI8XozoLn-03pWJ4CCb,https://drive.google.com/file/d/1wBSOkBULpaYf6MI8XozoLn-03pWJ4CCb/view?usp=drivesdk
Reincarnation,Google Drive,A-Tree-in-the-Forest-Ebook1.pdf,buddhist_continuity,2,blackswanreprise,Buddhism & Eastern Philosophy,unknown,INDEX_ONLY,metadata_only,article,1RAuuJAwB5wNDu3FSHMTSTFiwaLEhpbBY,https://drive.google.com/file/d/1RAuuJAwB5wNDu3FSHMTSTFiwaLEhpbBY/view?usp=drivesdk
Reincarnation,Google Drive,A-survey-of-the-Paths-of-Tibetan-Buddhism-by-Dalai-Lama.pdf,buddhist_continuity,2,blackswanreprise,Buddhism & Eastern Philosophy,unknown,INDEX_ONLY,metadata_only,article,13bZBwy2u_e5fL33tAaklsierPLLgAUqc,https://drive.google.com/file/d/13bZBwy2u_e5fL33tAaklsierPLLgAUqc/view?usp=drivesdk
Reincarnation,Google Drive,Abiding-in-the-Retreat.pdf,buddhist_continuity,2,blackswanreprise,Buddhism & Eastern Philosophy,unknown,INDEX_ONLY,metadata_only,article,1SQhAL6vgfL-cTcv-yI0hgG7ueJjEUB09,https://drive.google.com/file/d/1SQhAL6vgfL-cTcv-yI0hgG7ueJjEUB09/view?usp=drivesdk
Reincarnation,Google Drive,Admirable-Friendship.pdf,buddhist_continuity,2,blackswanreprise,Buddhism & Eastern Philosophy,unknown,INDEX_ONLY,metadata_only,article,1bDEnj_RZpE5y4QduPbtnBWNOyNDKC7HV,https://drive.google.com/file/d/1bDEnj_RZpE5y4QduPbtnBWNOyNDKC7HV/view?usp=drivesdk
Reincarnation,Google Drive,Advice-to-Rahula.pdf,buddhist_continuity,2,blackswanreprise,Buddhism & Eastern Philosophy,unknown,INDEX_ONLY,metadata_only,article,1GgZJCQo2l4p_ibfBrydo91Mupcbf-svr,https://drive.google.com/file/d/1GgZJCQo2l4p_ibfBrydo91Mupcbf-svr/view?usp=drivesdk
Reincarnation,Google Drive,Ajaan-Khao-A-True-Spiritual-Warrior.pdf,buddhist_continuity,2,blackswanreprise,Buddhism & Eastern Philosophy; Mysticism & Spirituality,unknown,INDEX_ONLY,metadata_only,article,1l70fsx_U9WG5z9sJCPYoTV4Aki_5vCck,https://drive.google.com/file/d/1l70fsx_U9WG5z9sJCPYoTV4Aki_5vCck/view?usp=drivesdk
Reincarnation,Google Drive,Ajahn-Amaro-Ajahn-Passano-The-Island.pdf,buddhist_continuity,2,blackswanreprise,Buddhism & Eastern Philosophy,unknown,INDEX_ONLY,metadata_only,article,1VWJ56PxHoOqOpIfmfOIqMf7ibdr1VxGP,https://drive.google.com/file/d/1VWJ56PxHoOqOpIfmfOIqMf7ibdr1VxGP/view?usp=drivesdk
Reincarnation,Google Drive,All-the-Heaps-of-Suffering-Add-Up-To-Kama-Kilesa.pdf,buddhist_continuity,2,blackswanreprise,Buddhism & Eastern Philosophy,unknown,INDEX_ONLY,metadata_only,article,1wIsas7cMqDZxBTrHXs0HTWnDGXPsHn3a,https://drive.google.com/file/d/1wIsas7cMqDZxBTrHXs0HTWnDGXPsHn3a/view?usp=drivesdk
Reincarnation,Google Drive,Along-the-Path.pdf,buddhist_continuity,2,blackswanreprise,Buddhism & Eastern Philosophy,unknown,INDEX_ONLY,metadata_only,article,1G7a2p78sl77-OQa0ly1HR5ls0mQmcRRg,https://drive.google.com/file/d/1G7a2p78sl77-OQa0ly1HR5ls0mQmcRRg/view?usp=drivesdk
Reincarnation,Google Drive,Amata-Dhamma-Six-Talks-on-Dhamma.pdf,buddhist_continuity,2,blackswanreprise,Buddhism & Eastern Philosophy,unknown,INDEX_ONLY,metadata_only,article,1S9sRwSL2tI3CgZUvK4QEF2AzW-OqW8Xl,https://drive.google.com/file/d/1S9sRwSL2tI3CgZUvK4QEF2AzW-OqW8Xl/view?usp=drivesdk
Reincarnation,Google Drive,An-Analysis-of-the-Abhidhammatthasaogaha.pdf,buddhist_continuity,2,blackswanreprise,Buddhism & Eastern Philosophy,unknown,INDEX_ONLY,metadata_only,article,1NlYuNFLKHhYagPjQA1L_TXcvnS1iX-qZ,https://drive.google.com/file/d/1NlYuNFLKHhYagPjQA1L_TXcvnS1iX-qZ/view?usp=drivesdk
Reincarnation,Google Drive,An-Ancient-Path.pdf,buddhist_continuity,2,blackswanreprise,Buddhism & Eastern Philosophy; Ancient Civilisations,unknown,INDEX_ONLY,metadata_only,article,18y9ktA8hnFn97f_CAN26NhldbEyigQYN,https://drive.google.com/file/d/18y9ktA8hnFn97f_CAN26NhldbEyigQYN/view?usp=drivesdk
Reincarnation,Google Drive,An-Introduction-to-Mahamudra-Meditation.pdf,buddhist_continuity,2,blackswanreprise,Buddhism & Eastern Philosophy,unknown,INDEX_ONLY,metadata_only,article,1oVVOzOCzK5_AiLuScmnAbNYBCjZ5PQ0H,https://drive.google.com/file/d/1oVVOzOCzK5_AiLuScmnAbNYBCjZ5PQ0H/view?usp=drivesdk
Reincarnation,Google Drive,An-Introduction-to-Mahayana-Buddhism.pdf,buddhist_continuity,2,blackswanreprise,Buddhism & Eastern Philosophy,unknown,INDEX_ONLY,metadata_only,article,1HgulOs70SYSIZzQnYZb-fVFXjvpMri14,https://drive.google.com/file/d/1HgulOs70SYSIZzQnYZb-fVFXjvpMri14/view?usp=drivesdk
Reincarnation,Google Drive,An-Unentangled-Knowing-Lessons-in-Training-the-Mind.pdf,buddhist_continuity,2,blackswanreprise,Buddhism & Eastern Philosophy; Consciousness & Mind,unknown,INDEX_ONLY,metadata_only,article,1caYKJ_qUVE242yUd8mHwENBgW24VM9Jn,https://drive.google.com/file/d/1caYKJ_qUVE242yUd8mHwENBgW24VM9Jn/view?usp=drivesdk
Reincarnation,Google Drive,Analysis-of-the-Ways-of-Attending-to-Mindfulness.pdf,buddhist_continuity,2,blackswanreprise,Buddhism & Eastern Philosophy; Consciousness & Mind,unknown,INDEX_ONLY,metadata_only,article,1IzSxbtG9m8lZaojzC3YO6Fva9_Hwpwld,https://drive.google.com/file/d/1IzSxbtG9m8lZaojzC3YO6Fva9_Hwpwld/view?usp=drivesdk
Reincarnation,Google Drive,Anapanasati-Mindfulness-of-Breathing.pdf,buddhist_continuity,2,blackswanreprise,Buddhism & Eastern Philosophy; Consciousness & Mind,unknown,INDEX_ONLY,metadata_only,article,1j3epcxtOD5uMVdF873fnPIZa_T1cNCiR,https://drive.google.com/file/d/1j3epcxtOD5uMVdF873fnPIZa_T1cNCiR/view?usp=drivesdk
Reincarnation,Google Drive,Approaching-the-Dhamma.pdf,buddhist_continuity,2,blackswanreprise,Buddhism & Eastern Philosophy,unknown,INDEX_ONLY,metadata_only,article,11rzKsH-1QkfcAOB7d32P4ZblelFt8-xk,https://drive.google.com/file/d/11rzKsH-1QkfcAOB7d32P4ZblelFt8-xk/view?usp=drivesdk
Reincarnation,Google Drive,Art-of-Attention.pdf,buddhist_continuity,2,blackswanreprise,Buddhism & Eastern Philosophy,unknown,INDEX_ONLY,metadata_only,article,13oTRMchUBgICfvVpmGbeZ2Vqg1rClKkS,https://drive.google.com/file/d/13oTRMchUBgICfvVpmGbeZ2Vqg1rClKkS/view?usp=drivesdk
Reincarnation,Google Drive,Art-of-Living.pdf,buddhist_continuity,2,blackswanreprise,Buddhism & Eastern Philosophy,unknown,INDEX_ONLY,metadata_only,article,1Lju9yOV817-pShVICBXzxi_LRIm9DpOu,https://drive.google.com/file/d/1Lju9yOV817-pShVICBXzxi_LRIm9DpOu/view?usp=drivesdk
Reincarnation,Google Drive,Asoka-and-the-Missions.pdf,buddhist_continuity,2,blackswanreprise,Buddhism & Eastern Philosophy,unknown,INDEX_ONLY,metadata_only,article,14m3El8xHH0Xi1F3Ko-s67CdI0h5sFGwJ,https://drive.google.com/file/d/14m3El8xHH0Xi1F3Ko-s67CdI0h5sFGwJ/view?usp=drivesdk
Reincarnation,Google Drive,Atthakavagga.pdf,buddhist_continuity,2,blackswanreprise,Buddhism & Eastern Philosophy,unknown,INDEX_ONLY,metadata_only,article,1dVE_UzzXElkWe90S2mMdKK7-QgPhViFf,https://drive.google.com/file/d/1dVE_UzzXElkWe90S2mMdKK7-QgPhViFf/view?usp=drivesdk
Reincarnation,Google Drive,Awakening-Presence.pdf,buddhist_continuity,2,blackswanreprise,Buddhism & Eastern Philosophy; Mysticism & Spirituality,unknown,INDEX_ONLY,metadata_only,article,1ML1Xt_jiCxEL_acMObqkD84hjLHMjuWv,https://drive.google.com/file/d/1ML1Xt_jiCxEL_acMObqkD84hjLHMjuWv/view?usp=drivesdk
Reincarnation,Google Drive,Awakening-of-Faith.pdf,buddhist_continuity,2,blackswanreprise,Buddhism & Eastern Philosophy; Mysticism & Spirituality,unknown,INDEX_ONLY,metadata_only,article,1SSwkfz1-sO9U-Rij-XA38A5Ti-SZUKdV,https://drive.google.com/file/d/1SSwkfz1-sO9U-Rij-XA38A5Ti-SZUKdV/view?usp=drivesdk
Reincarnation,Google Drive,Awareness-Itself.pdf,buddhist_continuity,2,blackswanreprise,Buddhism & Eastern Philosophy; Consciousness & Mind,unknown,INDEX_ONLY,metadata_only,article,1m-QMHXSUR1N754GYAp_DXupHWPPw0qOO,https://drive.google.com/file/d/1m-QMHXSUR1N754GYAp_DXupHWPPw0qOO/view?usp=drivesdk
Reincarnation,Google Drive,AwarenessItself180407.pdf,buddhist_continuity,2,blackswanreprise,Buddhism & Eastern Philosophy; Consciousness & Mind,unknown,INDEX_ONLY,metadata_only,article,1Vl8RMjLEGb1sh9JcTRJHKV3aT4zmoQBh,https://drive.google.com/file/d/1Vl8RMjLEGb1sh9JcTRJHKV3aT4zmoQBh/view?usp=drivesdk
Reincarnation,Google Drive,Bag-of-Bones-A-Miscellany-on-the-Body.pdf,buddhist_continuity,2,blackswanreprise,Buddhism & Eastern Philosophy,unknown,INDEX_ONLY,metadata_only,article,1LSSIjMWcaFA5iRe5f1qymehHcEn25Hmm,https://drive.google.com/file/d/1LSSIjMWcaFA5iRe5f1qymehHcEn25Hmm/view?usp=drivesdk
Reincarnation,Google Drive,Bardo Teachings – Zhi-Kro and Ngöndro Practice,buddhist_continuity,2,blackswanreprise,Buddhism & Eastern Philosophy,unknown,INDEX_ONLY,metadata_only,unknown,1H9TEiVLI5Us6r01aAU92vc_7Vo5LnKhE,https://drive.google.com/drive/folders/1H9TEiVLI5Us6r01aAU92vc_7Vo5LnKhE
Reincarnation,Google Drive,BasicPaticcasaMuppada-Translated-by-UHlaMyint.pdf,buddhist_continuity,2,blackswanreprise,Buddhism & Eastern Philosophy,unknown,INDEX_ONLY,metadata_only,article,13Le5nbA0K11zR_qKPefce5e-040RyoQ8,https://drive.google.com/file/d/13Le5nbA0K11zR_qKPefce5e-040RyoQ8/view?usp=drivesdk
Reincarnation,Google Drive,Beyond-Coping.pdf,buddhist_continuity,2,blackswanreprise,Buddhism & Eastern Philosophy,unknown,INDEX_ONLY,metadata_only,article,1Mb1etKuO6FLNyhn8l_xEVDqrXMGwrzTN,https://drive.google.com/file/d/1Mb1etKuO6FLNyhn8l_xEVDqrXMGwrzTN/view?usp=drivesdk
Reincarnation,Google Drive,Beyond-No-Self-Nirmala.pdf,buddhist_continuity,2,blackswanreprise,Buddhism & Eastern Philosophy,unknown,INDEX_ONLY,metadata_only,article,1kEhoE5KUTnt7y8ZwHqHIHiOtTp2y_Dsi,https://drive.google.com/file/d/1kEhoE5KUTnt7y8ZwHqHIHiOtTp2y_Dsi/view?usp=drivesdk
Reincarnation,Google Drive,Bodhinyana.pdf,buddhist_continuity,2,blackswanreprise,Buddhism & Eastern Philosophy,unknown,INDEX_ONLY,metadata_only,article,1x0c-xdkguPl6eMnQLy77S08Zyd6Q3Caq,https://drive.google.com/file/d/1x0c-xdkguPl6eMnQLy77S08Zyd6Q3Caq/view?usp=drivesdk
Reincarnation,Google Drive,Bodhisattva-Attitude.pdf,buddhist_continuity,2,blackswanreprise,Buddhism & Eastern Philosophy,unknown,INDEX_ONLY,metadata_only,article,1b4pxpoOEhtQATZ6P96Ugw_cSAYfeMq4c,https://drive.google.com/file/d/1b4pxpoOEhtQATZ6P96Ugw_cSAYfeMq4c/view?usp=drivesdk
Reincarnation,Google Drive,Books by Luang Ta Maha Boowa,buddhist_continuity,2,blackswanreprise,Buddhism & Eastern Philosophy,unknown,INDEX_ONLY,metadata_only,book,1Je0jMguxsAX0Nys0TbEPii38EU9omy19,https://drive.google.com/drive/folders/1Je0jMguxsAX0Nys0TbEPii38EU9omy19
Reincarnation,Google Drive,Brahmavihara-Dhamma.pdf,buddhist_continuity,2,blackswanreprise,Buddhism & Eastern Philosophy,unknown,INDEX_ONLY,metadata_only,article,1RZY-gogO90kC91HqnWEb9zRau-ROSSLQ,https://drive.google.com/file/d/1RZY-gogO90kC91HqnWEb9zRau-ROSSLQ/view?usp=drivesdk
Reincarnation,Google Drive,Broad-View-Boundless-Heart.pdf,buddhist_continuity,2,blackswanreprise,Buddhism & Eastern Philosophy,unknown,INDEX_ONLY,metadata_only,article,1L2AqjbIOIzUPPbmFaGeX6ZUgrWkknzUo,https://drive.google.com/file/d/1L2AqjbIOIzUPPbmFaGeX6ZUgrWkknzUo/view?usp=drivesdk
Reincarnation,Google Drive,Buddha-in-Blue-Jean.pdf,buddhist_continuity,2,blackswanreprise,Buddhism & Eastern Philosophy,unknown,INDEX_ONLY,metadata_only,article,10IPOrwAVLJkhtOQkQ8AhgnzqgeyY5ZTj,https://drive.google.com/file/d/10IPOrwAVLJkhtOQkQ8AhgnzqgeyY5ZTj/view?usp=drivesdk
Reincarnation,Google Drive,Buddhadasa-Buddhas-Doctrine-Of-Anatta.pdf,buddhist_continuity,2,blackswanreprise,Buddhism & Eastern Philosophy,unknown,INDEX_ONLY,metadata_only,article,195Qc6wQGAi1wt4TpqtE7gejV2q-YSPYc,https://drive.google.com/file/d/195Qc6wQGAi1wt4TpqtE7gejV2q-YSPYc/view?usp=drivesdk
Reincarnation,Google Drive,Buddhas-16-Prophecies.pdf,buddhist_continuity,2,blackswanreprise,Buddhism & Eastern Philosophy,unknown,INDEX_ONLY,metadata_only,article,1oJsNrsUDc6tYANuwKacbeL1EnLzotDe8,https://drive.google.com/file/d/1oJsNrsUDc6tYANuwKacbeL1EnLzotDe8/view?usp=drivesdk
Reincarnation,Google Drive,Buddhas-Teachings.pdf,buddhist_continuity,2,blackswanreprise,Buddhism & Eastern Philosophy,unknown,INDEX_ONLY,metadata_only,article,1sIb2Gs2feuG61vpJ2vjSSjCbh-C47pqZ,https://drive.google.com/file/d/1sIb2Gs2feuG61vpJ2vjSSjCbh-C47pqZ/view?usp=drivesdk
Reincarnation,Google Drive,Buddhism,buddhist_continuity,2,blackswanreprise,Buddhism & Eastern Philosophy,unknown,INDEX_ONLY,metadata_only,unknown,1zRRev6kDn7I4i23uk5btY6y2RwUBJGvr,https://drive.google.com/drive/folders/1zRRev6kDn7I4i23uk5btY6y2RwUBJGvr
Reincarnation,Google Drive,Buddhism-Handbook-1.pdf,buddhist_continuity,2,blackswanreprise,Buddhism & Eastern Philosophy,unknown,INDEX_ONLY,metadata_only,article,1h54D5IK49J74OeOC4WW0LPrGOPmh2qee,https://drive.google.com/file/d/1h54D5IK49J74OeOC4WW0LPrGOPmh2qee/view?usp=drivesdk
Reincarnation,Google Drive,Buddhism-Of-Tibet-Or-Lamaism.pdf,buddhist_continuity,2,blackswanreprise,Buddhism & Eastern Philosophy,unknown,INDEX_ONLY,metadata_only,article,1wbN2RZh0wjjJUZMu3jjQkl_cn3oFbDrz,https://drive.google.com/file/d/1wbN2RZh0wjjJUZMu3jjQkl_cn3oFbDrz/view?usp=drivesdk
Reincarnation,Google Drive,Buddhism-The-Noble-Eightfold-Path-to-End-Suffering.pdf,buddhist_continuity,2,blackswanreprise,Buddhism & Eastern Philosophy,unknown,INDEX_ONLY,metadata_only,article,1mjfRuGjlAfScikmJ3HrF64L4f435LtAM,https://drive.google.com/file/d/1mjfRuGjlAfScikmJ3HrF64L4f435LtAM/view?usp=drivesdk
Reincarnation,Google Drive,Burmese-Monks-Tales.pdf,buddhist_continuity,2,blackswanreprise,Buddhism & Eastern Philosophy,unknown,INDEX_ONLY,metadata_only,article,1BQXlUVZIDq9voVfgQfucdrj21RnJsVy4,https://drive.google.com/file/d/1BQXlUVZIDq9voVfgQfucdrj21RnJsVy4/view?usp=drivesdk
Reincarnation,Google Drive,Bushido-the-Soul-of-Japan-by-Nitobe-Inazo.pdf,buddhist_continuity,2,blackswanreprise,Buddhism & Eastern Philosophy,unknown,INDEX_ONLY,metadata_only,article,1LawhieOUNZthHtgjBBEn4UV5MQJA1nWx,https://drive.google.com/file/d/1LawhieOUNZthHtgjBBEn4UV5MQJA1nWx/view?usp=drivesdk
Reincarnation,Google Drive,Chod-teachings-Garchen-Rinpoche.pdf,buddhist_continuity,2,blackswanreprise,Buddhism & Eastern Philosophy,unknown,INDEX_ONLY,metadata_only,article,1rOIWLLBgpP1AfLXSV5gZ6Dyw5jKR4mKV,https://drive.google.com/file/d/1rOIWLLBgpP1AfLXSV5gZ6Dyw5jKR4mKV/view?usp=drivesdk
Reincarnation,Google Drive,Cittanupassana-And-Vedananupassana.pdf,buddhist_continuity,2,blackswanreprise,"Buddhism & Eastern Philosophy; Hinduism, Yoga & Tantra",unknown,INDEX_ONLY,metadata_only,article,1iTPRE2Vm_E3LejYBdJcV6PZ5Vs798VB2,https://drive.google.com/file/d/1iTPRE2Vm_E3LejYBdJcV6PZ5Vs798VB2/view?usp=drivesdk
Reincarnation,Google Drive,Come-And-See.pdf,buddhist_continuity,2,blackswanreprise,Buddhism & Eastern Philosophy,unknown,INDEX_ONLY,metadata_only,article,1MDXQM0Da3gPIllOqDCp_qdOFM7s3xTof,https://drive.google.com/file/d/1MDXQM0Da3gPIllOqDCp_qdOFM7s3xTof/view?usp=drivesdk
Reincarnation,Google Drive,Commentary-on-Ngöndro-Practice-according-to-The-New-Treasure-of-Dudjom.pdf,buddhist_continuity,2,blackswanreprise,Buddhism & Eastern Philosophy,unknown,INDEX_ONLY,metadata_only,article,1lFWA-9nkL_k__IhEdEXepilNsx1oT9Vi,https://drive.google.com/file/d/1lFWA-9nkL_k__IhEdEXepilNsx1oT9Vi/view?usp=drivesdk
Reincarnation,Google Drive,Commentary-on-Ngöndro-Practice-according-to-The-New-Treasure-of-Dudjom.pdf,buddhist_continuity,2,blackswanreprise,Buddhism & Eastern Philosophy,unknown,INDEX_ONLY,metadata_only,article,1WhQWJ0-l4xunQ_Hejj00F03LLs_YZgnq,https://drive.google.com/file/d/1WhQWJ0-l4xunQ_Hejj00F03LLs_YZgnq/view?usp=drivesdk
Reincarnation,Google Drive,Comprehensive-Manual-of-Abhidhamma.pdf,buddhist_continuity,2,blackswanreprise,Buddhism & Eastern Philosophy,unknown,INDEX_ONLY,metadata_only,article,1bna8pnJrRIke6zj1_dfOLehcC6jLJ5sD,https://drive.google.com/file/d/1bna8pnJrRIke6zj1_dfOLehcC6jLJ5sD/view?usp=drivesdk
Reincarnation,Google Drive,Consciousness-Enlarged.pdf,buddhist_continuity,2,blackswanreprise,Buddhism & Eastern Philosophy; Consciousness & Mind,unknown,INDEX_ONLY,metadata_only,article,1jxou4A-UfxIgB6m_ArzcBht4w0ybiooD,https://drive.google.com/file/d/1jxou4A-UfxIgB6m_ArzcBht4w0ybiooD/view?usp=drivesdk
Reincarnation,Google Drive,Consciousness-Studies.pdf,buddhist_continuity,2,blackswanreprise,Buddhism & Eastern Philosophy; Consciousness & Mind,unknown,INDEX_ONLY,metadata_only,article,17oA_ioCZUyoi9DhKUpzD1wnDHcW1QZi2,https://drive.google.com/file/d/17oA_ioCZUyoi9DhKUpzD1wnDHcW1QZi2/view?usp=drivesdk
Reincarnation,Google Drive,Contemplation-of-the-Mind.pdf,buddhist_continuity,2,blackswanreprise,Buddhism & Eastern Philosophy; Consciousness & Mind,unknown,INDEX_ONLY,metadata_only,article,1hPnGYO23pc6e9bWxalrimtj1aYipRXqt,https://drive.google.com/file/d/1hPnGYO23pc6e9bWxalrimtj1aYipRXqt/view?usp=drivesdk
Reincarnation,Google Drive,Cultivating-Inner-Peace.pdf,buddhist_continuity,2,blackswanreprise,Buddhism & Eastern Philosophy,unknown,INDEX_ONLY,metadata_only,article,1vTkvtfnhyDZYmOby4R58h6YGv0E8oF-R,https://drive.google.com/file/d/1vTkvtfnhyDZYmOby4R58h6YGv0E8oF-R/view?usp=drivesdk
Reincarnation,Google Drive,Daily-Purification-A-Short-Vajrasattva-Practice.pdf,buddhist_continuity,2,blackswanreprise,Buddhism & Eastern Philosophy,unknown,INDEX_ONLY,metadata_only,article,1pk_YwRXrXs8LZv1XEDl6Uh1YJ66I5mFa,https://drive.google.com/file/d/1pk_YwRXrXs8LZv1XEDl6Uh1YJ66I5mFa/view?usp=drivesdk
Reincarnation,Google Drive,Daily-Reflections.pdf,buddhist_continuity,2,blackswanreprise,Buddhism & Eastern Philosophy,unknown,INDEX_ONLY,metadata_only,article,1hb8PzzMYdR7x8_HHsiyY-GhjnNQtmoMx,https://drive.google.com/file/d/1hb8PzzMYdR7x8_HHsiyY-GhjnNQtmoMx/view?usp=drivesdk
Reincarnation,Google Drive,Dangerous-Things-That-Ruin-The-Heart.pdf,buddhist_continuity,2,blackswanreprise,Buddhism & Eastern Philosophy,unknown,INDEX_ONLY,metadata_only,article,1a2YNPrhgRtHZgGUksWTSlLzEEx96AkIE,https://drive.google.com/file/d/1a2YNPrhgRtHZgGUksWTSlLzEEx96AkIE/view?usp=drivesdk
Reincarnation,Google Drive,Developing-Balanced-Sensitivity-Practical-Buddhism-Tibetan-Tantra.pdf,buddhist_continuity,2,blackswanreprise,"Buddhism & Eastern Philosophy; Hinduism, Yoga & Tantra",unknown,INDEX_ONLY,metadata_only,article,1qBXctO-ZifAjqhRc_taJw8Xu3nS1ROxQ,https://drive.google.com/file/d/1qBXctO-ZifAjqhRc_taJw8Xu3nS1ROxQ/view?usp=drivesdk
Reincarnation,Google Drive,Dhamma-Comes-From-The-Heart.pdf,buddhist_continuity,2,blackswanreprise,Buddhism & Eastern Philosophy,unknown,INDEX_ONLY,metadata_only,article,18dTDO27t6Xcis8byKQFWsrDJf2fivXgk,https://drive.google.com/file/d/18dTDO27t6Xcis8byKQFWsrDJf2fivXgk/view?usp=drivesdk
Reincarnation,Google Drive,Dhamma-Verses.pdf,buddhist_continuity,2,blackswanreprise,Buddhism & Eastern Philosophy,unknown,INDEX_ONLY,metadata_only,article,138-Gu1uPoYyNM5BIotEJO3cfjr6LPwEI,https://drive.google.com/file/d/138-Gu1uPoYyNM5BIotEJO3cfjr6LPwEI/view?usp=drivesdk
Reincarnation,Google Drive,Dhammacakkappavattana-Sutta.pdf,buddhist_continuity,2,blackswanreprise,Buddhism & Eastern Philosophy,unknown,INDEX_ONLY,metadata_only,article,1QxJmNhH0qhKfY09hcUJyzcZ_LHvQ6L1F,https://drive.google.com/file/d/1QxJmNhH0qhKfY09hcUJyzcZ_LHvQ6L1F/view?usp=drivesdk
Reincarnation,Google Drive,Dhammapada-Stories-by-Gambhiro-Bikkhu.pdf,buddhist_continuity,2,blackswanreprise,Buddhism & Eastern Philosophy,unknown,INDEX_ONLY,metadata_only,article,1IAud85BgGlKJ83lP5wx6P2ZUCU4U4iLy,https://drive.google.com/file/d/1IAud85BgGlKJ83lP5wx6P2ZUCU4U4iLy/view?usp=drivesdk
Reincarnation,Google Drive,Dharma-Mind-Worldly-Mind.pdf,buddhist_continuity,2,blackswanreprise,Buddhism & Eastern Philosophy; Consciousness & Mind,unknown,INDEX_ONLY,metadata_only,article,1d3ews2p-cAGcEadTyj6p8E_IdBBiRypU,https://drive.google.com/file/d/1d3ews2p-cAGcEadTyj6p8E_IdBBiRypU/view?usp=drivesdk
Reincarnation,Google Drive,Dont-Desert-the-Core-Principles-of-Dhamma-Vinaya.pdf,buddhist_continuity,2,blackswanreprise,Buddhism & Eastern Philosophy,unknown,INDEX_ONLY,metadata_only,article,1puoA_ZHJq9bqaoG5wyTL35ietT9qU_kz,https://drive.google.com/file/d/1puoA_ZHJq9bqaoG5wyTL35ietT9qU_kz/view?usp=drivesdk
Reincarnation,Google Drive,Earliest-Discourses.pdf,buddhist_continuity,2,blackswanreprise,Buddhism & Eastern Philosophy,unknown,INDEX_ONLY,metadata_only,article,17lxk9qE8LD9Dh1Plc8ONruYFT85AjPjR,https://drive.google.com/file/d/17lxk9qE8LD9Dh1Plc8ONruYFT85AjPjR/view?usp=drivesdk
Reincarnation,Google Drive,Empty-Cloud-The-Teachings-Of-Zen-Master-Xu-Yun.pdf,buddhist_continuity,2,blackswanreprise,Buddhism & Eastern Philosophy,unknown,INDEX_ONLY,metadata_only,article,1yhx-l714QTiXXTCVzlB09L9V-tdL6n6z,https://drive.google.com/file/d/1yhx-l714QTiXXTCVzlB09L9V-tdL6n6z/view?usp=drivesdk
Reincarnation,Google Drive,Engaging-in-Bodhisattva-Behavior-by-Shantideva.pdf,buddhist_continuity,2,blackswanreprise,Buddhism & Eastern Philosophy,unknown,INDEX_ONLY,metadata_only,article,1TrTISTwAUqVSkdwQnpSmN6JJcOoMisql,https://drive.google.com/file/d/1TrTISTwAUqVSkdwQnpSmN6JJcOoMisql/view?usp=drivesdk
Reincarnation,Google Drive,Establishing-The-Fundamentals.pdf,buddhist_continuity,2,blackswanreprise,Buddhism & Eastern Philosophy,unknown,INDEX_ONLY,metadata_only,article,1-OAqdmKruUhTaeepCw6Z6x_RQdDNx9lC,https://drive.google.com/file/d/1-OAqdmKruUhTaeepCw6Z6x_RQdDNx9lC/view?usp=drivesdk
Reincarnation,Google Drive,Everything-isTeaching-Us.pdf,buddhist_continuity,2,blackswanreprise,Buddhism & Eastern Philosophy,unknown,INDEX_ONLY,metadata_only,article,11vdKKHnutQvcQNqWkKUCfQzk8E91lxzw,https://drive.google.com/file/d/11vdKKHnutQvcQNqWkKUCfQzk8E91lxzw/view?usp=drivesdk
Reincarnation,Google Drive,Exalted-Sublime-Golden-Light.pdf,buddhist_continuity,2,blackswanreprise,Buddhism & Eastern Philosophy,unknown,INDEX_ONLY,metadata_only,article,1VwTMSCpYgwUZenecE4TLGOC1korT3Kw8,https://drive.google.com/file/d/1VwTMSCpYgwUZenecE4TLGOC1korT3Kw8/view?usp=drivesdk
Reincarnation,Google Drive,Factors-for-Awakening.pdf,buddhist_continuity,2,blackswanreprise,Buddhism & Eastern Philosophy; Mysticism & Spirituality,unknown,INDEX_ONLY,metadata_only,article,1Cdt6UJNW3VTCZkV-y3ayIIL_zW3xJEdg,https://drive.google.com/file/d/1Cdt6UJNW3VTCZkV-y3ayIIL_zW3xJEdg/view?usp=drivesdk
Reincarnation,Google Drive,First-Things-First.pdf,buddhist_continuity,2,blackswanreprise,Buddhism & Eastern Philosophy,unknown,INDEX_ONLY,metadata_only,article,1OPBkqDDBBy8sICARKax0WgLkLxcaDG7A,https://drive.google.com/file/d/1OPBkqDDBBy8sICARKax0WgLkLxcaDG7A/view?usp=drivesdk
Reincarnation,Google Drive,Fistfull-of-Sand.pdf,buddhist_continuity,2,blackswanreprise,Buddhism & Eastern Philosophy,unknown,INDEX_ONLY,metadata_only,article,1QbfTTJXopU498Hw6Ym6N48bHBiS-mODL,https://drive.google.com/file/d/1QbfTTJXopU498Hw6Ym6N48bHBiS-mODL/view?usp=drivesdk
Reincarnation,Google Drive,Five-Faculties.pdf,buddhist_continuity,2,blackswanreprise,Buddhism & Eastern Philosophy,unknown,INDEX_ONLY,metadata_only,article,12F8dz8uemKN39eDflBsG24eblQuOlW5F,https://drive.google.com/file/d/12F8dz8uemKN39eDflBsG24eblQuOlW5F/view?usp=drivesdk
Reincarnation,Google Drive,Food-for-Thought.pdf,buddhist_continuity,2,blackswanreprise,Buddhism & Eastern Philosophy,unknown,INDEX_ONLY,metadata_only,article,1xngXUznaEa9JQm9H_tk8cKvvqeud3ODW,https://drive.google.com/file/d/1xngXUznaEa9JQm9H_tk8cKvvqeud3ODW/view?usp=drivesdk
Reincarnation,Google Drive,For-the-Stilling-of-Volcanoes.pdf,buddhist_continuity,2,blackswanreprise,Buddhism & Eastern Philosophy,unknown,INDEX_ONLY,metadata_only,article,1EPbdRyQvD8nhzGGoXPz-TckhYgSwLy-E,https://drive.google.com/file/d/1EPbdRyQvD8nhzGGoXPz-TckhYgSwLy-E/view?usp=drivesdk
Reincarnation,Google Drive,Forest-Dhamma.pdf,buddhist_continuity,2,blackswanreprise,Buddhism & Eastern Philosophy,unknown,INDEX_ONLY,metadata_only,article,1f6OzKdGIh7919Wpsp8jcwzImO8CpimBC,https://drive.google.com/file/d/1f6OzKdGIh7919Wpsp8jcwzImO8CpimBC/view?usp=drivesdk
Reincarnation,Google Drive,Forest-Path.pdf,buddhist_continuity,2,blackswanreprise,Buddhism & Eastern Philosophy,unknown,INDEX_ONLY,metadata_only,article,1yOHFjAMwOu1gDZ7s9UIZqJ8K5fNNItB4,https://drive.google.com/file/d/1yOHFjAMwOu1gDZ7s9UIZqJ8K5fNNItB4/view?usp=drivesdk
Reincarnation,Google Drive,Frames-of-Reference-by-Ajaan-Lee-Dhamadharo.pdf,buddhist_continuity,2,blackswanreprise,Buddhism & Eastern Philosophy,unknown,INDEX_ONLY,metadata_only,article,1VFDx6I7MsmoZMG3w8ftlpIWyVuvbKVcp,https://drive.google.com/file/d/1VFDx6I7MsmoZMG3w8ftlpIWyVuvbKVcp/view?usp=drivesdk
Reincarnation,Google Drive,Freedom-Through-Understanding-by-Lama-Yeshe-and-Lama-Zopa-Rinpoche.pdf,buddhist_continuity,2,blackswanreprise,Buddhism & Eastern Philosophy; Law & Political Thought,unknown,INDEX_ONLY,metadata_only,article,11FmvRR0iOOUgglrU6GuGPeL5fIfDRFYL,https://drive.google.com/file/d/11FmvRR0iOOUgglrU6GuGPeL5fIfDRFYL/view?usp=drivesdk
Reincarnation,Google Drive,Freeing-the-Heart-Dhamma-Teachings.pdf,buddhist_continuity,2,blackswanreprise,Buddhism & Eastern Philosophy,unknown,INDEX_ONLY,metadata_only,article,1MM3l_NHkvlhfcSC5PJ3jgwXxbG8WqDhx,https://drive.google.com/file/d/1MM3l_NHkvlhfcSC5PJ3jgwXxbG8WqDhx/view?usp=drivesdk
Reincarnation,Google Drive,From-Buddha-to-be-to-Teacher.pdf,buddhist_continuity,2,blackswanreprise,Buddhism & Eastern Philosophy,unknown,INDEX_ONLY,metadata_only,article,1FqK5Rn5YacHYdR5eBFTvNTLSQfGOyBkV,https://drive.google.com/file/d/1FqK5Rn5YacHYdR5eBFTvNTLSQfGOyBkV/view?usp=drivesdk
Reincarnation,Google Drive,Fundamentals-of-Buddhism.pdf,buddhist_continuity,2,blackswanreprise,Buddhism & Eastern Philosophy,unknown,INDEX_ONLY,metadata_only,article,1hykcXmm63wlcloT0uLtLrFIE27NItOtO,https://drive.google.com/file/d/1hykcXmm63wlcloT0uLtLrFIE27NItOtO/view?usp=drivesdk
Reincarnation,Google Drive,Fundamentals-of-Chan-Meditation-Practice.pdf,buddhist_continuity,2,blackswanreprise,Buddhism & Eastern Philosophy,unknown,INDEX_ONLY,metadata_only,article,1judekxkDVSDKndCc1e1hGPp8RO-psDgx,https://drive.google.com/file/d/1judekxkDVSDKndCc1e1hGPp8RO-psDgx/view?usp=drivesdk
Reincarnation,Google Drive,Fundamentals-of-Vipassana-Meditation.pdf,buddhist_continuity,2,blackswanreprise,Buddhism & Eastern Philosophy,unknown,INDEX_ONLY,metadata_only,article,1cX0Q8-yYaUFuUgVcRdEH-bB8B_nfYjTP,https://drive.google.com/file/d/1cX0Q8-yYaUFuUgVcRdEH-bB8B_nfYjTP/view?usp=drivesdk
Reincarnation,Google Drive,G.-Gurdjieffs-Institure-for-the-Harmonious-Development-of-Man.pdf,buddhist_continuity,2,blackswanreprise,Buddhism & Eastern Philosophy; Gurdjieff & Fourth Way,unknown,INDEX_ONLY,metadata_only,article,1o0mHG64VSHGfmtDbNHl9Dr4VUY5faNm2,https://drive.google.com/file/d/1o0mHG64VSHGfmtDbNHl9Dr4VUY5faNm2/view?usp=drivesdk
Reincarnation,Google Drive,Ganadharavada.pdf,buddhist_continuity,2,blackswanreprise,Buddhism & Eastern Philosophy,unknown,INDEX_ONLY,metadata_only,article,15LdtXUeplGCpHKL9MkSgiMLDvJ7TAM4E,https://drive.google.com/file/d/15LdtXUeplGCpHKL9MkSgiMLDvJ7TAM4E/view?usp=drivesdk
Reincarnation,Google Drive,Gifts-He-Left-Behind.pdf,buddhist_continuity,2,blackswanreprise,Buddhism & Eastern Philosophy,unknown,INDEX_ONLY,metadata_only,article,19ZgLXyJtdXtjDhY1ueD7-6wPoa00VqgQ,https://drive.google.com/file/d/19ZgLXyJtdXtjDhY1ueD7-6wPoa00VqgQ/view?usp=drivesdk
Reincarnation,Google Drive,Good-Question-Good-Answer.pdf,buddhist_continuity,2,blackswanreprise,Buddhism & Eastern Philosophy,unknown,INDEX_ONLY,metadata_only,article,1YP2ta6177SS5HaAF5a207v2NVqgvpMpo,https://drive.google.com/file/d/1YP2ta6177SS5HaAF5a207v2NVqgvpMpo/view?usp=drivesdk
Reincarnation,Google Drive,Great-Bliss-Tantric-Sex-and-the-Path-to-Inner-Awakening.pdf,buddhist_continuity,2,blackswanreprise,"Buddhism & Eastern Philosophy; Hinduism, Yoga & Tantra; Mysticism & Spirituality",unknown,INDEX_ONLY,metadata_only,article,1yOL4mdUWB-MIyJ7q2W1RFAs7efjAW2oy,https://drive.google.com/file/d/1yOL4mdUWB-MIyJ7q2W1RFAs7efjAW2oy/view?usp=drivesdk
Reincarnation,Google Drive,Great-Patient-One.pdf,buddhist_continuity,2,blackswanreprise,Buddhism & Eastern Philosophy; Mysticism & Spirituality,unknown,INDEX_ONLY,metadata_only,article,14OONOCbNQpnfBt8S--s9uINilDQNUcMk,https://drive.google.com/file/d/14OONOCbNQpnfBt8S--s9uINilDQNUcMk/view?usp=drivesdk
Reincarnation,Google Drive,Green-Dharma.pdf,buddhist_continuity,2,blackswanreprise,Buddhism & Eastern Philosophy,unknown,INDEX_ONLY,metadata_only,article,1Tbogv_NCB4hahsw1L1FIScLwgb2MwOHl,https://drive.google.com/file/d/1Tbogv_NCB4hahsw1L1FIScLwgb2MwOHl/view?usp=drivesdk
Reincarnation,Google Drive,Guide-To-Advanced-Yoga-Techniques.pdf,buddhist_continuity,2,blackswanreprise,"Buddhism & Eastern Philosophy; Hinduism, Yoga & Tantra",unknown,INDEX_ONLY,metadata_only,article,1pONbHF6jusVc72vyMic-bpi0-8T7aXyC,https://drive.google.com/file/d/1pONbHF6jusVc72vyMic-bpi0-8T7aXyC/view?usp=drivesdk
Reincarnation,Google Drive,Guide-through-the-Abhidhamma-Pitaka.pdf,buddhist_continuity,2,blackswanreprise,Buddhism & Eastern Philosophy,unknown,INDEX_ONLY,metadata_only,article,1rbSiVfy-2OwW8ryft_MUoNmvJzVB_Xna,https://drive.google.com/file/d/1rbSiVfy-2OwW8ryft_MUoNmvJzVB_Xna/view?usp=drivesdk
Reincarnation,Google Drive,Guide-to-Vipassana.pdf,buddhist_continuity,2,blackswanreprise,Buddhism & Eastern Philosophy,unknown,INDEX_ONLY,metadata_only,article,14QMjaIgGFMPINBTh69MBC66-ynxz-2Xz,https://drive.google.com/file/d/14QMjaIgGFMPINBTh69MBC66-ynxz-2Xz/view?usp=drivesdk
Reincarnation,Google Drive,Handful of Leaves VOL I – IV,buddhist_continuity,2,blackswanreprise,Buddhism & Eastern Philosophy,unknown,INDEX_ONLY,metadata_only,unknown,1zgPn3S265lLSV0rk2atjCTIz235j9tpC,https://drive.google.com/drive/folders/1zgPn3S265lLSV0rk2atjCTIz235j9tpC
Reincarnation,Google Drive,Handful-of-leaves-1.pdf,buddhist_continuity,2,blackswanreprise,Buddhism & Eastern Philosophy,unknown,INDEX_ONLY,metadata_only,article,1kSMHsIa2K6B08AOu7iOe87ecT93NFvDL,https://drive.google.com/file/d/1kSMHsIa2K6B08AOu7iOe87ecT93NFvDL/view?usp=drivesdk
Reincarnation,Google Drive,Handful-of-leaves-3.pdf,buddhist_continuity,2,blackswanreprise,Buddhism & Eastern Philosophy,unknown,INDEX_ONLY,metadata_only,article,1NxDE1bj4jV6xFFKx2ELiBFvA_1A3Izy2,https://drive.google.com/file/d/1NxDE1bj4jV6xFFKx2ELiBFvA_1A3Izy2/view?usp=drivesdk
Reincarnation,Google Drive,Handful-of-leaves-II.pdf,buddhist_continuity,2,blackswanreprise,Buddhism & Eastern Philosophy,unknown,INDEX_ONLY,metadata_only,article,1X81LikRVvyLD6N-WUSbsH7vntRq19c66,https://drive.google.com/file/d/1X81LikRVvyLD6N-WUSbsH7vntRq19c66/view?usp=drivesdk
Reincarnation,Google Drive,Handful-of-leaves-IV.pdf,buddhist_continuity,2,blackswanreprise,Buddhism & Eastern Philosophy,unknown,INDEX_ONLY,metadata_only,article,14IdF-3BMn2KAF-HLUMKjuEvJnzK80003,https://drive.google.com/file/d/14IdF-3BMn2KAF-HLUMKjuEvJnzK80003/view?usp=drivesdk
Reincarnation,Google Drive,Head-and-Heart-together.pdf,buddhist_continuity,2,blackswanreprise,Buddhism & Eastern Philosophy; Astral & Esoteric Cosmology,unknown,INDEX_ONLY,metadata_only,article,1qnrO8eJeCpV-HYjL1MLO5yznnPNAMWiA,https://drive.google.com/file/d/1qnrO8eJeCpV-HYjL1MLO5yznnPNAMWiA/view?usp=drivesdk
Reincarnation,Google Drive,Heart-Diamond-and-Lankavatara-Sutras.pdf,buddhist_continuity,2,blackswanreprise,Buddhism & Eastern Philosophy,unknown,INDEX_ONLY,metadata_only,article,1y4tSO2pLVP9Y6KtS91jfIH69YNJG8Jh2,https://drive.google.com/file/d/1y4tSO2pLVP9Y6KtS91jfIH69YNJG8Jh2/view?usp=drivesdk
Reincarnation,Google Drive,Henepola Gunaratana - The Jhanas.pdf,buddhist_continuity,2,blackswanreprise,Buddhism & Eastern Philosophy,unknown,INDEX_ONLY,metadata_only,article,1EGAeBvL-n9NTqdCfLooZXuCYG3RhU35K,https://drive.google.com/file/d/1EGAeBvL-n9NTqdCfLooZXuCYG3RhU35K/view?usp=drivesdk
Reincarnation,Google Drive,History-of-Mysticism.pdf,buddhist_continuity,2,blackswanreprise,Buddhism & Eastern Philosophy; Mysticism & Spirituality; History & Cultural Memory,unknown,INDEX_ONLY,metadata_only,article,1lYh0rQH2APR7y4VRWJBgEbCAxRaxFAdw,https://drive.google.com/file/d/1lYh0rQH2APR7y4VRWJBgEbCAxRaxFAdw/view?usp=drivesdk
Reincarnation,Google Drive,How-To-Develop-Metta.pdf,buddhist_continuity,2,blackswanreprise,Buddhism & Eastern Philosophy,unknown,INDEX_ONLY,metadata_only,article,15Joc9gaHQDZy9cdAxpig3i-xTWv23dOU,https://drive.google.com/file/d/15Joc9gaHQDZy9cdAxpig3i-xTWv23dOU/view?usp=drivesdk
Reincarnation,Google Drive,How-To-Die-With-A-Smile.pdf,buddhist_continuity,2,blackswanreprise,Buddhism & Eastern Philosophy,unknown,INDEX_ONLY,metadata_only,article,1jddYTlbcO1sw5Q86-pC-FORmvIMGQ52g,https://drive.google.com/file/d/1jddYTlbcO1sw5Q86-pC-FORmvIMGQ52g/view?usp=drivesdk
Reincarnation,Google Drive,How-things-Exist-Teachings-on-Emptiness-by-Lama-Zope-Rinpoche.pdf,buddhist_continuity,2,blackswanreprise,Buddhism & Eastern Philosophy,unknown,INDEX_ONLY,metadata_only,article,1Yv1rsjuQ7bMoiifqe8gm8m5wFvaLGWDR,https://drive.google.com/file/d/1Yv1rsjuQ7bMoiifqe8gm8m5wFvaLGWDR/view?usp=drivesdk
Reincarnation,Google Drive,How-to-Practice-the-Buddhadharma.pdf,buddhist_continuity,2,blackswanreprise,Buddhism & Eastern Philosophy,unknown,INDEX_ONLY,metadata_only,article,1Ss2ifazkp6fpbboFF4rIIVnYbyDq2_qZ,https://drive.google.com/file/d/1Ss2ifazkp6fpbboFF4rIIVnYbyDq2_qZ/view?usp=drivesdk
Reincarnation,Google Drive,How-to-generate-Bodhicitta.pdf,buddhist_continuity,2,blackswanreprise,Buddhism & Eastern Philosophy,unknown,INDEX_ONLY,metadata_only,article,1lLp_W8DhdG210cVupSPeBiqjcOUrFPF1,https://drive.google.com/file/d/1lLp_W8DhdG210cVupSPeBiqjcOUrFPF1/view?usp=drivesdk
Reincarnation,Google Drive,Hsin-Hsin-Ming.pdf,buddhist_continuity,2,blackswanreprise,Buddhism & Eastern Philosophy,unknown,INDEX_ONLY,metadata_only,article,1gxUdFCId7yYUusBgYwpMJxQjTHxDO17r,https://drive.google.com/file/d/1gxUdFCId7yYUusBgYwpMJxQjTHxDO17r/view?usp=drivesdk
Reincarnation,Google Drive,Illuminating-the-Excellent-Path-to-Omniscience.pdf,buddhist_continuity,2,blackswanreprise,Buddhism & Eastern Philosophy; Science & Physics; Secret Societies & Conspiracy Literature,unknown,INDEX_ONLY,metadata_only,article,12By3omsKHkMVgvRJdGijSpsDgpKfxCeY,https://drive.google.com/file/d/12By3omsKHkMVgvRJdGijSpsDgpKfxCeY/view?usp=drivesdk
Reincarnation,Google Drive,Illumination-of-the-Path-to-Freedom-by-the-First-Dalai-Lama.pdf,buddhist_continuity,2,blackswanreprise,Buddhism & Eastern Philosophy; Secret Societies & Conspiracy Literature; Law & Political Thought,unknown,INDEX_ONLY,metadata_only,article,1H2aCl2wKK0YgwHTDZjuSMdaUvaXEIGcv,https://drive.google.com/file/d/1H2aCl2wKK0YgwHTDZjuSMdaUvaXEIGcv/view?usp=drivesdk
Reincarnation,Google Drive,Illuminting-the-Path-to-Enlightenment-by-Dalai-Lama.pdf,buddhist_continuity,2,blackswanreprise,Buddhism & Eastern Philosophy,unknown,INDEX_ONLY,metadata_only,article,1Pgjb8MdCaoG5jAGlysMSxlxmcwg9PjLB,https://drive.google.com/file/d/1Pgjb8MdCaoG5jAGlysMSxlxmcwg9PjLB/view?usp=drivesdk
Reincarnation,Google Drive,In-Simple-Terms.pdf,buddhist_continuity,2,blackswanreprise,Buddhism & Eastern Philosophy,unknown,INDEX_ONLY,metadata_only,article,1e8srdv2NaRU56oEK9gSkqaN6V63Lki5j,https://drive.google.com/file/d/1e8srdv2NaRU56oEK9gSkqaN6V63Lki5j/view?usp=drivesdk
Reincarnation,Google Drive,In-the-Elephants-Footprint.pdf,buddhist_continuity,2,blackswanreprise,Buddhism & Eastern Philosophy,unknown,INDEX_ONLY,metadata_only,article,1Src8s7kXRsqRnaut6PJo_j7fZ4bZ9VJD,https://drive.google.com/file/d/1Src8s7kXRsqRnaut6PJo_j7fZ4bZ9VJD/view?usp=drivesdk
Reincarnation,Google Drive,In-the-Spirit-of-Chan-An-Introduction-to-Chan-Buddhism.pdf,buddhist_continuity,2,blackswanreprise,Buddhism & Eastern Philosophy,unknown,INDEX_ONLY,metadata_only,article,1ndJMxmMobZhdvlA0G_ohssa7mJTzjoih,https://drive.google.com/file/d/1ndJMxmMobZhdvlA0G_ohssa7mJTzjoih/view?usp=drivesdk
Reincarnation,Google Drive,In-this-Life-Itself-Practical-Teachings-on-Insight-Meditation.pdf,buddhist_continuity,2,blackswanreprise,Buddhism & Eastern Philosophy,unknown,INDEX_ONLY,metadata_only,article,1NxSopOq9T6VSQpcpMu1JkC0JoB1jwlx9,https://drive.google.com/file/d/1NxSopOq9T6VSQpcpMu1JkC0JoB1jwlx9/view?usp=drivesdk
Reincarnation,Google Drive,Inner-Strength-and-Parting-Gifts.pdf,buddhist_continuity,2,blackswanreprise,Buddhism & Eastern Philosophy,unknown,INDEX_ONLY,metadata_only,article,1OCe12GpFHXddVqwAXdrrkNtT_3S5d6uH,https://drive.google.com/file/d/1OCe12GpFHXddVqwAXdrrkNtT_3S5d6uH/view?usp=drivesdk
Reincarnation,Google Drive,Inner_Listening_-_Ajahn_Amaro.pdf,buddhist_continuity,2,blackswanreprise,Buddhism & Eastern Philosophy,unknown,INDEX_ONLY,metadata_only,article,1EFDMZPxAKT53Hs8CTJQe437YTcgPQy-Z,https://drive.google.com/file/d/1EFDMZPxAKT53Hs8CTJQe437YTcgPQy-Z/view?usp=drivesdk
Reincarnation,Google Drive,Insight-Meditation.pdf,buddhist_continuity,2,blackswanreprise,Buddhism & Eastern Philosophy,unknown,INDEX_ONLY,metadata_only,article,11ELO7V-kVC5Q8mVi6k4oXyvxqfO-wVfs,https://drive.google.com/file/d/11ELO7V-kVC5Q8mVi6k4oXyvxqfO-wVfs/view?usp=drivesdk
Reincarnation,Google Drive,Inspiration-from-Enlightened-Nuns.pdf,buddhist_continuity,2,blackswanreprise,Buddhism & Eastern Philosophy,unknown,INDEX_ONLY,metadata_only,article,1SSTdxXYMn8PAXR7Gb1fxyckSkmoNah1H,https://drive.google.com/file/d/1SSTdxXYMn8PAXR7Gb1fxyckSkmoNah1H/view?usp=drivesdk
Reincarnation,Google Drive,Into-the-Stream.pdf,buddhist_continuity,2,blackswanreprise,Buddhism & Eastern Philosophy,unknown,INDEX_ONLY,metadata_only,article,1fRcitvpJu2rHJIW0F1egVtFUag3PU7R7,https://drive.google.com/file/d/1fRcitvpJu2rHJIW0F1egVtFUag3PU7R7/view?usp=drivesdk
Reincarnation,Google Drive,Introduction-to-Buddhism-and-the-Practice-of-Zazen.pdf,buddhist_continuity,2,blackswanreprise,Buddhism & Eastern Philosophy,unknown,INDEX_ONLY,metadata_only,article,1MteHYAa7W6lRw90NKgL7wUqZZtpY0SWE,https://drive.google.com/file/d/1MteHYAa7W6lRw90NKgL7wUqZZtpY0SWE/view?usp=drivesdk
Reincarnation,Google Drive,Introduction-to-Insight-Meditation.pdf,buddhist_continuity,2,blackswanreprise,Buddhism & Eastern Philosophy,unknown,INDEX_ONLY,metadata_only,article,1hQAvM6dcVRyeF-otoY1DUW7wW2GBMhbv,https://drive.google.com/file/d/1hQAvM6dcVRyeF-otoY1DUW7wW2GBMhbv/view?usp=drivesdk
Reincarnation,Google Drive,Itivuttaka.pdf,buddhist_continuity,2,blackswanreprise,Buddhism & Eastern Philosophy,unknown,INDEX_ONLY,metadata_only,article,1g2-r7haXbHULnpBARQriWbgRVP8Y9kFA,https://drive.google.com/file/d/1g2-r7haXbHULnpBARQriWbgRVP8Y9kFA/view?usp=drivesdk
Reincarnation,Google Drive,Its-Like-This.pdf,buddhist_continuity,2,blackswanreprise,Buddhism & Eastern Philosophy,unknown,INDEX_ONLY,metadata_only,article,1uOBd12BIwV1T8duylVC3fCJdkkfsU0L1,https://drive.google.com/file/d/1uOBd12BIwV1T8duylVC3fCJdkkfsU0L1/view?usp=drivesdk
Reincarnation,Google Drive,Jamme-Tulku-History.pdf,buddhist_continuity,2,blackswanreprise,Buddhism & Eastern Philosophy; History & Cultural Memory,unknown,INDEX_ONLY,metadata_only,article,1Vjs4B3UufhoWkxGqCsasjR5VOYC8lt8C,https://drive.google.com/file/d/1Vjs4B3UufhoWkxGqCsasjR5VOYC8lt8C/view?usp=drivesdk
Reincarnation,Google Drive,Jamyang-Khyentse-Wangpo-the-Great-1820-92.pdf,buddhist_continuity,2,blackswanreprise,Buddhism & Eastern Philosophy,unknown,INDEX_ONLY,metadata_only,article,1DVUuwwVxnQuCAV_9DT-GvDW-ySY6p_Ol,https://drive.google.com/file/d/1DVUuwwVxnQuCAV_9DT-GvDW-ySY6p_Ol/view?usp=drivesdk
Reincarnation,Google Drive,Journey-into-Burmese-Silence.pdf,buddhist_continuity,2,blackswanreprise,Buddhism & Eastern Philosophy,unknown,INDEX_ONLY,metadata_only,article,1UwcRxcXC_AUoY8q-Dv0POHJWALJaoPMX,https://drive.google.com/file/d/1UwcRxcXC_AUoY8q-Dv0POHJWALJaoPMX/view?usp=drivesdk
Reincarnation,Google Drive,Joyful-Parents-Succesful-children.pdf,buddhist_continuity,2,blackswanreprise,Buddhism & Eastern Philosophy,unknown,INDEX_ONLY,metadata_only,article,1xDvRSPgxk3A_Y_7XbUSyD9l13n5iIquR,https://drive.google.com/file/d/1xDvRSPgxk3A_Y_7XbUSyD9l13n5iIquR/view?usp=drivesdk
Reincarnation,Google Drive,Kadampa-Teachings-by-Lama-Zopa-Rinpoche.pdf,buddhist_continuity,2,blackswanreprise,Buddhism & Eastern Philosophy,unknown,INDEX_ONLY,metadata_only,article,1VDnEeevycxM15Bv8FHTjcERjcMaZwhrr,https://drive.google.com/file/d/1VDnEeevycxM15Bv8FHTjcERjcMaZwhrr/view?usp=drivesdk
Reincarnation,Google Drive,Kamma-and-the-end-of-Kamma-Ajahn-Sucitto.pdf,buddhist_continuity,2,blackswanreprise,Buddhism & Eastern Philosophy,unknown,INDEX_ONLY,metadata_only,article,1i22U94SoRYeEeMQxhLIfNWT7e9TzzutB,https://drive.google.com/file/d/1i22U94SoRYeEeMQxhLIfNWT7e9TzzutB/view?usp=drivesdk
Reincarnation,Google Drive,Karma-Yoga-by-Swami-Vivekananda.pdf,buddhist_continuity,2,blackswanreprise,"Buddhism & Eastern Philosophy; Hinduism, Yoga & Tantra",unknown,INDEX_ONLY,metadata_only,article,1CCvl19q-ouuwKlPtvWTctCm3uOMKzDk2,https://drive.google.com/file/d/1CCvl19q-ouuwKlPtvWTctCm3uOMKzDk2/view?usp=drivesdk
Reincarnation,Google Drive,Karma-and-Chaos.pdf,buddhist_continuity,2,blackswanreprise,Buddhism & Eastern Philosophy,unknown,INDEX_ONLY,metadata_only,article,1gtxC_YlW5F6kSwyqFnlO38C-zL8wBFQO,https://drive.google.com/file/d/1gtxC_YlW5F6kSwyqFnlO38C-zL8wBFQO/view?usp=drivesdk
Reincarnation,Google Drive,Keeping-the-Breath-in-Mind-Lessons-in-Samadhi.pdf,buddhist_continuity,2,blackswanreprise,Buddhism & Eastern Philosophy; Consciousness & Mind,unknown,INDEX_ONLY,metadata_only,article,1C0e6aWeklsNyCCsEnB9NjADpm9ClcZLK,https://drive.google.com/file/d/1C0e6aWeklsNyCCsEnB9NjADpm9ClcZLK/view?usp=drivesdk
Reincarnation,Google Drive,Knowing-and-Seeing.pdf,buddhist_continuity,2,blackswanreprise,Buddhism & Eastern Philosophy,unknown,INDEX_ONLY,metadata_only,article,1izVND0QGzuMdDqn63zY-n1pF9GIA5Gzx,https://drive.google.com/file/d/1izVND0QGzuMdDqn63zY-n1pF9GIA5Gzx/view?usp=drivesdk
Reincarnation,Google Drive,Kularnava-Tantra.pdf,buddhist_continuity,2,blackswanreprise,"Buddhism & Eastern Philosophy; Hinduism, Yoga & Tantra",unknown,INDEX_ONLY,metadata_only,article,15M9E9oaUrxKQ7IpnY0eZOM-F1atfYozR,https://drive.google.com/file/d/15M9E9oaUrxKQ7IpnY0eZOM-F1atfYozR/view?usp=drivesdk
Reincarnation,Google Drive,Kundalini-and-Yantra.pdf,buddhist_continuity,2,blackswanreprise,Buddhism & Eastern Philosophy,unknown,INDEX_ONLY,metadata_only,article,1UfwwkH7L19Yy6HXE-DH0VfDYni6b-lPv,https://drive.google.com/file/d/1UfwwkH7L19Yy6HXE-DH0VfDYni6b-lPv/view?usp=drivesdk
Reincarnation,Google Drive,Lamdre-Dawn-of-Enlightenment.pdf,buddhist_continuity,2,blackswanreprise,Buddhism & Eastern Philosophy,unknown,INDEX_ONLY,metadata_only,article,1hCDxLPv4dlpIzgk7j7v8s8a-fx4X4NCf,https://drive.google.com/file/d/1hCDxLPv4dlpIzgk7j7v8s8a-fx4X4NCf/view?usp=drivesdk
Reincarnation,Google Drive,Language-Thought-and-Logical-Paradoxes.pdf,buddhist_continuity,2,blackswanreprise,Buddhism & Eastern Philosophy; Metaphysics & Philosophy; Language & Etymology,unknown,INDEX_ONLY,metadata_only,article,1iwsXACyg9mhx3m1KgBsUj9CO8uuzqB8W,https://drive.google.com/file/d/1iwsXACyg9mhx3m1KgBsUj9CO8uuzqB8W/view?usp=drivesdk
Reincarnation,Google Drive,Lao-tse-The-Tao-Teh-King.pdf,buddhist_continuity,2,blackswanreprise,Buddhism & Eastern Philosophy; Taoism,unknown,INDEX_ONLY,metadata_only,article,1i2HwuQHpviYvIh16qTp1vXsh8uxoBHxf,https://drive.google.com/file/d/1i2HwuQHpviYvIh16qTp1vXsh8uxoBHxf/view?usp=drivesdk
Reincarnation,Google Drive,Life-of-inner-Quality-by-Maha-Boowa.pdf,buddhist_continuity,2,blackswanreprise,Buddhism & Eastern Philosophy,unknown,INDEX_ONLY,metadata_only,article,111GMLCiToT3gPGEHHRho_FDKkODNTnJa,https://drive.google.com/file/d/111GMLCiToT3gPGEHHRho_FDKkODNTnJa/view?usp=drivesdk
Reincarnation,Google Drive,Living-Nonduality.pdf,buddhist_continuity,2,blackswanreprise,Buddhism & Eastern Philosophy; Dzogchen & Non-duality; Consciousness & Mind; Non-duality / Liberation,unknown,INDEX_ONLY,metadata_only,article,1Solmwy-KyITnlxO0tPFvdWKLtyYSTUuB,https://drive.google.com/file/d/1Solmwy-KyITnlxO0tPFvdWKLtyYSTUuB/view?usp=drivesdk
Reincarnation,Google Drive,Luang_Por_Liem-Walking_with_Awareness.pdf,buddhist_continuity,2,blackswanreprise,Buddhism & Eastern Philosophy; Consciousness & Mind,unknown,INDEX_ONLY,metadata_only,article,1pA8NXXST77qDTZPloFs_dlzN5pmT1cLG,https://drive.google.com/file/d/1pA8NXXST77qDTZPloFs_dlzN5pmT1cLG/view?usp=drivesdk
Reincarnation,Google Drive,Mae-Chee-Kaew-Her-Journey-to-Spiritual-Awakening-Enlightenment.pdf,buddhist_continuity,2,blackswanreprise,Buddhism & Eastern Philosophy; Mysticism & Spirituality,unknown,INDEX_ONLY,metadata_only,article,1cvNaQlaIysdsjT2Bu2CrTRryiv8O9KLo,https://drive.google.com/file/d/1cvNaQlaIysdsjT2Bu2CrTRryiv8O9KLo/view?usp=drivesdk
Reincarnation,Google Drive,Maha-Satipatthana-Sutta.pdf,buddhist_continuity,2,blackswanreprise,Buddhism & Eastern Philosophy,unknown,INDEX_ONLY,metadata_only,article,146PrlxGvOJZGdrUTz9oE2wezmX-4ZVq7,https://drive.google.com/file/d/146PrlxGvOJZGdrUTz9oE2wezmX-4ZVq7/view?usp=drivesdk
Reincarnation,Google Drive,Mahasi-Sayadaw-TheSatipatthanaVipassanaMeditation.pdf,buddhist_continuity,2,blackswanreprise,Buddhism & Eastern Philosophy,unknown,INDEX_ONLY,metadata_only,article,10TUx-h1sQIt4-5D3F-18tkNLXCV4NZXg,https://drive.google.com/file/d/10TUx-h1sQIt4-5D3F-18tkNLXCV4NZXg/view?usp=drivesdk
Reincarnation,Google Drive,Majjhima-Nikaya.pdf,buddhist_continuity,2,blackswanreprise,Buddhism & Eastern Philosophy,unknown,INDEX_ONLY,metadata_only,article,1--UY0p9XKVU2DqzjPhDgBLICIIVoo8V0,https://drive.google.com/file/d/1--UY0p9XKVU2DqzjPhDgBLICIIVoo8V0/view?usp=drivesdk
Reincarnation,Google Drive,Make-Your-Mind-an-Ocean.pdf,buddhist_continuity,2,blackswanreprise,Buddhism & Eastern Philosophy; Consciousness & Mind,unknown,INDEX_ONLY,metadata_only,article,1HrNsPSQEu_3RedI9SsLPGnVHVquqoLkn,https://drive.google.com/file/d/1HrNsPSQEu_3RedI9SsLPGnVHVquqoLkn/view?usp=drivesdk
Reincarnation,Google Drive,Making-life-Meaningful.pdf,buddhist_continuity,2,blackswanreprise,Buddhism & Eastern Philosophy,unknown,INDEX_ONLY,metadata_only,article,1PA8QMV9dZTfDHY-E74b9k_0jMCwZwbiJ,https://drive.google.com/file/d/1PA8QMV9dZTfDHY-E74b9k_0jMCwZwbiJ/view?usp=drivesdk
Reincarnation,Google Drive,Making-sense-of-Tantra.pdf,buddhist_continuity,2,blackswanreprise,"Buddhism & Eastern Philosophy; Hinduism, Yoga & Tantra",unknown,INDEX_ONLY,metadata_only,article,1ENnob61Pm1x6mqaJ-VLBCnUb1C38BcJV,https://drive.google.com/file/d/1ENnob61Pm1x6mqaJ-VLBCnUb1C38BcJV/view?usp=drivesdk
Reincarnation,Google Drive,Manual-of-Zen-Buddhism.pdf,buddhist_continuity,2,blackswanreprise,Buddhism & Eastern Philosophy,unknown,INDEX_ONLY,metadata_only,article,1de4gLTefI03CqAi1BHWnW6abs8voy-SE,https://drive.google.com/file/d/1de4gLTefI03CqAi1BHWnW6abs8voy-SE/view?usp=drivesdk
Reincarnation,Google Drive,Map-of-the-Journey.pdf,buddhist_continuity,2,blackswanreprise,Buddhism & Eastern Philosophy,unknown,INDEX_ONLY,metadata_only,article,1QIGCXxUYCbvbdQb6J7iZ30U12Lf2unU-,https://drive.google.com/file/d/1QIGCXxUYCbvbdQb6J7iZ30U12Lf2unU-/view?usp=drivesdk
Reincarnation,Google Drive,Mastering-the-Core-Teachings-of-the-Buddha-1.pdf-version-Revised-2008-version1.pdf,buddhist_continuity,2,blackswanreprise,Buddhism & Eastern Philosophy,unknown,INDEX_ONLY,metadata_only,article,1xh7Xb0UdH_yme_Q8wOpZRwW7LKvjOxPm,https://drive.google.com/file/d/1xh7Xb0UdH_yme_Q8wOpZRwW7LKvjOxPm/view?usp=drivesdk
Reincarnation,Google Drive,Max-Cafard-Zen-Anarchy.pdf,buddhist_continuity,2,blackswanreprise,Buddhism & Eastern Philosophy; Literature & Biography,unknown,INDEX_ONLY,metadata_only,article,1wGEFbx9yXFwOpJDHfX0fLwL2RtVOdx7_,https://drive.google.com/file/d/1wGEFbx9yXFwOpJDHfX0fLwL2RtVOdx7_/view?usp=drivesdk
Reincarnation,Google Drive,Max-Cafard-Zen-Anarchy.pdf,buddhist_continuity,2,blackswanreprise,Buddhism & Eastern Philosophy,unknown,INDEX_ONLY,metadata_only,article,1wQiZBYJ6i50c1VT11i5uSkJJL0A-5_ff,https://drive.google.com/file/d/1wQiZBYJ6i50c1VT11i5uSkJJL0A-5_ff/view?usp=drivesdk
Reincarnation,Google Drive,Meditation-On-Mind-And-Feeling.pdf,buddhist_continuity,2,blackswanreprise,Buddhism & Eastern Philosophy; Consciousness & Mind,unknown,INDEX_ONLY,metadata_only,article,1Io4Dc6bQAvRzX7Tq56pDqN-qiHySAPvB,https://drive.google.com/file/d/1Io4Dc6bQAvRzX7Tq56pDqN-qiHySAPvB/view?usp=drivesdk
Reincarnation,Google Drive,Meditations VOL I-V,buddhist_continuity,2,blackswanreprise,Buddhism & Eastern Philosophy,unknown,INDEX_ONLY,metadata_only,unknown,1UM1iRxoG04JJ2I647hJT6KPhyIPe4V4K,https://drive.google.com/drive/folders/1UM1iRxoG04JJ2I647hJT6KPhyIPe4V4K
Reincarnation,Google Drive,Meditations1.pdf,buddhist_continuity,2,blackswanreprise,Buddhism & Eastern Philosophy,unknown,INDEX_ONLY,metadata_only,article,1dHLmUhXbxzubkpz8yyNsc4jPWUDIF-JA,https://drive.google.com/file/d/1dHLmUhXbxzubkpz8yyNsc4jPWUDIF-JA/view?usp=drivesdk
Reincarnation,Google Drive,Meditations2.pdf,buddhist_continuity,2,blackswanreprise,Buddhism & Eastern Philosophy,unknown,INDEX_ONLY,metadata_only,article,1eJa_Sr6bdnbtiTCKL-FjxZPmaFoGbb1i,https://drive.google.com/file/d/1eJa_Sr6bdnbtiTCKL-FjxZPmaFoGbb1i/view?usp=drivesdk
Reincarnation,Google Drive,Meditations3.pdf,buddhist_continuity,2,blackswanreprise,Buddhism & Eastern Philosophy,unknown,INDEX_ONLY,metadata_only,article,1OjH3I2D9exTjUwgeh9KsKcDJqMMsu4sE,https://drive.google.com/file/d/1OjH3I2D9exTjUwgeh9KsKcDJqMMsu4sE/view?usp=drivesdk
Reincarnation,Google Drive,Meditations4.pdf,buddhist_continuity,2,blackswanreprise,Buddhism & Eastern Philosophy,unknown,INDEX_ONLY,metadata_only,article,1wv4KKtUdaMpZwAGuDL2gBBRh4qxOo4y2,https://drive.google.com/file/d/1wv4KKtUdaMpZwAGuDL2gBBRh4qxOo4y2/view?usp=drivesdk
Reincarnation,Google Drive,Meditations5.pdf,buddhist_continuity,2,blackswanreprise,Buddhism & Eastern Philosophy,unknown,INDEX_ONLY,metadata_only,article,1phrVTClVdhiep6omsiAG9Rd5QkTGcpWa,https://drive.google.com/file/d/1phrVTClVdhiep6omsiAG9Rd5QkTGcpWa/view?usp=drivesdk
Reincarnation,Google Drive,MinGunSayadawGyi-TGC-V1P1.pdf,buddhist_continuity,2,blackswanreprise,Buddhism & Eastern Philosophy,unknown,INDEX_ONLY,metadata_only,article,1B620gJLsqlwt9M7nNl5nVnXmdXvIypXt,https://drive.google.com/file/d/1B620gJLsqlwt9M7nNl5nVnXmdXvIypXt/view?usp=drivesdk
Reincarnation,Google Drive,MinGunSayadawGyi-TGC-V1P2.pdf,buddhist_continuity,2,blackswanreprise,Buddhism & Eastern Philosophy,unknown,INDEX_ONLY,metadata_only,article,1ptF62KXONAQRrciSdf4wSLw2ZPtn8fUD,https://drive.google.com/file/d/1ptF62KXONAQRrciSdf4wSLw2ZPtn8fUD/view?usp=drivesdk
Reincarnation,Google Drive,MinGunSayadawGyi-TGC-V2P1.pdf,buddhist_continuity,2,blackswanreprise,Buddhism & Eastern Philosophy,unknown,INDEX_ONLY,metadata_only,article,1VcEQPjVAdrGIWj404t3cHYFoXJVOxSHW,https://drive.google.com/file/d/1VcEQPjVAdrGIWj404t3cHYFoXJVOxSHW/view?usp=drivesdk
Reincarnation,Google Drive,MinGunSayadawGyi-TGC-V2P2.pdf,buddhist_continuity,2,blackswanreprise,Buddhism & Eastern Philosophy,unknown,INDEX_ONLY,metadata_only,article,1c2XwqFR2bE-i8UU9y9KkVgm3MvvvToAM,https://drive.google.com/file/d/1c2XwqFR2bE-i8UU9y9KkVgm3MvvvToAM/view?usp=drivesdk
Reincarnation,Google Drive,MinGunSayadawGyi-TGC-V3.pdf,buddhist_continuity,2,blackswanreprise,Buddhism & Eastern Philosophy,unknown,INDEX_ONLY,metadata_only,article,1NFFW9k3xBEubWrGEtaQ61vq9nX5FmYo0,https://drive.google.com/file/d/1NFFW9k3xBEubWrGEtaQ61vq9nX5FmYo0/view?usp=drivesdk
Reincarnation,Google Drive,MinGunSayadawGyi-TGC-V4.pdf,buddhist_continuity,2,blackswanreprise,Buddhism & Eastern Philosophy,unknown,INDEX_ONLY,metadata_only,article,1gqPxbX5OcmXcKELEB0pOdIxvcyaFqXry,https://drive.google.com/file/d/1gqPxbX5OcmXcKELEB0pOdIxvcyaFqXry/view?usp=drivesdk
Reincarnation,Google Drive,MinGunSayadawGyi-TGC-V5.pdf,buddhist_continuity,2,blackswanreprise,Buddhism & Eastern Philosophy,unknown,INDEX_ONLY,metadata_only,article,1OQiMSR4-egOHiTzS4hcTgx09ZbwAPLJs,https://drive.google.com/file/d/1OQiMSR4-egOHiTzS4hcTgx09ZbwAPLJs/view?usp=drivesdk
Reincarnation,Google Drive,MinGunSayadawGyi-TGC-V6P1.pdf,buddhist_continuity,2,blackswanreprise,Buddhism & Eastern Philosophy,unknown,INDEX_ONLY,metadata_only,article,1wAhRuwJQ_iFWBka-88-LkMtq4qOJNHvy,https://drive.google.com/file/d/1wAhRuwJQ_iFWBka-88-LkMtq4qOJNHvy/view?usp=drivesdk
Reincarnation,Google Drive,MinGunSayadawGyi-TGC-V6P2.pdf,buddhist_continuity,2,blackswanreprise,Buddhism & Eastern Philosophy,unknown,INDEX_ONLY,metadata_only,article,1XmhFejQKhqVUaD6Y_k0HvNOyBhZ3Bi7H,https://drive.google.com/file/d/1XmhFejQKhqVUaD6Y_k0HvNOyBhZ3Bi7H/view?usp=drivesdk
Reincarnation,Google Drive,Mindfulness-Precepts-Crashing-in-the-Same-Car-Ajahn-Jayasaro.pdf,buddhist_continuity,2,blackswanreprise,Buddhism & Eastern Philosophy; Consciousness & Mind,unknown,INDEX_ONLY,metadata_only,article,1nrfiGL56JOEh36UsW89x9I6IyC4Ozr-r,https://drive.google.com/file/d/1nrfiGL56JOEh36UsW89x9I6IyC4Ozr-r/view?usp=drivesdk
Reincarnation,Google Drive,Mindfulness-in-plain-English.pdf,buddhist_continuity,2,blackswanreprise,Buddhism & Eastern Philosophy; Consciousness & Mind,unknown,INDEX_ONLY,metadata_only,article,1sM0nKwSqxoA_iGHKsk80QaLOqx2pOgKO,https://drive.google.com/file/d/1sM0nKwSqxoA_iGHKsk80QaLOqx2pOgKO/view?usp=drivesdk
Reincarnation,Google Drive,Mindfulness-while-Breathing.pdf,buddhist_continuity,2,blackswanreprise,Buddhism & Eastern Philosophy; Consciousness & Mind,unknown,INDEX_ONLY,metadata_only,article,1jzctlpe-lNoAHGpiqVc3ay-yAx-c4b72,https://drive.google.com/file/d/1jzctlpe-lNoAHGpiqVc3ay-yAx-c4b72/view?usp=drivesdk
Reincarnation,Google Drive,Mirror-of-Wisdom.pdf,buddhist_continuity,2,blackswanreprise,Buddhism & Eastern Philosophy,unknown,INDEX_ONLY,metadata_only,article,1gE5LZTo2yNbecTGqTdg5iHJHMMASydoF,https://drive.google.com/file/d/1gE5LZTo2yNbecTGqTdg5iHJHMMASydoF/view?usp=drivesdk
Reincarnation,Google Drive,Modern Buddhism – the Path of Compassion and Wisdom,buddhist_continuity,2,blackswanreprise,Buddhism & Eastern Philosophy,unknown,INDEX_ONLY,metadata_only,unknown,1xZ-Z1S0nYSzg7ftGvVUUuUxs-dDgf_ci,https://drive.google.com/drive/folders/1xZ-Z1S0nYSzg7ftGvVUUuUxs-dDgf_ci
Reincarnation,Google Drive,Modern-Buddhism-Volume-I.pdf,buddhist_continuity,2,blackswanreprise,Buddhism & Eastern Philosophy,unknown,INDEX_ONLY,metadata_only,article,1-875ao8WXqBnb9YOtUc0s7iDrpeeutWd,https://drive.google.com/file/d/1-875ao8WXqBnb9YOtUc0s7iDrpeeutWd/view?usp=drivesdk
Reincarnation,Google Drive,Modern-Buddhism-Volume-II.pdf,buddhist_continuity,2,blackswanreprise,Buddhism & Eastern Philosophy,unknown,INDEX_ONLY,metadata_only,article,1Fi4DifEtR8HTDcrQT2ZOYeuvq_vIbJNL,https://drive.google.com/file/d/1Fi4DifEtR8HTDcrQT2ZOYeuvq_vIbJNL/view?usp=drivesdk
Reincarnation,Google Drive,Modern-Buddhism-Volume-III.pdf,buddhist_continuity,2,blackswanreprise,Buddhism & Eastern Philosophy,unknown,INDEX_ONLY,metadata_only,article,1_WRtmCPWXkb4nNAh1WiY3C3H_jj0LUA2,https://drive.google.com/file/d/1_WRtmCPWXkb4nNAh1WiY3C3H_jj0LUA2/view?usp=drivesdk
Reincarnation,Google Drive,Nalinikas-story.pdf,buddhist_continuity,2,blackswanreprise,Buddhism & Eastern Philosophy,unknown,INDEX_ONLY,metadata_only,article,1S0OIQ7HJ_mn_8qCcDYb4tm-BA7I8hPER,https://drive.google.com/file/d/1S0OIQ7HJ_mn_8qCcDYb4tm-BA7I8hPER/view?usp=drivesdk
Reincarnation,Google Drive,Nanavira-Clearing-the-Path.pdf,buddhist_continuity,2,blackswanreprise,Buddhism & Eastern Philosophy,unknown,INDEX_ONLY,metadata_only,article,1tabOrPT6yftzrvGuKoF_D7slI3S8Wpt8,https://drive.google.com/file/d/1tabOrPT6yftzrvGuKoF_D7slI3S8Wpt8/view?usp=drivesdk
Reincarnation,Google Drive,Nanavira_Thera-Clearing_the_Path.pdf,buddhist_continuity,2,blackswanreprise,Buddhism & Eastern Philosophy,unknown,INDEX_ONLY,metadata_only,article,1sXdaty6rDLuu8oZerDLq43NpP627DqX8,https://drive.google.com/file/d/1sXdaty6rDLuu8oZerDLq43NpP627DqX8/view?usp=drivesdk
Reincarnation,Google Drive,Natures-Finer-Forces-The-Science-of-Breath-Rama-Prasad.pdf,buddhist_continuity,2,blackswanreprise,Buddhism & Eastern Philosophy; Science & Physics,unknown,INDEX_ONLY,metadata_only,article,1ieTwBN0WQbKI4ooMTzoR1HQFzAsHjq0W,https://drive.google.com/file/d/1ieTwBN0WQbKI4ooMTzoR1HQFzAsHjq0W/view?usp=drivesdk
Reincarnation,Google Drive,Nectar-of-Sunyata.pdf,buddhist_continuity,2,blackswanreprise,Buddhism & Eastern Philosophy,unknown,INDEX_ONLY,metadata_only,article,1hDpvvLympainEAr7tKUPfdKcK2akr0uM,https://drive.google.com/file/d/1hDpvvLympainEAr7tKUPfdKcK2akr0uM/view?usp=drivesdk
Reincarnation,Google Drive,Nibbana-In-Theravada-Perspective-by-Dr-U-Dhammapiya.pdf,buddhist_continuity,2,blackswanreprise,Buddhism & Eastern Philosophy,unknown,INDEX_ONLY,metadata_only,article,1LiWTY6Xc1COb4BWIo7hkFF_31bwjS98O,https://drive.google.com/file/d/1LiWTY6Xc1COb4BWIo7hkFF_31bwjS98O/view?usp=drivesdk
Reincarnation,Google Drive,No-Inner-Core.pdf,buddhist_continuity,2,blackswanreprise,Buddhism & Eastern Philosophy,unknown,INDEX_ONLY,metadata_only,article,1lyz3JU9r4pYa6MDDYXalVeLQHIQ68tB5,https://drive.google.com/file/d/1lyz3JU9r4pYa6MDDYXalVeLQHIQ68tB5/view?usp=drivesdk
Reincarnation,Google Drive,No-One-Can-Replace-the-Citta.pdf,buddhist_continuity,2,blackswanreprise,Buddhism & Eastern Philosophy,unknown,INDEX_ONLY,metadata_only,article,10iKmeweWZv6k31FJzh-kg-rZTjEhDA2x,https://drive.google.com/file/d/10iKmeweWZv6k31FJzh-kg-rZTjEhDA2x/view?usp=drivesdk
Reincarnation,Google Drive,No-Worries.pdf,buddhist_continuity,2,blackswanreprise,Buddhism & Eastern Philosophy,unknown,INDEX_ONLY,metadata_only,article,1z2ZXQWHtrFstcuUrdZFvV-iyO_Ioh6Zf,https://drive.google.com/file/d/1z2ZXQWHtrFstcuUrdZFvV-iyO_Ioh6Zf/view?usp=drivesdk
Reincarnation,Google Drive,Noble-Warrior.pdf,buddhist_continuity,2,blackswanreprise,Buddhism & Eastern Philosophy,unknown,INDEX_ONLY,metadata_only,article,17UY0FI1cM5-p75BaRffpVED8s06vZs6p,https://drive.google.com/file/d/17UY0FI1cM5-p75BaRffpVED8s06vZs6p/view?usp=drivesdk
Reincarnation,Google Drive,Noble-and-True.pdf,buddhist_continuity,2,blackswanreprise,Buddhism & Eastern Philosophy,unknown,INDEX_ONLY,metadata_only,article,1tnKtqeXF9skrftLsrUZwWafD4U25Za0f,https://drive.google.com/file/d/1tnKtqeXF9skrftLsrUZwWafD4U25Za0f/view?usp=drivesdk
Reincarnation,Google Drive,Non-violence.pdf,buddhist_continuity,2,blackswanreprise,Buddhism & Eastern Philosophy,unknown,INDEX_ONLY,metadata_only,article,10eu4n5jVKkIOLW3ogxYnKlICaKEsKaDQ,https://drive.google.com/file/d/10eu4n5jVKkIOLW3ogxYnKlICaKEsKaDQ/view?usp=drivesdk
Reincarnation,Google Drive,On-the-Path-to-Freedom.pdf,buddhist_continuity,2,blackswanreprise,Buddhism & Eastern Philosophy; Law & Political Thought,unknown,INDEX_ONLY,metadata_only,article,1-Y4wPunodonYZqY0ZgEqIrDpg0qhKl3E,https://drive.google.com/file/d/1-Y4wPunodonYZqY0ZgEqIrDpg0qhKl3E/view?usp=drivesdk
Reincarnation,Google Drive,OnThePath180109.pdf,buddhist_continuity,2,blackswanreprise,Buddhism & Eastern Philosophy,unknown,INDEX_ONLY,metadata_only,article,1LKE6F6zdAzVXfBIpRSOdHeEJNtPa8WqV,https://drive.google.com/file/d/1LKE6F6zdAzVXfBIpRSOdHeEJNtPa8WqV/view?usp=drivesdk
Reincarnation,Google Drive,Outlines-of-Mahayana-Buddhism.pdf,buddhist_continuity,2,blackswanreprise,Buddhism & Eastern Philosophy,unknown,INDEX_ONLY,metadata_only,article,1-V6RLDmE9pomWE65NZUD6ZTcJVXsfWTN,https://drive.google.com/file/d/1-V6RLDmE9pomWE65NZUD6ZTcJVXsfWTN/view?usp=drivesdk
Reincarnation,Google Drive,Parayanavagga-The-Way-to-the-Beyond.pdf,buddhist_continuity,2,blackswanreprise,Buddhism & Eastern Philosophy,unknown,INDEX_ONLY,metadata_only,article,1916gCsl1N1WamT5nFv9jYSA14QphLVHR,https://drive.google.com/file/d/1916gCsl1N1WamT5nFv9jYSA14QphLVHR/view?usp=drivesdk
Reincarnation,Google Drive,Patanjali-Yoga-Sutras-in-Lingo-The-Liberation-of-Spirit-in-Modern-Metaphors.pdf,buddhist_continuity,2,blackswanreprise,"Buddhism & Eastern Philosophy; Hinduism, Yoga & Tantra",unknown,INDEX_ONLY,metadata_only,article,1EAN2_5pNDHxrvYNJELR_MOk6Undr8gYB,https://drive.google.com/file/d/1EAN2_5pNDHxrvYNJELR_MOk6Undr8gYB/view?usp=drivesdk
Reincarnation,Google Drive,Pilgrim-Kamanita-by-Karl-Gjellerup.pdf,buddhist_continuity,2,blackswanreprise,Buddhism & Eastern Philosophy,unknown,INDEX_ONLY,metadata_only,article,16eCT-aUWc7HUFkLvL7Jdv49QCeh7XJAE,https://drive.google.com/file/d/16eCT-aUWc7HUFkLvL7Jdv49QCeh7XJAE/view?usp=drivesdk
Reincarnation,Google Drive,Practical-Vipassana-Exercises.pdf,buddhist_continuity,2,blackswanreprise,Buddhism & Eastern Philosophy,unknown,INDEX_ONLY,metadata_only,article,1foIepBjQOAb7nQkv0V9_Ckf4PydGWkDY,https://drive.google.com/file/d/1foIepBjQOAb7nQkv0V9_Ckf4PydGWkDY/view?usp=drivesdk
Reincarnation,Google Drive,Praises-to-the-Twenty-one-Taras.pdf,buddhist_continuity,2,blackswanreprise,Buddhism & Eastern Philosophy,unknown,INDEX_ONLY,metadata_only,article,1Vy0QbAc37qDzYbhkMKPiQqeL3EpQn7mm,https://drive.google.com/file/d/1Vy0QbAc37qDzYbhkMKPiQqeL3EpQn7mm/view?usp=drivesdk
Reincarnation,Google Drive,Preksha-Dhyana-Perception-of-Psychic-Colours.pdf,buddhist_continuity,2,blackswanreprise,Buddhism & Eastern Philosophy,unknown,INDEX_ONLY,metadata_only,article,1opFq7DUbXWY1AsRG7h1rz_QZBw8vYyeC,https://drive.google.com/file/d/1opFq7DUbXWY1AsRG7h1rz_QZBw8vYyeC/view?usp=drivesdk
Reincarnation,Google Drive,Pressing-Out-Pure-Honey.pdf,buddhist_continuity,2,blackswanreprise,Buddhism & Eastern Philosophy,unknown,INDEX_ONLY,metadata_only,article,1Bu7L3l7u_mJMtBmo0sn_8E9xU8iMskcT,https://drive.google.com/file/d/1Bu7L3l7u_mJMtBmo0sn_8E9xU8iMskcT/view?usp=drivesdk
Reincarnation,Google Drive,Pure-Land-Buddhism-Dialogs-with-Ancient-Masters.pdf,buddhist_continuity,2,blackswanreprise,Buddhism & Eastern Philosophy; Ancient Civilisations,unknown,INDEX_ONLY,metadata_only,article,1HktvKV0HmzJOjbPHa6pgDaaF5tegKm4k,https://drive.google.com/file/d/1HktvKV0HmzJOjbPHa6pgDaaF5tegKm4k/view?usp=drivesdk
Reincarnation,Google Drive,Pure-Land-Zen-Zen-Pure-land.pdf,buddhist_continuity,2,blackswanreprise,Buddhism & Eastern Philosophy,unknown,INDEX_ONLY,metadata_only,article,1VpUB0SllNW6WH13cJX-SwHcFN8LH5u3C,https://drive.google.com/file/d/1VpUB0SllNW6WH13cJX-SwHcFN8LH5u3C/view?usp=drivesdk
Reincarnation,Google Drive,Purity-of-Heart.pdf,buddhist_continuity,2,blackswanreprise,Buddhism & Eastern Philosophy,unknown,INDEX_ONLY,metadata_only,article,1xvam02klgjIofQN6-B2DHZb3LG1SHbFi,https://drive.google.com/file/d/1xvam02klgjIofQN6-B2DHZb3LG1SHbFi/view?usp=drivesdk
Reincarnation,Google Drive,Rain_on_the_Nile_web.pdf,buddhist_continuity,2,blackswanreprise,Buddhism & Eastern Philosophy,unknown,INDEX_ONLY,metadata_only,article,1WFXnrBtsdet5RyiJsOYktxz4I1LH-pEL,https://drive.google.com/file/d/1WFXnrBtsdet5RyiJsOYktxz4I1LH-pEL/view?usp=drivesdk
Reincarnation,Google Drive,Ramayana,buddhist_continuity,2,blackswanreprise,Buddhism & Eastern Philosophy,unknown,INDEX_ONLY,metadata_only,unknown,1EkGkt7we-mnMOmXiuBl-WJOe7zkgh7KC,https://drive.google.com/drive/folders/1EkGkt7we-mnMOmXiuBl-WJOe7zkgh7KC
Reincarnation,Google Drive,Ramayana-VOL-1-Bala-Ayodhya-Kanda.pdf,buddhist_continuity,2,blackswanreprise,Buddhism & Eastern Philosophy,unknown,INDEX_ONLY,metadata_only,article,18A9PU8mj4b7CUaMiaf-nfws9MWupdZqW,https://drive.google.com/file/d/18A9PU8mj4b7CUaMiaf-nfws9MWupdZqW/view?usp=drivesdk
Reincarnation,Google Drive,Ramayana-VOL-2-Aranya-Kishkindha-Sundara-Kanda.pdf,buddhist_continuity,2,blackswanreprise,Buddhism & Eastern Philosophy,unknown,INDEX_ONLY,metadata_only,article,1D7ZBf8bbqJtIAtHuVTAhjI3rDBHDPBqw,https://drive.google.com/file/d/1D7ZBf8bbqJtIAtHuVTAhjI3rDBHDPBqw/view?usp=drivesdk
Reincarnation,Google Drive,Ramayana-VOL-3-Yuddha-Kanda.pdf,buddhist_continuity,2,blackswanreprise,Buddhism & Eastern Philosophy,unknown,INDEX_ONLY,metadata_only,article,1h2N5UNMnL0vnItiHYQ7l56KBBStreKF_,https://drive.google.com/file/d/1h2N5UNMnL0vnItiHYQ7l56KBBStreKF_/view?usp=drivesdk
Reincarnation,Google Drive,Ramayana-VOL-4-Uttara-Kanda.pdf,buddhist_continuity,2,blackswanreprise,Buddhism & Eastern Philosophy,unknown,INDEX_ONLY,metadata_only,article,1QBW2No8GN9BnB4bhAzCBaLkI501Lr2tS,https://drive.google.com/file/d/1QBW2No8GN9BnB4bhAzCBaLkI501Lr2tS/view?usp=drivesdk
Reincarnation,Google Drive,Reaching-the-Goodness-Within-by-Ajahn-Uthai.pdf,buddhist_continuity,2,blackswanreprise,Buddhism & Eastern Philosophy,unknown,INDEX_ONLY,metadata_only,article,1qOzgdYxy_HK5qwPa7Hgt1Tyc22nVRVgN,https://drive.google.com/file/d/1qOzgdYxy_HK5qwPa7Hgt1Tyc22nVRVgN/view?usp=drivesdk
Reincarnation,Google Drive,Read-the-Mind.pdf,buddhist_continuity,2,blackswanreprise,Buddhism & Eastern Philosophy; Consciousness & Mind,unknown,INDEX_ONLY,metadata_only,article,1iEwVNNJu-GrAiSJ6imXex0Yp-5WidqaQ,https://drive.google.com/file/d/1iEwVNNJu-GrAiSJ6imXex0Yp-5WidqaQ/view?usp=drivesdk
Reincarnation,Google Drive,Realization-Of-The-Dhamma-by-Dr-U-Dhammapiya.pdf,buddhist_continuity,2,blackswanreprise,Buddhism & Eastern Philosophy,unknown,INDEX_ONLY,metadata_only,article,1T5yOLt6nkjYI4oLhU1xb7wfrRq0y-53f,https://drive.google.com/file/d/1T5yOLt6nkjYI4oLhU1xb7wfrRq0y-53f/view?usp=drivesdk
Reincarnation,Google Drive,Realizing-Change.pdf,buddhist_continuity,2,blackswanreprise,Buddhism & Eastern Philosophy,unknown,INDEX_ONLY,metadata_only,article,1milqgwMBIRlVPfT-beBLHEBOqst4w8_J,https://drive.google.com/file/d/1milqgwMBIRlVPfT-beBLHEBOqst4w8_J/view?usp=drivesdk
Reincarnation,Google Drive,Rice-Eyes-Enlightenmet-in-Dogens-Kitchen.pdf,buddhist_continuity,2,blackswanreprise,Buddhism & Eastern Philosophy,unknown,INDEX_ONLY,metadata_only,article,1whFdqd5bj7-0qb-0cyXdm2jv-i23CCHj,https://drive.google.com/file/d/1whFdqd5bj7-0qb-0cyXdm2jv-i23CCHj/view?usp=drivesdk
Reincarnation,Google Drive,Right-Mindfulness.pdf,buddhist_continuity,2,blackswanreprise,Buddhism & Eastern Philosophy; Consciousness & Mind,unknown,INDEX_ONLY,metadata_only,article,1pZ8s5SwoDwpyOqL0Wci_fjV8irq8VSdp,https://drive.google.com/file/d/1pZ8s5SwoDwpyOqL0Wci_fjV8irq8VSdp/view?usp=drivesdk
Reincarnation,Google Drive,Rude Awakenings and Great Patient One by Ajahn Sucitto and Nick Scott,buddhist_continuity,2,blackswanreprise,Buddhism & Eastern Philosophy; Mysticism & Spirituality,unknown,INDEX_ONLY,metadata_only,unknown,1uHOZkWQWbplJOZFkSERJM9TA17yTxrKI,https://drive.google.com/drive/folders/1uHOZkWQWbplJOZFkSERJM9TA17yTxrKI
Reincarnation,Google Drive,Rude-Awakenings.pdf,buddhist_continuity,2,blackswanreprise,Buddhism & Eastern Philosophy; Mysticism & Spirituality,unknown,INDEX_ONLY,metadata_only,article,1fn1FlXM8fRCn5IXrVBf9WGxb00P4z0el,https://drive.google.com/file/d/1fn1FlXM8fRCn5IXrVBf9WGxb00P4z0el/view?usp=drivesdk
Reincarnation,Google Drive,Rugged-Interdependency.pdf,buddhist_continuity,2,blackswanreprise,Buddhism & Eastern Philosophy,unknown,INDEX_ONLY,metadata_only,article,16BMGnm79VYR0kMCTSCBb6GEG_qsEuko7,https://drive.google.com/file/d/16BMGnm79VYR0kMCTSCBb6GEG_qsEuko7/view?usp=drivesdk
Reincarnation,Google Drive,Samadhi-in-Buddhism.pdf,buddhist_continuity,2,blackswanreprise,Buddhism & Eastern Philosophy,unknown,INDEX_ONLY,metadata_only,article,1UyynWNC0uoIaSa7q7TV3acf0TGErNnLL,https://drive.google.com/file/d/1UyynWNC0uoIaSa7q7TV3acf0TGErNnLL/view?usp=drivesdk
Reincarnation,Google Drive,Samatha-and-Vipassana-Meditation.pdf,buddhist_continuity,2,blackswanreprise,Buddhism & Eastern Philosophy,unknown,INDEX_ONLY,metadata_only,article,1tvgYKrM0vIj847mO-Eq9MryEl8RZ0F1T,https://drive.google.com/file/d/1tvgYKrM0vIj847mO-Eq9MryEl8RZ0F1T/view?usp=drivesdk
Reincarnation,Google Drive,Samayasara-or-Nature-of-Self.pdf,buddhist_continuity,2,blackswanreprise,Buddhism & Eastern Philosophy,unknown,INDEX_ONLY,metadata_only,article,1CbUlwMbB33ayUhNlZ2L16Ib-mFe9Oe44,https://drive.google.com/file/d/1CbUlwMbB33ayUhNlZ2L16Ib-mFe9Oe44/view?usp=drivesdk
Reincarnation,Google Drive,Sanmati-Tarka.pdf,buddhist_continuity,2,blackswanreprise,Buddhism & Eastern Philosophy,unknown,INDEX_ONLY,metadata_only,article,1UUt2ZnKPPE3OnZlCg90j2is6UZN7653S,https://drive.google.com/file/d/1UUt2ZnKPPE3OnZlCg90j2is6UZN7653S/view?usp=drivesdk
Reincarnation,Google Drive,Science-Without-Bounds.pdf,buddhist_continuity,2,blackswanreprise,Buddhism & Eastern Philosophy; Science & Physics,unknown,INDEX_ONLY,metadata_only,article,1q6T-d3EjpmBBF0rC11KM1oIeH2o8ZOFd,https://drive.google.com/file/d/1q6T-d3EjpmBBF0rC11KM1oIeH2o8ZOFd/view?usp=drivesdk
Reincarnation,Google Drive,Secret-of-the-Golden-Flower.pdf,buddhist_continuity,2,blackswanreprise,Buddhism & Eastern Philosophy,unknown,INDEX_ONLY,metadata_only,article,1fckxx7yHE08r1-GPZKB3kMsYXenqy65W,https://drive.google.com/file/d/1fckxx7yHE08r1-GPZKB3kMsYXenqy65W/view?usp=drivesdk
Reincarnation,Google Drive,Seeing The Way,buddhist_continuity,2,blackswanreprise,Buddhism & Eastern Philosophy,unknown,INDEX_ONLY,metadata_only,unknown,1wREbMvK6ajHs1abhcdClaZhCgXBTUsaN,https://drive.google.com/drive/folders/1wREbMvK6ajHs1abhcdClaZhCgXBTUsaN
Reincarnation,Google Drive,Seeing-Through-Guide-to-Insight-Meditation.pdf,buddhist_continuity,2,blackswanreprise,Buddhism & Eastern Philosophy,unknown,INDEX_ONLY,metadata_only,article,1tZZBIdRDeIPjp-c0Kjd1IE0qZIQRdAx9,https://drive.google.com/file/d/1tZZBIdRDeIPjp-c0Kjd1IE0qZIQRdAx9/view?usp=drivesdk
Reincarnation,Google Drive,Seeing-the-Way-Vol-I.pdf,buddhist_continuity,2,blackswanreprise,Buddhism & Eastern Philosophy,unknown,INDEX_ONLY,metadata_only,article,16OmJU_BYzy29HSQabDwPh_53jW8lAD2Q,https://drive.google.com/file/d/16OmJU_BYzy29HSQabDwPh_53jW8lAD2Q/view?usp=drivesdk
Reincarnation,Google Drive,Seeing-the-Way-Vol-II.pdf,buddhist_continuity,2,blackswanreprise,Buddhism & Eastern Philosophy,unknown,INDEX_ONLY,metadata_only,article,1B_xpwao7rl-VkvSyAYHorDT7gCt_SSEq,https://drive.google.com/file/d/1B_xpwao7rl-VkvSyAYHorDT7gCt_SSEq/view?usp=drivesdk
Reincarnation,Google Drive,Seeking-Buddho-by-Ajahn-Anan-Akincano.pdf,buddhist_continuity,2,blackswanreprise,Buddhism & Eastern Philosophy,unknown,INDEX_ONLY,metadata_only,article,1qAsmHKMRytpkWt_qnVpiVjJnSGDg29pi,https://drive.google.com/file/d/1qAsmHKMRytpkWt_qnVpiVjJnSGDg29pi/view?usp=drivesdk
Reincarnation,Google Drive,Selections-form-the-Bonpo-Book-of-the-Dead.pdf,buddhist_continuity,2,blackswanreprise,Buddhism & Eastern Philosophy,unknown,INDEX_ONLY,metadata_only,article,11Zq7Us0C1T66jCx1e_lB8TOC8dnZYRKv,https://drive.google.com/file/d/11Zq7Us0C1T66jCx1e_lB8TOC8dnZYRKv/view?usp=drivesdk
Reincarnation,Google Drive,Settling-Back-Into-the-Moment.pdf,buddhist_continuity,2,blackswanreprise,Buddhism & Eastern Philosophy,unknown,INDEX_ONLY,metadata_only,article,1lvkj3VUdv1EScy5isiO4gotHWVHu-vW4,https://drive.google.com/file/d/1lvkj3VUdv1EScy5isiO4gotHWVHu-vW4/view?usp=drivesdk
Reincarnation,Google Drive,"Sexuality, Magic and Politics in Tibetan Buddhism.pdf",buddhist_continuity,2,blackswanreprise,Buddhism & Eastern Philosophy; Western Occultism & Magick; Law & Political Thought,unknown,INDEX_ONLY,metadata_only,article,1jtmNIK4dzZEdppSTtiMRKSNPz4-WkHlY,https://drive.google.com/file/d/1jtmNIK4dzZEdppSTtiMRKSNPz4-WkHlY/view?usp=drivesdk
Reincarnation,Google Drive,Shape-of-Suffering.pdf,buddhist_continuity,2,blackswanreprise,Buddhism & Eastern Philosophy,unknown,INDEX_ONLY,metadata_only,article,1yB894v8HqChMjzDB6nmCC17CjF8T3_ne,https://drive.google.com/file/d/1yB894v8HqChMjzDB6nmCC17CjF8T3_ne/view?usp=drivesdk
Reincarnation,Google Drive,Shobogenzo-complete.pdf,buddhist_continuity,2,blackswanreprise,Buddhism & Eastern Philosophy,unknown,INDEX_ONLY,metadata_only,article,1CuzM2IUagxx8u2htLauxr5TZ-hIBIxpk,https://drive.google.com/file/d/1CuzM2IUagxx8u2htLauxr5TZ-hIBIxpk/view?usp=drivesdk
Reincarnation,Google Drive,Silavanta-Sutta.pdf,buddhist_continuity,2,blackswanreprise,Buddhism & Eastern Philosophy,unknown,INDEX_ONLY,metadata_only,article,1QI7xkN5-NHwPK5_NLgqHi4xXgLWPmov8,https://drive.google.com/file/d/1QI7xkN5-NHwPK5_NLgqHi4xXgLWPmov8/view?usp=drivesdk
Reincarnation,Google Drive,Simple-Teachings-on-Higher-Truths-by-Ajahn-Anan.pdf,buddhist_continuity,2,blackswanreprise,Buddhism & Eastern Philosophy,unknown,INDEX_ONLY,metadata_only,article,1G3_h6OfZhaDsfvRZvckZdvQ63hIgsY3W,https://drive.google.com/file/d/1G3_h6OfZhaDsfvRZvckZdvQ63hIgsY3W/view?usp=drivesdk
Reincarnation,Google Drive,Simply-This-Moment.pdf,buddhist_continuity,2,blackswanreprise,Buddhism & Eastern Philosophy,unknown,INDEX_ONLY,metadata_only,article,1anBwqTtcsjCPsryeul7oA5TImzpwE81h,https://drive.google.com/file/d/1anBwqTtcsjCPsryeul7oA5TImzpwE81h/view?usp=drivesdk
Reincarnation,Google Drive,Sixty-Songs-of-Milarepa.pdf,buddhist_continuity,2,blackswanreprise,Buddhism & Eastern Philosophy,unknown,INDEX_ONLY,metadata_only,article,16mntrdbK1VAtdmvXBl7KtKwQCoRLgIWt,https://drive.google.com/file/d/16mntrdbK1VAtdmvXBl7KtKwQCoRLgIWt/view?usp=drivesdk
Reincarnation,Google Drive,Skill-in-Question-How-the-Buddha-Taught.pdf,buddhist_continuity,2,blackswanreprise,Buddhism & Eastern Philosophy,unknown,INDEX_ONLY,metadata_only,article,1BmkrEjHfegXqS-FIIt4Pzm0UMNOFRHre,https://drive.google.com/file/d/1BmkrEjHfegXqS-FIIt4Pzm0UMNOFRHre/view?usp=drivesdk
Reincarnation,Google Drive,Snow-in-the-Summer.pdf,buddhist_continuity,2,blackswanreprise,Buddhism & Eastern Philosophy,unknown,INDEX_ONLY,metadata_only,article,13qBnKixq1vG_ly7Iwr5j42QcWqf1ytIG,https://drive.google.com/file/d/13qBnKixq1vG_ly7Iwr5j42QcWqf1ytIG/view?usp=drivesdk
Reincarnation,Google Drive,Songs of Milarepa,buddhist_continuity,2,blackswanreprise,Buddhism & Eastern Philosophy,unknown,INDEX_ONLY,metadata_only,unknown,1j3vx9tUr9H3bMxvrvo7DBjkP8rUFJWEb,https://drive.google.com/drive/folders/1j3vx9tUr9H3bMxvrvo7DBjkP8rUFJWEb
Reincarnation,Google Drive,Songs-of-Milarepa-Authentic-Expression.pdf,buddhist_continuity,2,blackswanreprise,Buddhism & Eastern Philosophy,unknown,INDEX_ONLY,metadata_only,article,1Su6KYJ9fH3GwS3tOmzYZimfOOLC9qh4a,https://drive.google.com/file/d/1Su6KYJ9fH3GwS3tOmzYZimfOOLC9qh4a/view?usp=drivesdk
Reincarnation,Google Drive,Songs-of-Milarepa-Geshe-In-Drin.pdf,buddhist_continuity,2,blackswanreprise,Buddhism & Eastern Philosophy,unknown,INDEX_ONLY,metadata_only,article,1bnPBgDnRMcjqxYeSWMd4aS4raq4gB_Hp,https://drive.google.com/file/d/1bnPBgDnRMcjqxYeSWMd4aS4raq4gB_Hp/view?usp=drivesdk
Reincarnation,Google Drive,Sotapattimagga-The-Path-of-the-Sotapanna.pdf,buddhist_continuity,2,blackswanreprise,Buddhism & Eastern Philosophy,unknown,INDEX_ONLY,metadata_only,article,1p1JWAKEVuanu4ft3fCbLY3Jf7l32w2mM,https://drive.google.com/file/d/1p1JWAKEVuanu4ft3fCbLY3Jf7l32w2mM/view?usp=drivesdk
Reincarnation,Google Drive,St-Paul-the-Traveler-Roman-Citizen.pdf,buddhist_continuity,2,blackswanreprise,Buddhism & Eastern Philosophy; Christianity & Biblical Traditions,unknown,INDEX_ONLY,metadata_only,article,1fsvYrxkXenv40yyTV4YCaw9fX_xJK35a,https://drive.google.com/file/d/1fsvYrxkXenv40yyTV4YCaw9fX_xJK35a/view?usp=drivesdk
Reincarnation,Google Drive,St-Paul-the-Traveler-Roman-Citizen.pdf,buddhist_continuity,2,blackswanreprise,Buddhism & Eastern Philosophy; Christianity & Biblical Traditions,unknown,INDEX_ONLY,metadata_only,article,1oLbjdrj7iTxrDgGcVtXxrWW8QLhv_2B-,https://drive.google.com/file/d/1oLbjdrj7iTxrDgGcVtXxrWW8QLhv_2B-/view?usp=drivesdk
Reincarnation,Google Drive,St-Paul-the-Traveler-Roman-Citizen.pdf,buddhist_continuity,2,blackswanreprise,Buddhism & Eastern Philosophy; Literature & Biography,unknown,INDEX_ONLY,metadata_only,article,1_dVtcD8ETH8NvUwZ2Thll7dJwrFXdsAL,https://drive.google.com/file/d/1_dVtcD8ETH8NvUwZ2Thll7dJwrFXdsAL/view?usp=drivesdk
Reincarnation,Google Drive,Starting-Out-Small.pdf,buddhist_continuity,2,blackswanreprise,Buddhism & Eastern Philosophy,unknown,INDEX_ONLY,metadata_only,article,1Xev7ZMgc-u4xrwzM-X9XLmmLuj8xo4p2,https://drive.google.com/file/d/1Xev7ZMgc-u4xrwzM-X9XLmmLuj8xo4p2/view?usp=drivesdk
Reincarnation,Google Drive,Still-Flowing-Water.pdf,buddhist_continuity,2,blackswanreprise,Buddhism & Eastern Philosophy,unknown,INDEX_ONLY,metadata_only,article,1OzVsRO7QTWK4_-ZuyVTLnJJ8UvHrvLnS,https://drive.google.com/file/d/1OzVsRO7QTWK4_-ZuyVTLnJJ8UvHrvLnS/view?usp=drivesdk
Reincarnation,Google Drive,Stillness-of-Being.pdf,buddhist_continuity,2,blackswanreprise,Buddhism & Eastern Philosophy,unknown,INDEX_ONLY,metadata_only,article,14OvclUlqFDLy7mLakOkAtHARxRGoMUng,https://drive.google.com/file/d/14OvclUlqFDLy7mLakOkAtHARxRGoMUng/view?usp=drivesdk
Reincarnation,Google Drive,Stillness-of-Samadhi.pdf,buddhist_continuity,2,blackswanreprise,Buddhism & Eastern Philosophy,unknown,INDEX_ONLY,metadata_only,article,1qngaB3h7D1ySQjyKT28iOshCf3KWka8z,https://drive.google.com/file/d/1qngaB3h7D1ySQjyKT28iOshCf3KWka8z/view?usp=drivesdk
Reincarnation,Google Drive,Straight-From-the-Heart.pdf,buddhist_continuity,2,blackswanreprise,Buddhism & Eastern Philosophy,unknown,INDEX_ONLY,metadata_only,article,1aRn6ukIL8C7NqD_d0wlhK_PN95Q52aV0,https://drive.google.com/file/d/1aRn6ukIL8C7NqD_d0wlhK_PN95Q52aV0/view?usp=drivesdk
Reincarnation,Google Drive,Strong-Roots.pdf,buddhist_continuity,2,blackswanreprise,Buddhism & Eastern Philosophy,unknown,INDEX_ONLY,metadata_only,article,1T8FCCIeo3Jw8RAMwccSKjoooCI6fWy98,https://drive.google.com/file/d/1T8FCCIeo3Jw8RAMwccSKjoooCI6fWy98/view?usp=drivesdk
Reincarnation,Google Drive,Studies-in-Japanese-Buddhism.pdf,buddhist_continuity,2,blackswanreprise,Buddhism & Eastern Philosophy,unknown,INDEX_ONLY,metadata_only,article,1KIFCHuKLmkh_Hs0Xs-eZ10_3ifwzxvAx,https://drive.google.com/file/d/1KIFCHuKLmkh_Hs0Xs-eZ10_3ifwzxvAx/view?usp=drivesdk
Reincarnation,Google Drive,Sunyata-The-typewritten-manuscripts.pdf,buddhist_continuity,2,blackswanreprise,Buddhism & Eastern Philosophy,unknown,INDEX_ONLY,metadata_only,article,1b7qZ1JspDkfjT2rRhfOaKTGRxATb_N-Z,https://drive.google.com/file/d/1b7qZ1JspDkfjT2rRhfOaKTGRxATb_N-Z/view?usp=drivesdk
Reincarnation,Google Drive,Sutra-on-the-Original-Vows-the-Attainment-of-Merits-of-Ksitigarbha-Bodhisatta.pdf,buddhist_continuity,2,blackswanreprise,Buddhism & Eastern Philosophy,unknown,INDEX_ONLY,metadata_only,article,1UZTMFDQf0MD37vd5fR5W5dZKUM0oexA4,https://drive.google.com/file/d/1UZTMFDQf0MD37vd5fR5W5dZKUM0oexA4/view?usp=drivesdk
Reincarnation,Google Drive,Sutta-Nipita-The-Way-Things-Really-Are.pdf,buddhist_continuity,2,blackswanreprise,Buddhism & Eastern Philosophy,unknown,INDEX_ONLY,metadata_only,article,1y9w79S_F-kQGQRBxLmVbswGZgS5OdwDq,https://drive.google.com/file/d/1y9w79S_F-kQGQRBxLmVbswGZgS5OdwDq/view?usp=drivesdk
Reincarnation,Google Drive,Taming-the-Monkey-Mind.pdf,buddhist_continuity,2,blackswanreprise,Buddhism & Eastern Philosophy; Consciousness & Mind,unknown,INDEX_ONLY,metadata_only,article,17r9T9z6opv981nNbQygNxtxgHTAghJKg,https://drive.google.com/file/d/17r9T9z6opv981nNbQygNxtxgHTAghJKg/view?usp=drivesdk
Reincarnation,Google Drive,Tantra-and-its-Misconceptions.pdf,buddhist_continuity,2,blackswanreprise,"Buddhism & Eastern Philosophy; Hinduism, Yoga & Tantra",unknown,INDEX_ONLY,metadata_only,article,1EIN5KDL8cEIK-ix-6ASoJftkOUZwPrpK,https://drive.google.com/file/d/1EIN5KDL8cEIK-ix-6ASoJftkOUZwPrpK/view?usp=drivesdk
Reincarnation,Google Drive,Teaching From The Vajrasattva Retreat,buddhist_continuity,2,blackswanreprise,Buddhism & Eastern Philosophy,unknown,INDEX_ONLY,metadata_only,unknown,1V9jduIr09VMJSjmfnBf-R33Tr_m1kSJE,https://drive.google.com/drive/folders/1V9jduIr09VMJSjmfnBf-R33Tr_m1kSJE
Reincarnation,Google Drive,Teaching-And-Training-At-Pa-Auk-forest-Monestery.pdf,buddhist_continuity,2,blackswanreprise,Buddhism & Eastern Philosophy,unknown,INDEX_ONLY,metadata_only,article,1qgp2qUSSLJirctC66giSuKD2_j3_gCEK,https://drive.google.com/file/d/1qgp2qUSSLJirctC66giSuKD2_j3_gCEK/view?usp=drivesdk
Reincarnation,Google Drive,Teaching-From-The-Vajrasattva-Retreat-Lama-Zopa-1.pdf,buddhist_continuity,2,blackswanreprise,Buddhism & Eastern Philosophy,unknown,INDEX_ONLY,metadata_only,article,1vkxhV1SLzz7TNJn3XOgHKGw_SrHBEB2O,https://drive.google.com/file/d/1vkxhV1SLzz7TNJn3XOgHKGw_SrHBEB2O/view?usp=drivesdk
Reincarnation,Google Drive,Teaching-From-The-Vajrasattva-Retreat-Lama-Zopa-2.pdf,buddhist_continuity,2,blackswanreprise,Buddhism & Eastern Philosophy,unknown,INDEX_ONLY,metadata_only,article,1IwKIC72RanpbLX7Mu_uhM3alt4fIlQxV,https://drive.google.com/file/d/1IwKIC72RanpbLX7Mu_uhM3alt4fIlQxV/view?usp=drivesdk
Reincarnation,Google Drive,Teaching-From-The-Vajrasattva-Retreat-Lama-Zopa-3.pdf,buddhist_continuity,2,blackswanreprise,Buddhism & Eastern Philosophy,unknown,INDEX_ONLY,metadata_only,article,19ACOuuXtzLXf3R_HAJRzdgmDVCobh4p5,https://drive.google.com/file/d/19ACOuuXtzLXf3R_HAJRzdgmDVCobh4p5/view?usp=drivesdk
Reincarnation,Google Drive,Teaching-From-The-Vajrasattva-Retreat-Lama-Zopa-4.pdf,buddhist_continuity,2,blackswanreprise,Buddhism & Eastern Philosophy,unknown,INDEX_ONLY,metadata_only,article,1PyINDUfZ8Sd7_ag7aaNxmJBV4E76tYk6,https://drive.google.com/file/d/1PyINDUfZ8Sd7_ag7aaNxmJBV4E76tYk6/view?usp=drivesdk
Reincarnation,Google Drive,Teachings from Tibet.pdf,buddhist_continuity,2,blackswanreprise,Buddhism & Eastern Philosophy,unknown,INDEX_ONLY,metadata_only,article,1MSAAwzzDj9slXCYwjoL5G7DH0McrnsnU,https://drive.google.com/file/d/1MSAAwzzDj9slXCYwjoL5G7DH0McrnsnU/view?usp=drivesdk
Reincarnation,Google Drive,Teachings-From-Tibet-Guidance-from-great-Lamas.pdf,buddhist_continuity,2,blackswanreprise,Buddhism & Eastern Philosophy,unknown,INDEX_ONLY,metadata_only,article,1sm6v9VQQMznefusOcFOJQK6z67CGbBih,https://drive.google.com/file/d/1sm6v9VQQMznefusOcFOJQK6z67CGbBih/view?usp=drivesdk
Reincarnation,Google Drive,Teachings-in-Chinese-Buddhism.pdf,buddhist_continuity,2,blackswanreprise,Buddhism & Eastern Philosophy,unknown,INDEX_ONLY,metadata_only,article,1-R5ccuJ-hmK_sqZtzrR6g4NjbPkyPtGD,https://drive.google.com/file/d/1-R5ccuJ-hmK_sqZtzrR6g4NjbPkyPtGD/view?usp=drivesdk
Reincarnation,Google Drive,The Complete Works of Sister Nivedita VOL I-V,buddhist_continuity,2,blackswanreprise,Buddhism & Eastern Philosophy,unknown,INDEX_ONLY,metadata_only,unknown,1o6VOAvtTcz9TylchObAemJa_FWfveGyb,https://drive.google.com/drive/folders/1o6VOAvtTcz9TylchObAemJa_FWfveGyb
Reincarnation,Google Drive,The Fundamentals of Meditation Practice.pdf,buddhist_continuity,2,blackswanreprise,Buddhism & Eastern Philosophy,unknown,INDEX_ONLY,metadata_only,article,1BizJkrj2Q28j8uFjNXgDwZ6VGl3KbrvY,https://drive.google.com/file/d/1BizJkrj2Q28j8uFjNXgDwZ6VGl3KbrvY/view?usp=drivesdk
Reincarnation,Google Drive,The Fundamentals of Meditation Practice.pdf,buddhist_continuity,2,blackswanreprise,Buddhism & Eastern Philosophy,unknown,INDEX_ONLY,metadata_only,article,1MEqszjqvYaHU2w3bm13OI-sBFio5ZXnY,https://drive.google.com/file/d/1MEqszjqvYaHU2w3bm13OI-sBFio5ZXnY/view?usp=drivesdk
Reincarnation,Google Drive,The Great Chronicle Of Buddhas,buddhist_continuity,2,blackswanreprise,Buddhism & Eastern Philosophy,unknown,INDEX_ONLY,metadata_only,unknown,1ETqBx03tXfbhgSw6YBJh_WmXEcchMjS0,https://drive.google.com/drive/folders/1ETqBx03tXfbhgSw6YBJh_WmXEcchMjS0
Reincarnation,Google Drive,The Zen of Advaita,buddhist_continuity,2,blackswanreprise,Buddhism & Eastern Philosophy,unknown,INDEX_ONLY,metadata_only,unknown,1aL-CctcU9vcJrd97pEFNWyptPJUiXCC7,https://drive.google.com/drive/folders/1aL-CctcU9vcJrd97pEFNWyptPJUiXCC7
Reincarnation,Google Drive,The-31-Planes-of-Existence.pdf,buddhist_continuity,2,blackswanreprise,Buddhism & Eastern Philosophy,unknown,INDEX_ONLY,metadata_only,article,1BJcnL_SOjk8lllAV43LtIC6XHqJ5TITg,https://drive.google.com/file/d/1BJcnL_SOjk8lllAV43LtIC6XHqJ5TITg/view?usp=drivesdk
Reincarnation,Google Drive,The-Analysis-of-Deeds.pdf,buddhist_continuity,2,blackswanreprise,Buddhism & Eastern Philosophy,unknown,INDEX_ONLY,metadata_only,article,1fxo9HqIEsJ8HtzBzjmrVqvFsasaEm8pk,https://drive.google.com/file/d/1fxo9HqIEsJ8HtzBzjmrVqvFsasaEm8pk/view?usp=drivesdk
Reincarnation,Google Drive,The-Anapanasati-Sutta.pdf,buddhist_continuity,2,blackswanreprise,Buddhism & Eastern Philosophy,unknown,INDEX_ONLY,metadata_only,article,1g9rXiu7p0SZmmhQVG7rXOwzRWQv22akv,https://drive.google.com/file/d/1g9rXiu7p0SZmmhQVG7rXOwzRWQv22akv/view?usp=drivesdk
Reincarnation,Google Drive,The-Basic-Method-of-Meditation.pdf,buddhist_continuity,2,blackswanreprise,Buddhism & Eastern Philosophy,unknown,INDEX_ONLY,metadata_only,article,1n8bY0fp9Hv1dFSLHBu9eSFf-KCs2a7t6,https://drive.google.com/file/d/1n8bY0fp9Hv1dFSLHBu9eSFf-KCs2a7t6/view?usp=drivesdk
Reincarnation,Google Drive,The-Basic-Principles-Of-The-Fuchiyado-Meditation-TheSamurai-Blowgun-Martial-Art.pdf,buddhist_continuity,2,blackswanreprise,Buddhism & Eastern Philosophy,unknown,INDEX_ONLY,metadata_only,article,1i0uUm-PIFn2umr557eEeJ_sLbl9HHlWl,https://drive.google.com/file/d/1i0uUm-PIFn2umr557eEeJ_sLbl9HHlWl/view?usp=drivesdk
Reincarnation,Google Drive,The-Blazing-Lights-of-the-Sun-and-Moon.pdf,buddhist_continuity,2,blackswanreprise,Buddhism & Eastern Philosophy,unknown,INDEX_ONLY,metadata_only,article,1rD_STAMgHviCPqSsYN4eoHNrHZMq0Xo-,https://drive.google.com/file/d/1rD_STAMgHviCPqSsYN4eoHNrHZMq0Xo-/view?usp=drivesdk
Reincarnation,Google Drive,The-Body.pdf,buddhist_continuity,2,blackswanreprise,Buddhism & Eastern Philosophy,unknown,INDEX_ONLY,metadata_only,article,1UgwknTkxBlvg24OrvvWWvomliDb4_zB8,https://drive.google.com/file/d/1UgwknTkxBlvg24OrvvWWvomliDb4_zB8/view?usp=drivesdk
Reincarnation,Google Drive,The-Book-of-Five-Rings-by-Musashi-Miyamoto.pdf,buddhist_continuity,2,blackswanreprise,Buddhism & Eastern Philosophy,unknown,INDEX_ONLY,metadata_only,article,1Nxi58aiItv9HnLyVnn2Lbr44FVv2qzVl,https://drive.google.com/file/d/1Nxi58aiItv9HnLyVnn2Lbr44FVv2qzVl/view?usp=drivesdk
Reincarnation,Google Drive,The-Book-of-the-Simple-Way.pdf,buddhist_continuity,2,blackswanreprise,Buddhism & Eastern Philosophy,unknown,INDEX_ONLY,metadata_only,article,1KiLrRO5Adc2wImJ-lteU7vD8K2g4n1q5,https://drive.google.com/file/d/1KiLrRO5Adc2wImJ-lteU7vD8K2g4n1q5/view?usp=drivesdk
Reincarnation,Google Drive,The-Buddha-Smiles.pdf,buddhist_continuity,2,blackswanreprise,Buddhism & Eastern Philosophy,unknown,INDEX_ONLY,metadata_only,article,1-NJiTzRPjjltoP3dla5MsEGd4bpjHSvK,https://drive.google.com/file/d/1-NJiTzRPjjltoP3dla5MsEGd4bpjHSvK/view?usp=drivesdk
Reincarnation,Google Drive,The-Buddha-The-Social-Revolutionary-Potential-of-Buddhism.pdf,buddhist_continuity,2,blackswanreprise,Buddhism & Eastern Philosophy,unknown,INDEX_ONLY,metadata_only,article,1hixZxJglTVRusnZVRXVxRLv4csZ9MHWo,https://drive.google.com/file/d/1hixZxJglTVRusnZVRXVxRLv4csZ9MHWo/view?usp=drivesdk
Reincarnation,Google Drive,The-Clock-of-Vipassana-has-Struck.pdf,buddhist_continuity,2,blackswanreprise,Buddhism & Eastern Philosophy,unknown,INDEX_ONLY,metadata_only,article,1kffKor43srTQeUPgICglFi0YBkYTA0wb,https://drive.google.com/file/d/1kffKor43srTQeUPgICglFi0YBkYTA0wb/view?usp=drivesdk
Reincarnation,Google Drive,The-Complete-Book-of-Buddhas-Lists-Explained.pdf,buddhist_continuity,2,blackswanreprise,Buddhism & Eastern Philosophy,unknown,INDEX_ONLY,metadata_only,article,1ewb5IqEZyX-IQS4sgUPGsWjOajzYMlIr,https://drive.google.com/file/d/1ewb5IqEZyX-IQS4sgUPGsWjOajzYMlIr/view?usp=drivesdk
Reincarnation,Google Drive,The-Complete-Works-of-Sister-Nivedita-Vol-1.pdf,buddhist_continuity,2,blackswanreprise,Buddhism & Eastern Philosophy,unknown,INDEX_ONLY,metadata_only,article,1XHDKaV3WaHzWXaXu8zmFd_YFPm8KV27m,https://drive.google.com/file/d/1XHDKaV3WaHzWXaXu8zmFd_YFPm8KV27m/view?usp=drivesdk
Reincarnation,Google Drive,The-Complete-Works-of-Sister-Nivedita-Vol-2.pdf,buddhist_continuity,2,blackswanreprise,Buddhism & Eastern Philosophy,unknown,INDEX_ONLY,metadata_only,article,1_FiSarwqRKyRqbc2kLLgBZTZ0TS5iOxJ,https://drive.google.com/file/d/1_FiSarwqRKyRqbc2kLLgBZTZ0TS5iOxJ/view?usp=drivesdk
Reincarnation,Google Drive,The-Complete-Works-of-Sister-Nivedita-Vol-4.pdf,buddhist_continuity,2,blackswanreprise,Buddhism & Eastern Philosophy,unknown,INDEX_ONLY,metadata_only,article,1mwGm8_EJbsYiaUavwb6izR6860ItdszC,https://drive.google.com/file/d/1mwGm8_EJbsYiaUavwb6izR6860ItdszC/view?usp=drivesdk
Reincarnation,Google Drive,The-Complete-Works-of-Sister-Nivedita-Vol-5.pdf,buddhist_continuity,2,blackswanreprise,Buddhism & Eastern Philosophy,unknown,INDEX_ONLY,metadata_only,article,1DC8IXP-ZoZ-JUT2TQzZzYBjr97_YgssP,https://drive.google.com/file/d/1DC8IXP-ZoZ-JUT2TQzZzYBjr97_YgssP/view?usp=drivesdk
Reincarnation,Google Drive,The-Craft-of-the-Heart.pdf,buddhist_continuity,2,blackswanreprise,Buddhism & Eastern Philosophy; Freemasonry & Masonic Orders,unknown,INDEX_ONLY,metadata_only,article,1rG424gkFLuNjYzNsASZzHAGJpSGnhYnx,https://drive.google.com/file/d/1rG424gkFLuNjYzNsASZzHAGJpSGnhYnx/view?usp=drivesdk
Reincarnation,Google Drive,The-Debate-of-King-Milinda.pdf,buddhist_continuity,2,blackswanreprise,Buddhism & Eastern Philosophy,unknown,INDEX_ONLY,metadata_only,article,1F8O5hR2igJmfk-h4ULvy8zPjtlkwqjRF,https://drive.google.com/file/d/1F8O5hR2igJmfk-h4ULvy8zPjtlkwqjRF/view?usp=drivesdk
Reincarnation,Google Drive,The-Diamond-Sutra.pdf,buddhist_continuity,2,blackswanreprise,Buddhism & Eastern Philosophy,unknown,INDEX_ONLY,metadata_only,article,1AfFGEf1RYO65PRAA_RZCXwijWGevASAU,https://drive.google.com/file/d/1AfFGEf1RYO65PRAA_RZCXwijWGevASAU/view?usp=drivesdk
Reincarnation,Google Drive,The-Direct-and-Unmistaken-Method.pdf,buddhist_continuity,2,blackswanreprise,Buddhism & Eastern Philosophy,unknown,INDEX_ONLY,metadata_only,article,1zEoHfzPmGEraRfEpZZ2V_q25rElFE0gF,https://drive.google.com/file/d/1zEoHfzPmGEraRfEpZZ2V_q25rElFE0gF/view?usp=drivesdk
Reincarnation,Google Drive,The-Discourse-About-Mindfulness-related-to-the-Body.pdf,buddhist_continuity,2,blackswanreprise,Buddhism & Eastern Philosophy; Consciousness & Mind,unknown,INDEX_ONLY,metadata_only,article,1oObrofHJTgM5LSiti7Okp2xtlNAJlZl8,https://drive.google.com/file/d/1oObrofHJTgM5LSiti7Okp2xtlNAJlZl8/view?usp=drivesdk
Reincarnation,Google Drive,The-Discourse-concerning-Malunkyaputta.pdf,buddhist_continuity,2,blackswanreprise,Buddhism & Eastern Philosophy,unknown,INDEX_ONLY,metadata_only,article,1LvoE86N1PTogJG0AxotiR4GvYsFNaNVC,https://drive.google.com/file/d/1LvoE86N1PTogJG0AxotiR4GvYsFNaNVC/view?usp=drivesdk
Reincarnation,Google Drive,The-Discourse-of-Girimananda.pdf,buddhist_continuity,2,blackswanreprise,Buddhism & Eastern Philosophy,unknown,INDEX_ONLY,metadata_only,article,1rqc6MHb7p2hmIjKqVj8VFdTpHfhe-ArK,https://drive.google.com/file/d/1rqc6MHb7p2hmIjKqVj8VFdTpHfhe-ArK/view?usp=drivesdk
Reincarnation,Google Drive,The-Dishonest.pdf,buddhist_continuity,2,blackswanreprise,Buddhism & Eastern Philosophy,unknown,INDEX_ONLY,metadata_only,article,1e2HfhG8FxuHsirr-GmvxRRr7z2Yr9MCY,https://drive.google.com/file/d/1e2HfhG8FxuHsirr-GmvxRRr7z2Yr9MCY/view?usp=drivesdk
Reincarnation,Google Drive,The-Doctrine-Of-Paticcasamuppada-By-U-Than-Daing.pdf,buddhist_continuity,2,blackswanreprise,Buddhism & Eastern Philosophy,unknown,INDEX_ONLY,metadata_only,article,1KSWWbowY4XM7VLPF7RWlpdxKvcqv21ej,https://drive.google.com/file/d/1KSWWbowY4XM7VLPF7RWlpdxKvcqv21ej/view?usp=drivesdk
Reincarnation,Google Drive,The-Eightfold-Path-for-the-Householder.pdf,buddhist_continuity,2,blackswanreprise,Buddhism & Eastern Philosophy,unknown,INDEX_ONLY,metadata_only,article,1hYGIAJPXrM5SX-e5hC2kcldLFtYs3zBO,https://drive.google.com/file/d/1hYGIAJPXrM5SX-e5hC2kcldLFtYs3zBO/view?usp=drivesdk
Reincarnation,Google Drive,The-Essential-Yoga-Sutras.pdf,buddhist_continuity,2,blackswanreprise,"Buddhism & Eastern Philosophy; Hinduism, Yoga & Tantra",unknown,INDEX_ONLY,metadata_only,article,1D_2YL6lzn8zkuGWCvK-PTVs20NYNEV0E,https://drive.google.com/file/d/1D_2YL6lzn8zkuGWCvK-PTVs20NYNEV0E/view?usp=drivesdk
Reincarnation,Google Drive,The-Eye-of-Discernment.pdf,buddhist_continuity,2,blackswanreprise,Buddhism & Eastern Philosophy,unknown,INDEX_ONLY,metadata_only,article,1Ze6JmvGGx4PD0TMG75xhN3WQ0H6b21eG,https://drive.google.com/file/d/1Ze6JmvGGx4PD0TMG75xhN3WQ0H6b21eG/view?usp=drivesdk
Reincarnation,Google Drive,The-Four-Dharmas-of-Gampopa.pdf,buddhist_continuity,2,blackswanreprise,Buddhism & Eastern Philosophy,unknown,INDEX_ONLY,metadata_only,article,1tRpZ7-y8-zHZUDQfUpLAXkji_UkPqrho,https://drive.google.com/file/d/1tRpZ7-y8-zHZUDQfUpLAXkji_UkPqrho/view?usp=drivesdk
Reincarnation,Google Drive,The-Four-Mindfulnesses.pdf,buddhist_continuity,2,blackswanreprise,Buddhism & Eastern Philosophy; Consciousness & Mind,unknown,INDEX_ONLY,metadata_only,article,12Tpi2LeG2MXu4j-9KQ7ehpm-v2I0zleJ,https://drive.google.com/file/d/12Tpi2LeG2MXu4j-9KQ7ehpm-v2I0zleJ/view?usp=drivesdk
Reincarnation,Google Drive,The-Four-Noble-Truths-by-Mogok-Sayadaw.pdf,buddhist_continuity,2,blackswanreprise,Buddhism & Eastern Philosophy,unknown,INDEX_ONLY,metadata_only,article,1wUMaYZnAkXqnsto6T_A4hpZAETofMV7d,https://drive.google.com/file/d/1wUMaYZnAkXqnsto6T_A4hpZAETofMV7d/view?usp=drivesdk
Reincarnation,Google Drive,The-Future-is-Now-Krishnamurti.pdf,buddhist_continuity,2,blackswanreprise,Buddhism & Eastern Philosophy,unknown,INDEX_ONLY,metadata_only,article,10EhMTevS8kh0kolOSUnjNbvMWrPe6ePG,https://drive.google.com/file/d/10EhMTevS8kh0kolOSUnjNbvMWrPe6ePG/view?usp=drivesdk
Reincarnation,Google Drive,The-Gates-of-Chan-Buddhism.pdf,buddhist_continuity,2,blackswanreprise,Buddhism & Eastern Philosophy,unknown,INDEX_ONLY,metadata_only,article,1jwG2wt6Mdv8T-ciyk-rAhEyvzcrGpbr0,https://drive.google.com/file/d/1jwG2wt6Mdv8T-ciyk-rAhEyvzcrGpbr0/view?usp=drivesdk
Reincarnation,Google Drive,The-Great-Emancipation.pdf,buddhist_continuity,2,blackswanreprise,Buddhism & Eastern Philosophy,unknown,INDEX_ONLY,metadata_only,article,1EPPesqGcZ15BzfsRoO_aRUnElnF37ZRn,https://drive.google.com/file/d/1EPPesqGcZ15BzfsRoO_aRUnElnF37ZRn/view?usp=drivesdk
Reincarnation,Google Drive,The-Heightened-Mind.pdf,buddhist_continuity,2,blackswanreprise,Buddhism & Eastern Philosophy; Consciousness & Mind,unknown,INDEX_ONLY,metadata_only,article,1wWFsr-hEzABZKrJgwEzFmPJSDlu3Pvxj,https://drive.google.com/file/d/1wWFsr-hEzABZKrJgwEzFmPJSDlu3Pvxj/view?usp=drivesdk
Reincarnation,Google Drive,The-Inner-Life-and-the-Tao-Teh-King.pdf,buddhist_continuity,2,blackswanreprise,Buddhism & Eastern Philosophy,unknown,INDEX_ONLY,metadata_only,article,1N6-wJPRu-xhjv8CMnibYkR9NUrPNgWex,https://drive.google.com/file/d/1N6-wJPRu-xhjv8CMnibYkR9NUrPNgWex/view?usp=drivesdk
Reincarnation,Google Drive,The-Janas.pdf,buddhist_continuity,2,blackswanreprise,Buddhism & Eastern Philosophy,unknown,INDEX_ONLY,metadata_only,article,1hkgE-5DkyjRNlL3mf2xBaKo2cbGbsCk0,https://drive.google.com/file/d/1hkgE-5DkyjRNlL3mf2xBaKo2cbGbsCk0/view?usp=drivesdk
Reincarnation,Google Drive,The-Karma-of-Questions.pdf,buddhist_continuity,2,blackswanreprise,Buddhism & Eastern Philosophy,unknown,INDEX_ONLY,metadata_only,article,1Eh2E9I5Pm6WmFWWzI5UQ64fNp9JUr3c8,https://drive.google.com/file/d/1Eh2E9I5Pm6WmFWWzI5UQ64fNp9JUr3c8/view?usp=drivesdk
Reincarnation,Google Drive,The-Kilesa-Dont-Arise-In-Those-Who-Have-Sati.pdf,buddhist_continuity,2,blackswanreprise,Buddhism & Eastern Philosophy,unknown,INDEX_ONLY,metadata_only,article,1hBSedgD3qA8rep3AXR4auD1aLtkauvyX,https://drive.google.com/file/d/1hBSedgD3qA8rep3AXR4auD1aLtkauvyX/view?usp=drivesdk
Reincarnation,Google Drive,The-Kindness-of-Others.pdf,buddhist_continuity,2,blackswanreprise,Buddhism & Eastern Philosophy,unknown,INDEX_ONLY,metadata_only,article,1gNWW_j4vdNJSZQ_rBJyHHo3o-mIZbHzu,https://drive.google.com/file/d/1gNWW_j4vdNJSZQ_rBJyHHo3o-mIZbHzu/view?usp=drivesdk
Reincarnation,Google Drive,The-Lankavatara-Sutra-A-Mahayana-Text.pdf,buddhist_continuity,2,blackswanreprise,Buddhism & Eastern Philosophy,unknown,INDEX_ONLY,metadata_only,article,19f8McAJRmNam4S_sCjFYQDsZa-b5_VGS,https://drive.google.com/file/d/19f8McAJRmNam4S_sCjFYQDsZa-b5_VGS/view?usp=drivesdk
Reincarnation,Google Drive,The-Life-and-Work-of-Buddhaghosa.pdf,buddhist_continuity,2,blackswanreprise,Buddhism & Eastern Philosophy,unknown,INDEX_ONLY,metadata_only,article,1Dc01cTstKHbNi_aXCgipG46MkDW0gc02,https://drive.google.com/file/d/1Dc01cTstKHbNi_aXCgipG46MkDW0gc02/view?usp=drivesdk
Reincarnation,Google Drive,The-Life-of-Buddha-Ebook.pdf,buddhist_continuity,2,blackswanreprise,Buddhism & Eastern Philosophy; Dzogchen & Non-duality,unknown,INDEX_ONLY,metadata_only,article,1cnOeqPB2xvubrBYhIIOAqNpuSKskNdyR,https://drive.google.com/file/d/1cnOeqPB2xvubrBYhIIOAqNpuSKskNdyR/view?usp=drivesdk
Reincarnation,Google Drive,The-Life-of-Buddha-Ebook.pdf,buddhist_continuity,2,blackswanreprise,Buddhism & Eastern Philosophy,unknown,INDEX_ONLY,metadata_only,article,1atAAvzJW_v04YQjpZibJQdOGOR4MedyI,https://drive.google.com/file/d/1atAAvzJW_v04YQjpZibJQdOGOR4MedyI/view?usp=drivesdk
Reincarnation,Google Drive,The-Life-of-Buddha-Ebook.pdf,buddhist_continuity,2,blackswanreprise,Buddhism & Eastern Philosophy; Literature & Biography,unknown,INDEX_ONLY,metadata_only,article,1j_xFqWQGqfI6PJQSGyMHDaUcLaJDONt8,https://drive.google.com/file/d/1j_xFqWQGqfI6PJQSGyMHDaUcLaJDONt8/view?usp=drivesdk
Reincarnation,Google Drive,The-Life-of-Chokgyur-Lingpa.pdf,buddhist_continuity,2,blackswanreprise,Buddhism & Eastern Philosophy,unknown,INDEX_ONLY,metadata_only,article,1wTfhprj_KsVqioAbMBC4nkuA2HrwPLD4,https://drive.google.com/file/d/1wTfhprj_KsVqioAbMBC4nkuA2HrwPLD4/view?usp=drivesdk
Reincarnation,Google Drive,The-Life-of-the-Buddha.pdf,buddhist_continuity,2,blackswanreprise,Buddhism & Eastern Philosophy,unknown,INDEX_ONLY,metadata_only,article,1NZ0VjNWF0s2i4breCnArQbiAOd1oWStD,https://drive.google.com/file/d/1NZ0VjNWF0s2i4breCnArQbiAOd1oWStD/view?usp=drivesdk
Reincarnation,Google Drive,The-Life-of-the-Buddha.pdf,buddhist_continuity,2,blackswanreprise,Buddhism & Eastern Philosophy; Literature & Biography,unknown,INDEX_ONLY,metadata_only,article,1Y_OkHqeayhx3dYqN2axjtdjik2f2MWtV,https://drive.google.com/file/d/1Y_OkHqeayhx3dYqN2axjtdjik2f2MWtV/view?usp=drivesdk
Reincarnation,Google Drive,The-Long-Discourse-about-the-Ways-of-Attending-to-Mindfulness.pdf,buddhist_continuity,2,blackswanreprise,Buddhism & Eastern Philosophy; Consciousness & Mind,unknown,INDEX_ONLY,metadata_only,article,1hCBeIPt8YCNbAdl9BmXIcIeIETsdevvL,https://drive.google.com/file/d/1hCBeIPt8YCNbAdl9BmXIcIeIETsdevvL/view?usp=drivesdk
Reincarnation,Google Drive,The-Manuals-of-Buddhism.pdf,buddhist_continuity,2,blackswanreprise,Buddhism & Eastern Philosophy,unknown,INDEX_ONLY,metadata_only,article,1qWjN9FOeyrMkWa-lMYmTe510mWCBWNuG,https://drive.google.com/file/d/1qWjN9FOeyrMkWa-lMYmTe510mWCBWNuG/view?usp=drivesdk
Reincarnation,Google Drive,The-Manuals-of-Ledi-Dipani.pdf,buddhist_continuity,2,blackswanreprise,Buddhism & Eastern Philosophy,unknown,INDEX_ONLY,metadata_only,article,1rMld8_8D0bsXQMka11G_YEAx0DpcW8MV,https://drive.google.com/file/d/1rMld8_8D0bsXQMka11G_YEAx0DpcW8MV/view?usp=drivesdk
Reincarnation,Google Drive,The-Manuals-of-Ledi-Dipanu.pdf,buddhist_continuity,2,blackswanreprise,Buddhism & Eastern Philosophy,unknown,INDEX_ONLY,metadata_only,article,1dXeSmcNR6VITBSMpiSzp2WON-ggGJ5xe,https://drive.google.com/file/d/1dXeSmcNR6VITBSMpiSzp2WON-ggGJ5xe/view?usp=drivesdk
Reincarnation,Google Drive,The-Matrix-of-the-Abstract-Teaching.pdf,buddhist_continuity,2,blackswanreprise,Buddhism & Eastern Philosophy,unknown,INDEX_ONLY,metadata_only,article,1zgz3t-VN0fdwAUXuEVo8CDDlp_2aXFT0,https://drive.google.com/file/d/1zgz3t-VN0fdwAUXuEVo8CDDlp_2aXFT0/view?usp=drivesdk
Reincarnation,Google Drive,The-Meaning-of-Satipatthana.pdf,buddhist_continuity,2,blackswanreprise,Buddhism & Eastern Philosophy,unknown,INDEX_ONLY,metadata_only,article,1O-wU1ZYMxsJnX6BarZgtb1b1bvqzGjjD,https://drive.google.com/file/d/1O-wU1ZYMxsJnX6BarZgtb1b1bvqzGjjD/view?usp=drivesdk
Reincarnation,Google Drive,The-Mind-Like-Fire-Unbound.pdf,buddhist_continuity,2,blackswanreprise,Buddhism & Eastern Philosophy; Consciousness & Mind,unknown,INDEX_ONLY,metadata_only,article,1VjsJxn7YgrEVz499qoA8L9ta_Yl99Ouv,https://drive.google.com/file/d/1VjsJxn7YgrEVz499qoA8L9ta_Yl99Ouv/view?usp=drivesdk
Reincarnation,Google Drive,The-Moon-Appears-When-the-Water-is-Still.pdf,buddhist_continuity,2,blackswanreprise,Buddhism & Eastern Philosophy,unknown,INDEX_ONLY,metadata_only,article,1ARNHkTp23cs-Bi9Tx9jSI1e6Ds3scyyX,https://drive.google.com/file/d/1ARNHkTp23cs-Bi9Tx9jSI1e6Ds3scyyX/view?usp=drivesdk
Reincarnation,Google Drive,The-Paradox-of-Becoming.pdf,buddhist_continuity,2,blackswanreprise,Buddhism & Eastern Philosophy,unknown,INDEX_ONLY,metadata_only,article,1GpyDhtlnrnptK7vQsBjezRk2lrDsNggI,https://drive.google.com/file/d/1GpyDhtlnrnptK7vQsBjezRk2lrDsNggI/view?usp=drivesdk
Reincarnation,Google Drive,The-Path-of-Purification.pdf,buddhist_continuity,2,blackswanreprise,Buddhism & Eastern Philosophy,unknown,INDEX_ONLY,metadata_only,article,1XZrzUgdnyNIgSL02Iw95bh3KA7Fi6-K7,https://drive.google.com/file/d/1XZrzUgdnyNIgSL02Iw95bh3KA7Fi6-K7/view?usp=drivesdk
Reincarnation,Google Drive,The-Perfections-Leading-to-Enlightenment-by-Sujin-Boriharnwanaket.pdf,buddhist_continuity,2,blackswanreprise,Buddhism & Eastern Philosophy,unknown,INDEX_ONLY,metadata_only,article,1BkEUehFo9q0P4FdkY6ViB2NyqXNaJm5b,https://drive.google.com/file/d/1BkEUehFo9q0P4FdkY6ViB2NyqXNaJm5b/view?usp=drivesdk
Reincarnation,Google Drive,The-Power-of-Mindfulness-Nyuanaponika.pdf,buddhist_continuity,2,blackswanreprise,Buddhism & Eastern Philosophy; Consciousness & Mind,unknown,INDEX_ONLY,metadata_only,article,18mvnyJHZKkPIEKmfTxGYxrbvywBM0L2A,https://drive.google.com/file/d/18mvnyJHZKkPIEKmfTxGYxrbvywBM0L2A/view?usp=drivesdk
Reincarnation,Google Drive,The-Practical-Way-To-Nibbana.pdf,buddhist_continuity,2,blackswanreprise,Buddhism & Eastern Philosophy,unknown,INDEX_ONLY,metadata_only,article,1HZG3FIMKrn9CBzqA4r3VKqUQgNKD0kbP,https://drive.google.com/file/d/1HZG3FIMKrn9CBzqA4r3VKqUQgNKD0kbP/view?usp=drivesdk
Reincarnation,Google Drive,The-Practice-Which-Leads-To-Nibbana.pdf,buddhist_continuity,2,blackswanreprise,Buddhism & Eastern Philosophy,unknown,INDEX_ONLY,metadata_only,article,1AmaXyY9Q72UIWe152OLhu1Ggy7QFRTUx,https://drive.google.com/file/d/1AmaXyY9Q72UIWe152OLhu1Ggy7QFRTUx/view?usp=drivesdk
Reincarnation,Google Drive,The-Practice-of-the-Wild-by-Gary-Snyder.pdf,buddhist_continuity,2,blackswanreprise,Buddhism & Eastern Philosophy,unknown,INDEX_ONLY,metadata_only,article,1IscmXNp1a2qMBqFiQJvzPNWyrTsI_ivG,https://drive.google.com/file/d/1IscmXNp1a2qMBqFiQJvzPNWyrTsI_ivG/view?usp=drivesdk
Reincarnation,Google Drive,The-Quiet-Mind.pdf,buddhist_continuity,2,blackswanreprise,Buddhism & Eastern Philosophy; Consciousness & Mind,unknown,INDEX_ONLY,metadata_only,article,1V33As4qejliiITLqJsTjoQOGr2hMJWUX,https://drive.google.com/file/d/1V33As4qejliiITLqJsTjoQOGr2hMJWUX/view?usp=drivesdk
Reincarnation,Google Drive,The-Real-Way-to-Awakening.pdf,buddhist_continuity,2,blackswanreprise,Buddhism & Eastern Philosophy; Mysticism & Spirituality,unknown,INDEX_ONLY,metadata_only,article,1bY0_HYE88wLM77oiHDLMZjtxRBl_Crj6,https://drive.google.com/file/d/1bY0_HYE88wLM77oiHDLMZjtxRBl_Crj6/view?usp=drivesdk
Reincarnation,Google Drive,The-Religion-of-the-Samurai-free-ebook.pdf,buddhist_continuity,2,blackswanreprise,Buddhism & Eastern Philosophy,unknown,INDEX_ONLY,metadata_only,article,1-l4I7_PV10KKfPIDeS-zajmgDg2hg5zZ,https://drive.google.com/file/d/1-l4I7_PV10KKfPIDeS-zajmgDg2hg5zZ/view?usp=drivesdk
Reincarnation,Google Drive,The-Requisities-of-Enlightenment.pdf,buddhist_continuity,2,blackswanreprise,Buddhism & Eastern Philosophy,unknown,INDEX_ONLY,metadata_only,article,12g8Bp2W63LCrkvHH3pbJoAg6uDhVKQtN,https://drive.google.com/file/d/12g8Bp2W63LCrkvHH3pbJoAg6uDhVKQtN/view?usp=drivesdk
Reincarnation,Google Drive,The-Seekers-Glossary-of-Buddhism-A-Dictionary-Encyclopedia-of-Buddhism.pdf,buddhist_continuity,2,blackswanreprise,Buddhism & Eastern Philosophy; Language & Etymology,unknown,INDEX_ONLY,metadata_only,article,1qO3Z-HksAVFa4M_8BbeincmhR1CkmO4s,https://drive.google.com/file/d/1qO3Z-HksAVFa4M_8BbeincmhR1CkmO4s/view?usp=drivesdk
Reincarnation,Google Drive,The-Seven-Point-Instruction-for-Developing-the-Good-Heart.pdf,buddhist_continuity,2,blackswanreprise,Buddhism & Eastern Philosophy,unknown,INDEX_ONLY,metadata_only,article,1Wb_Ja-I2rmbtaWETKGg7SngX6krLJ7aO,https://drive.google.com/file/d/1Wb_Ja-I2rmbtaWETKGg7SngX6krLJ7aO/view?usp=drivesdk
Reincarnation,Google Drive,The-Seven-Stages-of-Purification-and-The-Insight-Knowledges.pdf,buddhist_continuity,2,blackswanreprise,Buddhism & Eastern Philosophy,unknown,INDEX_ONLY,metadata_only,article,1bZW_iDC0TNesp50yCBJhV4bnszDoeXwy,https://drive.google.com/file/d/1bZW_iDC0TNesp50yCBJhV4bnszDoeXwy/view?usp=drivesdk
Reincarnation,Google Drive,The-Skill-of-Release.pdf,buddhist_continuity,2,blackswanreprise,Buddhism & Eastern Philosophy,unknown,INDEX_ONLY,metadata_only,article,1hwo7k7xzUl62EnuSz01GR_4Ima7k8_TE,https://drive.google.com/file/d/1hwo7k7xzUl62EnuSz01GR_4Ima7k8_TE/view?usp=drivesdk
Reincarnation,Google Drive,The-Sublime-Attitudes.pdf,buddhist_continuity,2,blackswanreprise,Buddhism & Eastern Philosophy,unknown,INDEX_ONLY,metadata_only,article,1cAPjUC32u4tMf3ifhg4N4XnzTCkaJy3l,https://drive.google.com/file/d/1cAPjUC32u4tMf3ifhg4N4XnzTCkaJy3l/view?usp=drivesdk
Reincarnation,Google Drive,The-Surangama-Sutra.pdf,buddhist_continuity,2,blackswanreprise,Buddhism & Eastern Philosophy,unknown,INDEX_ONLY,metadata_only,article,1ld7UwOcoVy4_fUS89o5XsrehsmG_YPCl,https://drive.google.com/file/d/1ld7UwOcoVy4_fUS89o5XsrehsmG_YPCl/view?usp=drivesdk
Reincarnation,Google Drive,The-Sutra-of-Recollecting-the-Three-Jewels.pdf,buddhist_continuity,2,blackswanreprise,Buddhism & Eastern Philosophy,unknown,INDEX_ONLY,metadata_only,article,1b2imTE-Zspl7eyI_hKlwhGULjMSM6sjT,https://drive.google.com/file/d/1b2imTE-Zspl7eyI_hKlwhGULjMSM6sjT/view?usp=drivesdk
Reincarnation,Google Drive,The-Sweet-Dews-of-Chan-Zen.pdf,buddhist_continuity,2,blackswanreprise,Buddhism & Eastern Philosophy,unknown,INDEX_ONLY,metadata_only,article,14I8RScWxbroRpQUR0ty0rOkA9pS8134Y,https://drive.google.com/file/d/14I8RScWxbroRpQUR0ty0rOkA9pS8134Y/view?usp=drivesdk
Reincarnation,Google Drive,The-Teachings-of-Ajan-Chah.pdf,buddhist_continuity,2,blackswanreprise,Buddhism & Eastern Philosophy,unknown,INDEX_ONLY,metadata_only,article,1El_YauDouGsVEGsGUYrpeYDGOuzqd2_8,https://drive.google.com/file/d/1El_YauDouGsVEGsGUYrpeYDGOuzqd2_8/view?usp=drivesdk
Reincarnation,Google Drive,The-Tibetan-Book-of-the-Dead.pdf,buddhist_continuity,2,blackswanreprise,Buddhism & Eastern Philosophy,unknown,INDEX_ONLY,metadata_only,article,1V3s8fVd4Hey4g_eungqr4_hygu1wFTn7,https://drive.google.com/file/d/1V3s8fVd4Hey4g_eungqr4_hygu1wFTn7/view?usp=drivesdk
Reincarnation,Google Drive,The-Tibetan-Book-of-the-Great-Liberation-Padma-Sambhava.pdf,buddhist_continuity,2,blackswanreprise,Buddhism & Eastern Philosophy,unknown,INDEX_ONLY,metadata_only,article,12sRtV2ofHJjES5NpiFIGXO7NT45y4i6g,https://drive.google.com/file/d/12sRtV2ofHJjES5NpiFIGXO7NT45y4i6g/view?usp=drivesdk
Reincarnation,Google Drive,The-Tree-of-Enlightenment.pdf,buddhist_continuity,2,blackswanreprise,Buddhism & Eastern Philosophy,unknown,INDEX_ONLY,metadata_only,article,1S7t2neWJ47Mm4zlicWi2q3CA5xEqMhkf,https://drive.google.com/file/d/1S7t2neWJ47Mm4zlicWi2q3CA5xEqMhkf/view?usp=drivesdk
Reincarnation,Google Drive,The-Twelve-Links.pdf,buddhist_continuity,2,blackswanreprise,Buddhism & Eastern Philosophy,unknown,INDEX_ONLY,metadata_only,article,1zv2QdSpXih9FkSsrA2Kl9vM5hYTTe2t-,https://drive.google.com/file/d/1zv2QdSpXih9FkSsrA2Kl9vM5hYTTe2t-/view?usp=drivesdk
Reincarnation,Google Drive,The-Venerable-Phra-Acharn-Mun-Bhuridatta-Thera-meditation-master.pdf,buddhist_continuity,2,blackswanreprise,Buddhism & Eastern Philosophy,unknown,INDEX_ONLY,metadata_only,article,1LqxlSV8tJ-U9gQ_klkQft0wYjlrRyR_g,https://drive.google.com/file/d/1LqxlSV8tJ-U9gQ_klkQft0wYjlrRyR_g/view?usp=drivesdk
Reincarnation,Google Drive,The-Way-of-Zen-in-Vietnam.pdf,buddhist_continuity,2,blackswanreprise,Buddhism & Eastern Philosophy,unknown,INDEX_ONLY,metadata_only,article,1YyGUdEMWKs_iqnyVTNq9b2oKaSPjqLTw,https://drive.google.com/file/d/1YyGUdEMWKs_iqnyVTNq9b2oKaSPjqLTw/view?usp=drivesdk
Reincarnation,Google Drive,The-Wings-to-Awakening-An-Anthology-from-the-Pali-Canon.pdf,buddhist_continuity,2,blackswanreprise,Buddhism & Eastern Philosophy; Mysticism & Spirituality,unknown,INDEX_ONLY,metadata_only,article,1YBw3tooR10xP2Adw6DNP06XHuOt0FFuz,https://drive.google.com/file/d/1YBw3tooR10xP2Adw6DNP06XHuOt0FFuz/view?usp=drivesdk
Reincarnation,Google Drive,The-Wisdom-of-Nagarjuna.pdf,buddhist_continuity,2,blackswanreprise,Buddhism & Eastern Philosophy,unknown,INDEX_ONLY,metadata_only,article,1u0E-kNdv9Yz2TbcD40QOkK0NsqSIIJi0,https://drive.google.com/file/d/1u0E-kNdv9Yz2TbcD40QOkK0NsqSIIJi0/view?usp=drivesdk
Reincarnation,Google Drive,The-Yellow-Book.pdf,buddhist_continuity,2,blackswanreprise,Buddhism & Eastern Philosophy,unknown,INDEX_ONLY,metadata_only,article,1TauG3vnJ_JhbSTs61ycbeIhOmut5xcRu,https://drive.google.com/file/d/1TauG3vnJ_JhbSTs61ycbeIhOmut5xcRu/view?usp=drivesdk
Reincarnation,Google Drive,The-Zen-Experience-by-Thomas-Hoover.pdf,buddhist_continuity,2,blackswanreprise,Buddhism & Eastern Philosophy,unknown,INDEX_ONLY,metadata_only,article,1Pvszd6WJ1blUEQ4pVLP5c-Cnw-yv7-OG,https://drive.google.com/file/d/1Pvszd6WJ1blUEQ4pVLP5c-Cnw-yv7-OG/view?usp=drivesdk
Reincarnation,Google Drive,The-Zen-of-Advaita-Part-II.pdf,buddhist_continuity,2,blackswanreprise,Buddhism & Eastern Philosophy,unknown,INDEX_ONLY,metadata_only,article,14ty7SWM_wOejRH0VSRTzsZlVBOMZnBV0,https://drive.google.com/file/d/14ty7SWM_wOejRH0VSRTzsZlVBOMZnBV0/view?usp=drivesdk
Reincarnation,Google Drive,The-Zen-of-Advaita.pdf,buddhist_continuity,2,blackswanreprise,Buddhism & Eastern Philosophy,unknown,INDEX_ONLY,metadata_only,article,1xENyyiKnTqzQtHhMBCjbE6MWq2JjFxxZ,https://drive.google.com/file/d/1xENyyiKnTqzQtHhMBCjbE6MWq2JjFxxZ/view?usp=drivesdk
Reincarnation,Google Drive,The-Zen-of-Love.pdf,buddhist_continuity,2,blackswanreprise,Buddhism & Eastern Philosophy,unknown,INDEX_ONLY,metadata_only,article,1A-3DExs9ypY3XTMxbdSOUziagWho4rgP,https://drive.google.com/file/d/1A-3DExs9ypY3XTMxbdSOUziagWho4rgP/view?usp=drivesdk
Reincarnation,Google Drive,The-Zend-Avesta.pdf,buddhist_continuity,2,blackswanreprise,Buddhism & Eastern Philosophy; Ancient Civilisations,unknown,INDEX_ONLY,metadata_only,article,1_YlbuqggX3vEILDc5zP7Zk-E9TSwe-Ic,https://drive.google.com/file/d/1_YlbuqggX3vEILDc5zP7Zk-E9TSwe-Ic/view?usp=drivesdk
Reincarnation,Google Drive,The-book-of-protection.pdf,buddhist_continuity,2,blackswanreprise,Buddhism & Eastern Philosophy,unknown,INDEX_ONLY,metadata_only,article,1NpRlNzfS40WaiP-_5wJp4tHryChMKMrf,https://drive.google.com/file/d/1NpRlNzfS40WaiP-_5wJp4tHryChMKMrf/view?usp=drivesdk
Reincarnation,Google Drive,The-book-on-the-taboo-against-knowing-who-you-are-by-Alan-Watts.pdf,buddhist_continuity,2,blackswanreprise,Buddhism & Eastern Philosophy,unknown,INDEX_ONLY,metadata_only,article,1xOThWWxfST8IS1vzsfuggkzwHAgurm0z,https://drive.google.com/file/d/1xOThWWxfST8IS1vzsfuggkzwHAgurm0z/view?usp=drivesdk
Reincarnation,Google Drive,The-four-books.pdf,buddhist_continuity,2,blackswanreprise,Buddhism & Eastern Philosophy,unknown,INDEX_ONLY,metadata_only,article,1QgpFdEZzt3NOIXxNQtqhib-fyrHYkznE,https://drive.google.com/file/d/1QgpFdEZzt3NOIXxNQtqhib-fyrHYkznE/view?usp=drivesdk
Reincarnation,Google Drive,The-life-of-the-Buddha.pdf,buddhist_continuity,2,blackswanreprise,Buddhism & Eastern Philosophy,unknown,INDEX_ONLY,metadata_only,article,1GjEwv9gEbns3g0VmmMpoD_4BRJo8tyca,https://drive.google.com/file/d/1GjEwv9gEbns3g0VmmMpoD_4BRJo8tyca/view?usp=drivesdk
Reincarnation,Google Drive,The-path-to-happiness.pdf,buddhist_continuity,2,blackswanreprise,Buddhism & Eastern Philosophy,unknown,INDEX_ONLY,metadata_only,article,1Zkl1xnL2UP0KGnqg9zCJ_ut9WG7h7jgM,https://drive.google.com/file/d/1Zkl1xnL2UP0KGnqg9zCJ_ut9WG7h7jgM/view?usp=drivesdk
Reincarnation,Google Drive,The-wishfulfilling-golden-sun-of-the-mahayana-thought-training.pdf,buddhist_continuity,2,blackswanreprise,Buddhism & Eastern Philosophy,unknown,INDEX_ONLY,metadata_only,article,1qRc5QLqTc36uPjqYo_DBW_a-guXg-dpF,https://drive.google.com/file/d/1qRc5QLqTc36uPjqYo_DBW_a-guXg-dpF/view?usp=drivesdk
Reincarnation,Google Drive,The-workings-of-kamma.pdf,buddhist_continuity,2,blackswanreprise,Buddhism & Eastern Philosophy,unknown,INDEX_ONLY,metadata_only,article,1q0qhiONg4KftJJ3sumLDEU32_Jd2Idlo,https://drive.google.com/file/d/1q0qhiONg4KftJJ3sumLDEU32_Jd2Idlo/view?usp=drivesdk
Reincarnation,Google Drive,Theory-of-Karman-in-Indian-Thought.pdf,buddhist_continuity,2,blackswanreprise,Buddhism & Eastern Philosophy,unknown,INDEX_ONLY,metadata_only,article,1Jh9awM_eLUPP-ea5C2O9UIlyu1HKUkXE,https://drive.google.com/file/d/1Jh9awM_eLUPP-ea5C2O9UIlyu1HKUkXE/view?usp=drivesdk
Reincarnation,Google Drive,Things-As-They-Are.pdf,buddhist_continuity,2,blackswanreprise,Buddhism & Eastern Philosophy,unknown,INDEX_ONLY,metadata_only,article,1hUZItbbEtYSl_GFwusljFZB2UACv6Lbf,https://drive.google.com/file/d/1hUZItbbEtYSl_GFwusljFZB2UACv6Lbf/view?usp=drivesdk
Reincarnation,Google Drive,This-is-the-Path-By-Ajahn-Dtun.pdf,buddhist_continuity,2,blackswanreprise,Buddhism & Eastern Philosophy,unknown,INDEX_ONLY,metadata_only,article,17kcibuvbk1VUeUqd9dXHcXsS_RxnLPht,https://drive.google.com/file/d/17kcibuvbk1VUeUqd9dXHcXsS_RxnLPht/view?usp=drivesdk
Reincarnation,Google Drive,Towards-An-Inner-Peace.pdf,buddhist_continuity,2,blackswanreprise,Buddhism & Eastern Philosophy,unknown,INDEX_ONLY,metadata_only,article,1vSfXn9NMqI06PsawIIk9k9Ke1PYBXK-S,https://drive.google.com/file/d/1vSfXn9NMqI06PsawIIk9k9Ke1PYBXK-S/view?usp=drivesdk
Reincarnation,Google Drive,Transcendental-Dependent-Arising.pdf,buddhist_continuity,2,blackswanreprise,Buddhism & Eastern Philosophy,unknown,INDEX_ONLY,metadata_only,article,1FVJWeEr_uvcsdP2adWodYGGRKQq3miQO,https://drive.google.com/file/d/1FVJWeEr_uvcsdP2adWodYGGRKQq3miQO/view?usp=drivesdk
Reincarnation,Google Drive,Transforming-Problems-Into-the-Dharma-Path.pdf,buddhist_continuity,2,blackswanreprise,Buddhism & Eastern Philosophy,unknown,INDEX_ONLY,metadata_only,article,1CVYtQSaN9p6_FrdcKvzRLIsPwG5_saqd,https://drive.google.com/file/d/1CVYtQSaN9p6_FrdcKvzRLIsPwG5_saqd/view?usp=drivesdk
Reincarnation,Google Drive,Transmission-and-Enlightenment-in-Chan-Zen-Buddhism.pdf,buddhist_continuity,2,blackswanreprise,Buddhism & Eastern Philosophy,unknown,INDEX_ONLY,metadata_only,article,1AS0nZK8lXZCFZW039r8ZcgxmMO6xICVO,https://drive.google.com/file/d/1AS0nZK8lXZCFZW039r8ZcgxmMO6xICVO/view?usp=drivesdk
Reincarnation,Google Drive,Transmutation-of-Personality-through-Preksha-Meditation.pdf,buddhist_continuity,2,blackswanreprise,Buddhism & Eastern Philosophy,unknown,INDEX_ONLY,metadata_only,article,1_9JcxXLm8-fKuzfjfwC_U8C6kCHoXjzt,https://drive.google.com/file/d/1_9JcxXLm8-fKuzfjfwC_U8C6kCHoXjzt/view?usp=drivesdk
Reincarnation,Google Drive,Udana-Exclamations.pdf,buddhist_continuity,2,blackswanreprise,Buddhism & Eastern Philosophy,unknown,INDEX_ONLY,metadata_only,article,1RO3quxnaW2ll9bBDve5uT-xDybBTn16N,https://drive.google.com/file/d/1RO3quxnaW2ll9bBDve5uT-xDybBTn16N/view?usp=drivesdk
Reincarnation,Google Drive,Unentangled-Knowing.pdf,buddhist_continuity,2,blackswanreprise,Buddhism & Eastern Philosophy,unknown,INDEX_ONLY,metadata_only,article,1mFe9Q_rDEwH9MqdjejDBPwNpe49T0LrQ,https://drive.google.com/file/d/1mFe9Q_rDEwH9MqdjejDBPwNpe49T0LrQ/view?usp=drivesdk
Reincarnation,Google Drive,Unexpected-Freedom-by-Ajahn-Munindo.pdf,buddhist_continuity,2,blackswanreprise,Buddhism & Eastern Philosophy; Law & Political Thought,unknown,INDEX_ONLY,metadata_only,article,1lGkj8MvxJQSGatwnTry4XVgmm12IP6UL,https://drive.google.com/file/d/1lGkj8MvxJQSGatwnTry4XVgmm12IP6UL/view?usp=drivesdk
Reincarnation,Google Drive,Universal-Love-The-Yoga-Method-of-Buddha-Maitreya-by-Lama-Yeshe.pdf,buddhist_continuity,2,blackswanreprise,"Buddhism & Eastern Philosophy; Hinduism, Yoga & Tantra",unknown,INDEX_ONLY,metadata_only,article,1UQW9wmINlkQt6MXWkK-BiP-NJoHexO5Z,https://drive.google.com/file/d/1UQW9wmINlkQt6MXWkK-BiP-NJoHexO5Z/view?usp=drivesdk
Reincarnation,Google Drive,Unravelling-the-Mysteries-of-Mind-and-Body-Through-Abhidhamma.pdf,buddhist_continuity,2,blackswanreprise,Buddhism & Eastern Philosophy; Mysticism & Spirituality; Consciousness & Mind,unknown,INDEX_ONLY,metadata_only,article,1O62BTdxlqERN0wKi5SeZGpMOzFY00SgP,https://drive.google.com/file/d/1O62BTdxlqERN0wKi5SeZGpMOzFY00SgP/view?usp=drivesdk
Reincarnation,Google Drive,Vimalakirti-Nirdesa-Sutra.pdf,buddhist_continuity,2,blackswanreprise,Buddhism & Eastern Philosophy,unknown,INDEX_ONLY,metadata_only,article,1yNkxTT3Youn7ZQ_L3FIPmiKjtK_RVlwe,https://drive.google.com/file/d/1yNkxTT3Youn7ZQ_L3FIPmiKjtK_RVlwe/view?usp=drivesdk
Reincarnation,Google Drive,Vimalakirti-Nirdesa-Sutra1.pdf,buddhist_continuity,2,blackswanreprise,Buddhism & Eastern Philosophy,unknown,INDEX_ONLY,metadata_only,article,1hCkSSEtguq_ZjGmsyjHKk9O3ZVtyZ8In,https://drive.google.com/file/d/1hCkSSEtguq_ZjGmsyjHKk9O3ZVtyZ8In/view?usp=drivesdk
Reincarnation,Google Drive,Virtue-and-Reality-by-Lama-Zopa-Rinpoche.pdf,buddhist_continuity,2,blackswanreprise,Buddhism & Eastern Philosophy; Metaphysics & Philosophy,unknown,INDEX_ONLY,metadata_only,article,1BCzXqSItddasqYzaWyvb1lxSjzzK6r_O,https://drive.google.com/file/d/1BCzXqSItddasqYzaWyvb1lxSjzzK6r_O/view?usp=drivesdk
Reincarnation,Google Drive,Vision-of-the-Dhamma.pdf,buddhist_continuity,2,blackswanreprise,Buddhism & Eastern Philosophy,unknown,INDEX_ONLY,metadata_only,article,16XoCpj8dv-z29FyOjYfyMyOTbC7Yd95s,https://drive.google.com/file/d/16XoCpj8dv-z29FyOjYfyMyOTbC7Yd95s/view?usp=drivesdk
Reincarnation,Google Drive,Who-Will-Feed-the-Mice-Ajahn-Amaro.pdf,buddhist_continuity,2,blackswanreprise,Buddhism & Eastern Philosophy,unknown,INDEX_ONLY,metadata_only,article,1jo1p3wOQWEEXAIR6ca8bKlIzFKBcGX5H,https://drive.google.com/file/d/1jo1p3wOQWEEXAIR6ca8bKlIzFKBcGX5H/view?usp=drivesdk
Reincarnation,Google Drive,Whos-the-Boss.pdf,buddhist_continuity,2,blackswanreprise,Buddhism & Eastern Philosophy,unknown,INDEX_ONLY,metadata_only,article,1jy2LPW3MaO_Aw9Vkuxsqnc6Cd_4HsupE,https://drive.google.com/file/d/1jy2LPW3MaO_Aw9Vkuxsqnc6Cd_4HsupE/view?usp=drivesdk
Reincarnation,Google Drive,Wisdom-Develops-Samadhi.pdf,buddhist_continuity,2,blackswanreprise,Buddhism & Eastern Philosophy,unknown,INDEX_ONLY,metadata_only,article,1-YyNFv1o-rUtd7_n0gtOfz15WSEaayu5,https://drive.google.com/file/d/1-YyNFv1o-rUtd7_n0gtOfz15WSEaayu5/view?usp=drivesdk
Reincarnation,Google Drive,Wisdom-and-the-seventy-three-kinds-of-mundane-and-supramundane-knowledge.pdf,buddhist_continuity,2,blackswanreprise,Buddhism & Eastern Philosophy,unknown,INDEX_ONLY,metadata_only,article,17llHebm-lOqUuOnw-Du0eMFXNx7slERv,https://drive.google.com/file/d/17llHebm-lOqUuOnw-Du0eMFXNx7slERv/view?usp=drivesdk
Reincarnation,Google Drive,With-each-and-every-breath.pdf,buddhist_continuity,2,blackswanreprise,Buddhism & Eastern Philosophy,unknown,INDEX_ONLY,metadata_only,article,1ClK_1syM_VlnCZYutm4MEFv7ckIcPyBc,https://drive.google.com/file/d/1ClK_1syM_VlnCZYutm4MEFv7ckIcPyBc/view?usp=drivesdk
Reincarnation,Google Drive,Ye-Magick-Mirrour-of-Old-Japan.pdf,buddhist_continuity,2,blackswanreprise,Buddhism & Eastern Philosophy; Western Occultism & Magick,unknown,INDEX_ONLY,metadata_only,article,111DnNKGtAkVgtnY7tG75PVKcBPuV1R5N,https://drive.google.com/file/d/111DnNKGtAkVgtnY7tG75PVKcBPuV1R5N/view?usp=drivesdk
Reincarnation,Google Drive,Yin-Chih-Wen-The-Tract-of-the-Quiet-Way.pdf,buddhist_continuity,2,blackswanreprise,Buddhism & Eastern Philosophy,unknown,INDEX_ONLY,metadata_only,article,1EKI3EhUg_apt8jfHvRXfCyGmqae538j7,https://drive.google.com/file/d/1EKI3EhUg_apt8jfHvRXfCyGmqae538j7/view?usp=drivesdk
Reincarnation,Google Drive,Zen-A-Cognition-to-the-Mind-by-Pho-Nguyet.pdf,buddhist_continuity,2,blackswanreprise,Buddhism & Eastern Philosophy; Consciousness & Mind,unknown,INDEX_ONLY,metadata_only,article,1kcrKMmde3yFlL57KUKI0aMd7FN4u1Oqq,https://drive.google.com/file/d/1kcrKMmde3yFlL57KUKI0aMd7FN4u1Oqq/view?usp=drivesdk
Reincarnation,Google Drive,Zen-Culture-by-Thomas-Hoover.pdf,buddhist_continuity,2,blackswanreprise,Buddhism & Eastern Philosophy; History & Cultural Memory,unknown,INDEX_ONLY,metadata_only,article,1RJDPs_akKsszcEJITJdr7NhlI-7QMld0,https://drive.google.com/file/d/1RJDPs_akKsszcEJITJdr7NhlI-7QMld0/view?usp=drivesdk
Reincarnation,Google Drive,Zen-Master-Ejo-Absorption-in-the-Treasury-of-Light.pdf,buddhist_continuity,2,blackswanreprise,Buddhism & Eastern Philosophy,unknown,INDEX_ONLY,metadata_only,article,1fgx4UL1_hsZOUkUkE9tp1AiAtKayaGL6,https://drive.google.com/file/d/1fgx4UL1_hsZOUkUkE9tp1AiAtKayaGL6/view?usp=drivesdk
Reincarnation,Google Drive,Zen-Mind-Beginners-Mind-by-Shunryu-Suzuki.pdf,buddhist_continuity,2,blackswanreprise,Buddhism & Eastern Philosophy; Consciousness & Mind,unknown,INDEX_ONLY,metadata_only,article,1uAWoldlvVxQBbneAwJkdODG_q8QlNnSZ,https://drive.google.com/file/d/1uAWoldlvVxQBbneAwJkdODG_q8QlNnSZ/view?usp=drivesdk
Reincarnation,Google Drive,Zen-in-the-Art-of-Archery.pdf,buddhist_continuity,2,blackswanreprise,Buddhism & Eastern Philosophy,unknown,INDEX_ONLY,metadata_only,article,11o11No4rOtieiO-eLOyoFf26gCwgv4zU,https://drive.google.com/file/d/11o11No4rOtieiO-eLOyoFf26gCwgv4zU/view?usp=drivesdk
Reincarnation,Google Drive,[Tokubrasil] Crest Of The Wolf & Midare Karakuri MUSIC FILE.pdf,buddhist_continuity,2,blackswanreprise,Buddhism & Eastern Philosophy,unknown,INDEX_ONLY,metadata_only,article,1udRGk5OYHHtv_CWn_JMYnM2IXsl6icZl,https://drive.google.com/file/d/1udRGk5OYHHtv_CWn_JMYnM2IXsl6icZl/view?usp=drivesdk
Reincarnation,Google Drive,download.html,buddhist_continuity,2,blackswanreprise,Buddhism & Eastern Philosophy,unknown,INDEX_ONLY,metadata_only,unknown,13pITUk5FC94d1WO7WeoVI-zzSRg09Lsq,https://drive.google.com/file/d/13pITUk5FC94d1WO7WeoVI-zzSRg09Lsq/view?usp=drivesdk
Reincarnation,Google Drive,gail2012.pdf,buddhist_continuity,2,blackswanreprise,Buddhism & Eastern Philosophy,unknown,INDEX_ONLY,metadata_only,article,1fBdznqzrbLQI6DrBTstmnM4qtTYihpT3,https://drive.google.com/file/d/1fBdznqzrbLQI6DrBTstmnM4qtTYihpT3/view?usp=drivesdk
Reincarnation,Google Drive,selvesnotself.pdf,buddhist_continuity,2,blackswanreprise,Buddhism & Eastern Philosophy,unknown,INDEX_ONLY,metadata_only,article,1tCrVit2b8mVFtg9SVqV7wfqLCbN8e7uH,https://drive.google.com/file/d/1tCrVit2b8mVFtg9SVqV7wfqLCbN8e7uH/view?usp=drivesdk
Reincarnation,Google Drive,the-Seven-Factors-of-Awakening.pdf,buddhist_continuity,2,blackswanreprise,Buddhism & Eastern Philosophy; Mysticism & Spirituality,unknown,INDEX_ONLY,metadata_only,article,1UrtHK3fLS6g7pCFZk1PIEDPIfnDifK9h,https://drive.google.com/file/d/1UrtHK3fLS6g7pCFZk1PIEDPIfnDifK9h/view?usp=drivesdk
Saṃsāra,Google Drive,04.SacredBooksEast.VarOrSch.v4.Muller.Zor_.Darmesteter.ZendAvesta.p1.2nd.1880.1895..pdf,buddhist_continuity,2,blackswanreprise,Buddhism & Eastern Philosophy; Mysticism & Spirituality; Ancient Civilisations,unknown,INDEX_ONLY,metadata_only,article,1GmkINy2VjMKvm06Fq7Xvlxp-xBHSL5HQ,https://drive.google.com/file/d/1GmkINy2VjMKvm06Fq7Xvlxp-xBHSL5HQ/view?usp=drivesdk
Saṃsāra,Google Drive,23.SacredBooksEast.VarOrSch.v23.Muller.Zor_.Darmesteter.ZendAvesta.p2.SirYastsNya.Oxf_.1883..pdf,buddhist_continuity,2,blackswanreprise,Buddhism & Eastern Philosophy; Mysticism & Spirituality; Ancient Civilisations,unknown,INDEX_ONLY,metadata_only,article,1o961f0HWrIV4GlTq6_imJspOg0xYhMYG,https://drive.google.com/file/d/1o961f0HWrIV4GlTq6_imJspOg0xYhMYG/view?usp=drivesdk
Saṃsāra,Google Drive,31.SacredBooksEast.VarOrSch.v31.Muller.Zor_.Mills_.ZendAvesta.p3.YasVisAfriGahs.MiscFrag.Oxf_.1887..pdf,buddhist_continuity,2,blackswanreprise,Buddhism & Eastern Philosophy; Mysticism & Spirituality; Ancient Civilisations,unknown,INDEX_ONLY,metadata_only,article,1wGLyh-c2Prhw5c94PDyw0TqKii6eO-X1,https://drive.google.com/file/d/1wGLyh-c2Prhw5c94PDyw0TqKii6eO-X1/view?usp=drivesdk
Saṃsāra,Google Drive,A-Brief-Overview-of-the-Bardo.pdf,buddhist_continuity,2,blackswanreprise,Buddhism & Eastern Philosophy,unknown,INDEX_ONLY,metadata_only,article,1XaUmG86Svvoyup92F7udKohmRXnvRAuY,https://drive.google.com/file/d/1XaUmG86Svvoyup92F7udKohmRXnvRAuY/view?usp=drivesdk
Saṃsāra,Google Drive,A-Chanting-Guide.pdf,buddhist_continuity,2,blackswanreprise,Buddhism & Eastern Philosophy,unknown,INDEX_ONLY,metadata_only,article,1iyifg5HFsmCxoaKOC2ZT2r8wo1SUJZcx,https://drive.google.com/file/d/1iyifg5HFsmCxoaKOC2ZT2r8wo1SUJZcx/view?usp=drivesdk
Saṃsāra,Google Drive,A-Collection-Of-Studies-On-The-Tibetan-Bon-Tradition.pdf,buddhist_continuity,2,blackswanreprise,Buddhism & Eastern Philosophy,unknown,INDEX_ONLY,metadata_only,article,1uEEb92zRkj3jYnvt04d4i8WAn2WT3PxD,https://drive.google.com/file/d/1uEEb92zRkj3jYnvt04d4i8WAn2WT3PxD/view?usp=drivesdk
Saṃsāra,Google Drive,A-Commentary-on-Attitude-Training-Like-the-Rays-of-the-Sun.pdf,buddhist_continuity,2,blackswanreprise,Buddhism & Eastern Philosophy,unknown,INDEX_ONLY,metadata_only,article,1HgV4vrGuIM7HH9J8OQtnMm9NXh3iSBvN,https://drive.google.com/file/d/1HgV4vrGuIM7HH9J8OQtnMm9NXh3iSBvN/view?usp=drivesdk
Saṃsāra,Google Drive,A-Dhammapada-for-Contemplation-Ajahn-Munindo.pdf,buddhist_continuity,2,blackswanreprise,Buddhism & Eastern Philosophy,unknown,INDEX_ONLY,metadata_only,article,1sIrLOMrvctuRzGOu3POOU3Lga7UbMqDG,https://drive.google.com/file/d/1sIrLOMrvctuRzGOu3POOU3Lga7UbMqDG/view?usp=drivesdk
Saṃsāra,Google Drive,A-Discourse-on-the-Sallekha-Sutta.pdf,buddhist_continuity,2,blackswanreprise,Buddhism & Eastern Philosophy,unknown,INDEX_ONLY,metadata_only,article,1avN_phZWvyyBSgu8F5vxPC5sEJE13RX_,https://drive.google.com/file/d/1avN_phZWvyyBSgu8F5vxPC5sEJE13RX_/view?usp=drivesdk
Saṃsāra,Google Drive,A-Guide-to-Awareness.pdf,buddhist_continuity,2,blackswanreprise,Buddhism & Eastern Philosophy; Consciousness & Mind,unknown,INDEX_ONLY,metadata_only,article,1nGKCrGNeRhZOebroQXZ_f-peYOtHvltx,https://drive.google.com/file/d/1nGKCrGNeRhZOebroQXZ_f-peYOtHvltx/view?usp=drivesdk
Saṃsāra,Google Drive,A-Guide-to-Japanese-Buddhism.pdf,buddhist_continuity,2,blackswanreprise,Buddhism & Eastern Philosophy,unknown,INDEX_ONLY,metadata_only,article,1WMC5uwiIS6hde8b0NE4wSibEh24Wzxmz,https://drive.google.com/file/d/1WMC5uwiIS6hde8b0NE4wSibEh24Wzxmz/view?usp=drivesdk
Saṃsāra,Google Drive,A-Guide-to-Shamatha-Meditation.pdf,buddhist_continuity,2,blackswanreprise,Buddhism & Eastern Philosophy,unknown,INDEX_ONLY,metadata_only,article,1f23y616l9lDcYwlbYHtr0iAe06gWyS81,https://drive.google.com/file/d/1f23y616l9lDcYwlbYHtr0iAe06gWyS81/view?usp=drivesdk
Saṃsāra,Google Drive,A-Heart-Released.pdf,buddhist_continuity,2,blackswanreprise,Buddhism & Eastern Philosophy,unknown,INDEX_ONLY,metadata_only,article,1X7Ol9awwQEAVBVRYApnNmNwoAc_lUnIh,https://drive.google.com/file/d/1X7Ol9awwQEAVBVRYApnNmNwoAc_lUnIh/view?usp=drivesdk
Saṃsāra,Google Drive,A-Honed-and-Heavy-Axe.pdf,buddhist_continuity,2,blackswanreprise,Buddhism & Eastern Philosophy,unknown,INDEX_ONLY,metadata_only,article,1qm7VEnRYoJYmirAYf_NtoSHP9P4HX276,https://drive.google.com/file/d/1qm7VEnRYoJYmirAYf_NtoSHP9P4HX276/view?usp=drivesdk
Saṃsāra,Google Drive,A-Long-Sadhana-of-Vajrayogini.pdf,buddhist_continuity,2,blackswanreprise,"Buddhism & Eastern Philosophy; Hinduism, Yoga & Tantra",unknown,INDEX_ONLY,metadata_only,article,1w3zOjYQTZfKOEWuNgQX-ykoSbQWYWyEH,https://drive.google.com/file/d/1w3zOjYQTZfKOEWuNgQX-ykoSbQWYWyEH/view?usp=drivesdk
Saṃsāra,Google Drive,A-Manual-of-the-Excellent-Man.pdf,buddhist_continuity,2,blackswanreprise,Buddhism & Eastern Philosophy,unknown,INDEX_ONLY,metadata_only,article,1nq7q6yhS29foVahqv_CVmCZeNm4lzfgi,https://drive.google.com/file/d/1nq7q6yhS29foVahqv_CVmCZeNm4lzfgi/view?usp=drivesdk
Saṃsāra,Google Drive,A-Mind-Revealed.pdf,buddhist_continuity,2,blackswanreprise,Buddhism & Eastern Philosophy; Consciousness & Mind,unknown,INDEX_ONLY,metadata_only,article,1vQROG-CB-tS1eJhmw7LXrTNU5JvOIpgl,https://drive.google.com/file/d/1vQROG-CB-tS1eJhmw7LXrTNU5JvOIpgl/view?usp=drivesdk
Saṃsāra,Google Drive,A-Precious-Garland-of-the-Supreme-Path.pdf,buddhist_continuity,2,blackswanreprise,Buddhism & Eastern Philosophy,unknown,INDEX_ONLY,metadata_only,article,1DCeTqK3c6Nc70xXZuK3oTmOnNY_ROMeN,https://drive.google.com/file/d/1DCeTqK3c6Nc70xXZuK3oTmOnNY_ROMeN/view?usp=drivesdk
Saṃsāra,Google Drive,A-Swift-Pair-of-Messengers.pdf,buddhist_continuity,2,blackswanreprise,Buddhism & Eastern Philosophy,unknown,INDEX_ONLY,metadata_only,article,1wBSOkBULpaYf6MI8XozoLn-03pWJ4CCb,https://drive.google.com/file/d/1wBSOkBULpaYf6MI8XozoLn-03pWJ4CCb/view?usp=drivesdk
Saṃsāra,Google Drive,A-Tree-in-the-Forest-Ebook1.pdf,buddhist_continuity,2,blackswanreprise,Buddhism & Eastern Philosophy,unknown,INDEX_ONLY,metadata_only,article,1RAuuJAwB5wNDu3FSHMTSTFiwaLEhpbBY,https://drive.google.com/file/d/1RAuuJAwB5wNDu3FSHMTSTFiwaLEhpbBY/view?usp=drivesdk
Saṃsāra,Google Drive,A-survey-of-the-Paths-of-Tibetan-Buddhism-by-Dalai-Lama.pdf,buddhist_continuity,2,blackswanreprise,Buddhism & Eastern Philosophy,unknown,INDEX_ONLY,metadata_only,article,13bZBwy2u_e5fL33tAaklsierPLLgAUqc,https://drive.google.com/file/d/13bZBwy2u_e5fL33tAaklsierPLLgAUqc/view?usp=drivesdk
Saṃsāra,Google Drive,Abiding-in-the-Retreat.pdf,buddhist_continuity,2,blackswanreprise,Buddhism & Eastern Philosophy,unknown,INDEX_ONLY,metadata_only,article,1SQhAL6vgfL-cTcv-yI0hgG7ueJjEUB09,https://drive.google.com/file/d/1SQhAL6vgfL-cTcv-yI0hgG7ueJjEUB09/view?usp=drivesdk
Saṃsāra,Google Drive,Admirable-Friendship.pdf,buddhist_continuity,2,blackswanreprise,Buddhism & Eastern Philosophy,unknown,INDEX_ONLY,metadata_only,article,1bDEnj_RZpE5y4QduPbtnBWNOyNDKC7HV,https://drive.google.com/file/d/1bDEnj_RZpE5y4QduPbtnBWNOyNDKC7HV/view?usp=drivesdk
Saṃsāra,Google Drive,Advice-to-Rahula.pdf,buddhist_continuity,2,blackswanreprise,Buddhism & Eastern Philosophy,unknown,INDEX_ONLY,metadata_only,article,1GgZJCQo2l4p_ibfBrydo91Mupcbf-svr,https://drive.google.com/file/d/1GgZJCQo2l4p_ibfBrydo91Mupcbf-svr/view?usp=drivesdk
Saṃsāra,Google Drive,Ajaan-Khao-A-True-Spiritual-Warrior.pdf,buddhist_continuity,2,blackswanreprise,Buddhism & Eastern Philosophy; Mysticism & Spirituality,unknown,INDEX_ONLY,metadata_only,article,1l70fsx_U9WG5z9sJCPYoTV4Aki_5vCck,https://drive.google.com/file/d/1l70fsx_U9WG5z9sJCPYoTV4Aki_5vCck/view?usp=drivesdk
Saṃsāra,Google Drive,Ajahn-Amaro-Ajahn-Passano-The-Island.pdf,buddhist_continuity,2,blackswanreprise,Buddhism & Eastern Philosophy,unknown,INDEX_ONLY,metadata_only,article,1VWJ56PxHoOqOpIfmfOIqMf7ibdr1VxGP,https://drive.google.com/file/d/1VWJ56PxHoOqOpIfmfOIqMf7ibdr1VxGP/view?usp=drivesdk
Saṃsāra,Google Drive,All-the-Heaps-of-Suffering-Add-Up-To-Kama-Kilesa.pdf,buddhist_continuity,2,blackswanreprise,Buddhism & Eastern Philosophy,unknown,INDEX_ONLY,metadata_only,article,1wIsas7cMqDZxBTrHXs0HTWnDGXPsHn3a,https://drive.google.com/file/d/1wIsas7cMqDZxBTrHXs0HTWnDGXPsHn3a/view?usp=drivesdk
Saṃsāra,Google Drive,Along-the-Path.pdf,buddhist_continuity,2,blackswanreprise,Buddhism & Eastern Philosophy,unknown,INDEX_ONLY,metadata_only,article,1G7a2p78sl77-OQa0ly1HR5ls0mQmcRRg,https://drive.google.com/file/d/1G7a2p78sl77-OQa0ly1HR5ls0mQmcRRg/view?usp=drivesdk
Saṃsāra,Google Drive,Amata-Dhamma-Six-Talks-on-Dhamma.pdf,buddhist_continuity,2,blackswanreprise,Buddhism & Eastern Philosophy,unknown,INDEX_ONLY,metadata_only,article,1S9sRwSL2tI3CgZUvK4QEF2AzW-OqW8Xl,https://drive.google.com/file/d/1S9sRwSL2tI3CgZUvK4QEF2AzW-OqW8Xl/view?usp=drivesdk
Saṃsāra,Google Drive,An-Analysis-of-the-Abhidhammatthasaogaha.pdf,buddhist_continuity,2,blackswanreprise,Buddhism & Eastern Philosophy,unknown,INDEX_ONLY,metadata_only,article,1NlYuNFLKHhYagPjQA1L_TXcvnS1iX-qZ,https://drive.google.com/file/d/1NlYuNFLKHhYagPjQA1L_TXcvnS1iX-qZ/view?usp=drivesdk
Saṃsāra,Google Drive,An-Ancient-Path.pdf,buddhist_continuity,2,blackswanreprise,Buddhism & Eastern Philosophy; Ancient Civilisations,unknown,INDEX_ONLY,metadata_only,article,18y9ktA8hnFn97f_CAN26NhldbEyigQYN,https://drive.google.com/file/d/18y9ktA8hnFn97f_CAN26NhldbEyigQYN/view?usp=drivesdk
Saṃsāra,Google Drive,An-Introduction-to-Mahamudra-Meditation.pdf,buddhist_continuity,2,blackswanreprise,Buddhism & Eastern Philosophy,unknown,INDEX_ONLY,metadata_only,article,1oVVOzOCzK5_AiLuScmnAbNYBCjZ5PQ0H,https://drive.google.com/file/d/1oVVOzOCzK5_AiLuScmnAbNYBCjZ5PQ0H/view?usp=drivesdk
Saṃsāra,Google Drive,An-Introduction-to-Mahayana-Buddhism.pdf,buddhist_continuity,2,blackswanreprise,Buddhism & Eastern Philosophy,unknown,INDEX_ONLY,metadata_only,article,1HgulOs70SYSIZzQnYZb-fVFXjvpMri14,https://drive.google.com/file/d/1HgulOs70SYSIZzQnYZb-fVFXjvpMri14/view?usp=drivesdk
Saṃsāra,Google Drive,An-Unentangled-Knowing-Lessons-in-Training-the-Mind.pdf,buddhist_continuity,2,blackswanreprise,Buddhism & Eastern Philosophy; Consciousness & Mind,unknown,INDEX_ONLY,metadata_only,article,1caYKJ_qUVE242yUd8mHwENBgW24VM9Jn,https://drive.google.com/file/d/1caYKJ_qUVE242yUd8mHwENBgW24VM9Jn/view?usp=drivesdk
Saṃsāra,Google Drive,Analysis-of-the-Ways-of-Attending-to-Mindfulness.pdf,buddhist_continuity,2,blackswanreprise,Buddhism & Eastern Philosophy; Consciousness & Mind,unknown,INDEX_ONLY,metadata_only,article,1IzSxbtG9m8lZaojzC3YO6Fva9_Hwpwld,https://drive.google.com/file/d/1IzSxbtG9m8lZaojzC3YO6Fva9_Hwpwld/view?usp=drivesdk
Saṃsāra,Google Drive,Anapanasati-Mindfulness-of-Breathing.pdf,buddhist_continuity,2,blackswanreprise,Buddhism & Eastern Philosophy; Consciousness & Mind,unknown,INDEX_ONLY,metadata_only,article,1j3epcxtOD5uMVdF873fnPIZa_T1cNCiR,https://drive.google.com/file/d/1j3epcxtOD5uMVdF873fnPIZa_T1cNCiR/view?usp=drivesdk
Saṃsāra,Google Drive,Approaching-the-Dhamma.pdf,buddhist_continuity,2,blackswanreprise,Buddhism & Eastern Philosophy,unknown,INDEX_ONLY,metadata_only,article,11rzKsH-1QkfcAOB7d32P4ZblelFt8-xk,https://drive.google.com/file/d/11rzKsH-1QkfcAOB7d32P4ZblelFt8-xk/view?usp=drivesdk
Saṃsāra,Google Drive,Art-of-Attention.pdf,buddhist_continuity,2,blackswanreprise,Buddhism & Eastern Philosophy,unknown,INDEX_ONLY,metadata_only,article,13oTRMchUBgICfvVpmGbeZ2Vqg1rClKkS,https://drive.google.com/file/d/13oTRMchUBgICfvVpmGbeZ2Vqg1rClKkS/view?usp=drivesdk
Saṃsāra,Google Drive,Art-of-Living.pdf,buddhist_continuity,2,blackswanreprise,Buddhism & Eastern Philosophy,unknown,INDEX_ONLY,metadata_only,article,1Lju9yOV817-pShVICBXzxi_LRIm9DpOu,https://drive.google.com/file/d/1Lju9yOV817-pShVICBXzxi_LRIm9DpOu/view?usp=drivesdk
Saṃsāra,Google Drive,Asoka-and-the-Missions.pdf,buddhist_continuity,2,blackswanreprise,Buddhism & Eastern Philosophy,unknown,INDEX_ONLY,metadata_only,article,14m3El8xHH0Xi1F3Ko-s67CdI0h5sFGwJ,https://drive.google.com/file/d/14m3El8xHH0Xi1F3Ko-s67CdI0h5sFGwJ/view?usp=drivesdk
Saṃsāra,Google Drive,Atthakavagga.pdf,buddhist_continuity,2,blackswanreprise,Buddhism & Eastern Philosophy,unknown,INDEX_ONLY,metadata_only,article,1dVE_UzzXElkWe90S2mMdKK7-QgPhViFf,https://drive.google.com/file/d/1dVE_UzzXElkWe90S2mMdKK7-QgPhViFf/view?usp=drivesdk
Saṃsāra,Google Drive,Awakening-Presence.pdf,buddhist_continuity,2,blackswanreprise,Buddhism & Eastern Philosophy; Mysticism & Spirituality,unknown,INDEX_ONLY,metadata_only,article,1ML1Xt_jiCxEL_acMObqkD84hjLHMjuWv,https://drive.google.com/file/d/1ML1Xt_jiCxEL_acMObqkD84hjLHMjuWv/view?usp=drivesdk
Saṃsāra,Google Drive,Awakening-of-Faith.pdf,buddhist_continuity,2,blackswanreprise,Buddhism & Eastern Philosophy; Mysticism & Spirituality,unknown,INDEX_ONLY,metadata_only,article,1SSwkfz1-sO9U-Rij-XA38A5Ti-SZUKdV,https://drive.google.com/file/d/1SSwkfz1-sO9U-Rij-XA38A5Ti-SZUKdV/view?usp=drivesdk
Saṃsāra,Google Drive,Awareness-Itself.pdf,buddhist_continuity,2,blackswanreprise,Buddhism & Eastern Philosophy; Consciousness & Mind,unknown,INDEX_ONLY,metadata_only,article,1m-QMHXSUR1N754GYAp_DXupHWPPw0qOO,https://drive.google.com/file/d/1m-QMHXSUR1N754GYAp_DXupHWPPw0qOO/view?usp=drivesdk
Saṃsāra,Google Drive,AwarenessItself180407.pdf,buddhist_continuity,2,blackswanreprise,Buddhism & Eastern Philosophy; Consciousness & Mind,unknown,INDEX_ONLY,metadata_only,article,1Vl8RMjLEGb1sh9JcTRJHKV3aT4zmoQBh,https://drive.google.com/file/d/1Vl8RMjLEGb1sh9JcTRJHKV3aT4zmoQBh/view?usp=drivesdk
Saṃsāra,Google Drive,Bag-of-Bones-A-Miscellany-on-the-Body.pdf,buddhist_continuity,2,blackswanreprise,Buddhism & Eastern Philosophy,unknown,INDEX_ONLY,metadata_only,article,1LSSIjMWcaFA5iRe5f1qymehHcEn25Hmm,https://drive.google.com/file/d/1LSSIjMWcaFA5iRe5f1qymehHcEn25Hmm/view?usp=drivesdk
Saṃsāra,Google Drive,Bardo Teachings – Zhi-Kro and Ngöndro Practice,buddhist_continuity,2,blackswanreprise,Buddhism & Eastern Philosophy,unknown,INDEX_ONLY,metadata_only,unknown,1H9TEiVLI5Us6r01aAU92vc_7Vo5LnKhE,https://drive.google.com/drive/folders/1H9TEiVLI5Us6r01aAU92vc_7Vo5LnKhE
Saṃsāra,Google Drive,BasicPaticcasaMuppada-Translated-by-UHlaMyint.pdf,buddhist_continuity,2,blackswanreprise,Buddhism & Eastern Philosophy,unknown,INDEX_ONLY,metadata_only,article,13Le5nbA0K11zR_qKPefce5e-040RyoQ8,https://drive.google.com/file/d/13Le5nbA0K11zR_qKPefce5e-040RyoQ8/view?usp=drivesdk
Saṃsāra,Google Drive,Beyond-Coping.pdf,buddhist_continuity,2,blackswanreprise,Buddhism & Eastern Philosophy,unknown,INDEX_ONLY,metadata_only,article,1Mb1etKuO6FLNyhn8l_xEVDqrXMGwrzTN,https://drive.google.com/file/d/1Mb1etKuO6FLNyhn8l_xEVDqrXMGwrzTN/view?usp=drivesdk
Saṃsāra,Google Drive,Beyond-No-Self-Nirmala.pdf,buddhist_continuity,2,blackswanreprise,Buddhism & Eastern Philosophy,unknown,INDEX_ONLY,metadata_only,article,1kEhoE5KUTnt7y8ZwHqHIHiOtTp2y_Dsi,https://drive.google.com/file/d/1kEhoE5KUTnt7y8ZwHqHIHiOtTp2y_Dsi/view?usp=drivesdk
Saṃsāra,Google Drive,Bodhinyana.pdf,buddhist_continuity,2,blackswanreprise,Buddhism & Eastern Philosophy,unknown,INDEX_ONLY,metadata_only,article,1x0c-xdkguPl6eMnQLy77S08Zyd6Q3Caq,https://drive.google.com/file/d/1x0c-xdkguPl6eMnQLy77S08Zyd6Q3Caq/view?usp=drivesdk
Saṃsāra,Google Drive,Bodhisattva-Attitude.pdf,buddhist_continuity,2,blackswanreprise,Buddhism & Eastern Philosophy,unknown,INDEX_ONLY,metadata_only,article,1b4pxpoOEhtQATZ6P96Ugw_cSAYfeMq4c,https://drive.google.com/file/d/1b4pxpoOEhtQATZ6P96Ugw_cSAYfeMq4c/view?usp=drivesdk
Saṃsāra,Google Drive,Books by Luang Ta Maha Boowa,buddhist_continuity,2,blackswanreprise,Buddhism & Eastern Philosophy,unknown,INDEX_ONLY,metadata_only,book,1Je0jMguxsAX0Nys0TbEPii38EU9omy19,https://drive.google.com/drive/folders/1Je0jMguxsAX0Nys0TbEPii38EU9omy19
Saṃsāra,Google Drive,Brahmavihara-Dhamma.pdf,buddhist_continuity,2,blackswanreprise,Buddhism & Eastern Philosophy,unknown,INDEX_ONLY,metadata_only,article,1RZY-gogO90kC91HqnWEb9zRau-ROSSLQ,https://drive.google.com/file/d/1RZY-gogO90kC91HqnWEb9zRau-ROSSLQ/view?usp=drivesdk
Saṃsāra,Google Drive,Broad-View-Boundless-Heart.pdf,buddhist_continuity,2,blackswanreprise,Buddhism & Eastern Philosophy,unknown,INDEX_ONLY,metadata_only,article,1L2AqjbIOIzUPPbmFaGeX6ZUgrWkknzUo,https://drive.google.com/file/d/1L2AqjbIOIzUPPbmFaGeX6ZUgrWkknzUo/view?usp=drivesdk
Saṃsāra,Google Drive,Buddha-in-Blue-Jean.pdf,buddhist_continuity,2,blackswanreprise,Buddhism & Eastern Philosophy,unknown,INDEX_ONLY,metadata_only,article,10IPOrwAVLJkhtOQkQ8AhgnzqgeyY5ZTj,https://drive.google.com/file/d/10IPOrwAVLJkhtOQkQ8AhgnzqgeyY5ZTj/view?usp=drivesdk
Saṃsāra,Google Drive,Buddhadasa-Buddhas-Doctrine-Of-Anatta.pdf,buddhist_continuity,2,blackswanreprise,Buddhism & Eastern Philosophy,unknown,INDEX_ONLY,metadata_only,article,195Qc6wQGAi1wt4TpqtE7gejV2q-YSPYc,https://drive.google.com/file/d/195Qc6wQGAi1wt4TpqtE7gejV2q-YSPYc/view?usp=drivesdk
Saṃsāra,Google Drive,Buddhas-16-Prophecies.pdf,buddhist_continuity,2,blackswanreprise,Buddhism & Eastern Philosophy,unknown,INDEX_ONLY,metadata_only,article,1oJsNrsUDc6tYANuwKacbeL1EnLzotDe8,https://drive.google.com/file/d/1oJsNrsUDc6tYANuwKacbeL1EnLzotDe8/view?usp=drivesdk
Saṃsāra,Google Drive,Buddhas-Teachings.pdf,buddhist_continuity,2,blackswanreprise,Buddhism & Eastern Philosophy,unknown,INDEX_ONLY,metadata_only,article,1sIb2Gs2feuG61vpJ2vjSSjCbh-C47pqZ,https://drive.google.com/file/d/1sIb2Gs2feuG61vpJ2vjSSjCbh-C47pqZ/view?usp=drivesdk
Saṃsāra,Google Drive,Buddhism,buddhist_continuity,2,blackswanreprise,Buddhism & Eastern Philosophy,unknown,INDEX_ONLY,metadata_only,unknown,1zRRev6kDn7I4i23uk5btY6y2RwUBJGvr,https://drive.google.com/drive/folders/1zRRev6kDn7I4i23uk5btY6y2RwUBJGvr
Saṃsāra,Google Drive,Buddhism-Handbook-1.pdf,buddhist_continuity,2,blackswanreprise,Buddhism & Eastern Philosophy,unknown,INDEX_ONLY,metadata_only,article,1h54D5IK49J74OeOC4WW0LPrGOPmh2qee,https://drive.google.com/file/d/1h54D5IK49J74OeOC4WW0LPrGOPmh2qee/view?usp=drivesdk
Saṃsāra,Google Drive,Buddhism-Of-Tibet-Or-Lamaism.pdf,buddhist_continuity,2,blackswanreprise,Buddhism & Eastern Philosophy,unknown,INDEX_ONLY,metadata_only,article,1wbN2RZh0wjjJUZMu3jjQkl_cn3oFbDrz,https://drive.google.com/file/d/1wbN2RZh0wjjJUZMu3jjQkl_cn3oFbDrz/view?usp=drivesdk
Saṃsāra,Google Drive,Buddhism-The-Noble-Eightfold-Path-to-End-Suffering.pdf,buddhist_continuity,2,blackswanreprise,Buddhism & Eastern Philosophy,unknown,INDEX_ONLY,metadata_only,article,1mjfRuGjlAfScikmJ3HrF64L4f435LtAM,https://drive.google.com/file/d/1mjfRuGjlAfScikmJ3HrF64L4f435LtAM/view?usp=drivesdk
Saṃsāra,Google Drive,Burmese-Monks-Tales.pdf,buddhist_continuity,2,blackswanreprise,Buddhism & Eastern Philosophy,unknown,INDEX_ONLY,metadata_only,article,1BQXlUVZIDq9voVfgQfucdrj21RnJsVy4,https://drive.google.com/file/d/1BQXlUVZIDq9voVfgQfucdrj21RnJsVy4/view?usp=drivesdk
Saṃsāra,Google Drive,Bushido-the-Soul-of-Japan-by-Nitobe-Inazo.pdf,buddhist_continuity,2,blackswanreprise,Buddhism & Eastern Philosophy,unknown,INDEX_ONLY,metadata_only,article,1LawhieOUNZthHtgjBBEn4UV5MQJA1nWx,https://drive.google.com/file/d/1LawhieOUNZthHtgjBBEn4UV5MQJA1nWx/view?usp=drivesdk
Saṃsāra,Google Drive,Chod-teachings-Garchen-Rinpoche.pdf,buddhist_continuity,2,blackswanreprise,Buddhism & Eastern Philosophy,unknown,INDEX_ONLY,metadata_only,article,1rOIWLLBgpP1AfLXSV5gZ6Dyw5jKR4mKV,https://drive.google.com/file/d/1rOIWLLBgpP1AfLXSV5gZ6Dyw5jKR4mKV/view?usp=drivesdk
Saṃsāra,Google Drive,Cittanupassana-And-Vedananupassana.pdf,buddhist_continuity,2,blackswanreprise,"Buddhism & Eastern Philosophy; Hinduism, Yoga & Tantra",unknown,INDEX_ONLY,metadata_only,article,1iTPRE2Vm_E3LejYBdJcV6PZ5Vs798VB2,https://drive.google.com/file/d/1iTPRE2Vm_E3LejYBdJcV6PZ5Vs798VB2/view?usp=drivesdk
Saṃsāra,Google Drive,Come-And-See.pdf,buddhist_continuity,2,blackswanreprise,Buddhism & Eastern Philosophy,unknown,INDEX_ONLY,metadata_only,article,1MDXQM0Da3gPIllOqDCp_qdOFM7s3xTof,https://drive.google.com/file/d/1MDXQM0Da3gPIllOqDCp_qdOFM7s3xTof/view?usp=drivesdk
Saṃsāra,Google Drive,Commentary-on-Ngöndro-Practice-according-to-The-New-Treasure-of-Dudjom.pdf,buddhist_continuity,2,blackswanreprise,Buddhism & Eastern Philosophy,unknown,INDEX_ONLY,metadata_only,article,1lFWA-9nkL_k__IhEdEXepilNsx1oT9Vi,https://drive.google.com/file/d/1lFWA-9nkL_k__IhEdEXepilNsx1oT9Vi/view?usp=drivesdk
Saṃsāra,Google Drive,Commentary-on-Ngöndro-Practice-according-to-The-New-Treasure-of-Dudjom.pdf,buddhist_continuity,2,blackswanreprise,Buddhism & Eastern Philosophy,unknown,INDEX_ONLY,metadata_only,article,1WhQWJ0-l4xunQ_Hejj00F03LLs_YZgnq,https://drive.google.com/file/d/1WhQWJ0-l4xunQ_Hejj00F03LLs_YZgnq/view?usp=drivesdk
Saṃsāra,Google Drive,Comprehensive-Manual-of-Abhidhamma.pdf,buddhist_continuity,2,blackswanreprise,Buddhism & Eastern Philosophy,unknown,INDEX_ONLY,metadata_only,article,1bna8pnJrRIke6zj1_dfOLehcC6jLJ5sD,https://drive.google.com/file/d/1bna8pnJrRIke6zj1_dfOLehcC6jLJ5sD/view?usp=drivesdk
Saṃsāra,Google Drive,Consciousness-Enlarged.pdf,buddhist_continuity,2,blackswanreprise,Buddhism & Eastern Philosophy; Consciousness & Mind,unknown,INDEX_ONLY,metadata_only,article,1jxou4A-UfxIgB6m_ArzcBht4w0ybiooD,https://drive.google.com/file/d/1jxou4A-UfxIgB6m_ArzcBht4w0ybiooD/view?usp=drivesdk
Saṃsāra,Google Drive,Consciousness-Studies.pdf,buddhist_continuity,2,blackswanreprise,Buddhism & Eastern Philosophy; Consciousness & Mind,unknown,INDEX_ONLY,metadata_only,article,17oA_ioCZUyoi9DhKUpzD1wnDHcW1QZi2,https://drive.google.com/file/d/17oA_ioCZUyoi9DhKUpzD1wnDHcW1QZi2/view?usp=drivesdk
Saṃsāra,Google Drive,Contemplation-of-the-Mind.pdf,buddhist_continuity,2,blackswanreprise,Buddhism & Eastern Philosophy; Consciousness & Mind,unknown,INDEX_ONLY,metadata_only,article,1hPnGYO23pc6e9bWxalrimtj1aYipRXqt,https://drive.google.com/file/d/1hPnGYO23pc6e9bWxalrimtj1aYipRXqt/view?usp=drivesdk
Saṃsāra,Google Drive,Cultivating-Inner-Peace.pdf,buddhist_continuity,2,blackswanreprise,Buddhism & Eastern Philosophy,unknown,INDEX_ONLY,metadata_only,article,1vTkvtfnhyDZYmOby4R58h6YGv0E8oF-R,https://drive.google.com/file/d/1vTkvtfnhyDZYmOby4R58h6YGv0E8oF-R/view?usp=drivesdk
Saṃsāra,Google Drive,Daily-Purification-A-Short-Vajrasattva-Practice.pdf,buddhist_continuity,2,blackswanreprise,Buddhism & Eastern Philosophy,unknown,INDEX_ONLY,metadata_only,article,1pk_YwRXrXs8LZv1XEDl6Uh1YJ66I5mFa,https://drive.google.com/file/d/1pk_YwRXrXs8LZv1XEDl6Uh1YJ66I5mFa/view?usp=drivesdk
Saṃsāra,Google Drive,Daily-Reflections.pdf,buddhist_continuity,2,blackswanreprise,Buddhism & Eastern Philosophy,unknown,INDEX_ONLY,metadata_only,article,1hb8PzzMYdR7x8_HHsiyY-GhjnNQtmoMx,https://drive.google.com/file/d/1hb8PzzMYdR7x8_HHsiyY-GhjnNQtmoMx/view?usp=drivesdk
Saṃsāra,Google Drive,Dangerous-Things-That-Ruin-The-Heart.pdf,buddhist_continuity,2,blackswanreprise,Buddhism & Eastern Philosophy,unknown,INDEX_ONLY,metadata_only,article,1a2YNPrhgRtHZgGUksWTSlLzEEx96AkIE,https://drive.google.com/file/d/1a2YNPrhgRtHZgGUksWTSlLzEEx96AkIE/view?usp=drivesdk
Saṃsāra,Google Drive,Developing-Balanced-Sensitivity-Practical-Buddhism-Tibetan-Tantra.pdf,buddhist_continuity,2,blackswanreprise,"Buddhism & Eastern Philosophy; Hinduism, Yoga & Tantra",unknown,INDEX_ONLY,metadata_only,article,1qBXctO-ZifAjqhRc_taJw8Xu3nS1ROxQ,https://drive.google.com/file/d/1qBXctO-ZifAjqhRc_taJw8Xu3nS1ROxQ/view?usp=drivesdk
Saṃsāra,Google Drive,Dhamma-Comes-From-The-Heart.pdf,buddhist_continuity,2,blackswanreprise,Buddhism & Eastern Philosophy,unknown,INDEX_ONLY,metadata_only,article,18dTDO27t6Xcis8byKQFWsrDJf2fivXgk,https://drive.google.com/file/d/18dTDO27t6Xcis8byKQFWsrDJf2fivXgk/view?usp=drivesdk
Saṃsāra,Google Drive,Dhamma-Verses.pdf,buddhist_continuity,2,blackswanreprise,Buddhism & Eastern Philosophy,unknown,INDEX_ONLY,metadata_only,article,138-Gu1uPoYyNM5BIotEJO3cfjr6LPwEI,https://drive.google.com/file/d/138-Gu1uPoYyNM5BIotEJO3cfjr6LPwEI/view?usp=drivesdk
Saṃsāra,Google Drive,Dhammacakkappavattana-Sutta.pdf,buddhist_continuity,2,blackswanreprise,Buddhism & Eastern Philosophy,unknown,INDEX_ONLY,metadata_only,article,1QxJmNhH0qhKfY09hcUJyzcZ_LHvQ6L1F,https://drive.google.com/file/d/1QxJmNhH0qhKfY09hcUJyzcZ_LHvQ6L1F/view?usp=drivesdk
Saṃsāra,Google Drive,Dhammapada-Stories-by-Gambhiro-Bikkhu.pdf,buddhist_continuity,2,blackswanreprise,Buddhism & Eastern Philosophy,unknown,INDEX_ONLY,metadata_only,article,1IAud85BgGlKJ83lP5wx6P2ZUCU4U4iLy,https://drive.google.com/file/d/1IAud85BgGlKJ83lP5wx6P2ZUCU4U4iLy/view?usp=drivesdk
Saṃsāra,Google Drive,Dharma-Mind-Worldly-Mind.pdf,buddhist_continuity,2,blackswanreprise,Buddhism & Eastern Philosophy; Consciousness & Mind,unknown,INDEX_ONLY,metadata_only,article,1d3ews2p-cAGcEadTyj6p8E_IdBBiRypU,https://drive.google.com/file/d/1d3ews2p-cAGcEadTyj6p8E_IdBBiRypU/view?usp=drivesdk
Saṃsāra,Google Drive,Dont-Desert-the-Core-Principles-of-Dhamma-Vinaya.pdf,buddhist_continuity,2,blackswanreprise,Buddhism & Eastern Philosophy,unknown,INDEX_ONLY,metadata_only,article,1puoA_ZHJq9bqaoG5wyTL35ietT9qU_kz,https://drive.google.com/file/d/1puoA_ZHJq9bqaoG5wyTL35ietT9qU_kz/view?usp=drivesdk
Saṃsāra,Google Drive,Earliest-Discourses.pdf,buddhist_continuity,2,blackswanreprise,Buddhism & Eastern Philosophy,unknown,INDEX_ONLY,metadata_only,article,17lxk9qE8LD9Dh1Plc8ONruYFT85AjPjR,https://drive.google.com/file/d/17lxk9qE8LD9Dh1Plc8ONruYFT85AjPjR/view?usp=drivesdk
Saṃsāra,Google Drive,Empty-Cloud-The-Teachings-Of-Zen-Master-Xu-Yun.pdf,buddhist_continuity,2,blackswanreprise,Buddhism & Eastern Philosophy,unknown,INDEX_ONLY,metadata_only,article,1yhx-l714QTiXXTCVzlB09L9V-tdL6n6z,https://drive.google.com/file/d/1yhx-l714QTiXXTCVzlB09L9V-tdL6n6z/view?usp=drivesdk
Saṃsāra,Google Drive,Engaging-in-Bodhisattva-Behavior-by-Shantideva.pdf,buddhist_continuity,2,blackswanreprise,Buddhism & Eastern Philosophy,unknown,INDEX_ONLY,metadata_only,article,1TrTISTwAUqVSkdwQnpSmN6JJcOoMisql,https://drive.google.com/file/d/1TrTISTwAUqVSkdwQnpSmN6JJcOoMisql/view?usp=drivesdk
Saṃsāra,Google Drive,Establishing-The-Fundamentals.pdf,buddhist_continuity,2,blackswanreprise,Buddhism & Eastern Philosophy,unknown,INDEX_ONLY,metadata_only,article,1-OAqdmKruUhTaeepCw6Z6x_RQdDNx9lC,https://drive.google.com/file/d/1-OAqdmKruUhTaeepCw6Z6x_RQdDNx9lC/view?usp=drivesdk
Saṃsāra,Google Drive,Everything-isTeaching-Us.pdf,buddhist_continuity,2,blackswanreprise,Buddhism & Eastern Philosophy,unknown,INDEX_ONLY,metadata_only,article,11vdKKHnutQvcQNqWkKUCfQzk8E91lxzw,https://drive.google.com/file/d/11vdKKHnutQvcQNqWkKUCfQzk8E91lxzw/view?usp=drivesdk
Saṃsāra,Google Drive,Exalted-Sublime-Golden-Light.pdf,buddhist_continuity,2,blackswanreprise,Buddhism & Eastern Philosophy,unknown,INDEX_ONLY,metadata_only,article,1VwTMSCpYgwUZenecE4TLGOC1korT3Kw8,https://drive.google.com/file/d/1VwTMSCpYgwUZenecE4TLGOC1korT3Kw8/view?usp=drivesdk
Saṃsāra,Google Drive,Factors-for-Awakening.pdf,buddhist_continuity,2,blackswanreprise,Buddhism & Eastern Philosophy; Mysticism & Spirituality,unknown,INDEX_ONLY,metadata_only,article,1Cdt6UJNW3VTCZkV-y3ayIIL_zW3xJEdg,https://drive.google.com/file/d/1Cdt6UJNW3VTCZkV-y3ayIIL_zW3xJEdg/view?usp=drivesdk
Saṃsāra,Google Drive,First-Things-First.pdf,buddhist_continuity,2,blackswanreprise,Buddhism & Eastern Philosophy,unknown,INDEX_ONLY,metadata_only,article,1OPBkqDDBBy8sICARKax0WgLkLxcaDG7A,https://drive.google.com/file/d/1OPBkqDDBBy8sICARKax0WgLkLxcaDG7A/view?usp=drivesdk
Saṃsāra,Google Drive,Fistfull-of-Sand.pdf,buddhist_continuity,2,blackswanreprise,Buddhism & Eastern Philosophy,unknown,INDEX_ONLY,metadata_only,article,1QbfTTJXopU498Hw6Ym6N48bHBiS-mODL,https://drive.google.com/file/d/1QbfTTJXopU498Hw6Ym6N48bHBiS-mODL/view?usp=drivesdk
Saṃsāra,Google Drive,Five-Faculties.pdf,buddhist_continuity,2,blackswanreprise,Buddhism & Eastern Philosophy,unknown,INDEX_ONLY,metadata_only,article,12F8dz8uemKN39eDflBsG24eblQuOlW5F,https://drive.google.com/file/d/12F8dz8uemKN39eDflBsG24eblQuOlW5F/view?usp=drivesdk
Saṃsāra,Google Drive,Food-for-Thought.pdf,buddhist_continuity,2,blackswanreprise,Buddhism & Eastern Philosophy,unknown,INDEX_ONLY,metadata_only,article,1xngXUznaEa9JQm9H_tk8cKvvqeud3ODW,https://drive.google.com/file/d/1xngXUznaEa9JQm9H_tk8cKvvqeud3ODW/view?usp=drivesdk
Saṃsāra,Google Drive,For-the-Stilling-of-Volcanoes.pdf,buddhist_continuity,2,blackswanreprise,Buddhism & Eastern Philosophy,unknown,INDEX_ONLY,metadata_only,article,1EPbdRyQvD8nhzGGoXPz-TckhYgSwLy-E,https://drive.google.com/file/d/1EPbdRyQvD8nhzGGoXPz-TckhYgSwLy-E/view?usp=drivesdk
Saṃsāra,Google Drive,Forest-Dhamma.pdf,buddhist_continuity,2,blackswanreprise,Buddhism & Eastern Philosophy,unknown,INDEX_ONLY,metadata_only,article,1f6OzKdGIh7919Wpsp8jcwzImO8CpimBC,https://drive.google.com/file/d/1f6OzKdGIh7919Wpsp8jcwzImO8CpimBC/view?usp=drivesdk
Saṃsāra,Google Drive,Forest-Path.pdf,buddhist_continuity,2,blackswanreprise,Buddhism & Eastern Philosophy,unknown,INDEX_ONLY,metadata_only,article,1yOHFjAMwOu1gDZ7s9UIZqJ8K5fNNItB4,https://drive.google.com/file/d/1yOHFjAMwOu1gDZ7s9UIZqJ8K5fNNItB4/view?usp=drivesdk
Saṃsāra,Google Drive,Frames-of-Reference-by-Ajaan-Lee-Dhamadharo.pdf,buddhist_continuity,2,blackswanreprise,Buddhism & Eastern Philosophy,unknown,INDEX_ONLY,metadata_only,article,1VFDx6I7MsmoZMG3w8ftlpIWyVuvbKVcp,https://drive.google.com/file/d/1VFDx6I7MsmoZMG3w8ftlpIWyVuvbKVcp/view?usp=drivesdk
Saṃsāra,Google Drive,Freedom-Through-Understanding-by-Lama-Yeshe-and-Lama-Zopa-Rinpoche.pdf,buddhist_continuity,2,blackswanreprise,Buddhism & Eastern Philosophy; Law & Political Thought,unknown,INDEX_ONLY,metadata_only,article,11FmvRR0iOOUgglrU6GuGPeL5fIfDRFYL,https://drive.google.com/file/d/11FmvRR0iOOUgglrU6GuGPeL5fIfDRFYL/view?usp=drivesdk
Saṃsāra,Google Drive,Freeing-the-Heart-Dhamma-Teachings.pdf,buddhist_continuity,2,blackswanreprise,Buddhism & Eastern Philosophy,unknown,INDEX_ONLY,metadata_only,article,1MM3l_NHkvlhfcSC5PJ3jgwXxbG8WqDhx,https://drive.google.com/file/d/1MM3l_NHkvlhfcSC5PJ3jgwXxbG8WqDhx/view?usp=drivesdk
Saṃsāra,Google Drive,From-Buddha-to-be-to-Teacher.pdf,buddhist_continuity,2,blackswanreprise,Buddhism & Eastern Philosophy,unknown,INDEX_ONLY,metadata_only,article,1FqK5Rn5YacHYdR5eBFTvNTLSQfGOyBkV,https://drive.google.com/file/d/1FqK5Rn5YacHYdR5eBFTvNTLSQfGOyBkV/view?usp=drivesdk
Saṃsāra,Google Drive,Fundamentals-of-Buddhism.pdf,buddhist_continuity,2,blackswanreprise,Buddhism & Eastern Philosophy,unknown,INDEX_ONLY,metadata_only,article,1hykcXmm63wlcloT0uLtLrFIE27NItOtO,https://drive.google.com/file/d/1hykcXmm63wlcloT0uLtLrFIE27NItOtO/view?usp=drivesdk
Saṃsāra,Google Drive,Fundamentals-of-Chan-Meditation-Practice.pdf,buddhist_continuity,2,blackswanreprise,Buddhism & Eastern Philosophy,unknown,INDEX_ONLY,metadata_only,article,1judekxkDVSDKndCc1e1hGPp8RO-psDgx,https://drive.google.com/file/d/1judekxkDVSDKndCc1e1hGPp8RO-psDgx/view?usp=drivesdk
Saṃsāra,Google Drive,Fundamentals-of-Vipassana-Meditation.pdf,buddhist_continuity,2,blackswanreprise,Buddhism & Eastern Philosophy,unknown,INDEX_ONLY,metadata_only,article,1cX0Q8-yYaUFuUgVcRdEH-bB8B_nfYjTP,https://drive.google.com/file/d/1cX0Q8-yYaUFuUgVcRdEH-bB8B_nfYjTP/view?usp=drivesdk
Saṃsāra,Google Drive,G.-Gurdjieffs-Institure-for-the-Harmonious-Development-of-Man.pdf,buddhist_continuity,2,blackswanreprise,Buddhism & Eastern Philosophy; Gurdjieff & Fourth Way,unknown,INDEX_ONLY,metadata_only,article,1o0mHG64VSHGfmtDbNHl9Dr4VUY5faNm2,https://drive.google.com/file/d/1o0mHG64VSHGfmtDbNHl9Dr4VUY5faNm2/view?usp=drivesdk
Saṃsāra,Google Drive,Ganadharavada.pdf,buddhist_continuity,2,blackswanreprise,Buddhism & Eastern Philosophy,unknown,INDEX_ONLY,metadata_only,article,15LdtXUeplGCpHKL9MkSgiMLDvJ7TAM4E,https://drive.google.com/file/d/15LdtXUeplGCpHKL9MkSgiMLDvJ7TAM4E/view?usp=drivesdk
Saṃsāra,Google Drive,Gifts-He-Left-Behind.pdf,buddhist_continuity,2,blackswanreprise,Buddhism & Eastern Philosophy,unknown,INDEX_ONLY,metadata_only,article,19ZgLXyJtdXtjDhY1ueD7-6wPoa00VqgQ,https://drive.google.com/file/d/19ZgLXyJtdXtjDhY1ueD7-6wPoa00VqgQ/view?usp=drivesdk
Saṃsāra,Google Drive,Good-Question-Good-Answer.pdf,buddhist_continuity,2,blackswanreprise,Buddhism & Eastern Philosophy,unknown,INDEX_ONLY,metadata_only,article,1YP2ta6177SS5HaAF5a207v2NVqgvpMpo,https://drive.google.com/file/d/1YP2ta6177SS5HaAF5a207v2NVqgvpMpo/view?usp=drivesdk
Saṃsāra,Google Drive,Great-Bliss-Tantric-Sex-and-the-Path-to-Inner-Awakening.pdf,buddhist_continuity,2,blackswanreprise,"Buddhism & Eastern Philosophy; Hinduism, Yoga & Tantra; Mysticism & Spirituality",unknown,INDEX_ONLY,metadata_only,article,1yOL4mdUWB-MIyJ7q2W1RFAs7efjAW2oy,https://drive.google.com/file/d/1yOL4mdUWB-MIyJ7q2W1RFAs7efjAW2oy/view?usp=drivesdk
Saṃsāra,Google Drive,Great-Patient-One.pdf,buddhist_continuity,2,blackswanreprise,Buddhism & Eastern Philosophy; Mysticism & Spirituality,unknown,INDEX_ONLY,metadata_only,article,14OONOCbNQpnfBt8S--s9uINilDQNUcMk,https://drive.google.com/file/d/14OONOCbNQpnfBt8S--s9uINilDQNUcMk/view?usp=drivesdk
Saṃsāra,Google Drive,Green-Dharma.pdf,buddhist_continuity,2,blackswanreprise,Buddhism & Eastern Philosophy,unknown,INDEX_ONLY,metadata_only,article,1Tbogv_NCB4hahsw1L1FIScLwgb2MwOHl,https://drive.google.com/file/d/1Tbogv_NCB4hahsw1L1FIScLwgb2MwOHl/view?usp=drivesdk
Saṃsāra,Google Drive,Guide-To-Advanced-Yoga-Techniques.pdf,buddhist_continuity,2,blackswanreprise,"Buddhism & Eastern Philosophy; Hinduism, Yoga & Tantra",unknown,INDEX_ONLY,metadata_only,article,1pONbHF6jusVc72vyMic-bpi0-8T7aXyC,https://drive.google.com/file/d/1pONbHF6jusVc72vyMic-bpi0-8T7aXyC/view?usp=drivesdk
Saṃsāra,Google Drive,Guide-through-the-Abhidhamma-Pitaka.pdf,buddhist_continuity,2,blackswanreprise,Buddhism & Eastern Philosophy,unknown,INDEX_ONLY,metadata_only,article,1rbSiVfy-2OwW8ryft_MUoNmvJzVB_Xna,https://drive.google.com/file/d/1rbSiVfy-2OwW8ryft_MUoNmvJzVB_Xna/view?usp=drivesdk
Saṃsāra,Google Drive,Guide-to-Vipassana.pdf,buddhist_continuity,2,blackswanreprise,Buddhism & Eastern Philosophy,unknown,INDEX_ONLY,metadata_only,article,14QMjaIgGFMPINBTh69MBC66-ynxz-2Xz,https://drive.google.com/file/d/14QMjaIgGFMPINBTh69MBC66-ynxz-2Xz/view?usp=drivesdk
Saṃsāra,Google Drive,Handful of Leaves VOL I – IV,buddhist_continuity,2,blackswanreprise,Buddhism & Eastern Philosophy,unknown,INDEX_ONLY,metadata_only,unknown,1zgPn3S265lLSV0rk2atjCTIz235j9tpC,https://drive.google.com/drive/folders/1zgPn3S265lLSV0rk2atjCTIz235j9tpC
Saṃsāra,Google Drive,Handful-of-leaves-1.pdf,buddhist_continuity,2,blackswanreprise,Buddhism & Eastern Philosophy,unknown,INDEX_ONLY,metadata_only,article,1kSMHsIa2K6B08AOu7iOe87ecT93NFvDL,https://drive.google.com/file/d/1kSMHsIa2K6B08AOu7iOe87ecT93NFvDL/view?usp=drivesdk
Saṃsāra,Google Drive,Handful-of-leaves-3.pdf,buddhist_continuity,2,blackswanreprise,Buddhism & Eastern Philosophy,unknown,INDEX_ONLY,metadata_only,article,1NxDE1bj4jV6xFFKx2ELiBFvA_1A3Izy2,https://drive.google.com/file/d/1NxDE1bj4jV6xFFKx2ELiBFvA_1A3Izy2/view?usp=drivesdk
Saṃsāra,Google Drive,Handful-of-leaves-II.pdf,buddhist_continuity,2,blackswanreprise,Buddhism & Eastern Philosophy,unknown,INDEX_ONLY,metadata_only,article,1X81LikRVvyLD6N-WUSbsH7vntRq19c66,https://drive.google.com/file/d/1X81LikRVvyLD6N-WUSbsH7vntRq19c66/view?usp=drivesdk
Saṃsāra,Google Drive,Handful-of-leaves-IV.pdf,buddhist_continuity,2,blackswanreprise,Buddhism & Eastern Philosophy,unknown,INDEX_ONLY,metadata_only,article,14IdF-3BMn2KAF-HLUMKjuEvJnzK80003,https://drive.google.com/file/d/14IdF-3BMn2KAF-HLUMKjuEvJnzK80003/view?usp=drivesdk
Saṃsāra,Google Drive,Head-and-Heart-together.pdf,buddhist_continuity,2,blackswanreprise,Buddhism & Eastern Philosophy; Astral & Esoteric Cosmology,unknown,INDEX_ONLY,metadata_only,article,1qnrO8eJeCpV-HYjL1MLO5yznnPNAMWiA,https://drive.google.com/file/d/1qnrO8eJeCpV-HYjL1MLO5yznnPNAMWiA/view?usp=drivesdk
Saṃsāra,Google Drive,Heart-Diamond-and-Lankavatara-Sutras.pdf,buddhist_continuity,2,blackswanreprise,Buddhism & Eastern Philosophy,unknown,INDEX_ONLY,metadata_only,article,1y4tSO2pLVP9Y6KtS91jfIH69YNJG8Jh2,https://drive.google.com/file/d/1y4tSO2pLVP9Y6KtS91jfIH69YNJG8Jh2/view?usp=drivesdk
Saṃsāra,Google Drive,Henepola Gunaratana - The Jhanas.pdf,buddhist_continuity,2,blackswanreprise,Buddhism & Eastern Philosophy,unknown,INDEX_ONLY,metadata_only,article,1EGAeBvL-n9NTqdCfLooZXuCYG3RhU35K,https://drive.google.com/file/d/1EGAeBvL-n9NTqdCfLooZXuCYG3RhU35K/view?usp=drivesdk
Saṃsāra,Google Drive,History-of-Mysticism.pdf,buddhist_continuity,2,blackswanreprise,Buddhism & Eastern Philosophy; Mysticism & Spirituality; History & Cultural Memory,unknown,INDEX_ONLY,metadata_only,article,1lYh0rQH2APR7y4VRWJBgEbCAxRaxFAdw,https://drive.google.com/file/d/1lYh0rQH2APR7y4VRWJBgEbCAxRaxFAdw/view?usp=drivesdk
Saṃsāra,Google Drive,How-To-Develop-Metta.pdf,buddhist_continuity,2,blackswanreprise,Buddhism & Eastern Philosophy,unknown,INDEX_ONLY,metadata_only,article,15Joc9gaHQDZy9cdAxpig3i-xTWv23dOU,https://drive.google.com/file/d/15Joc9gaHQDZy9cdAxpig3i-xTWv23dOU/view?usp=drivesdk
Saṃsāra,Google Drive,How-To-Die-With-A-Smile.pdf,buddhist_continuity,2,blackswanreprise,Buddhism & Eastern Philosophy,unknown,INDEX_ONLY,metadata_only,article,1jddYTlbcO1sw5Q86-pC-FORmvIMGQ52g,https://drive.google.com/file/d/1jddYTlbcO1sw5Q86-pC-FORmvIMGQ52g/view?usp=drivesdk
Saṃsāra,Google Drive,How-things-Exist-Teachings-on-Emptiness-by-Lama-Zope-Rinpoche.pdf,buddhist_continuity,2,blackswanreprise,Buddhism & Eastern Philosophy,unknown,INDEX_ONLY,metadata_only,article,1Yv1rsjuQ7bMoiifqe8gm8m5wFvaLGWDR,https://drive.google.com/file/d/1Yv1rsjuQ7bMoiifqe8gm8m5wFvaLGWDR/view?usp=drivesdk
Saṃsāra,Google Drive,How-to-Practice-the-Buddhadharma.pdf,buddhist_continuity,2,blackswanreprise,Buddhism & Eastern Philosophy,unknown,INDEX_ONLY,metadata_only,article,1Ss2ifazkp6fpbboFF4rIIVnYbyDq2_qZ,https://drive.google.com/file/d/1Ss2ifazkp6fpbboFF4rIIVnYbyDq2_qZ/view?usp=drivesdk
Saṃsāra,Google Drive,How-to-generate-Bodhicitta.pdf,buddhist_continuity,2,blackswanreprise,Buddhism & Eastern Philosophy,unknown,INDEX_ONLY,metadata_only,article,1lLp_W8DhdG210cVupSPeBiqjcOUrFPF1,https://drive.google.com/file/d/1lLp_W8DhdG210cVupSPeBiqjcOUrFPF1/view?usp=drivesdk
Saṃsāra,Google Drive,Hsin-Hsin-Ming.pdf,buddhist_continuity,2,blackswanreprise,Buddhism & Eastern Philosophy,unknown,INDEX_ONLY,metadata_only,article,1gxUdFCId7yYUusBgYwpMJxQjTHxDO17r,https://drive.google.com/file/d/1gxUdFCId7yYUusBgYwpMJxQjTHxDO17r/view?usp=drivesdk
Saṃsāra,Google Drive,Illuminating-the-Excellent-Path-to-Omniscience.pdf,buddhist_continuity,2,blackswanreprise,Buddhism & Eastern Philosophy; Science & Physics; Secret Societies & Conspiracy Literature,unknown,INDEX_ONLY,metadata_only,article,12By3omsKHkMVgvRJdGijSpsDgpKfxCeY,https://drive.google.com/file/d/12By3omsKHkMVgvRJdGijSpsDgpKfxCeY/view?usp=drivesdk
Saṃsāra,Google Drive,Illumination-of-the-Path-to-Freedom-by-the-First-Dalai-Lama.pdf,buddhist_continuity,2,blackswanreprise,Buddhism & Eastern Philosophy; Secret Societies & Conspiracy Literature; Law & Political Thought,unknown,INDEX_ONLY,metadata_only,article,1H2aCl2wKK0YgwHTDZjuSMdaUvaXEIGcv,https://drive.google.com/file/d/1H2aCl2wKK0YgwHTDZjuSMdaUvaXEIGcv/view?usp=drivesdk
Saṃsāra,Google Drive,Illuminting-the-Path-to-Enlightenment-by-Dalai-Lama.pdf,buddhist_continuity,2,blackswanreprise,Buddhism & Eastern Philosophy,unknown,INDEX_ONLY,metadata_only,article,1Pgjb8MdCaoG5jAGlysMSxlxmcwg9PjLB,https://drive.google.com/file/d/1Pgjb8MdCaoG5jAGlysMSxlxmcwg9PjLB/view?usp=drivesdk
Saṃsāra,Google Drive,In-Simple-Terms.pdf,buddhist_continuity,2,blackswanreprise,Buddhism & Eastern Philosophy,unknown,INDEX_ONLY,metadata_only,article,1e8srdv2NaRU56oEK9gSkqaN6V63Lki5j,https://drive.google.com/file/d/1e8srdv2NaRU56oEK9gSkqaN6V63Lki5j/view?usp=drivesdk
Saṃsāra,Google Drive,In-the-Elephants-Footprint.pdf,buddhist_continuity,2,blackswanreprise,Buddhism & Eastern Philosophy,unknown,INDEX_ONLY,metadata_only,article,1Src8s7kXRsqRnaut6PJo_j7fZ4bZ9VJD,https://drive.google.com/file/d/1Src8s7kXRsqRnaut6PJo_j7fZ4bZ9VJD/view?usp=drivesdk
Saṃsāra,Google Drive,In-the-Spirit-of-Chan-An-Introduction-to-Chan-Buddhism.pdf,buddhist_continuity,2,blackswanreprise,Buddhism & Eastern Philosophy,unknown,INDEX_ONLY,metadata_only,article,1ndJMxmMobZhdvlA0G_ohssa7mJTzjoih,https://drive.google.com/file/d/1ndJMxmMobZhdvlA0G_ohssa7mJTzjoih/view?usp=drivesdk
Saṃsāra,Google Drive,In-this-Life-Itself-Practical-Teachings-on-Insight-Meditation.pdf,buddhist_continuity,2,blackswanreprise,Buddhism & Eastern Philosophy,unknown,INDEX_ONLY,metadata_only,article,1NxSopOq9T6VSQpcpMu1JkC0JoB1jwlx9,https://drive.google.com/file/d/1NxSopOq9T6VSQpcpMu1JkC0JoB1jwlx9/view?usp=drivesdk
Saṃsāra,Google Drive,Inner-Strength-and-Parting-Gifts.pdf,buddhist_continuity,2,blackswanreprise,Buddhism & Eastern Philosophy,unknown,INDEX_ONLY,metadata_only,article,1OCe12GpFHXddVqwAXdrrkNtT_3S5d6uH,https://drive.google.com/file/d/1OCe12GpFHXddVqwAXdrrkNtT_3S5d6uH/view?usp=drivesdk
Saṃsāra,Google Drive,Inner_Listening_-_Ajahn_Amaro.pdf,buddhist_continuity,2,blackswanreprise,Buddhism & Eastern Philosophy,unknown,INDEX_ONLY,metadata_only,article,1EFDMZPxAKT53Hs8CTJQe437YTcgPQy-Z,https://drive.google.com/file/d/1EFDMZPxAKT53Hs8CTJQe437YTcgPQy-Z/view?usp=drivesdk
Saṃsāra,Google Drive,Insight-Meditation.pdf,buddhist_continuity,2,blackswanreprise,Buddhism & Eastern Philosophy,unknown,INDEX_ONLY,metadata_only,article,11ELO7V-kVC5Q8mVi6k4oXyvxqfO-wVfs,https://drive.google.com/file/d/11ELO7V-kVC5Q8mVi6k4oXyvxqfO-wVfs/view?usp=drivesdk
Saṃsāra,Google Drive,Inspiration-from-Enlightened-Nuns.pdf,buddhist_continuity,2,blackswanreprise,Buddhism & Eastern Philosophy,unknown,INDEX_ONLY,metadata_only,article,1SSTdxXYMn8PAXR7Gb1fxyckSkmoNah1H,https://drive.google.com/file/d/1SSTdxXYMn8PAXR7Gb1fxyckSkmoNah1H/view?usp=drivesdk
Saṃsāra,Google Drive,Into-the-Stream.pdf,buddhist_continuity,2,blackswanreprise,Buddhism & Eastern Philosophy,unknown,INDEX_ONLY,metadata_only,article,1fRcitvpJu2rHJIW0F1egVtFUag3PU7R7,https://drive.google.com/file/d/1fRcitvpJu2rHJIW0F1egVtFUag3PU7R7/view?usp=drivesdk
Saṃsāra,Google Drive,Introduction-to-Buddhism-and-the-Practice-of-Zazen.pdf,buddhist_continuity,2,blackswanreprise,Buddhism & Eastern Philosophy,unknown,INDEX_ONLY,metadata_only,article,1MteHYAa7W6lRw90NKgL7wUqZZtpY0SWE,https://drive.google.com/file/d/1MteHYAa7W6lRw90NKgL7wUqZZtpY0SWE/view?usp=drivesdk
Saṃsāra,Google Drive,Introduction-to-Insight-Meditation.pdf,buddhist_continuity,2,blackswanreprise,Buddhism & Eastern Philosophy,unknown,INDEX_ONLY,metadata_only,article,1hQAvM6dcVRyeF-otoY1DUW7wW2GBMhbv,https://drive.google.com/file/d/1hQAvM6dcVRyeF-otoY1DUW7wW2GBMhbv/view?usp=drivesdk
Saṃsāra,Google Drive,Itivuttaka.pdf,buddhist_continuity,2,blackswanreprise,Buddhism & Eastern Philosophy,unknown,INDEX_ONLY,metadata_only,article,1g2-r7haXbHULnpBARQriWbgRVP8Y9kFA,https://drive.google.com/file/d/1g2-r7haXbHULnpBARQriWbgRVP8Y9kFA/view?usp=drivesdk
Saṃsāra,Google Drive,Its-Like-This.pdf,buddhist_continuity,2,blackswanreprise,Buddhism & Eastern Philosophy,unknown,INDEX_ONLY,metadata_only,article,1uOBd12BIwV1T8duylVC3fCJdkkfsU0L1,https://drive.google.com/file/d/1uOBd12BIwV1T8duylVC3fCJdkkfsU0L1/view?usp=drivesdk
Saṃsāra,Google Drive,Jamme-Tulku-History.pdf,buddhist_continuity,2,blackswanreprise,Buddhism & Eastern Philosophy; History & Cultural Memory,unknown,INDEX_ONLY,metadata_only,article,1Vjs4B3UufhoWkxGqCsasjR5VOYC8lt8C,https://drive.google.com/file/d/1Vjs4B3UufhoWkxGqCsasjR5VOYC8lt8C/view?usp=drivesdk
Saṃsāra,Google Drive,Jamyang-Khyentse-Wangpo-the-Great-1820-92.pdf,buddhist_continuity,2,blackswanreprise,Buddhism & Eastern Philosophy,unknown,INDEX_ONLY,metadata_only,article,1DVUuwwVxnQuCAV_9DT-GvDW-ySY6p_Ol,https://drive.google.com/file/d/1DVUuwwVxnQuCAV_9DT-GvDW-ySY6p_Ol/view?usp=drivesdk
Saṃsāra,Google Drive,Journey-into-Burmese-Silence.pdf,buddhist_continuity,2,blackswanreprise,Buddhism & Eastern Philosophy,unknown,INDEX_ONLY,metadata_only,article,1UwcRxcXC_AUoY8q-Dv0POHJWALJaoPMX,https://drive.google.com/file/d/1UwcRxcXC_AUoY8q-Dv0POHJWALJaoPMX/view?usp=drivesdk
Saṃsāra,Google Drive,Joyful-Parents-Succesful-children.pdf,buddhist_continuity,2,blackswanreprise,Buddhism & Eastern Philosophy,unknown,INDEX_ONLY,metadata_only,article,1xDvRSPgxk3A_Y_7XbUSyD9l13n5iIquR,https://drive.google.com/file/d/1xDvRSPgxk3A_Y_7XbUSyD9l13n5iIquR/view?usp=drivesdk
Saṃsāra,Google Drive,Kadampa-Teachings-by-Lama-Zopa-Rinpoche.pdf,buddhist_continuity,2,blackswanreprise,Buddhism & Eastern Philosophy,unknown,INDEX_ONLY,metadata_only,article,1VDnEeevycxM15Bv8FHTjcERjcMaZwhrr,https://drive.google.com/file/d/1VDnEeevycxM15Bv8FHTjcERjcMaZwhrr/view?usp=drivesdk
Saṃsāra,Google Drive,Kamma-and-the-end-of-Kamma-Ajahn-Sucitto.pdf,buddhist_continuity,2,blackswanreprise,Buddhism & Eastern Philosophy,unknown,INDEX_ONLY,metadata_only,article,1i22U94SoRYeEeMQxhLIfNWT7e9TzzutB,https://drive.google.com/file/d/1i22U94SoRYeEeMQxhLIfNWT7e9TzzutB/view?usp=drivesdk
Saṃsāra,Google Drive,Karma_Yoga_-_By_Swami_Vivekananda.pdf,karma,2,blackswanreprise,"Hinduism, Yoga & Tantra",unknown,INDEX_ONLY,metadata_only,article,1RpbOecR5V_rjqUrsRScm3GnhkV7sFXIY,https://drive.google.com/file/d/1RpbOecR5V_rjqUrsRScm3GnhkV7sFXIY/view?usp=drivesdk
Saṃsāra,Google Drive,Keeping-the-Breath-in-Mind-Lessons-in-Samadhi.pdf,buddhist_continuity,2,blackswanreprise,Buddhism & Eastern Philosophy; Consciousness & Mind,unknown,INDEX_ONLY,metadata_only,article,1C0e6aWeklsNyCCsEnB9NjADpm9ClcZLK,https://drive.google.com/file/d/1C0e6aWeklsNyCCsEnB9NjADpm9ClcZLK/view?usp=drivesdk
Saṃsāra,Google Drive,Knowing-and-Seeing.pdf,buddhist_continuity,2,blackswanreprise,Buddhism & Eastern Philosophy,unknown,INDEX_ONLY,metadata_only,article,1izVND0QGzuMdDqn63zY-n1pF9GIA5Gzx,https://drive.google.com/file/d/1izVND0QGzuMdDqn63zY-n1pF9GIA5Gzx/view?usp=drivesdk
Saṃsāra,Google Drive,Kularnava-Tantra.pdf,buddhist_continuity,2,blackswanreprise,"Buddhism & Eastern Philosophy; Hinduism, Yoga & Tantra",unknown,INDEX_ONLY,metadata_only,article,15M9E9oaUrxKQ7IpnY0eZOM-F1atfYozR,https://drive.google.com/file/d/15M9E9oaUrxKQ7IpnY0eZOM-F1atfYozR/view?usp=drivesdk
Saṃsāra,Google Drive,Kundalini-and-Yantra.pdf,buddhist_continuity,2,blackswanreprise,Buddhism & Eastern Philosophy,unknown,INDEX_ONLY,metadata_only,article,1UfwwkH7L19Yy6HXE-DH0VfDYni6b-lPv,https://drive.google.com/file/d/1UfwwkH7L19Yy6HXE-DH0VfDYni6b-lPv/view?usp=drivesdk
Saṃsāra,Google Drive,Lamdre-Dawn-of-Enlightenment.pdf,buddhist_continuity,2,blackswanreprise,Buddhism & Eastern Philosophy,unknown,INDEX_ONLY,metadata_only,article,1hCDxLPv4dlpIzgk7j7v8s8a-fx4X4NCf,https://drive.google.com/file/d/1hCDxLPv4dlpIzgk7j7v8s8a-fx4X4NCf/view?usp=drivesdk
Saṃsāra,Google Drive,Language-Thought-and-Logical-Paradoxes.pdf,buddhist_continuity,2,blackswanreprise,Buddhism & Eastern Philosophy; Metaphysics & Philosophy; Language & Etymology,unknown,INDEX_ONLY,metadata_only,article,1iwsXACyg9mhx3m1KgBsUj9CO8uuzqB8W,https://drive.google.com/file/d/1iwsXACyg9mhx3m1KgBsUj9CO8uuzqB8W/view?usp=drivesdk
Saṃsāra,Google Drive,Lao-tse-The-Tao-Teh-King.pdf,buddhist_continuity,2,blackswanreprise,Buddhism & Eastern Philosophy; Taoism,unknown,INDEX_ONLY,metadata_only,article,1i2HwuQHpviYvIh16qTp1vXsh8uxoBHxf,https://drive.google.com/file/d/1i2HwuQHpviYvIh16qTp1vXsh8uxoBHxf/view?usp=drivesdk
Saṃsāra,Google Drive,Life-of-inner-Quality-by-Maha-Boowa.pdf,buddhist_continuity,2,blackswanreprise,Buddhism & Eastern Philosophy,unknown,INDEX_ONLY,metadata_only,article,111GMLCiToT3gPGEHHRho_FDKkODNTnJa,https://drive.google.com/file/d/111GMLCiToT3gPGEHHRho_FDKkODNTnJa/view?usp=drivesdk
Saṃsāra,Google Drive,Living-Nonduality.pdf,buddhist_continuity,2,blackswanreprise,Buddhism & Eastern Philosophy; Dzogchen & Non-duality; Consciousness & Mind; Non-duality / Liberation,unknown,INDEX_ONLY,metadata_only,article,1Solmwy-KyITnlxO0tPFvdWKLtyYSTUuB,https://drive.google.com/file/d/1Solmwy-KyITnlxO0tPFvdWKLtyYSTUuB/view?usp=drivesdk
Saṃsāra,Google Drive,Luang_Por_Liem-Walking_with_Awareness.pdf,buddhist_continuity,2,blackswanreprise,Buddhism & Eastern Philosophy; Consciousness & Mind,unknown,INDEX_ONLY,metadata_only,article,1pA8NXXST77qDTZPloFs_dlzN5pmT1cLG,https://drive.google.com/file/d/1pA8NXXST77qDTZPloFs_dlzN5pmT1cLG/view?usp=drivesdk
Saṃsāra,Google Drive,Mae-Chee-Kaew-Her-Journey-to-Spiritual-Awakening-Enlightenment.pdf,buddhist_continuity,2,blackswanreprise,Buddhism & Eastern Philosophy; Mysticism & Spirituality,unknown,INDEX_ONLY,metadata_only,article,1cvNaQlaIysdsjT2Bu2CrTRryiv8O9KLo,https://drive.google.com/file/d/1cvNaQlaIysdsjT2Bu2CrTRryiv8O9KLo/view?usp=drivesdk
Saṃsāra,Google Drive,Maha-Satipatthana-Sutta.pdf,buddhist_continuity,2,blackswanreprise,Buddhism & Eastern Philosophy,unknown,INDEX_ONLY,metadata_only,article,146PrlxGvOJZGdrUTz9oE2wezmX-4ZVq7,https://drive.google.com/file/d/146PrlxGvOJZGdrUTz9oE2wezmX-4ZVq7/view?usp=drivesdk
Saṃsāra,Google Drive,Mahasi-Sayadaw-TheSatipatthanaVipassanaMeditation.pdf,buddhist_continuity,2,blackswanreprise,Buddhism & Eastern Philosophy,unknown,INDEX_ONLY,metadata_only,article,10TUx-h1sQIt4-5D3F-18tkNLXCV4NZXg,https://drive.google.com/file/d/10TUx-h1sQIt4-5D3F-18tkNLXCV4NZXg/view?usp=drivesdk
Saṃsāra,Google Drive,Majjhima-Nikaya.pdf,buddhist_continuity,2,blackswanreprise,Buddhism & Eastern Philosophy,unknown,INDEX_ONLY,metadata_only,article,1--UY0p9XKVU2DqzjPhDgBLICIIVoo8V0,https://drive.google.com/file/d/1--UY0p9XKVU2DqzjPhDgBLICIIVoo8V0/view?usp=drivesdk
Saṃsāra,Google Drive,Make-Your-Mind-an-Ocean.pdf,buddhist_continuity,2,blackswanreprise,Buddhism & Eastern Philosophy; Consciousness & Mind,unknown,INDEX_ONLY,metadata_only,article,1HrNsPSQEu_3RedI9SsLPGnVHVquqoLkn,https://drive.google.com/file/d/1HrNsPSQEu_3RedI9SsLPGnVHVquqoLkn/view?usp=drivesdk
Saṃsāra,Google Drive,Making-life-Meaningful.pdf,buddhist_continuity,2,blackswanreprise,Buddhism & Eastern Philosophy,unknown,INDEX_ONLY,metadata_only,article,1PA8QMV9dZTfDHY-E74b9k_0jMCwZwbiJ,https://drive.google.com/file/d/1PA8QMV9dZTfDHY-E74b9k_0jMCwZwbiJ/view?usp=drivesdk
Saṃsāra,Google Drive,Making-sense-of-Tantra.pdf,buddhist_continuity,2,blackswanreprise,"Buddhism & Eastern Philosophy; Hinduism, Yoga & Tantra",unknown,INDEX_ONLY,metadata_only,article,1ENnob61Pm1x6mqaJ-VLBCnUb1C38BcJV,https://drive.google.com/file/d/1ENnob61Pm1x6mqaJ-VLBCnUb1C38BcJV/view?usp=drivesdk
Saṃsāra,Google Drive,Manual-of-Zen-Buddhism.pdf,buddhist_continuity,2,blackswanreprise,Buddhism & Eastern Philosophy,unknown,INDEX_ONLY,metadata_only,article,1de4gLTefI03CqAi1BHWnW6abs8voy-SE,https://drive.google.com/file/d/1de4gLTefI03CqAi1BHWnW6abs8voy-SE/view?usp=drivesdk
Saṃsāra,Google Drive,Map-of-the-Journey.pdf,buddhist_continuity,2,blackswanreprise,Buddhism & Eastern Philosophy,unknown,INDEX_ONLY,metadata_only,article,1QIGCXxUYCbvbdQb6J7iZ30U12Lf2unU-,https://drive.google.com/file/d/1QIGCXxUYCbvbdQb6J7iZ30U12Lf2unU-/view?usp=drivesdk
Saṃsāra,Google Drive,Mastering-the-Core-Teachings-of-the-Buddha-1.pdf-version-Revised-2008-version1.pdf,buddhist_continuity,2,blackswanreprise,Buddhism & Eastern Philosophy,unknown,INDEX_ONLY,metadata_only,article,1xh7Xb0UdH_yme_Q8wOpZRwW7LKvjOxPm,https://drive.google.com/file/d/1xh7Xb0UdH_yme_Q8wOpZRwW7LKvjOxPm/view?usp=drivesdk
Saṃsāra,Google Drive,Max-Cafard-Zen-Anarchy.pdf,buddhist_continuity,2,blackswanreprise,Buddhism & Eastern Philosophy; Literature & Biography,unknown,INDEX_ONLY,metadata_only,article,1wGEFbx9yXFwOpJDHfX0fLwL2RtVOdx7_,https://drive.google.com/file/d/1wGEFbx9yXFwOpJDHfX0fLwL2RtVOdx7_/view?usp=drivesdk
Saṃsāra,Google Drive,Max-Cafard-Zen-Anarchy.pdf,buddhist_continuity,2,blackswanreprise,Buddhism & Eastern Philosophy,unknown,INDEX_ONLY,metadata_only,article,1wQiZBYJ6i50c1VT11i5uSkJJL0A-5_ff,https://drive.google.com/file/d/1wQiZBYJ6i50c1VT11i5uSkJJL0A-5_ff/view?usp=drivesdk
Saṃsāra,Google Drive,Meditation-On-Mind-And-Feeling.pdf,buddhist_continuity,2,blackswanreprise,Buddhism & Eastern Philosophy; Consciousness & Mind,unknown,INDEX_ONLY,metadata_only,article,1Io4Dc6bQAvRzX7Tq56pDqN-qiHySAPvB,https://drive.google.com/file/d/1Io4Dc6bQAvRzX7Tq56pDqN-qiHySAPvB/view?usp=drivesdk
Saṃsāra,Google Drive,Meditations VOL I-V,buddhist_continuity,2,blackswanreprise,Buddhism & Eastern Philosophy,unknown,INDEX_ONLY,metadata_only,unknown,1UM1iRxoG04JJ2I647hJT6KPhyIPe4V4K,https://drive.google.com/drive/folders/1UM1iRxoG04JJ2I647hJT6KPhyIPe4V4K
Saṃsāra,Google Drive,Meditations1.pdf,buddhist_continuity,2,blackswanreprise,Buddhism & Eastern Philosophy,unknown,INDEX_ONLY,metadata_only,article,1dHLmUhXbxzubkpz8yyNsc4jPWUDIF-JA,https://drive.google.com/file/d/1dHLmUhXbxzubkpz8yyNsc4jPWUDIF-JA/view?usp=drivesdk
Saṃsāra,Google Drive,Meditations2.pdf,buddhist_continuity,2,blackswanreprise,Buddhism & Eastern Philosophy,unknown,INDEX_ONLY,metadata_only,article,1eJa_Sr6bdnbtiTCKL-FjxZPmaFoGbb1i,https://drive.google.com/file/d/1eJa_Sr6bdnbtiTCKL-FjxZPmaFoGbb1i/view?usp=drivesdk
Saṃsāra,Google Drive,Meditations3.pdf,buddhist_continuity,2,blackswanreprise,Buddhism & Eastern Philosophy,unknown,INDEX_ONLY,metadata_only,article,1OjH3I2D9exTjUwgeh9KsKcDJqMMsu4sE,https://drive.google.com/file/d/1OjH3I2D9exTjUwgeh9KsKcDJqMMsu4sE/view?usp=drivesdk
Saṃsāra,Google Drive,Meditations4.pdf,buddhist_continuity,2,blackswanreprise,Buddhism & Eastern Philosophy,unknown,INDEX_ONLY,metadata_only,article,1wv4KKtUdaMpZwAGuDL2gBBRh4qxOo4y2,https://drive.google.com/file/d/1wv4KKtUdaMpZwAGuDL2gBBRh4qxOo4y2/view?usp=drivesdk
Saṃsāra,Google Drive,Meditations5.pdf,buddhist_continuity,2,blackswanreprise,Buddhism & Eastern Philosophy,unknown,INDEX_ONLY,metadata_only,article,1phrVTClVdhiep6omsiAG9Rd5QkTGcpWa,https://drive.google.com/file/d/1phrVTClVdhiep6omsiAG9Rd5QkTGcpWa/view?usp=drivesdk
Saṃsāra,Google Drive,MinGunSayadawGyi-TGC-V1P1.pdf,buddhist_continuity,2,blackswanreprise,Buddhism & Eastern Philosophy,unknown,INDEX_ONLY,metadata_only,article,1B620gJLsqlwt9M7nNl5nVnXmdXvIypXt,https://drive.google.com/file/d/1B620gJLsqlwt9M7nNl5nVnXmdXvIypXt/view?usp=drivesdk
Saṃsāra,Google Drive,MinGunSayadawGyi-TGC-V1P2.pdf,buddhist_continuity,2,blackswanreprise,Buddhism & Eastern Philosophy,unknown,INDEX_ONLY,metadata_only,article,1ptF62KXONAQRrciSdf4wSLw2ZPtn8fUD,https://drive.google.com/file/d/1ptF62KXONAQRrciSdf4wSLw2ZPtn8fUD/view?usp=drivesdk
Saṃsāra,Google Drive,MinGunSayadawGyi-TGC-V2P1.pdf,buddhist_continuity,2,blackswanreprise,Buddhism & Eastern Philosophy,unknown,INDEX_ONLY,metadata_only,article,1VcEQPjVAdrGIWj404t3cHYFoXJVOxSHW,https://drive.google.com/file/d/1VcEQPjVAdrGIWj404t3cHYFoXJVOxSHW/view?usp=drivesdk
Saṃsāra,Google Drive,MinGunSayadawGyi-TGC-V2P2.pdf,buddhist_continuity,2,blackswanreprise,Buddhism & Eastern Philosophy,unknown,INDEX_ONLY,metadata_only,article,1c2XwqFR2bE-i8UU9y9KkVgm3MvvvToAM,https://drive.google.com/file/d/1c2XwqFR2bE-i8UU9y9KkVgm3MvvvToAM/view?usp=drivesdk
Saṃsāra,Google Drive,MinGunSayadawGyi-TGC-V3.pdf,buddhist_continuity,2,blackswanreprise,Buddhism & Eastern Philosophy,unknown,INDEX_ONLY,metadata_only,article,1NFFW9k3xBEubWrGEtaQ61vq9nX5FmYo0,https://drive.google.com/file/d/1NFFW9k3xBEubWrGEtaQ61vq9nX5FmYo0/view?usp=drivesdk
Saṃsāra,Google Drive,MinGunSayadawGyi-TGC-V4.pdf,buddhist_continuity,2,blackswanreprise,Buddhism & Eastern Philosophy,unknown,INDEX_ONLY,metadata_only,article,1gqPxbX5OcmXcKELEB0pOdIxvcyaFqXry,https://drive.google.com/file/d/1gqPxbX5OcmXcKELEB0pOdIxvcyaFqXry/view?usp=drivesdk
Saṃsāra,Google Drive,MinGunSayadawGyi-TGC-V5.pdf,buddhist_continuity,2,blackswanreprise,Buddhism & Eastern Philosophy,unknown,INDEX_ONLY,metadata_only,article,1OQiMSR4-egOHiTzS4hcTgx09ZbwAPLJs,https://drive.google.com/file/d/1OQiMSR4-egOHiTzS4hcTgx09ZbwAPLJs/view?usp=drivesdk
Saṃsāra,Google Drive,MinGunSayadawGyi-TGC-V6P1.pdf,buddhist_continuity,2,blackswanreprise,Buddhism & Eastern Philosophy,unknown,INDEX_ONLY,metadata_only,article,1wAhRuwJQ_iFWBka-88-LkMtq4qOJNHvy,https://drive.google.com/file/d/1wAhRuwJQ_iFWBka-88-LkMtq4qOJNHvy/view?usp=drivesdk
Saṃsāra,Google Drive,MinGunSayadawGyi-TGC-V6P2.pdf,buddhist_continuity,2,blackswanreprise,Buddhism & Eastern Philosophy,unknown,INDEX_ONLY,metadata_only,article,1XmhFejQKhqVUaD6Y_k0HvNOyBhZ3Bi7H,https://drive.google.com/file/d/1XmhFejQKhqVUaD6Y_k0HvNOyBhZ3Bi7H/view?usp=drivesdk
Saṃsāra,Google Drive,Mindfulness-Precepts-Crashing-in-the-Same-Car-Ajahn-Jayasaro.pdf,buddhist_continuity,2,blackswanreprise,Buddhism & Eastern Philosophy; Consciousness & Mind,unknown,INDEX_ONLY,metadata_only,article,1nrfiGL56JOEh36UsW89x9I6IyC4Ozr-r,https://drive.google.com/file/d/1nrfiGL56JOEh36UsW89x9I6IyC4Ozr-r/view?usp=drivesdk
Saṃsāra,Google Drive,Mindfulness-in-plain-English.pdf,buddhist_continuity,2,blackswanreprise,Buddhism & Eastern Philosophy; Consciousness & Mind,unknown,INDEX_ONLY,metadata_only,article,1sM0nKwSqxoA_iGHKsk80QaLOqx2pOgKO,https://drive.google.com/file/d/1sM0nKwSqxoA_iGHKsk80QaLOqx2pOgKO/view?usp=drivesdk
Saṃsāra,Google Drive,Mindfulness-while-Breathing.pdf,buddhist_continuity,2,blackswanreprise,Buddhism & Eastern Philosophy; Consciousness & Mind,unknown,INDEX_ONLY,metadata_only,article,1jzctlpe-lNoAHGpiqVc3ay-yAx-c4b72,https://drive.google.com/file/d/1jzctlpe-lNoAHGpiqVc3ay-yAx-c4b72/view?usp=drivesdk
Saṃsāra,Google Drive,Mirror-of-Wisdom.pdf,buddhist_continuity,2,blackswanreprise,Buddhism & Eastern Philosophy,unknown,INDEX_ONLY,metadata_only,article,1gE5LZTo2yNbecTGqTdg5iHJHMMASydoF,https://drive.google.com/file/d/1gE5LZTo2yNbecTGqTdg5iHJHMMASydoF/view?usp=drivesdk
Saṃsāra,Google Drive,Modern Buddhism – the Path of Compassion and Wisdom,buddhist_continuity,2,blackswanreprise,Buddhism & Eastern Philosophy,unknown,INDEX_ONLY,metadata_only,unknown,1xZ-Z1S0nYSzg7ftGvVUUuUxs-dDgf_ci,https://drive.google.com/drive/folders/1xZ-Z1S0nYSzg7ftGvVUUuUxs-dDgf_ci
Saṃsāra,Google Drive,Modern-Buddhism-Volume-I.pdf,buddhist_continuity,2,blackswanreprise,Buddhism & Eastern Philosophy,unknown,INDEX_ONLY,metadata_only,article,1-875ao8WXqBnb9YOtUc0s7iDrpeeutWd,https://drive.google.com/file/d/1-875ao8WXqBnb9YOtUc0s7iDrpeeutWd/view?usp=drivesdk
Saṃsāra,Google Drive,Modern-Buddhism-Volume-II.pdf,buddhist_continuity,2,blackswanreprise,Buddhism & Eastern Philosophy,unknown,INDEX_ONLY,metadata_only,article,1Fi4DifEtR8HTDcrQT2ZOYeuvq_vIbJNL,https://drive.google.com/file/d/1Fi4DifEtR8HTDcrQT2ZOYeuvq_vIbJNL/view?usp=drivesdk
Saṃsāra,Google Drive,Modern-Buddhism-Volume-III.pdf,buddhist_continuity,2,blackswanreprise,Buddhism & Eastern Philosophy,unknown,INDEX_ONLY,metadata_only,article,1_WRtmCPWXkb4nNAh1WiY3C3H_jj0LUA2,https://drive.google.com/file/d/1_WRtmCPWXkb4nNAh1WiY3C3H_jj0LUA2/view?usp=drivesdk
Saṃsāra,Google Drive,Nalinikas-story.pdf,buddhist_continuity,2,blackswanreprise,Buddhism & Eastern Philosophy,unknown,INDEX_ONLY,metadata_only,article,1S0OIQ7HJ_mn_8qCcDYb4tm-BA7I8hPER,https://drive.google.com/file/d/1S0OIQ7HJ_mn_8qCcDYb4tm-BA7I8hPER/view?usp=drivesdk
Saṃsāra,Google Drive,Nanavira-Clearing-the-Path.pdf,buddhist_continuity,2,blackswanreprise,Buddhism & Eastern Philosophy,unknown,INDEX_ONLY,metadata_only,article,1tabOrPT6yftzrvGuKoF_D7slI3S8Wpt8,https://drive.google.com/file/d/1tabOrPT6yftzrvGuKoF_D7slI3S8Wpt8/view?usp=drivesdk
Saṃsāra,Google Drive,Nanavira_Thera-Clearing_the_Path.pdf,buddhist_continuity,2,blackswanreprise,Buddhism & Eastern Philosophy,unknown,INDEX_ONLY,metadata_only,article,1sXdaty6rDLuu8oZerDLq43NpP627DqX8,https://drive.google.com/file/d/1sXdaty6rDLuu8oZerDLq43NpP627DqX8/view?usp=drivesdk
Saṃsāra,Google Drive,Natures-Finer-Forces-The-Science-of-Breath-Rama-Prasad.pdf,buddhist_continuity,2,blackswanreprise,Buddhism & Eastern Philosophy; Science & Physics,unknown,INDEX_ONLY,metadata_only,article,1ieTwBN0WQbKI4ooMTzoR1HQFzAsHjq0W,https://drive.google.com/file/d/1ieTwBN0WQbKI4ooMTzoR1HQFzAsHjq0W/view?usp=drivesdk
Saṃsāra,Google Drive,Nectar-of-Sunyata.pdf,buddhist_continuity,2,blackswanreprise,Buddhism & Eastern Philosophy,unknown,INDEX_ONLY,metadata_only,article,1hDpvvLympainEAr7tKUPfdKcK2akr0uM,https://drive.google.com/file/d/1hDpvvLympainEAr7tKUPfdKcK2akr0uM/view?usp=drivesdk
Saṃsāra,Google Drive,Nibbana-In-Theravada-Perspective-by-Dr-U-Dhammapiya.pdf,buddhist_continuity,2,blackswanreprise,Buddhism & Eastern Philosophy,unknown,INDEX_ONLY,metadata_only,article,1LiWTY6Xc1COb4BWIo7hkFF_31bwjS98O,https://drive.google.com/file/d/1LiWTY6Xc1COb4BWIo7hkFF_31bwjS98O/view?usp=drivesdk
Saṃsāra,Google Drive,No-Inner-Core.pdf,buddhist_continuity,2,blackswanreprise,Buddhism & Eastern Philosophy,unknown,INDEX_ONLY,metadata_only,article,1lyz3JU9r4pYa6MDDYXalVeLQHIQ68tB5,https://drive.google.com/file/d/1lyz3JU9r4pYa6MDDYXalVeLQHIQ68tB5/view?usp=drivesdk
Saṃsāra,Google Drive,No-One-Can-Replace-the-Citta.pdf,buddhist_continuity,2,blackswanreprise,Buddhism & Eastern Philosophy,unknown,INDEX_ONLY,metadata_only,article,10iKmeweWZv6k31FJzh-kg-rZTjEhDA2x,https://drive.google.com/file/d/10iKmeweWZv6k31FJzh-kg-rZTjEhDA2x/view?usp=drivesdk
Saṃsāra,Google Drive,No-Worries.pdf,buddhist_continuity,2,blackswanreprise,Buddhism & Eastern Philosophy,unknown,INDEX_ONLY,metadata_only,article,1z2ZXQWHtrFstcuUrdZFvV-iyO_Ioh6Zf,https://drive.google.com/file/d/1z2ZXQWHtrFstcuUrdZFvV-iyO_Ioh6Zf/view?usp=drivesdk
Saṃsāra,Google Drive,Noble-Warrior.pdf,buddhist_continuity,2,blackswanreprise,Buddhism & Eastern Philosophy,unknown,INDEX_ONLY,metadata_only,article,17UY0FI1cM5-p75BaRffpVED8s06vZs6p,https://drive.google.com/file/d/17UY0FI1cM5-p75BaRffpVED8s06vZs6p/view?usp=drivesdk
Saṃsāra,Google Drive,Noble-and-True.pdf,buddhist_continuity,2,blackswanreprise,Buddhism & Eastern Philosophy,unknown,INDEX_ONLY,metadata_only,article,1tnKtqeXF9skrftLsrUZwWafD4U25Za0f,https://drive.google.com/file/d/1tnKtqeXF9skrftLsrUZwWafD4U25Za0f/view?usp=drivesdk
Saṃsāra,Google Drive,Non-violence.pdf,buddhist_continuity,2,blackswanreprise,Buddhism & Eastern Philosophy,unknown,INDEX_ONLY,metadata_only,article,10eu4n5jVKkIOLW3ogxYnKlICaKEsKaDQ,https://drive.google.com/file/d/10eu4n5jVKkIOLW3ogxYnKlICaKEsKaDQ/view?usp=drivesdk
Saṃsāra,Google Drive,On-the-Path-to-Freedom.pdf,buddhist_continuity,2,blackswanreprise,Buddhism & Eastern Philosophy; Law & Political Thought,unknown,INDEX_ONLY,metadata_only,article,1-Y4wPunodonYZqY0ZgEqIrDpg0qhKl3E,https://drive.google.com/file/d/1-Y4wPunodonYZqY0ZgEqIrDpg0qhKl3E/view?usp=drivesdk
Saṃsāra,Google Drive,OnThePath180109.pdf,buddhist_continuity,2,blackswanreprise,Buddhism & Eastern Philosophy,unknown,INDEX_ONLY,metadata_only,article,1LKE6F6zdAzVXfBIpRSOdHeEJNtPa8WqV,https://drive.google.com/file/d/1LKE6F6zdAzVXfBIpRSOdHeEJNtPa8WqV/view?usp=drivesdk
Saṃsāra,Google Drive,Outlines-of-Mahayana-Buddhism.pdf,buddhist_continuity,2,blackswanreprise,Buddhism & Eastern Philosophy,unknown,INDEX_ONLY,metadata_only,article,1-V6RLDmE9pomWE65NZUD6ZTcJVXsfWTN,https://drive.google.com/file/d/1-V6RLDmE9pomWE65NZUD6ZTcJVXsfWTN/view?usp=drivesdk
Saṃsāra,Google Drive,Parayanavagga-The-Way-to-the-Beyond.pdf,buddhist_continuity,2,blackswanreprise,Buddhism & Eastern Philosophy,unknown,INDEX_ONLY,metadata_only,article,1916gCsl1N1WamT5nFv9jYSA14QphLVHR,https://drive.google.com/file/d/1916gCsl1N1WamT5nFv9jYSA14QphLVHR/view?usp=drivesdk
Saṃsāra,Google Drive,Patanjali-Yoga-Sutras-in-Lingo-The-Liberation-of-Spirit-in-Modern-Metaphors.pdf,buddhist_continuity,2,blackswanreprise,"Buddhism & Eastern Philosophy; Hinduism, Yoga & Tantra",unknown,INDEX_ONLY,metadata_only,article,1EAN2_5pNDHxrvYNJELR_MOk6Undr8gYB,https://drive.google.com/file/d/1EAN2_5pNDHxrvYNJELR_MOk6Undr8gYB/view?usp=drivesdk
Saṃsāra,Google Drive,Pilgrim-Kamanita-by-Karl-Gjellerup.pdf,buddhist_continuity,2,blackswanreprise,Buddhism & Eastern Philosophy,unknown,INDEX_ONLY,metadata_only,article,16eCT-aUWc7HUFkLvL7Jdv49QCeh7XJAE,https://drive.google.com/file/d/16eCT-aUWc7HUFkLvL7Jdv49QCeh7XJAE/view?usp=drivesdk
Saṃsāra,Google Drive,Practical-Vipassana-Exercises.pdf,buddhist_continuity,2,blackswanreprise,Buddhism & Eastern Philosophy,unknown,INDEX_ONLY,metadata_only,article,1foIepBjQOAb7nQkv0V9_Ckf4PydGWkDY,https://drive.google.com/file/d/1foIepBjQOAb7nQkv0V9_Ckf4PydGWkDY/view?usp=drivesdk
Saṃsāra,Google Drive,Praises-to-the-Twenty-one-Taras.pdf,buddhist_continuity,2,blackswanreprise,Buddhism & Eastern Philosophy,unknown,INDEX_ONLY,metadata_only,article,1Vy0QbAc37qDzYbhkMKPiQqeL3EpQn7mm,https://drive.google.com/file/d/1Vy0QbAc37qDzYbhkMKPiQqeL3EpQn7mm/view?usp=drivesdk
Saṃsāra,Google Drive,Preksha-Dhyana-Perception-of-Psychic-Colours.pdf,buddhist_continuity,2,blackswanreprise,Buddhism & Eastern Philosophy,unknown,INDEX_ONLY,metadata_only,article,1opFq7DUbXWY1AsRG7h1rz_QZBw8vYyeC,https://drive.google.com/file/d/1opFq7DUbXWY1AsRG7h1rz_QZBw8vYyeC/view?usp=drivesdk
Saṃsāra,Google Drive,Pressing-Out-Pure-Honey.pdf,buddhist_continuity,2,blackswanreprise,Buddhism & Eastern Philosophy,unknown,INDEX_ONLY,metadata_only,article,1Bu7L3l7u_mJMtBmo0sn_8E9xU8iMskcT,https://drive.google.com/file/d/1Bu7L3l7u_mJMtBmo0sn_8E9xU8iMskcT/view?usp=drivesdk
Saṃsāra,Google Drive,Pure-Land-Buddhism-Dialogs-with-Ancient-Masters.pdf,buddhist_continuity,2,blackswanreprise,Buddhism & Eastern Philosophy; Ancient Civilisations,unknown,INDEX_ONLY,metadata_only,article,1HktvKV0HmzJOjbPHa6pgDaaF5tegKm4k,https://drive.google.com/file/d/1HktvKV0HmzJOjbPHa6pgDaaF5tegKm4k/view?usp=drivesdk
Saṃsāra,Google Drive,Pure-Land-Zen-Zen-Pure-land.pdf,buddhist_continuity,2,blackswanreprise,Buddhism & Eastern Philosophy,unknown,INDEX_ONLY,metadata_only,article,1VpUB0SllNW6WH13cJX-SwHcFN8LH5u3C,https://drive.google.com/file/d/1VpUB0SllNW6WH13cJX-SwHcFN8LH5u3C/view?usp=drivesdk
Saṃsāra,Google Drive,Purity-of-Heart.pdf,buddhist_continuity,2,blackswanreprise,Buddhism & Eastern Philosophy,unknown,INDEX_ONLY,metadata_only,article,1xvam02klgjIofQN6-B2DHZb3LG1SHbFi,https://drive.google.com/file/d/1xvam02klgjIofQN6-B2DHZb3LG1SHbFi/view?usp=drivesdk
Saṃsāra,Google Drive,Rain_on_the_Nile_web.pdf,buddhist_continuity,2,blackswanreprise,Buddhism & Eastern Philosophy,unknown,INDEX_ONLY,metadata_only,article,1WFXnrBtsdet5RyiJsOYktxz4I1LH-pEL,https://drive.google.com/file/d/1WFXnrBtsdet5RyiJsOYktxz4I1LH-pEL/view?usp=drivesdk
Saṃsāra,Google Drive,Ramayana,buddhist_continuity,2,blackswanreprise,Buddhism & Eastern Philosophy,unknown,INDEX_ONLY,metadata_only,unknown,1EkGkt7we-mnMOmXiuBl-WJOe7zkgh7KC,https://drive.google.com/drive/folders/1EkGkt7we-mnMOmXiuBl-WJOe7zkgh7KC
Saṃsāra,Google Drive,Ramayana-VOL-1-Bala-Ayodhya-Kanda.pdf,buddhist_continuity,2,blackswanreprise,Buddhism & Eastern Philosophy,unknown,INDEX_ONLY,metadata_only,article,18A9PU8mj4b7CUaMiaf-nfws9MWupdZqW,https://drive.google.com/file/d/18A9PU8mj4b7CUaMiaf-nfws9MWupdZqW/view?usp=drivesdk
Saṃsāra,Google Drive,Ramayana-VOL-2-Aranya-Kishkindha-Sundara-Kanda.pdf,buddhist_continuity,2,blackswanreprise,Buddhism & Eastern Philosophy,unknown,INDEX_ONLY,metadata_only,article,1D7ZBf8bbqJtIAtHuVTAhjI3rDBHDPBqw,https://drive.google.com/file/d/1D7ZBf8bbqJtIAtHuVTAhjI3rDBHDPBqw/view?usp=drivesdk
Saṃsāra,Google Drive,Ramayana-VOL-3-Yuddha-Kanda.pdf,buddhist_continuity,2,blackswanreprise,Buddhism & Eastern Philosophy,unknown,INDEX_ONLY,metadata_only,article,1h2N5UNMnL0vnItiHYQ7l56KBBStreKF_,https://drive.google.com/file/d/1h2N5UNMnL0vnItiHYQ7l56KBBStreKF_/view?usp=drivesdk
Saṃsāra,Google Drive,Ramayana-VOL-4-Uttara-Kanda.pdf,buddhist_continuity,2,blackswanreprise,Buddhism & Eastern Philosophy,unknown,INDEX_ONLY,metadata_only,article,1QBW2No8GN9BnB4bhAzCBaLkI501Lr2tS,https://drive.google.com/file/d/1QBW2No8GN9BnB4bhAzCBaLkI501Lr2tS/view?usp=drivesdk
Saṃsāra,Google Drive,Reaching-the-Goodness-Within-by-Ajahn-Uthai.pdf,buddhist_continuity,2,blackswanreprise,Buddhism & Eastern Philosophy,unknown,INDEX_ONLY,metadata_only,article,1qOzgdYxy_HK5qwPa7Hgt1Tyc22nVRVgN,https://drive.google.com/file/d/1qOzgdYxy_HK5qwPa7Hgt1Tyc22nVRVgN/view?usp=drivesdk
Saṃsāra,Google Drive,Read-the-Mind.pdf,buddhist_continuity,2,blackswanreprise,Buddhism & Eastern Philosophy; Consciousness & Mind,unknown,INDEX_ONLY,metadata_only,article,1iEwVNNJu-GrAiSJ6imXex0Yp-5WidqaQ,https://drive.google.com/file/d/1iEwVNNJu-GrAiSJ6imXex0Yp-5WidqaQ/view?usp=drivesdk
Saṃsāra,Google Drive,Realization-Of-The-Dhamma-by-Dr-U-Dhammapiya.pdf,buddhist_continuity,2,blackswanreprise,Buddhism & Eastern Philosophy,unknown,INDEX_ONLY,metadata_only,article,1T5yOLt6nkjYI4oLhU1xb7wfrRq0y-53f,https://drive.google.com/file/d/1T5yOLt6nkjYI4oLhU1xb7wfrRq0y-53f/view?usp=drivesdk
Saṃsāra,Google Drive,Realizing-Change.pdf,buddhist_continuity,2,blackswanreprise,Buddhism & Eastern Philosophy,unknown,INDEX_ONLY,metadata_only,article,1milqgwMBIRlVPfT-beBLHEBOqst4w8_J,https://drive.google.com/file/d/1milqgwMBIRlVPfT-beBLHEBOqst4w8_J/view?usp=drivesdk
Saṃsāra,Google Drive,Rice-Eyes-Enlightenmet-in-Dogens-Kitchen.pdf,buddhist_continuity,2,blackswanreprise,Buddhism & Eastern Philosophy,unknown,INDEX_ONLY,metadata_only,article,1whFdqd5bj7-0qb-0cyXdm2jv-i23CCHj,https://drive.google.com/file/d/1whFdqd5bj7-0qb-0cyXdm2jv-i23CCHj/view?usp=drivesdk
Saṃsāra,Google Drive,Right-Mindfulness.pdf,buddhist_continuity,2,blackswanreprise,Buddhism & Eastern Philosophy; Consciousness & Mind,unknown,INDEX_ONLY,metadata_only,article,1pZ8s5SwoDwpyOqL0Wci_fjV8irq8VSdp,https://drive.google.com/file/d/1pZ8s5SwoDwpyOqL0Wci_fjV8irq8VSdp/view?usp=drivesdk
Saṃsāra,Google Drive,Rude Awakenings and Great Patient One by Ajahn Sucitto and Nick Scott,buddhist_continuity,2,blackswanreprise,Buddhism & Eastern Philosophy; Mysticism & Spirituality,unknown,INDEX_ONLY,metadata_only,unknown,1uHOZkWQWbplJOZFkSERJM9TA17yTxrKI,https://drive.google.com/drive/folders/1uHOZkWQWbplJOZFkSERJM9TA17yTxrKI
Saṃsāra,Google Drive,Rude-Awakenings.pdf,buddhist_continuity,2,blackswanreprise,Buddhism & Eastern Philosophy; Mysticism & Spirituality,unknown,INDEX_ONLY,metadata_only,article,1fn1FlXM8fRCn5IXrVBf9WGxb00P4z0el,https://drive.google.com/file/d/1fn1FlXM8fRCn5IXrVBf9WGxb00P4z0el/view?usp=drivesdk
Saṃsāra,Google Drive,Rugged-Interdependency.pdf,buddhist_continuity,2,blackswanreprise,Buddhism & Eastern Philosophy,unknown,INDEX_ONLY,metadata_only,article,16BMGnm79VYR0kMCTSCBb6GEG_qsEuko7,https://drive.google.com/file/d/16BMGnm79VYR0kMCTSCBb6GEG_qsEuko7/view?usp=drivesdk
Saṃsāra,Google Drive,Samadhi-in-Buddhism.pdf,buddhist_continuity,2,blackswanreprise,Buddhism & Eastern Philosophy,unknown,INDEX_ONLY,metadata_only,article,1UyynWNC0uoIaSa7q7TV3acf0TGErNnLL,https://drive.google.com/file/d/1UyynWNC0uoIaSa7q7TV3acf0TGErNnLL/view?usp=drivesdk
Saṃsāra,Google Drive,Samatha-and-Vipassana-Meditation.pdf,buddhist_continuity,2,blackswanreprise,Buddhism & Eastern Philosophy,unknown,INDEX_ONLY,metadata_only,article,1tvgYKrM0vIj847mO-Eq9MryEl8RZ0F1T,https://drive.google.com/file/d/1tvgYKrM0vIj847mO-Eq9MryEl8RZ0F1T/view?usp=drivesdk
Saṃsāra,Google Drive,Samayasara-or-Nature-of-Self.pdf,buddhist_continuity,2,blackswanreprise,Buddhism & Eastern Philosophy,unknown,INDEX_ONLY,metadata_only,article,1CbUlwMbB33ayUhNlZ2L16Ib-mFe9Oe44,https://drive.google.com/file/d/1CbUlwMbB33ayUhNlZ2L16Ib-mFe9Oe44/view?usp=drivesdk
Saṃsāra,Google Drive,Sanmati-Tarka.pdf,buddhist_continuity,2,blackswanreprise,Buddhism & Eastern Philosophy,unknown,INDEX_ONLY,metadata_only,article,1UUt2ZnKPPE3OnZlCg90j2is6UZN7653S,https://drive.google.com/file/d/1UUt2ZnKPPE3OnZlCg90j2is6UZN7653S/view?usp=drivesdk
Saṃsāra,Google Drive,Science-Without-Bounds.pdf,buddhist_continuity,2,blackswanreprise,Buddhism & Eastern Philosophy; Science & Physics,unknown,INDEX_ONLY,metadata_only,article,1q6T-d3EjpmBBF0rC11KM1oIeH2o8ZOFd,https://drive.google.com/file/d/1q6T-d3EjpmBBF0rC11KM1oIeH2o8ZOFd/view?usp=drivesdk
Saṃsāra,Google Drive,Secret-of-the-Golden-Flower.pdf,buddhist_continuity,2,blackswanreprise,Buddhism & Eastern Philosophy,unknown,INDEX_ONLY,metadata_only,article,1fckxx7yHE08r1-GPZKB3kMsYXenqy65W,https://drive.google.com/file/d/1fckxx7yHE08r1-GPZKB3kMsYXenqy65W/view?usp=drivesdk
Saṃsāra,Google Drive,Seeing The Way,buddhist_continuity,2,blackswanreprise,Buddhism & Eastern Philosophy,unknown,INDEX_ONLY,metadata_only,unknown,1wREbMvK6ajHs1abhcdClaZhCgXBTUsaN,https://drive.google.com/drive/folders/1wREbMvK6ajHs1abhcdClaZhCgXBTUsaN
Saṃsāra,Google Drive,Seeing-Through-Guide-to-Insight-Meditation.pdf,buddhist_continuity,2,blackswanreprise,Buddhism & Eastern Philosophy,unknown,INDEX_ONLY,metadata_only,article,1tZZBIdRDeIPjp-c0Kjd1IE0qZIQRdAx9,https://drive.google.com/file/d/1tZZBIdRDeIPjp-c0Kjd1IE0qZIQRdAx9/view?usp=drivesdk
Saṃsāra,Google Drive,Seeing-the-Way-Vol-I.pdf,buddhist_continuity,2,blackswanreprise,Buddhism & Eastern Philosophy,unknown,INDEX_ONLY,metadata_only,article,16OmJU_BYzy29HSQabDwPh_53jW8lAD2Q,https://drive.google.com/file/d/16OmJU_BYzy29HSQabDwPh_53jW8lAD2Q/view?usp=drivesdk
Saṃsāra,Google Drive,Seeing-the-Way-Vol-II.pdf,buddhist_continuity,2,blackswanreprise,Buddhism & Eastern Philosophy,unknown,INDEX_ONLY,metadata_only,article,1B_xpwao7rl-VkvSyAYHorDT7gCt_SSEq,https://drive.google.com/file/d/1B_xpwao7rl-VkvSyAYHorDT7gCt_SSEq/view?usp=drivesdk
Saṃsāra,Google Drive,Seeking-Buddho-by-Ajahn-Anan-Akincano.pdf,buddhist_continuity,2,blackswanreprise,Buddhism & Eastern Philosophy,unknown,INDEX_ONLY,metadata_only,article,1qAsmHKMRytpkWt_qnVpiVjJnSGDg29pi,https://drive.google.com/file/d/1qAsmHKMRytpkWt_qnVpiVjJnSGDg29pi/view?usp=drivesdk
Saṃsāra,Google Drive,Selections-form-the-Bonpo-Book-of-the-Dead.pdf,buddhist_continuity,2,blackswanreprise,Buddhism & Eastern Philosophy,unknown,INDEX_ONLY,metadata_only,article,11Zq7Us0C1T66jCx1e_lB8TOC8dnZYRKv,https://drive.google.com/file/d/11Zq7Us0C1T66jCx1e_lB8TOC8dnZYRKv/view?usp=drivesdk
Saṃsāra,Google Drive,Settling-Back-Into-the-Moment.pdf,buddhist_continuity,2,blackswanreprise,Buddhism & Eastern Philosophy,unknown,INDEX_ONLY,metadata_only,article,1lvkj3VUdv1EScy5isiO4gotHWVHu-vW4,https://drive.google.com/file/d/1lvkj3VUdv1EScy5isiO4gotHWVHu-vW4/view?usp=drivesdk
Saṃsāra,Google Drive,"Sexuality, Magic and Politics in Tibetan Buddhism.pdf",buddhist_continuity,2,blackswanreprise,Buddhism & Eastern Philosophy; Western Occultism & Magick; Law & Political Thought,unknown,INDEX_ONLY,metadata_only,article,1jtmNIK4dzZEdppSTtiMRKSNPz4-WkHlY,https://drive.google.com/file/d/1jtmNIK4dzZEdppSTtiMRKSNPz4-WkHlY/view?usp=drivesdk
Saṃsāra,Google Drive,Shape-of-Suffering.pdf,buddhist_continuity,2,blackswanreprise,Buddhism & Eastern Philosophy,unknown,INDEX_ONLY,metadata_only,article,1yB894v8HqChMjzDB6nmCC17CjF8T3_ne,https://drive.google.com/file/d/1yB894v8HqChMjzDB6nmCC17CjF8T3_ne/view?usp=drivesdk
Saṃsāra,Google Drive,Shobogenzo-complete.pdf,buddhist_continuity,2,blackswanreprise,Buddhism & Eastern Philosophy,unknown,INDEX_ONLY,metadata_only,article,1CuzM2IUagxx8u2htLauxr5TZ-hIBIxpk,https://drive.google.com/file/d/1CuzM2IUagxx8u2htLauxr5TZ-hIBIxpk/view?usp=drivesdk
Saṃsāra,Google Drive,Silavanta-Sutta.pdf,buddhist_continuity,2,blackswanreprise,Buddhism & Eastern Philosophy,unknown,INDEX_ONLY,metadata_only,article,1QI7xkN5-NHwPK5_NLgqHi4xXgLWPmov8,https://drive.google.com/file/d/1QI7xkN5-NHwPK5_NLgqHi4xXgLWPmov8/view?usp=drivesdk
Saṃsāra,Google Drive,Simple-Teachings-on-Higher-Truths-by-Ajahn-Anan.pdf,buddhist_continuity,2,blackswanreprise,Buddhism & Eastern Philosophy,unknown,INDEX_ONLY,metadata_only,article,1G3_h6OfZhaDsfvRZvckZdvQ63hIgsY3W,https://drive.google.com/file/d/1G3_h6OfZhaDsfvRZvckZdvQ63hIgsY3W/view?usp=drivesdk
Saṃsāra,Google Drive,Simply-This-Moment.pdf,buddhist_continuity,2,blackswanreprise,Buddhism & Eastern Philosophy,unknown,INDEX_ONLY,metadata_only,article,1anBwqTtcsjCPsryeul7oA5TImzpwE81h,https://drive.google.com/file/d/1anBwqTtcsjCPsryeul7oA5TImzpwE81h/view?usp=drivesdk
Saṃsāra,Google Drive,Sixty-Songs-of-Milarepa.pdf,buddhist_continuity,2,blackswanreprise,Buddhism & Eastern Philosophy,unknown,INDEX_ONLY,metadata_only,article,16mntrdbK1VAtdmvXBl7KtKwQCoRLgIWt,https://drive.google.com/file/d/16mntrdbK1VAtdmvXBl7KtKwQCoRLgIWt/view?usp=drivesdk
Saṃsāra,Google Drive,Skill-in-Question-How-the-Buddha-Taught.pdf,buddhist_continuity,2,blackswanreprise,Buddhism & Eastern Philosophy,unknown,INDEX_ONLY,metadata_only,article,1BmkrEjHfegXqS-FIIt4Pzm0UMNOFRHre,https://drive.google.com/file/d/1BmkrEjHfegXqS-FIIt4Pzm0UMNOFRHre/view?usp=drivesdk
Saṃsāra,Google Drive,Snow-in-the-Summer.pdf,buddhist_continuity,2,blackswanreprise,Buddhism & Eastern Philosophy,unknown,INDEX_ONLY,metadata_only,article,13qBnKixq1vG_ly7Iwr5j42QcWqf1ytIG,https://drive.google.com/file/d/13qBnKixq1vG_ly7Iwr5j42QcWqf1ytIG/view?usp=drivesdk
Saṃsāra,Google Drive,Songs of Milarepa,buddhist_continuity,2,blackswanreprise,Buddhism & Eastern Philosophy,unknown,INDEX_ONLY,metadata_only,unknown,1j3vx9tUr9H3bMxvrvo7DBjkP8rUFJWEb,https://drive.google.com/drive/folders/1j3vx9tUr9H3bMxvrvo7DBjkP8rUFJWEb
Saṃsāra,Google Drive,Songs-of-Milarepa-Authentic-Expression.pdf,buddhist_continuity,2,blackswanreprise,Buddhism & Eastern Philosophy,unknown,INDEX_ONLY,metadata_only,article,1Su6KYJ9fH3GwS3tOmzYZimfOOLC9qh4a,https://drive.google.com/file/d/1Su6KYJ9fH3GwS3tOmzYZimfOOLC9qh4a/view?usp=drivesdk
Saṃsāra,Google Drive,Songs-of-Milarepa-Geshe-In-Drin.pdf,buddhist_continuity,2,blackswanreprise,Buddhism & Eastern Philosophy,unknown,INDEX_ONLY,metadata_only,article,1bnPBgDnRMcjqxYeSWMd4aS4raq4gB_Hp,https://drive.google.com/file/d/1bnPBgDnRMcjqxYeSWMd4aS4raq4gB_Hp/view?usp=drivesdk
Saṃsāra,Google Drive,Sotapattimagga-The-Path-of-the-Sotapanna.pdf,buddhist_continuity,2,blackswanreprise,Buddhism & Eastern Philosophy,unknown,INDEX_ONLY,metadata_only,article,1p1JWAKEVuanu4ft3fCbLY3Jf7l32w2mM,https://drive.google.com/file/d/1p1JWAKEVuanu4ft3fCbLY3Jf7l32w2mM/view?usp=drivesdk
Saṃsāra,Google Drive,St-Paul-the-Traveler-Roman-Citizen.pdf,buddhist_continuity,2,blackswanreprise,Buddhism & Eastern Philosophy; Christianity & Biblical Traditions,unknown,INDEX_ONLY,metadata_only,article,1fsvYrxkXenv40yyTV4YCaw9fX_xJK35a,https://drive.google.com/file/d/1fsvYrxkXenv40yyTV4YCaw9fX_xJK35a/view?usp=drivesdk
Saṃsāra,Google Drive,St-Paul-the-Traveler-Roman-Citizen.pdf,buddhist_continuity,2,blackswanreprise,Buddhism & Eastern Philosophy; Christianity & Biblical Traditions,unknown,INDEX_ONLY,metadata_only,article,1oLbjdrj7iTxrDgGcVtXxrWW8QLhv_2B-,https://drive.google.com/file/d/1oLbjdrj7iTxrDgGcVtXxrWW8QLhv_2B-/view?usp=drivesdk
Saṃsāra,Google Drive,St-Paul-the-Traveler-Roman-Citizen.pdf,buddhist_continuity,2,blackswanreprise,Buddhism & Eastern Philosophy; Literature & Biography,unknown,INDEX_ONLY,metadata_only,article,1_dVtcD8ETH8NvUwZ2Thll7dJwrFXdsAL,https://drive.google.com/file/d/1_dVtcD8ETH8NvUwZ2Thll7dJwrFXdsAL/view?usp=drivesdk
Saṃsāra,Google Drive,Starting-Out-Small.pdf,buddhist_continuity,2,blackswanreprise,Buddhism & Eastern Philosophy,unknown,INDEX_ONLY,metadata_only,article,1Xev7ZMgc-u4xrwzM-X9XLmmLuj8xo4p2,https://drive.google.com/file/d/1Xev7ZMgc-u4xrwzM-X9XLmmLuj8xo4p2/view?usp=drivesdk
Saṃsāra,Google Drive,Still-Flowing-Water.pdf,buddhist_continuity,2,blackswanreprise,Buddhism & Eastern Philosophy,unknown,INDEX_ONLY,metadata_only,article,1OzVsRO7QTWK4_-ZuyVTLnJJ8UvHrvLnS,https://drive.google.com/file/d/1OzVsRO7QTWK4_-ZuyVTLnJJ8UvHrvLnS/view?usp=drivesdk
Saṃsāra,Google Drive,Stillness-of-Being.pdf,buddhist_continuity,2,blackswanreprise,Buddhism & Eastern Philosophy,unknown,INDEX_ONLY,metadata_only,article,14OvclUlqFDLy7mLakOkAtHARxRGoMUng,https://drive.google.com/file/d/14OvclUlqFDLy7mLakOkAtHARxRGoMUng/view?usp=drivesdk
Saṃsāra,Google Drive,Stillness-of-Samadhi.pdf,buddhist_continuity,2,blackswanreprise,Buddhism & Eastern Philosophy,unknown,INDEX_ONLY,metadata_only,article,1qngaB3h7D1ySQjyKT28iOshCf3KWka8z,https://drive.google.com/file/d/1qngaB3h7D1ySQjyKT28iOshCf3KWka8z/view?usp=drivesdk
Saṃsāra,Google Drive,Straight-From-the-Heart.pdf,buddhist_continuity,2,blackswanreprise,Buddhism & Eastern Philosophy,unknown,INDEX_ONLY,metadata_only,article,1aRn6ukIL8C7NqD_d0wlhK_PN95Q52aV0,https://drive.google.com/file/d/1aRn6ukIL8C7NqD_d0wlhK_PN95Q52aV0/view?usp=drivesdk
Saṃsāra,Google Drive,Strong-Roots.pdf,buddhist_continuity,2,blackswanreprise,Buddhism & Eastern Philosophy,unknown,INDEX_ONLY,metadata_only,article,1T8FCCIeo3Jw8RAMwccSKjoooCI6fWy98,https://drive.google.com/file/d/1T8FCCIeo3Jw8RAMwccSKjoooCI6fWy98/view?usp=drivesdk
Saṃsāra,Google Drive,Studies-in-Japanese-Buddhism.pdf,buddhist_continuity,2,blackswanreprise,Buddhism & Eastern Philosophy,unknown,INDEX_ONLY,metadata_only,article,1KIFCHuKLmkh_Hs0Xs-eZ10_3ifwzxvAx,https://drive.google.com/file/d/1KIFCHuKLmkh_Hs0Xs-eZ10_3ifwzxvAx/view?usp=drivesdk
Saṃsāra,Google Drive,Sunyata-The-typewritten-manuscripts.pdf,buddhist_continuity,2,blackswanreprise,Buddhism & Eastern Philosophy,unknown,INDEX_ONLY,metadata_only,article,1b7qZ1JspDkfjT2rRhfOaKTGRxATb_N-Z,https://drive.google.com/file/d/1b7qZ1JspDkfjT2rRhfOaKTGRxATb_N-Z/view?usp=drivesdk
Saṃsāra,Google Drive,Sutra-on-the-Original-Vows-the-Attainment-of-Merits-of-Ksitigarbha-Bodhisatta.pdf,buddhist_continuity,2,blackswanreprise,Buddhism & Eastern Philosophy,unknown,INDEX_ONLY,metadata_only,article,1UZTMFDQf0MD37vd5fR5W5dZKUM0oexA4,https://drive.google.com/file/d/1UZTMFDQf0MD37vd5fR5W5dZKUM0oexA4/view?usp=drivesdk
Saṃsāra,Google Drive,Sutta-Nipita-The-Way-Things-Really-Are.pdf,buddhist_continuity,2,blackswanreprise,Buddhism & Eastern Philosophy,unknown,INDEX_ONLY,metadata_only,article,1y9w79S_F-kQGQRBxLmVbswGZgS5OdwDq,https://drive.google.com/file/d/1y9w79S_F-kQGQRBxLmVbswGZgS5OdwDq/view?usp=drivesdk
Saṃsāra,Google Drive,Taming-the-Monkey-Mind.pdf,buddhist_continuity,2,blackswanreprise,Buddhism & Eastern Philosophy; Consciousness & Mind,unknown,INDEX_ONLY,metadata_only,article,17r9T9z6opv981nNbQygNxtxgHTAghJKg,https://drive.google.com/file/d/17r9T9z6opv981nNbQygNxtxgHTAghJKg/view?usp=drivesdk
Saṃsāra,Google Drive,Tantra-and-its-Misconceptions.pdf,buddhist_continuity,2,blackswanreprise,"Buddhism & Eastern Philosophy; Hinduism, Yoga & Tantra",unknown,INDEX_ONLY,metadata_only,article,1EIN5KDL8cEIK-ix-6ASoJftkOUZwPrpK,https://drive.google.com/file/d/1EIN5KDL8cEIK-ix-6ASoJftkOUZwPrpK/view?usp=drivesdk
Saṃsāra,Google Drive,Teaching From The Vajrasattva Retreat,buddhist_continuity,2,blackswanreprise,Buddhism & Eastern Philosophy,unknown,INDEX_ONLY,metadata_only,unknown,1V9jduIr09VMJSjmfnBf-R33Tr_m1kSJE,https://drive.google.com/drive/folders/1V9jduIr09VMJSjmfnBf-R33Tr_m1kSJE
Saṃsāra,Google Drive,Teaching-And-Training-At-Pa-Auk-forest-Monestery.pdf,buddhist_continuity,2,blackswanreprise,Buddhism & Eastern Philosophy,unknown,INDEX_ONLY,metadata_only,article,1qgp2qUSSLJirctC66giSuKD2_j3_gCEK,https://drive.google.com/file/d/1qgp2qUSSLJirctC66giSuKD2_j3_gCEK/view?usp=drivesdk
Saṃsāra,Google Drive,Teaching-From-The-Vajrasattva-Retreat-Lama-Zopa-1.pdf,buddhist_continuity,2,blackswanreprise,Buddhism & Eastern Philosophy,unknown,INDEX_ONLY,metadata_only,article,1vkxhV1SLzz7TNJn3XOgHKGw_SrHBEB2O,https://drive.google.com/file/d/1vkxhV1SLzz7TNJn3XOgHKGw_SrHBEB2O/view?usp=drivesdk
Saṃsāra,Google Drive,Teaching-From-The-Vajrasattva-Retreat-Lama-Zopa-2.pdf,buddhist_continuity,2,blackswanreprise,Buddhism & Eastern Philosophy,unknown,INDEX_ONLY,metadata_only,article,1IwKIC72RanpbLX7Mu_uhM3alt4fIlQxV,https://drive.google.com/file/d/1IwKIC72RanpbLX7Mu_uhM3alt4fIlQxV/view?usp=drivesdk
Saṃsāra,Google Drive,Teaching-From-The-Vajrasattva-Retreat-Lama-Zopa-3.pdf,buddhist_continuity,2,blackswanreprise,Buddhism & Eastern Philosophy,unknown,INDEX_ONLY,metadata_only,article,19ACOuuXtzLXf3R_HAJRzdgmDVCobh4p5,https://drive.google.com/file/d/19ACOuuXtzLXf3R_HAJRzdgmDVCobh4p5/view?usp=drivesdk
Saṃsāra,Google Drive,Teaching-From-The-Vajrasattva-Retreat-Lama-Zopa-4.pdf,buddhist_continuity,2,blackswanreprise,Buddhism & Eastern Philosophy,unknown,INDEX_ONLY,metadata_only,article,1PyINDUfZ8Sd7_ag7aaNxmJBV4E76tYk6,https://drive.google.com/file/d/1PyINDUfZ8Sd7_ag7aaNxmJBV4E76tYk6/view?usp=drivesdk
Saṃsāra,Google Drive,Teachings from Tibet.pdf,buddhist_continuity,2,blackswanreprise,Buddhism & Eastern Philosophy,unknown,INDEX_ONLY,metadata_only,article,1MSAAwzzDj9slXCYwjoL5G7DH0McrnsnU,https://drive.google.com/file/d/1MSAAwzzDj9slXCYwjoL5G7DH0McrnsnU/view?usp=drivesdk
Saṃsāra,Google Drive,Teachings-From-Tibet-Guidance-from-great-Lamas.pdf,buddhist_continuity,2,blackswanreprise,Buddhism & Eastern Philosophy,unknown,INDEX_ONLY,metadata_only,article,1sm6v9VQQMznefusOcFOJQK6z67CGbBih,https://drive.google.com/file/d/1sm6v9VQQMznefusOcFOJQK6z67CGbBih/view?usp=drivesdk
Saṃsāra,Google Drive,Teachings-in-Chinese-Buddhism.pdf,buddhist_continuity,2,blackswanreprise,Buddhism & Eastern Philosophy,unknown,INDEX_ONLY,metadata_only,article,1-R5ccuJ-hmK_sqZtzrR6g4NjbPkyPtGD,https://drive.google.com/file/d/1-R5ccuJ-hmK_sqZtzrR6g4NjbPkyPtGD/view?usp=drivesdk
Saṃsāra,Google Drive,The Complete Works of Sister Nivedita VOL I-V,buddhist_continuity,2,blackswanreprise,Buddhism & Eastern Philosophy,unknown,INDEX_ONLY,metadata_only,unknown,1o6VOAvtTcz9TylchObAemJa_FWfveGyb,https://drive.google.com/drive/folders/1o6VOAvtTcz9TylchObAemJa_FWfveGyb
Saṃsāra,Google Drive,The Fundamentals of Meditation Practice.pdf,buddhist_continuity,2,blackswanreprise,Buddhism & Eastern Philosophy,unknown,INDEX_ONLY,metadata_only,article,1BizJkrj2Q28j8uFjNXgDwZ6VGl3KbrvY,https://drive.google.com/file/d/1BizJkrj2Q28j8uFjNXgDwZ6VGl3KbrvY/view?usp=drivesdk
Saṃsāra,Google Drive,The Fundamentals of Meditation Practice.pdf,buddhist_continuity,2,blackswanreprise,Buddhism & Eastern Philosophy,unknown,INDEX_ONLY,metadata_only,article,1MEqszjqvYaHU2w3bm13OI-sBFio5ZXnY,https://drive.google.com/file/d/1MEqszjqvYaHU2w3bm13OI-sBFio5ZXnY/view?usp=drivesdk
Saṃsāra,Google Drive,The Great Chronicle Of Buddhas,buddhist_continuity,2,blackswanreprise,Buddhism & Eastern Philosophy,unknown,INDEX_ONLY,metadata_only,unknown,1ETqBx03tXfbhgSw6YBJh_WmXEcchMjS0,https://drive.google.com/drive/folders/1ETqBx03tXfbhgSw6YBJh_WmXEcchMjS0
Saṃsāra,Google Drive,The Zen of Advaita,buddhist_continuity,2,blackswanreprise,Buddhism & Eastern Philosophy,unknown,INDEX_ONLY,metadata_only,unknown,1aL-CctcU9vcJrd97pEFNWyptPJUiXCC7,https://drive.google.com/drive/folders/1aL-CctcU9vcJrd97pEFNWyptPJUiXCC7
Saṃsāra,Google Drive,The-31-Planes-of-Existence.pdf,buddhist_continuity,2,blackswanreprise,Buddhism & Eastern Philosophy,unknown,INDEX_ONLY,metadata_only,article,1BJcnL_SOjk8lllAV43LtIC6XHqJ5TITg,https://drive.google.com/file/d/1BJcnL_SOjk8lllAV43LtIC6XHqJ5TITg/view?usp=drivesdk
Saṃsāra,Google Drive,The-Analysis-of-Deeds.pdf,buddhist_continuity,2,blackswanreprise,Buddhism & Eastern Philosophy,unknown,INDEX_ONLY,metadata_only,article,1fxo9HqIEsJ8HtzBzjmrVqvFsasaEm8pk,https://drive.google.com/file/d/1fxo9HqIEsJ8HtzBzjmrVqvFsasaEm8pk/view?usp=drivesdk
Saṃsāra,Google Drive,The-Anapanasati-Sutta.pdf,buddhist_continuity,2,blackswanreprise,Buddhism & Eastern Philosophy,unknown,INDEX_ONLY,metadata_only,article,1g9rXiu7p0SZmmhQVG7rXOwzRWQv22akv,https://drive.google.com/file/d/1g9rXiu7p0SZmmhQVG7rXOwzRWQv22akv/view?usp=drivesdk
Saṃsāra,Google Drive,The-Basic-Method-of-Meditation.pdf,buddhist_continuity,2,blackswanreprise,Buddhism & Eastern Philosophy,unknown,INDEX_ONLY,metadata_only,article,1n8bY0fp9Hv1dFSLHBu9eSFf-KCs2a7t6,https://drive.google.com/file/d/1n8bY0fp9Hv1dFSLHBu9eSFf-KCs2a7t6/view?usp=drivesdk
Saṃsāra,Google Drive,The-Basic-Principles-Of-The-Fuchiyado-Meditation-TheSamurai-Blowgun-Martial-Art.pdf,buddhist_continuity,2,blackswanreprise,Buddhism & Eastern Philosophy,unknown,INDEX_ONLY,metadata_only,article,1i0uUm-PIFn2umr557eEeJ_sLbl9HHlWl,https://drive.google.com/file/d/1i0uUm-PIFn2umr557eEeJ_sLbl9HHlWl/view?usp=drivesdk
Saṃsāra,Google Drive,The-Blazing-Lights-of-the-Sun-and-Moon.pdf,buddhist_continuity,2,blackswanreprise,Buddhism & Eastern Philosophy,unknown,INDEX_ONLY,metadata_only,article,1rD_STAMgHviCPqSsYN4eoHNrHZMq0Xo-,https://drive.google.com/file/d/1rD_STAMgHviCPqSsYN4eoHNrHZMq0Xo-/view?usp=drivesdk
Saṃsāra,Google Drive,The-Body.pdf,buddhist_continuity,2,blackswanreprise,Buddhism & Eastern Philosophy,unknown,INDEX_ONLY,metadata_only,article,1UgwknTkxBlvg24OrvvWWvomliDb4_zB8,https://drive.google.com/file/d/1UgwknTkxBlvg24OrvvWWvomliDb4_zB8/view?usp=drivesdk
Saṃsāra,Google Drive,The-Book-of-Five-Rings-by-Musashi-Miyamoto.pdf,buddhist_continuity,2,blackswanreprise,Buddhism & Eastern Philosophy,unknown,INDEX_ONLY,metadata_only,article,1Nxi58aiItv9HnLyVnn2Lbr44FVv2qzVl,https://drive.google.com/file/d/1Nxi58aiItv9HnLyVnn2Lbr44FVv2qzVl/view?usp=drivesdk
Saṃsāra,Google Drive,The-Book-of-the-Simple-Way.pdf,buddhist_continuity,2,blackswanreprise,Buddhism & Eastern Philosophy,unknown,INDEX_ONLY,metadata_only,article,1KiLrRO5Adc2wImJ-lteU7vD8K2g4n1q5,https://drive.google.com/file/d/1KiLrRO5Adc2wImJ-lteU7vD8K2g4n1q5/view?usp=drivesdk
Saṃsāra,Google Drive,The-Buddha-Smiles.pdf,buddhist_continuity,2,blackswanreprise,Buddhism & Eastern Philosophy,unknown,INDEX_ONLY,metadata_only,article,1-NJiTzRPjjltoP3dla5MsEGd4bpjHSvK,https://drive.google.com/file/d/1-NJiTzRPjjltoP3dla5MsEGd4bpjHSvK/view?usp=drivesdk
Saṃsāra,Google Drive,The-Buddha-The-Social-Revolutionary-Potential-of-Buddhism.pdf,buddhist_continuity,2,blackswanreprise,Buddhism & Eastern Philosophy,unknown,INDEX_ONLY,metadata_only,article,1hixZxJglTVRusnZVRXVxRLv4csZ9MHWo,https://drive.google.com/file/d/1hixZxJglTVRusnZVRXVxRLv4csZ9MHWo/view?usp=drivesdk
Saṃsāra,Google Drive,The-Clock-of-Vipassana-has-Struck.pdf,buddhist_continuity,2,blackswanreprise,Buddhism & Eastern Philosophy,unknown,INDEX_ONLY,metadata_only,article,1kffKor43srTQeUPgICglFi0YBkYTA0wb,https://drive.google.com/file/d/1kffKor43srTQeUPgICglFi0YBkYTA0wb/view?usp=drivesdk
Saṃsāra,Google Drive,The-Complete-Book-of-Buddhas-Lists-Explained.pdf,buddhist_continuity,2,blackswanreprise,Buddhism & Eastern Philosophy,unknown,INDEX_ONLY,metadata_only,article,1ewb5IqEZyX-IQS4sgUPGsWjOajzYMlIr,https://drive.google.com/file/d/1ewb5IqEZyX-IQS4sgUPGsWjOajzYMlIr/view?usp=drivesdk
Saṃsāra,Google Drive,The-Complete-Works-of-Sister-Nivedita-Vol-1.pdf,buddhist_continuity,2,blackswanreprise,Buddhism & Eastern Philosophy,unknown,INDEX_ONLY,metadata_only,article,1XHDKaV3WaHzWXaXu8zmFd_YFPm8KV27m,https://drive.google.com/file/d/1XHDKaV3WaHzWXaXu8zmFd_YFPm8KV27m/view?usp=drivesdk
Saṃsāra,Google Drive,The-Complete-Works-of-Sister-Nivedita-Vol-2.pdf,buddhist_continuity,2,blackswanreprise,Buddhism & Eastern Philosophy,unknown,INDEX_ONLY,metadata_only,article,1_FiSarwqRKyRqbc2kLLgBZTZ0TS5iOxJ,https://drive.google.com/file/d/1_FiSarwqRKyRqbc2kLLgBZTZ0TS5iOxJ/view?usp=drivesdk
Saṃsāra,Google Drive,The-Complete-Works-of-Sister-Nivedita-Vol-4.pdf,buddhist_continuity,2,blackswanreprise,Buddhism & Eastern Philosophy,unknown,INDEX_ONLY,metadata_only,article,1mwGm8_EJbsYiaUavwb6izR6860ItdszC,https://drive.google.com/file/d/1mwGm8_EJbsYiaUavwb6izR6860ItdszC/view?usp=drivesdk
Saṃsāra,Google Drive,The-Complete-Works-of-Sister-Nivedita-Vol-5.pdf,buddhist_continuity,2,blackswanreprise,Buddhism & Eastern Philosophy,unknown,INDEX_ONLY,metadata_only,article,1DC8IXP-ZoZ-JUT2TQzZzYBjr97_YgssP,https://drive.google.com/file/d/1DC8IXP-ZoZ-JUT2TQzZzYBjr97_YgssP/view?usp=drivesdk
Saṃsāra,Google Drive,The-Craft-of-the-Heart.pdf,buddhist_continuity,2,blackswanreprise,Buddhism & Eastern Philosophy; Freemasonry & Masonic Orders,unknown,INDEX_ONLY,metadata_only,article,1rG424gkFLuNjYzNsASZzHAGJpSGnhYnx,https://drive.google.com/file/d/1rG424gkFLuNjYzNsASZzHAGJpSGnhYnx/view?usp=drivesdk
Saṃsāra,Google Drive,The-Debate-of-King-Milinda.pdf,buddhist_continuity,2,blackswanreprise,Buddhism & Eastern Philosophy,unknown,INDEX_ONLY,metadata_only,article,1F8O5hR2igJmfk-h4ULvy8zPjtlkwqjRF,https://drive.google.com/file/d/1F8O5hR2igJmfk-h4ULvy8zPjtlkwqjRF/view?usp=drivesdk
Saṃsāra,Google Drive,The-Diamond-Sutra.pdf,buddhist_continuity,2,blackswanreprise,Buddhism & Eastern Philosophy,unknown,INDEX_ONLY,metadata_only,article,1AfFGEf1RYO65PRAA_RZCXwijWGevASAU,https://drive.google.com/file/d/1AfFGEf1RYO65PRAA_RZCXwijWGevASAU/view?usp=drivesdk
Saṃsāra,Google Drive,The-Direct-and-Unmistaken-Method.pdf,buddhist_continuity,2,blackswanreprise,Buddhism & Eastern Philosophy,unknown,INDEX_ONLY,metadata_only,article,1zEoHfzPmGEraRfEpZZ2V_q25rElFE0gF,https://drive.google.com/file/d/1zEoHfzPmGEraRfEpZZ2V_q25rElFE0gF/view?usp=drivesdk
Saṃsāra,Google Drive,The-Discourse-About-Mindfulness-related-to-the-Body.pdf,buddhist_continuity,2,blackswanreprise,Buddhism & Eastern Philosophy; Consciousness & Mind,unknown,INDEX_ONLY,metadata_only,article,1oObrofHJTgM5LSiti7Okp2xtlNAJlZl8,https://drive.google.com/file/d/1oObrofHJTgM5LSiti7Okp2xtlNAJlZl8/view?usp=drivesdk
Saṃsāra,Google Drive,The-Discourse-concerning-Malunkyaputta.pdf,buddhist_continuity,2,blackswanreprise,Buddhism & Eastern Philosophy,unknown,INDEX_ONLY,metadata_only,article,1LvoE86N1PTogJG0AxotiR4GvYsFNaNVC,https://drive.google.com/file/d/1LvoE86N1PTogJG0AxotiR4GvYsFNaNVC/view?usp=drivesdk
Saṃsāra,Google Drive,The-Discourse-of-Girimananda.pdf,buddhist_continuity,2,blackswanreprise,Buddhism & Eastern Philosophy,unknown,INDEX_ONLY,metadata_only,article,1rqc6MHb7p2hmIjKqVj8VFdTpHfhe-ArK,https://drive.google.com/file/d/1rqc6MHb7p2hmIjKqVj8VFdTpHfhe-ArK/view?usp=drivesdk
Saṃsāra,Google Drive,The-Dishonest.pdf,buddhist_continuity,2,blackswanreprise,Buddhism & Eastern Philosophy,unknown,INDEX_ONLY,metadata_only,article,1e2HfhG8FxuHsirr-GmvxRRr7z2Yr9MCY,https://drive.google.com/file/d/1e2HfhG8FxuHsirr-GmvxRRr7z2Yr9MCY/view?usp=drivesdk
Saṃsāra,Google Drive,The-Doctrine-Of-Paticcasamuppada-By-U-Than-Daing.pdf,buddhist_continuity,2,blackswanreprise,Buddhism & Eastern Philosophy,unknown,INDEX_ONLY,metadata_only,article,1KSWWbowY4XM7VLPF7RWlpdxKvcqv21ej,https://drive.google.com/file/d/1KSWWbowY4XM7VLPF7RWlpdxKvcqv21ej/view?usp=drivesdk
Saṃsāra,Google Drive,The-Eightfold-Path-for-the-Householder.pdf,buddhist_continuity,2,blackswanreprise,Buddhism & Eastern Philosophy,unknown,INDEX_ONLY,metadata_only,article,1hYGIAJPXrM5SX-e5hC2kcldLFtYs3zBO,https://drive.google.com/file/d/1hYGIAJPXrM5SX-e5hC2kcldLFtYs3zBO/view?usp=drivesdk
Saṃsāra,Google Drive,The-Essential-Yoga-Sutras.pdf,buddhist_continuity,2,blackswanreprise,"Buddhism & Eastern Philosophy; Hinduism, Yoga & Tantra",unknown,INDEX_ONLY,metadata_only,article,1D_2YL6lzn8zkuGWCvK-PTVs20NYNEV0E,https://drive.google.com/file/d/1D_2YL6lzn8zkuGWCvK-PTVs20NYNEV0E/view?usp=drivesdk
Saṃsāra,Google Drive,The-Eye-of-Discernment.pdf,buddhist_continuity,2,blackswanreprise,Buddhism & Eastern Philosophy,unknown,INDEX_ONLY,metadata_only,article,1Ze6JmvGGx4PD0TMG75xhN3WQ0H6b21eG,https://drive.google.com/file/d/1Ze6JmvGGx4PD0TMG75xhN3WQ0H6b21eG/view?usp=drivesdk
Saṃsāra,Google Drive,The-Four-Dharmas-of-Gampopa.pdf,buddhist_continuity,2,blackswanreprise,Buddhism & Eastern Philosophy,unknown,INDEX_ONLY,metadata_only,article,1tRpZ7-y8-zHZUDQfUpLAXkji_UkPqrho,https://drive.google.com/file/d/1tRpZ7-y8-zHZUDQfUpLAXkji_UkPqrho/view?usp=drivesdk
Saṃsāra,Google Drive,The-Four-Mindfulnesses.pdf,buddhist_continuity,2,blackswanreprise,Buddhism & Eastern Philosophy; Consciousness & Mind,unknown,INDEX_ONLY,metadata_only,article,12Tpi2LeG2MXu4j-9KQ7ehpm-v2I0zleJ,https://drive.google.com/file/d/12Tpi2LeG2MXu4j-9KQ7ehpm-v2I0zleJ/view?usp=drivesdk
Saṃsāra,Google Drive,The-Four-Noble-Truths-by-Mogok-Sayadaw.pdf,buddhist_continuity,2,blackswanreprise,Buddhism & Eastern Philosophy,unknown,INDEX_ONLY,metadata_only,article,1wUMaYZnAkXqnsto6T_A4hpZAETofMV7d,https://drive.google.com/file/d/1wUMaYZnAkXqnsto6T_A4hpZAETofMV7d/view?usp=drivesdk
Saṃsāra,Google Drive,The-Future-is-Now-Krishnamurti.pdf,buddhist_continuity,2,blackswanreprise,Buddhism & Eastern Philosophy,unknown,INDEX_ONLY,metadata_only,article,10EhMTevS8kh0kolOSUnjNbvMWrPe6ePG,https://drive.google.com/file/d/10EhMTevS8kh0kolOSUnjNbvMWrPe6ePG/view?usp=drivesdk
Saṃsāra,Google Drive,The-Gates-of-Chan-Buddhism.pdf,buddhist_continuity,2,blackswanreprise,Buddhism & Eastern Philosophy,unknown,INDEX_ONLY,metadata_only,article,1jwG2wt6Mdv8T-ciyk-rAhEyvzcrGpbr0,https://drive.google.com/file/d/1jwG2wt6Mdv8T-ciyk-rAhEyvzcrGpbr0/view?usp=drivesdk
Saṃsāra,Google Drive,The-Great-Emancipation.pdf,buddhist_continuity,2,blackswanreprise,Buddhism & Eastern Philosophy,unknown,INDEX_ONLY,metadata_only,article,1EPPesqGcZ15BzfsRoO_aRUnElnF37ZRn,https://drive.google.com/file/d/1EPPesqGcZ15BzfsRoO_aRUnElnF37ZRn/view?usp=drivesdk
Saṃsāra,Google Drive,The-Heightened-Mind.pdf,buddhist_continuity,2,blackswanreprise,Buddhism & Eastern Philosophy; Consciousness & Mind,unknown,INDEX_ONLY,metadata_only,article,1wWFsr-hEzABZKrJgwEzFmPJSDlu3Pvxj,https://drive.google.com/file/d/1wWFsr-hEzABZKrJgwEzFmPJSDlu3Pvxj/view?usp=drivesdk
Saṃsāra,Google Drive,The-Inner-Life-and-the-Tao-Teh-King.pdf,buddhist_continuity,2,blackswanreprise,Buddhism & Eastern Philosophy,unknown,INDEX_ONLY,metadata_only,article,1N6-wJPRu-xhjv8CMnibYkR9NUrPNgWex,https://drive.google.com/file/d/1N6-wJPRu-xhjv8CMnibYkR9NUrPNgWex/view?usp=drivesdk
Saṃsāra,Google Drive,The-Janas.pdf,buddhist_continuity,2,blackswanreprise,Buddhism & Eastern Philosophy,unknown,INDEX_ONLY,metadata_only,article,1hkgE-5DkyjRNlL3mf2xBaKo2cbGbsCk0,https://drive.google.com/file/d/1hkgE-5DkyjRNlL3mf2xBaKo2cbGbsCk0/view?usp=drivesdk
Saṃsāra,Google Drive,The-Kilesa-Dont-Arise-In-Those-Who-Have-Sati.pdf,buddhist_continuity,2,blackswanreprise,Buddhism & Eastern Philosophy,unknown,INDEX_ONLY,metadata_only,article,1hBSedgD3qA8rep3AXR4auD1aLtkauvyX,https://drive.google.com/file/d/1hBSedgD3qA8rep3AXR4auD1aLtkauvyX/view?usp=drivesdk
Saṃsāra,Google Drive,The-Kindness-of-Others.pdf,buddhist_continuity,2,blackswanreprise,Buddhism & Eastern Philosophy,unknown,INDEX_ONLY,metadata_only,article,1gNWW_j4vdNJSZQ_rBJyHHo3o-mIZbHzu,https://drive.google.com/file/d/1gNWW_j4vdNJSZQ_rBJyHHo3o-mIZbHzu/view?usp=drivesdk
Saṃsāra,Google Drive,The-Lankavatara-Sutra-A-Mahayana-Text.pdf,buddhist_continuity,2,blackswanreprise,Buddhism & Eastern Philosophy,unknown,INDEX_ONLY,metadata_only,article,19f8McAJRmNam4S_sCjFYQDsZa-b5_VGS,https://drive.google.com/file/d/19f8McAJRmNam4S_sCjFYQDsZa-b5_VGS/view?usp=drivesdk
Saṃsāra,Google Drive,The-Life-and-Work-of-Buddhaghosa.pdf,buddhist_continuity,2,blackswanreprise,Buddhism & Eastern Philosophy,unknown,INDEX_ONLY,metadata_only,article,1Dc01cTstKHbNi_aXCgipG46MkDW0gc02,https://drive.google.com/file/d/1Dc01cTstKHbNi_aXCgipG46MkDW0gc02/view?usp=drivesdk
Saṃsāra,Google Drive,The-Life-of-Buddha-Ebook.pdf,buddhist_continuity,2,blackswanreprise,Buddhism & Eastern Philosophy; Dzogchen & Non-duality,unknown,INDEX_ONLY,metadata_only,article,1cnOeqPB2xvubrBYhIIOAqNpuSKskNdyR,https://drive.google.com/file/d/1cnOeqPB2xvubrBYhIIOAqNpuSKskNdyR/view?usp=drivesdk
Saṃsāra,Google Drive,The-Life-of-Buddha-Ebook.pdf,buddhist_continuity,2,blackswanreprise,Buddhism & Eastern Philosophy,unknown,INDEX_ONLY,metadata_only,article,1atAAvzJW_v04YQjpZibJQdOGOR4MedyI,https://drive.google.com/file/d/1atAAvzJW_v04YQjpZibJQdOGOR4MedyI/view?usp=drivesdk
Saṃsāra,Google Drive,The-Life-of-Buddha-Ebook.pdf,buddhist_continuity,2,blackswanreprise,Buddhism & Eastern Philosophy; Literature & Biography,unknown,INDEX_ONLY,metadata_only,article,1j_xFqWQGqfI6PJQSGyMHDaUcLaJDONt8,https://drive.google.com/file/d/1j_xFqWQGqfI6PJQSGyMHDaUcLaJDONt8/view?usp=drivesdk
Saṃsāra,Google Drive,The-Life-of-Chokgyur-Lingpa.pdf,buddhist_continuity,2,blackswanreprise,Buddhism & Eastern Philosophy,unknown,INDEX_ONLY,metadata_only,article,1wTfhprj_KsVqioAbMBC4nkuA2HrwPLD4,https://drive.google.com/file/d/1wTfhprj_KsVqioAbMBC4nkuA2HrwPLD4/view?usp=drivesdk
Saṃsāra,Google Drive,The-Life-of-the-Buddha.pdf,buddhist_continuity,2,blackswanreprise,Buddhism & Eastern Philosophy,unknown,INDEX_ONLY,metadata_only,article,1NZ0VjNWF0s2i4breCnArQbiAOd1oWStD,https://drive.google.com/file/d/1NZ0VjNWF0s2i4breCnArQbiAOd1oWStD/view?usp=drivesdk
Saṃsāra,Google Drive,The-Life-of-the-Buddha.pdf,buddhist_continuity,2,blackswanreprise,Buddhism & Eastern Philosophy; Literature & Biography,unknown,INDEX_ONLY,metadata_only,article,1Y_OkHqeayhx3dYqN2axjtdjik2f2MWtV,https://drive.google.com/file/d/1Y_OkHqeayhx3dYqN2axjtdjik2f2MWtV/view?usp=drivesdk
Saṃsāra,Google Drive,The-Long-Discourse-about-the-Ways-of-Attending-to-Mindfulness.pdf,buddhist_continuity,2,blackswanreprise,Buddhism & Eastern Philosophy; Consciousness & Mind,unknown,INDEX_ONLY,metadata_only,article,1hCBeIPt8YCNbAdl9BmXIcIeIETsdevvL,https://drive.google.com/file/d/1hCBeIPt8YCNbAdl9BmXIcIeIETsdevvL/view?usp=drivesdk
Saṃsāra,Google Drive,The-Manuals-of-Buddhism.pdf,buddhist_continuity,2,blackswanreprise,Buddhism & Eastern Philosophy,unknown,INDEX_ONLY,metadata_only,article,1qWjN9FOeyrMkWa-lMYmTe510mWCBWNuG,https://drive.google.com/file/d/1qWjN9FOeyrMkWa-lMYmTe510mWCBWNuG/view?usp=drivesdk
Saṃsāra,Google Drive,The-Manuals-of-Ledi-Dipani.pdf,buddhist_continuity,2,blackswanreprise,Buddhism & Eastern Philosophy,unknown,INDEX_ONLY,metadata_only,article,1rMld8_8D0bsXQMka11G_YEAx0DpcW8MV,https://drive.google.com/file/d/1rMld8_8D0bsXQMka11G_YEAx0DpcW8MV/view?usp=drivesdk
Saṃsāra,Google Drive,The-Manuals-of-Ledi-Dipanu.pdf,buddhist_continuity,2,blackswanreprise,Buddhism & Eastern Philosophy,unknown,INDEX_ONLY,metadata_only,article,1dXeSmcNR6VITBSMpiSzp2WON-ggGJ5xe,https://drive.google.com/file/d/1dXeSmcNR6VITBSMpiSzp2WON-ggGJ5xe/view?usp=drivesdk
Saṃsāra,Google Drive,The-Matrix-of-the-Abstract-Teaching.pdf,buddhist_continuity,2,blackswanreprise,Buddhism & Eastern Philosophy,unknown,INDEX_ONLY,metadata_only,article,1zgz3t-VN0fdwAUXuEVo8CDDlp_2aXFT0,https://drive.google.com/file/d/1zgz3t-VN0fdwAUXuEVo8CDDlp_2aXFT0/view?usp=drivesdk
Saṃsāra,Google Drive,The-Meaning-of-Satipatthana.pdf,buddhist_continuity,2,blackswanreprise,Buddhism & Eastern Philosophy,unknown,INDEX_ONLY,metadata_only,article,1O-wU1ZYMxsJnX6BarZgtb1b1bvqzGjjD,https://drive.google.com/file/d/1O-wU1ZYMxsJnX6BarZgtb1b1bvqzGjjD/view?usp=drivesdk
Saṃsāra,Google Drive,The-Mind-Like-Fire-Unbound.pdf,buddhist_continuity,2,blackswanreprise,Buddhism & Eastern Philosophy; Consciousness & Mind,unknown,INDEX_ONLY,metadata_only,article,1VjsJxn7YgrEVz499qoA8L9ta_Yl99Ouv,https://drive.google.com/file/d/1VjsJxn7YgrEVz499qoA8L9ta_Yl99Ouv/view?usp=drivesdk
Saṃsāra,Google Drive,The-Moon-Appears-When-the-Water-is-Still.pdf,buddhist_continuity,2,blackswanreprise,Buddhism & Eastern Philosophy,unknown,INDEX_ONLY,metadata_only,article,1ARNHkTp23cs-Bi9Tx9jSI1e6Ds3scyyX,https://drive.google.com/file/d/1ARNHkTp23cs-Bi9Tx9jSI1e6Ds3scyyX/view?usp=drivesdk
Saṃsāra,Google Drive,The-Paradox-of-Becoming.pdf,buddhist_continuity,2,blackswanreprise,Buddhism & Eastern Philosophy,unknown,INDEX_ONLY,metadata_only,article,1GpyDhtlnrnptK7vQsBjezRk2lrDsNggI,https://drive.google.com/file/d/1GpyDhtlnrnptK7vQsBjezRk2lrDsNggI/view?usp=drivesdk
Saṃsāra,Google Drive,The-Path-of-Purification.pdf,buddhist_continuity,2,blackswanreprise,Buddhism & Eastern Philosophy,unknown,INDEX_ONLY,metadata_only,article,1XZrzUgdnyNIgSL02Iw95bh3KA7Fi6-K7,https://drive.google.com/file/d/1XZrzUgdnyNIgSL02Iw95bh3KA7Fi6-K7/view?usp=drivesdk
Saṃsāra,Google Drive,The-Perfections-Leading-to-Enlightenment-by-Sujin-Boriharnwanaket.pdf,buddhist_continuity,2,blackswanreprise,Buddhism & Eastern Philosophy,unknown,INDEX_ONLY,metadata_only,article,1BkEUehFo9q0P4FdkY6ViB2NyqXNaJm5b,https://drive.google.com/file/d/1BkEUehFo9q0P4FdkY6ViB2NyqXNaJm5b/view?usp=drivesdk
Saṃsāra,Google Drive,The-Power-of-Mindfulness-Nyuanaponika.pdf,buddhist_continuity,2,blackswanreprise,Buddhism & Eastern Philosophy; Consciousness & Mind,unknown,INDEX_ONLY,metadata_only,article,18mvnyJHZKkPIEKmfTxGYxrbvywBM0L2A,https://drive.google.com/file/d/18mvnyJHZKkPIEKmfTxGYxrbvywBM0L2A/view?usp=drivesdk
Saṃsāra,Google Drive,The-Practical-Way-To-Nibbana.pdf,buddhist_continuity,2,blackswanreprise,Buddhism & Eastern Philosophy,unknown,INDEX_ONLY,metadata_only,article,1HZG3FIMKrn9CBzqA4r3VKqUQgNKD0kbP,https://drive.google.com/file/d/1HZG3FIMKrn9CBzqA4r3VKqUQgNKD0kbP/view?usp=drivesdk
Saṃsāra,Google Drive,The-Practice-Which-Leads-To-Nibbana.pdf,buddhist_continuity,2,blackswanreprise,Buddhism & Eastern Philosophy,unknown,INDEX_ONLY,metadata_only,article,1AmaXyY9Q72UIWe152OLhu1Ggy7QFRTUx,https://drive.google.com/file/d/1AmaXyY9Q72UIWe152OLhu1Ggy7QFRTUx/view?usp=drivesdk
Saṃsāra,Google Drive,The-Practice-of-the-Wild-by-Gary-Snyder.pdf,buddhist_continuity,2,blackswanreprise,Buddhism & Eastern Philosophy,unknown,INDEX_ONLY,metadata_only,article,1IscmXNp1a2qMBqFiQJvzPNWyrTsI_ivG,https://drive.google.com/file/d/1IscmXNp1a2qMBqFiQJvzPNWyrTsI_ivG/view?usp=drivesdk
Saṃsāra,Google Drive,The-Quiet-Mind.pdf,buddhist_continuity,2,blackswanreprise,Buddhism & Eastern Philosophy; Consciousness & Mind,unknown,INDEX_ONLY,metadata_only,article,1V33As4qejliiITLqJsTjoQOGr2hMJWUX,https://drive.google.com/file/d/1V33As4qejliiITLqJsTjoQOGr2hMJWUX/view?usp=drivesdk
Saṃsāra,Google Drive,The-Real-Way-to-Awakening.pdf,buddhist_continuity,2,blackswanreprise,Buddhism & Eastern Philosophy; Mysticism & Spirituality,unknown,INDEX_ONLY,metadata_only,article,1bY0_HYE88wLM77oiHDLMZjtxRBl_Crj6,https://drive.google.com/file/d/1bY0_HYE88wLM77oiHDLMZjtxRBl_Crj6/view?usp=drivesdk
Saṃsāra,Google Drive,The-Religion-of-the-Samurai-free-ebook.pdf,buddhist_continuity,2,blackswanreprise,Buddhism & Eastern Philosophy,unknown,INDEX_ONLY,metadata_only,article,1-l4I7_PV10KKfPIDeS-zajmgDg2hg5zZ,https://drive.google.com/file/d/1-l4I7_PV10KKfPIDeS-zajmgDg2hg5zZ/view?usp=drivesdk
Saṃsāra,Google Drive,The-Requisities-of-Enlightenment.pdf,buddhist_continuity,2,blackswanreprise,Buddhism & Eastern Philosophy,unknown,INDEX_ONLY,metadata_only,article,12g8Bp2W63LCrkvHH3pbJoAg6uDhVKQtN,https://drive.google.com/file/d/12g8Bp2W63LCrkvHH3pbJoAg6uDhVKQtN/view?usp=drivesdk
Saṃsāra,Google Drive,The-Seekers-Glossary-of-Buddhism-A-Dictionary-Encyclopedia-of-Buddhism.pdf,buddhist_continuity,2,blackswanreprise,Buddhism & Eastern Philosophy; Language & Etymology,unknown,INDEX_ONLY,metadata_only,article,1qO3Z-HksAVFa4M_8BbeincmhR1CkmO4s,https://drive.google.com/file/d/1qO3Z-HksAVFa4M_8BbeincmhR1CkmO4s/view?usp=drivesdk
Saṃsāra,Google Drive,The-Seven-Point-Instruction-for-Developing-the-Good-Heart.pdf,buddhist_continuity,2,blackswanreprise,Buddhism & Eastern Philosophy,unknown,INDEX_ONLY,metadata_only,article,1Wb_Ja-I2rmbtaWETKGg7SngX6krLJ7aO,https://drive.google.com/file/d/1Wb_Ja-I2rmbtaWETKGg7SngX6krLJ7aO/view?usp=drivesdk
Saṃsāra,Google Drive,The-Seven-Stages-of-Purification-and-The-Insight-Knowledges.pdf,buddhist_continuity,2,blackswanreprise,Buddhism & Eastern Philosophy,unknown,INDEX_ONLY,metadata_only,article,1bZW_iDC0TNesp50yCBJhV4bnszDoeXwy,https://drive.google.com/file/d/1bZW_iDC0TNesp50yCBJhV4bnszDoeXwy/view?usp=drivesdk
Saṃsāra,Google Drive,The-Skill-of-Release.pdf,buddhist_continuity,2,blackswanreprise,Buddhism & Eastern Philosophy,unknown,INDEX_ONLY,metadata_only,article,1hwo7k7xzUl62EnuSz01GR_4Ima7k8_TE,https://drive.google.com/file/d/1hwo7k7xzUl62EnuSz01GR_4Ima7k8_TE/view?usp=drivesdk
Saṃsāra,Google Drive,The-Sublime-Attitudes.pdf,buddhist_continuity,2,blackswanreprise,Buddhism & Eastern Philosophy,unknown,INDEX_ONLY,metadata_only,article,1cAPjUC32u4tMf3ifhg4N4XnzTCkaJy3l,https://drive.google.com/file/d/1cAPjUC32u4tMf3ifhg4N4XnzTCkaJy3l/view?usp=drivesdk
Saṃsāra,Google Drive,The-Surangama-Sutra.pdf,buddhist_continuity,2,blackswanreprise,Buddhism & Eastern Philosophy,unknown,INDEX_ONLY,metadata_only,article,1ld7UwOcoVy4_fUS89o5XsrehsmG_YPCl,https://drive.google.com/file/d/1ld7UwOcoVy4_fUS89o5XsrehsmG_YPCl/view?usp=drivesdk
Saṃsāra,Google Drive,The-Sutra-of-Recollecting-the-Three-Jewels.pdf,buddhist_continuity,2,blackswanreprise,Buddhism & Eastern Philosophy,unknown,INDEX_ONLY,metadata_only,article,1b2imTE-Zspl7eyI_hKlwhGULjMSM6sjT,https://drive.google.com/file/d/1b2imTE-Zspl7eyI_hKlwhGULjMSM6sjT/view?usp=drivesdk
Saṃsāra,Google Drive,The-Sweet-Dews-of-Chan-Zen.pdf,buddhist_continuity,2,blackswanreprise,Buddhism & Eastern Philosophy,unknown,INDEX_ONLY,metadata_only,article,14I8RScWxbroRpQUR0ty0rOkA9pS8134Y,https://drive.google.com/file/d/14I8RScWxbroRpQUR0ty0rOkA9pS8134Y/view?usp=drivesdk
Saṃsāra,Google Drive,The-Teachings-of-Ajan-Chah.pdf,buddhist_continuity,2,blackswanreprise,Buddhism & Eastern Philosophy,unknown,INDEX_ONLY,metadata_only,article,1El_YauDouGsVEGsGUYrpeYDGOuzqd2_8,https://drive.google.com/file/d/1El_YauDouGsVEGsGUYrpeYDGOuzqd2_8/view?usp=drivesdk
Saṃsāra,Google Drive,The-Tibetan-Book-of-the-Dead.pdf,buddhist_continuity,2,blackswanreprise,Buddhism & Eastern Philosophy,unknown,INDEX_ONLY,metadata_only,article,1V3s8fVd4Hey4g_eungqr4_hygu1wFTn7,https://drive.google.com/file/d/1V3s8fVd4Hey4g_eungqr4_hygu1wFTn7/view?usp=drivesdk
Saṃsāra,Google Drive,The-Tibetan-Book-of-the-Great-Liberation-Padma-Sambhava.pdf,buddhist_continuity,2,blackswanreprise,Buddhism & Eastern Philosophy,unknown,INDEX_ONLY,metadata_only,article,12sRtV2ofHJjES5NpiFIGXO7NT45y4i6g,https://drive.google.com/file/d/12sRtV2ofHJjES5NpiFIGXO7NT45y4i6g/view?usp=drivesdk
Saṃsāra,Google Drive,The-Tree-of-Enlightenment.pdf,buddhist_continuity,2,blackswanreprise,Buddhism & Eastern Philosophy,unknown,INDEX_ONLY,metadata_only,article,1S7t2neWJ47Mm4zlicWi2q3CA5xEqMhkf,https://drive.google.com/file/d/1S7t2neWJ47Mm4zlicWi2q3CA5xEqMhkf/view?usp=drivesdk
Saṃsāra,Google Drive,The-Twelve-Links.pdf,buddhist_continuity,2,blackswanreprise,Buddhism & Eastern Philosophy,unknown,INDEX_ONLY,metadata_only,article,1zv2QdSpXih9FkSsrA2Kl9vM5hYTTe2t-,https://drive.google.com/file/d/1zv2QdSpXih9FkSsrA2Kl9vM5hYTTe2t-/view?usp=drivesdk
Saṃsāra,Google Drive,The-Venerable-Phra-Acharn-Mun-Bhuridatta-Thera-meditation-master.pdf,buddhist_continuity,2,blackswanreprise,Buddhism & Eastern Philosophy,unknown,INDEX_ONLY,metadata_only,article,1LqxlSV8tJ-U9gQ_klkQft0wYjlrRyR_g,https://drive.google.com/file/d/1LqxlSV8tJ-U9gQ_klkQft0wYjlrRyR_g/view?usp=drivesdk
Saṃsāra,Google Drive,The-Way-of-Zen-in-Vietnam.pdf,buddhist_continuity,2,blackswanreprise,Buddhism & Eastern Philosophy,unknown,INDEX_ONLY,metadata_only,article,1YyGUdEMWKs_iqnyVTNq9b2oKaSPjqLTw,https://drive.google.com/file/d/1YyGUdEMWKs_iqnyVTNq9b2oKaSPjqLTw/view?usp=drivesdk
Saṃsāra,Google Drive,The-Wings-to-Awakening-An-Anthology-from-the-Pali-Canon.pdf,buddhist_continuity,2,blackswanreprise,Buddhism & Eastern Philosophy; Mysticism & Spirituality,unknown,INDEX_ONLY,metadata_only,article,1YBw3tooR10xP2Adw6DNP06XHuOt0FFuz,https://drive.google.com/file/d/1YBw3tooR10xP2Adw6DNP06XHuOt0FFuz/view?usp=drivesdk
Saṃsāra,Google Drive,The-Wisdom-of-Nagarjuna.pdf,buddhist_continuity,2,blackswanreprise,Buddhism & Eastern Philosophy,unknown,INDEX_ONLY,metadata_only,article,1u0E-kNdv9Yz2TbcD40QOkK0NsqSIIJi0,https://drive.google.com/file/d/1u0E-kNdv9Yz2TbcD40QOkK0NsqSIIJi0/view?usp=drivesdk
Saṃsāra,Google Drive,The-Yellow-Book.pdf,buddhist_continuity,2,blackswanreprise,Buddhism & Eastern Philosophy,unknown,INDEX_ONLY,metadata_only,article,1TauG3vnJ_JhbSTs61ycbeIhOmut5xcRu,https://drive.google.com/file/d/1TauG3vnJ_JhbSTs61ycbeIhOmut5xcRu/view?usp=drivesdk
Saṃsāra,Google Drive,The-Zen-Experience-by-Thomas-Hoover.pdf,buddhist_continuity,2,blackswanreprise,Buddhism & Eastern Philosophy,unknown,INDEX_ONLY,metadata_only,article,1Pvszd6WJ1blUEQ4pVLP5c-Cnw-yv7-OG,https://drive.google.com/file/d/1Pvszd6WJ1blUEQ4pVLP5c-Cnw-yv7-OG/view?usp=drivesdk
Saṃsāra,Google Drive,The-Zen-of-Advaita-Part-II.pdf,buddhist_continuity,2,blackswanreprise,Buddhism & Eastern Philosophy,unknown,INDEX_ONLY,metadata_only,article,14ty7SWM_wOejRH0VSRTzsZlVBOMZnBV0,https://drive.google.com/file/d/14ty7SWM_wOejRH0VSRTzsZlVBOMZnBV0/view?usp=drivesdk
Saṃsāra,Google Drive,The-Zen-of-Advaita.pdf,buddhist_continuity,2,blackswanreprise,Buddhism & Eastern Philosophy,unknown,INDEX_ONLY,metadata_only,article,1xENyyiKnTqzQtHhMBCjbE6MWq2JjFxxZ,https://drive.google.com/file/d/1xENyyiKnTqzQtHhMBCjbE6MWq2JjFxxZ/view?usp=drivesdk
Saṃsāra,Google Drive,The-Zen-of-Love.pdf,buddhist_continuity,2,blackswanreprise,Buddhism & Eastern Philosophy,unknown,INDEX_ONLY,metadata_only,article,1A-3DExs9ypY3XTMxbdSOUziagWho4rgP,https://drive.google.com/file/d/1A-3DExs9ypY3XTMxbdSOUziagWho4rgP/view?usp=drivesdk
Saṃsāra,Google Drive,The-Zend-Avesta.pdf,buddhist_continuity,2,blackswanreprise,Buddhism & Eastern Philosophy; Ancient Civilisations,unknown,INDEX_ONLY,metadata_only,article,1_YlbuqggX3vEILDc5zP7Zk-E9TSwe-Ic,https://drive.google.com/file/d/1_YlbuqggX3vEILDc5zP7Zk-E9TSwe-Ic/view?usp=drivesdk
Saṃsāra,Google Drive,The-book-of-protection.pdf,buddhist_continuity,2,blackswanreprise,Buddhism & Eastern Philosophy,unknown,INDEX_ONLY,metadata_only,article,1NpRlNzfS40WaiP-_5wJp4tHryChMKMrf,https://drive.google.com/file/d/1NpRlNzfS40WaiP-_5wJp4tHryChMKMrf/view?usp=drivesdk
Saṃsāra,Google Drive,The-book-on-the-taboo-against-knowing-who-you-are-by-Alan-Watts.pdf,buddhist_continuity,2,blackswanreprise,Buddhism & Eastern Philosophy,unknown,INDEX_ONLY,metadata_only,article,1xOThWWxfST8IS1vzsfuggkzwHAgurm0z,https://drive.google.com/file/d/1xOThWWxfST8IS1vzsfuggkzwHAgurm0z/view?usp=drivesdk
Saṃsāra,Google Drive,The-four-books.pdf,buddhist_continuity,2,blackswanreprise,Buddhism & Eastern Philosophy,unknown,INDEX_ONLY,metadata_only,article,1QgpFdEZzt3NOIXxNQtqhib-fyrHYkznE,https://drive.google.com/file/d/1QgpFdEZzt3NOIXxNQtqhib-fyrHYkznE/view?usp=drivesdk
Saṃsāra,Google Drive,The-life-of-the-Buddha.pdf,buddhist_continuity,2,blackswanreprise,Buddhism & Eastern Philosophy,unknown,INDEX_ONLY,metadata_only,article,1GjEwv9gEbns3g0VmmMpoD_4BRJo8tyca,https://drive.google.com/file/d/1GjEwv9gEbns3g0VmmMpoD_4BRJo8tyca/view?usp=drivesdk
Saṃsāra,Google Drive,The-path-to-happiness.pdf,buddhist_continuity,2,blackswanreprise,Buddhism & Eastern Philosophy,unknown,INDEX_ONLY,metadata_only,article,1Zkl1xnL2UP0KGnqg9zCJ_ut9WG7h7jgM,https://drive.google.com/file/d/1Zkl1xnL2UP0KGnqg9zCJ_ut9WG7h7jgM/view?usp=drivesdk
Saṃsāra,Google Drive,The-wishfulfilling-golden-sun-of-the-mahayana-thought-training.pdf,buddhist_continuity,2,blackswanreprise,Buddhism & Eastern Philosophy,unknown,INDEX_ONLY,metadata_only,article,1qRc5QLqTc36uPjqYo_DBW_a-guXg-dpF,https://drive.google.com/file/d/1qRc5QLqTc36uPjqYo_DBW_a-guXg-dpF/view?usp=drivesdk
Saṃsāra,Google Drive,The-workings-of-kamma.pdf,buddhist_continuity,2,blackswanreprise,Buddhism & Eastern Philosophy,unknown,INDEX_ONLY,metadata_only,article,1q0qhiONg4KftJJ3sumLDEU32_Jd2Idlo,https://drive.google.com/file/d/1q0qhiONg4KftJJ3sumLDEU32_Jd2Idlo/view?usp=drivesdk
Saṃsāra,Google Drive,Things-As-They-Are.pdf,buddhist_continuity,2,blackswanreprise,Buddhism & Eastern Philosophy,unknown,INDEX_ONLY,metadata_only,article,1hUZItbbEtYSl_GFwusljFZB2UACv6Lbf,https://drive.google.com/file/d/1hUZItbbEtYSl_GFwusljFZB2UACv6Lbf/view?usp=drivesdk
Saṃsāra,Google Drive,This-is-the-Path-By-Ajahn-Dtun.pdf,buddhist_continuity,2,blackswanreprise,Buddhism & Eastern Philosophy,unknown,INDEX_ONLY,metadata_only,article,17kcibuvbk1VUeUqd9dXHcXsS_RxnLPht,https://drive.google.com/file/d/17kcibuvbk1VUeUqd9dXHcXsS_RxnLPht/view?usp=drivesdk
Saṃsāra,Google Drive,Towards-An-Inner-Peace.pdf,buddhist_continuity,2,blackswanreprise,Buddhism & Eastern Philosophy,unknown,INDEX_ONLY,metadata_only,article,1vSfXn9NMqI06PsawIIk9k9Ke1PYBXK-S,https://drive.google.com/file/d/1vSfXn9NMqI06PsawIIk9k9Ke1PYBXK-S/view?usp=drivesdk
Saṃsāra,Google Drive,Transcendental-Dependent-Arising.pdf,buddhist_continuity,2,blackswanreprise,Buddhism & Eastern Philosophy,unknown,INDEX_ONLY,metadata_only,article,1FVJWeEr_uvcsdP2adWodYGGRKQq3miQO,https://drive.google.com/file/d/1FVJWeEr_uvcsdP2adWodYGGRKQq3miQO/view?usp=drivesdk
Saṃsāra,Google Drive,Transforming-Problems-Into-the-Dharma-Path.pdf,buddhist_continuity,2,blackswanreprise,Buddhism & Eastern Philosophy,unknown,INDEX_ONLY,metadata_only,article,1CVYtQSaN9p6_FrdcKvzRLIsPwG5_saqd,https://drive.google.com/file/d/1CVYtQSaN9p6_FrdcKvzRLIsPwG5_saqd/view?usp=drivesdk
Saṃsāra,Google Drive,Transmission-and-Enlightenment-in-Chan-Zen-Buddhism.pdf,buddhist_continuity,2,blackswanreprise,Buddhism & Eastern Philosophy,unknown,INDEX_ONLY,metadata_only,article,1AS0nZK8lXZCFZW039r8ZcgxmMO6xICVO,https://drive.google.com/file/d/1AS0nZK8lXZCFZW039r8ZcgxmMO6xICVO/view?usp=drivesdk
Saṃsāra,Google Drive,Transmutation-of-Personality-through-Preksha-Meditation.pdf,buddhist_continuity,2,blackswanreprise,Buddhism & Eastern Philosophy,unknown,INDEX_ONLY,metadata_only,article,1_9JcxXLm8-fKuzfjfwC_U8C6kCHoXjzt,https://drive.google.com/file/d/1_9JcxXLm8-fKuzfjfwC_U8C6kCHoXjzt/view?usp=drivesdk
Saṃsāra,Google Drive,Udana-Exclamations.pdf,buddhist_continuity,2,blackswanreprise,Buddhism & Eastern Philosophy,unknown,INDEX_ONLY,metadata_only,article,1RO3quxnaW2ll9bBDve5uT-xDybBTn16N,https://drive.google.com/file/d/1RO3quxnaW2ll9bBDve5uT-xDybBTn16N/view?usp=drivesdk
Saṃsāra,Google Drive,Unentangled-Knowing.pdf,buddhist_continuity,2,blackswanreprise,Buddhism & Eastern Philosophy,unknown,INDEX_ONLY,metadata_only,article,1mFe9Q_rDEwH9MqdjejDBPwNpe49T0LrQ,https://drive.google.com/file/d/1mFe9Q_rDEwH9MqdjejDBPwNpe49T0LrQ/view?usp=drivesdk
Saṃsāra,Google Drive,Unexpected-Freedom-by-Ajahn-Munindo.pdf,buddhist_continuity,2,blackswanreprise,Buddhism & Eastern Philosophy; Law & Political Thought,unknown,INDEX_ONLY,metadata_only,article,1lGkj8MvxJQSGatwnTry4XVgmm12IP6UL,https://drive.google.com/file/d/1lGkj8MvxJQSGatwnTry4XVgmm12IP6UL/view?usp=drivesdk
Saṃsāra,Google Drive,Universal-Love-The-Yoga-Method-of-Buddha-Maitreya-by-Lama-Yeshe.pdf,buddhist_continuity,2,blackswanreprise,"Buddhism & Eastern Philosophy; Hinduism, Yoga & Tantra",unknown,INDEX_ONLY,metadata_only,article,1UQW9wmINlkQt6MXWkK-BiP-NJoHexO5Z,https://drive.google.com/file/d/1UQW9wmINlkQt6MXWkK-BiP-NJoHexO5Z/view?usp=drivesdk
Saṃsāra,Google Drive,Unravelling-the-Mysteries-of-Mind-and-Body-Through-Abhidhamma.pdf,buddhist_continuity,2,blackswanreprise,Buddhism & Eastern Philosophy; Mysticism & Spirituality; Consciousness & Mind,unknown,INDEX_ONLY,metadata_only,article,1O62BTdxlqERN0wKi5SeZGpMOzFY00SgP,https://drive.google.com/file/d/1O62BTdxlqERN0wKi5SeZGpMOzFY00SgP/view?usp=drivesdk
Saṃsāra,Google Drive,Vimalakirti-Nirdesa-Sutra.pdf,buddhist_continuity,2,blackswanreprise,Buddhism & Eastern Philosophy,unknown,INDEX_ONLY,metadata_only,article,1yNkxTT3Youn7ZQ_L3FIPmiKjtK_RVlwe,https://drive.google.com/file/d/1yNkxTT3Youn7ZQ_L3FIPmiKjtK_RVlwe/view?usp=drivesdk
Saṃsāra,Google Drive,Vimalakirti-Nirdesa-Sutra1.pdf,buddhist_continuity,2,blackswanreprise,Buddhism & Eastern Philosophy,unknown,INDEX_ONLY,metadata_only,article,1hCkSSEtguq_ZjGmsyjHKk9O3ZVtyZ8In,https://drive.google.com/file/d/1hCkSSEtguq_ZjGmsyjHKk9O3ZVtyZ8In/view?usp=drivesdk
Saṃsāra,Google Drive,Virtue-and-Reality-by-Lama-Zopa-Rinpoche.pdf,buddhist_continuity,2,blackswanreprise,Buddhism & Eastern Philosophy; Metaphysics & Philosophy,unknown,INDEX_ONLY,metadata_only,article,1BCzXqSItddasqYzaWyvb1lxSjzzK6r_O,https://drive.google.com/file/d/1BCzXqSItddasqYzaWyvb1lxSjzzK6r_O/view?usp=drivesdk
Saṃsāra,Google Drive,Vision-of-the-Dhamma.pdf,buddhist_continuity,2,blackswanreprise,Buddhism & Eastern Philosophy,unknown,INDEX_ONLY,metadata_only,article,16XoCpj8dv-z29FyOjYfyMyOTbC7Yd95s,https://drive.google.com/file/d/16XoCpj8dv-z29FyOjYfyMyOTbC7Yd95s/view?usp=drivesdk
Saṃsāra,Google Drive,Who-Will-Feed-the-Mice-Ajahn-Amaro.pdf,buddhist_continuity,2,blackswanreprise,Buddhism & Eastern Philosophy,unknown,INDEX_ONLY,metadata_only,article,1jo1p3wOQWEEXAIR6ca8bKlIzFKBcGX5H,https://drive.google.com/file/d/1jo1p3wOQWEEXAIR6ca8bKlIzFKBcGX5H/view?usp=drivesdk
Saṃsāra,Google Drive,Whos-the-Boss.pdf,buddhist_continuity,2,blackswanreprise,Buddhism & Eastern Philosophy,unknown,INDEX_ONLY,metadata_only,article,1jy2LPW3MaO_Aw9Vkuxsqnc6Cd_4HsupE,https://drive.google.com/file/d/1jy2LPW3MaO_Aw9Vkuxsqnc6Cd_4HsupE/view?usp=drivesdk
Saṃsāra,Google Drive,Wisdom-Develops-Samadhi.pdf,buddhist_continuity,2,blackswanreprise,Buddhism & Eastern Philosophy,unknown,INDEX_ONLY,metadata_only,article,1-YyNFv1o-rUtd7_n0gtOfz15WSEaayu5,https://drive.google.com/file/d/1-YyNFv1o-rUtd7_n0gtOfz15WSEaayu5/view?usp=drivesdk
Saṃsāra,Google Drive,Wisdom-and-the-seventy-three-kinds-of-mundane-and-supramundane-knowledge.pdf,buddhist_continuity,2,blackswanreprise,Buddhism & Eastern Philosophy,unknown,INDEX_ONLY,metadata_only,article,17llHebm-lOqUuOnw-Du0eMFXNx7slERv,https://drive.google.com/file/d/17llHebm-lOqUuOnw-Du0eMFXNx7slERv/view?usp=drivesdk
Saṃsāra,Google Drive,With-each-and-every-breath.pdf,buddhist_continuity,2,blackswanreprise,Buddhism & Eastern Philosophy,unknown,INDEX_ONLY,metadata_only,article,1ClK_1syM_VlnCZYutm4MEFv7ckIcPyBc,https://drive.google.com/file/d/1ClK_1syM_VlnCZYutm4MEFv7ckIcPyBc/view?usp=drivesdk
Saṃsāra,Google Drive,Ye-Magick-Mirrour-of-Old-Japan.pdf,buddhist_continuity,2,blackswanreprise,Buddhism & Eastern Philosophy; Western Occultism & Magick,unknown,INDEX_ONLY,metadata_only,article,111DnNKGtAkVgtnY7tG75PVKcBPuV1R5N,https://drive.google.com/file/d/111DnNKGtAkVgtnY7tG75PVKcBPuV1R5N/view?usp=drivesdk
Saṃsāra,Google Drive,Yin-Chih-Wen-The-Tract-of-the-Quiet-Way.pdf,buddhist_continuity,2,blackswanreprise,Buddhism & Eastern Philosophy,unknown,INDEX_ONLY,metadata_only,article,1EKI3EhUg_apt8jfHvRXfCyGmqae538j7,https://drive.google.com/file/d/1EKI3EhUg_apt8jfHvRXfCyGmqae538j7/view?usp=drivesdk
Saṃsāra,Google Drive,Zen-A-Cognition-to-the-Mind-by-Pho-Nguyet.pdf,buddhist_continuity,2,blackswanreprise,Buddhism & Eastern Philosophy; Consciousness & Mind,unknown,INDEX_ONLY,metadata_only,article,1kcrKMmde3yFlL57KUKI0aMd7FN4u1Oqq,https://drive.google.com/file/d/1kcrKMmde3yFlL57KUKI0aMd7FN4u1Oqq/view?usp=drivesdk
Saṃsāra,Google Drive,Zen-Culture-by-Thomas-Hoover.pdf,buddhist_continuity,2,blackswanreprise,Buddhism & Eastern Philosophy; History & Cultural Memory,unknown,INDEX_ONLY,metadata_only,article,1RJDPs_akKsszcEJITJdr7NhlI-7QMld0,https://drive.google.com/file/d/1RJDPs_akKsszcEJITJdr7NhlI-7QMld0/view?usp=drivesdk
Saṃsāra,Google Drive,Zen-Master-Ejo-Absorption-in-the-Treasury-of-Light.pdf,buddhist_continuity,2,blackswanreprise,Buddhism & Eastern Philosophy,unknown,INDEX_ONLY,metadata_only,article,1fgx4UL1_hsZOUkUkE9tp1AiAtKayaGL6,https://drive.google.com/file/d/1fgx4UL1_hsZOUkUkE9tp1AiAtKayaGL6/view?usp=drivesdk
Saṃsāra,Google Drive,Zen-Mind-Beginners-Mind-by-Shunryu-Suzuki.pdf,buddhist_continuity,2,blackswanreprise,Buddhism & Eastern Philosophy; Consciousness & Mind,unknown,INDEX_ONLY,metadata_only,article,1uAWoldlvVxQBbneAwJkdODG_q8QlNnSZ,https://drive.google.com/file/d/1uAWoldlvVxQBbneAwJkdODG_q8QlNnSZ/view?usp=drivesdk
Saṃsāra,Google Drive,Zen-in-the-Art-of-Archery.pdf,buddhist_continuity,2,blackswanreprise,Buddhism & Eastern Philosophy,unknown,INDEX_ONLY,metadata_only,article,11o11No4rOtieiO-eLOyoFf26gCwgv4zU,https://drive.google.com/file/d/11o11No4rOtieiO-eLOyoFf26gCwgv4zU/view?usp=drivesdk
Saṃsāra,Google Drive,[Tokubrasil] Crest Of The Wolf & Midare Karakuri MUSIC FILE.pdf,buddhist_continuity,2,blackswanreprise,Buddhism & Eastern Philosophy,unknown,INDEX_ONLY,metadata_only,article,1udRGk5OYHHtv_CWn_JMYnM2IXsl6icZl,https://drive.google.com/file/d/1udRGk5OYHHtv_CWn_JMYnM2IXsl6icZl/view?usp=drivesdk
Saṃsāra,Google Drive,download.html,buddhist_continuity,2,blackswanreprise,Buddhism & Eastern Philosophy,unknown,INDEX_ONLY,metadata_only,unknown,13pITUk5FC94d1WO7WeoVI-zzSRg09Lsq,https://drive.google.com/file/d/13pITUk5FC94d1WO7WeoVI-zzSRg09Lsq/view?usp=drivesdk
Saṃsāra,Google Drive,gail2012.pdf,buddhist_continuity,2,blackswanreprise,Buddhism & Eastern Philosophy,unknown,INDEX_ONLY,metadata_only,article,1fBdznqzrbLQI6DrBTstmnM4qtTYihpT3,https://drive.google.com/file/d/1fBdznqzrbLQI6DrBTstmnM4qtTYihpT3/view?usp=drivesdk
Saṃsāra,Google Drive,selvesnotself.pdf,buddhist_continuity,2,blackswanreprise,Buddhism & Eastern Philosophy,unknown,INDEX_ONLY,metadata_only,article,1tCrVit2b8mVFtg9SVqV7wfqLCbN8e7uH,https://drive.google.com/file/d/1tCrVit2b8mVFtg9SVqV7wfqLCbN8e7uH/view?usp=drivesdk
Saṃsāra,Google Drive,the-Seven-Factors-of-Awakening.pdf,buddhist_continuity,2,blackswanreprise,Buddhism & Eastern Philosophy; Mysticism & Spirituality,unknown,INDEX_ONLY,metadata_only,article,1UrtHK3fLS6g7pCFZk1PIEDPIfnDifK9h,https://drive.google.com/file/d/1UrtHK3fLS6g7pCFZk1PIEDPIfnDifK9h/view?usp=drivesdk
